approved,safe,saves_energy,predicted_saving_w,pred_d95_ratio,pred_d95_cf,pred_d95_base,violation_rate_cf,violation_rate_base,violation_increase,cell,n_stranded,reassign,kind,tag,seed,phase,true_saved_w,true_d95_ratio,true_safe,true_saves,true_approve
True,True,True,0.371337890625,0.9902469585702771,26.70745086669922,26.970495223999023,0.6833333333333333,0.6833333333333333,0.0,0,9,nearest,gnn,adopted_energy_lag,61,0,13.890583399999969,1.0056064056268186,True,True,True
True,True,True,0.8870849609375,0.9943984243057806,26.81941795349121,26.970495223999023,0.6833333333333333,0.6833333333333333,0.0,0,9,oracle,gnn,adopted_energy_lag,61,0,13.890583399999969,1.0056064056268186,True,True,True
True,True,True,14.369873046875,0.92753683584787,26.32042694091797,28.376691818237305,0.6833333333333333,0.6833333333333333,0.0,0,8,nearest,gnn,adopted_energy_lag,61,1,-11.020424466666555,1.0655403018373895,True,False,False
True,True,True,14.5948486328125,0.9275772994750012,26.321575164794922,28.376691818237305,0.6833333333333333,0.6833333333333333,0.0,0,8,oracle,gnn,adopted_energy_lag,61,1,-11.020424466666555,1.0655403018373895,True,False,False
False,False,False,-38.9334716796875,7.167245838897565,222.24179077148438,31.007976531982422,0.6833333333333333,0.6833333333333333,0.0,0,8,nearest,gnn,adopted_energy_lag,61,2,3.944507799999883,1.0473523100451028,True,True,True
False,False,False,-37.5782470703125,4.386175402639214,136.0064239501953,31.007976531982422,0.6833333333333333,0.6833333333333333,0.0,0,8,oracle,gnn,adopted_energy_lag,61,2,3.944507799999883,1.0473523100451028,True,True,True
True,True,True,6.91455078125,1.070424226241489,313.4359130859375,292.8146667480469,0.6833333333333333,0.6833333333333333,0.0,0,10,nearest,gnn,adopted_energy_lag,61,3,8.766797233333364,1.046168298655292,True,True,True
True,True,True,8.1964111328125,1.0779341134728047,315.6349182128906,292.8146667480469,0.6833333333333333,0.6833333333333333,0.0,0,10,oracle,gnn,adopted_energy_lag,61,3,8.766797233333364,1.046168298655292,True,True,True
True,True,True,6.103515625,0.9833977392675156,26.844928741455078,27.298139572143555,0.6833333333333333,0.6833333333333333,0.0,0,12,nearest,gnn,adopted_energy_lag,61,4,-5.415719766666598,1.086681591882506,True,False,False
True,True,True,6.654541015625,0.9794247337931917,26.736473083496094,27.298139572143555,0.6833333333333333,0.6833333333333333,0.0,0,12,oracle,gnn,adopted_energy_lag,61,4,-5.415719766666598,1.086681591882506,True,False,False
False,True,False,-2.8753662109375,0.9999754660120648,359.475341796875,359.4841613769531,0.6833333333333333,0.6833333333333333,0.0,0,13,nearest,gnn,adopted_energy_lag,61,5,11.222080000000005,0.8127337646494677,True,True,True
False,True,False,-0.2197265625,1.0145154618030852,364.7022399902344,359.4841613769531,0.6833333333333333,0.6833333333333333,0.0,0,13,oracle,gnn,adopted_energy_lag,61,5,11.222080000000005,0.8127337646494677,True,True,True
True,True,True,0.3134765625,1.042842598573597,27.68592071533203,26.548513412475586,0.6833333333333333,0.6833333333333333,0.0,0,14,nearest,gnn,adopted_energy_lag,61,6,-4.406086033333395,1.0676184019670558,True,False,False
True,True,True,2.71484375,1.036457328641352,27.516401290893555,26.548513412475586,0.6833333333333333,0.6833333333333333,0.0,0,14,oracle,gnn,adopted_energy_lag,61,6,-4.406086033333395,1.0676184019670558,True,False,False
False,True,False,-0.4774169921875,0.9801635589350474,25.182361602783203,25.691999435424805,0.6833333333333333,0.6833333333333333,0.0,0,14,nearest,gnn,adopted_energy_lag,61,7,-4.151432533333264,1.002507324659881,True,False,False
True,True,True,0.764404296875,0.9680428525389779,24.870956420898438,25.691999435424805,0.6833333333333333,0.6833333333333333,0.0,0,14,oracle,gnn,adopted_energy_lag,61,7,-4.151432533333264,1.002507324659881,True,False,False
True,True,True,132.6744384765625,0.04741570314771745,29.230527877807617,616.4735717773438,0.6833333333333333,0.7666666666666667,-0.08333333333333337,0,14,nearest,gnn,adopted_energy_lag,61,8,6.304782766666676,3.9837846144343585,False,True,False
True,True,True,132.43408203125,0.04729011594998685,29.153106689453125,616.4735717773438,0.6833333333333333,0.7666666666666667,-0.08333333333333337,0,14,oracle,gnn,adopted_energy_lag,61,8,6.304782766666676,3.9837846144343585,False,True,False
True,True,True,26.984375,1.0749167655176428,218.92527770996094,203.6671905517578,0.6833333333333333,0.6833333333333333,0.0,0,13,nearest,gnn,adopted_energy_lag,61,9,-103.0977926999999,1.5715477663537436,False,False,False
True,True,True,32.489990234375,1.1021609011942506,224.47401428222656,203.6671905517578,0.6833333333333333,0.6833333333333333,0.0,0,13,oracle,gnn,adopted_energy_lag,61,9,-103.0977926999999,1.5715477663537436,False,False,False
True,True,True,5.261962890625,0.9822650982392628,140.3267822265625,142.8603973388672,0.6833333333333333,0.6833333333333333,0.0,0,12,nearest,gnn,adopted_energy_lag,61,10,2.0773339000002125,1.1860263024282927,True,True,True
True,True,True,7.0404052734375,1.006667664263569,143.8129425048828,142.8603973388672,0.6833333333333333,0.6833333333333333,0.0,0,12,oracle,gnn,adopted_energy_lag,61,10,2.0773339000002125,1.1860263024282927,True,True,True
True,True,True,127.421875,0.8972493993646332,1058.64892578125,1179.882568359375,0.7666666666666667,0.75,0.01666666666666672,0,12,nearest,gnn,adopted_energy_lag,61,11,47.92111866666664,2.611581363556213,False,True,False
False,False,True,114.156005859375,1.7829129661713636,2103.6279296875,1179.882568359375,0.7666666666666667,0.75,0.01666666666666672,0,12,oracle,gnn,adopted_energy_lag,61,11,47.92111866666664,2.611581363556213,False,True,False
True,True,True,0.755859375,1.001731334772293,26.013376235961914,25.968416213989258,0.6833333333333333,0.6833333333333333,0.0,0,12,nearest,gnn,adopted_energy_lag,61,12,-95.18273853333335,31.37893112765215,False,False,False
True,True,True,0.920654296875,1.0016234385063632,26.010574340820312,25.968416213989258,0.6833333333333333,0.6833333333333333,0.0,0,12,oracle,gnn,adopted_energy_lag,61,12,-95.18273853333335,31.37893112765215,False,False,False
True,True,True,112.252197265625,0.6923037719714557,472.5904541015625,682.634521484375,0.6833333333333333,0.7333333333333333,-0.04999999999999993,0,11,nearest,gnn,adopted_energy_lag,61,13,-45.40875316666643,1.099382534805502,True,False,False
True,True,True,114.482666015625,0.6498908647169546,443.637939453125,682.634521484375,0.6833333333333333,0.7333333333333333,-0.04999999999999993,0,11,oracle,gnn,adopted_energy_lag,61,13,-45.40875316666643,1.099382534805502,True,False,False
True,True,True,35.5601806640625,0.998897691417064,149.37649536132812,149.5413360595703,0.6833333333333333,0.6833333333333333,0.0,0,10,nearest,gnn,adopted_energy_lag,61,14,-27.09851576666688,11.196674128159232,False,False,False
True,True,True,37.0806884765625,1.0778605560765693,161.18470764160156,149.5413360595703,0.6833333333333333,0.6833333333333333,0.0,0,10,oracle,gnn,adopted_energy_lag,61,14,-27.09851576666688,11.196674128159232,False,False,False
True,True,True,5.8897705078125,1.0179754596750403,27.939697265625,27.44633674621582,0.6833333333333333,0.6833333333333333,0.0,0,11,nearest,gnn,adopted_energy_lag,61,15,-38.87063473333342,1.228540231076628,True,False,False
True,True,True,6.6470947265625,1.0038623926625727,27.552345275878906,27.44633674621582,0.6833333333333333,0.6833333333333333,0.0,0,11,oracle,gnn,adopted_energy_lag,61,15,-38.87063473333342,1.228540231076628,True,False,False
True,True,True,140.486572265625,0.09783282880427285,26.62148666381836,272.11199951171875,0.6833333333333333,0.6833333333333333,0.0,0,11,nearest,gnn,adopted_energy_lag,61,16,-50.13599683333359,1.3620346213568262,True,False,False
True,True,True,141.897216796875,0.09758636340492517,26.554420471191406,272.11199951171875,0.6833333333333333,0.6833333333333333,0.0,0,11,oracle,gnn,adopted_energy_lag,61,16,-50.13599683333359,1.3620346213568262,True,False,False
False,True,False,-1.899169921875,1.0646772220566918,413.5101318359375,388.39013671875,0.6833333333333333,0.6833333333333333,0.0,0,11,nearest,gnn,adopted_energy_lag,61,17,-17.587031499999966,0.24121780353056163,True,False,False
True,True,True,0.864013671875,0.5331634473104248,207.07542419433594,388.39013671875,0.6833333333333333,0.6833333333333333,0.0,0,11,oracle,gnn,adopted_energy_lag,61,17,-17.587031499999966,0.24121780353056163,True,False,False
True,True,True,12.30517578125,0.9515172192197364,169.62957763671875,178.27273559570312,0.6833333333333333,0.6833333333333333,0.0,0,12,nearest,gnn,adopted_energy_lag,61,18,-30.752922433333424,0.6369879153571719,True,False,False
True,True,True,14.2926025390625,0.9459073229594218,168.62948608398438,178.27273559570312,0.6833333333333333,0.6833333333333333,0.0,0,12,oracle,gnn,adopted_energy_lag,61,18,-30.752922433333424,0.6369879153571719,True,False,False
True,True,True,44.50390625,0.5707180039368756,638.3372192382812,1118.48095703125,0.6833333333333333,0.7333333333333333,-0.04999999999999993,0,11,nearest,gnn,adopted_energy_lag,61,19,14.439381199999843,1.7526646637146197,False,True,False
True,True,True,64.0244140625,0.7527630269849287,841.9511108398438,1118.48095703125,0.7166666666666667,0.7333333333333333,-0.016666666666666607,0,11,oracle,gnn,adopted_energy_lag,61,19,14.439381199999843,1.7526646637146197,False,True,False
True,True,True,2.495849609375,1.0005860171292018,26.60702133178711,26.59143829345703,0.6833333333333333,0.6833333333333333,0.0,0,9,nearest,gnn,adopted_energy_lag,61,20,-73.77189466666664,16.99290581328298,False,False,False
True,True,True,2.843505859375,1.0046304677836904,26.714569091796875,26.59143829345703,0.6833333333333333,0.6833333333333333,0.0,0,9,oracle,gnn,adopted_energy_lag,61,20,-73.77189466666664,16.99290581328298,False,False,False
False,True,False,-0.22802734375,0.9998730661779025,28.576438903808594,28.580066680908203,0.6833333333333333,0.6833333333333333,0.0,0,9,nearest,gnn,adopted_energy_lag,61,21,-27.921950533333074,1.0526180136270402,True,False,False
True,True,True,0.346923828125,1.0010225447014607,28.609291076660156,28.580066680908203,0.6833333333333333,0.6833333333333333,0.0,0,9,oracle,gnn,adopted_energy_lag,61,21,-27.921950533333074,1.0526180136270402,True,False,False
True,True,True,57.2286376953125,0.7231494537617361,27.83906364440918,38.496971130371094,0.6833333333333333,0.6833333333333333,0.0,0,9,nearest,gnn,adopted_energy_lag,61,22,-36.642168099999935,1.7693759852962205,False,False,False
True,True,True,55.17626953125,0.7522692298164342,28.960086822509766,38.496971130371094,0.6833333333333333,0.6833333333333333,0.0,0,9,oracle,gnn,adopted_energy_lag,61,22,-36.642168099999935,1.7693759852962205,False,False,False
False,True,False,-12.979248046875,1.2388806943320463,35.71331024169922,28.827077865600586,0.6833333333333333,0.6833333333333333,0.0,0,9,nearest,gnn,adopted_energy_lag,61,23,-3.601908199999798,3.3006829731936347,False,False,False
False,True,False,-14.920654296875,1.2771025952561819,36.81513595581055,28.827077865600586,0.6833333333333333,0.6833333333333333,0.0,0,9,oracle,gnn,adopted_energy_lag,61,23,-3.601908199999798,3.3006829731936347,False,False,False
True,True,True,22.13134765625,0.981282932403417,126.70926666259766,129.12612915039062,0.6833333333333333,0.6833333333333333,0.0,0,9,nearest,gnn,adopted_energy_lag,61,24,-56.879328433333285,5.3350454929380575,False,False,False
True,True,True,23.72021484375,0.8761716815895235,113.13665771484375,129.12612915039062,0.6833333333333333,0.6833333333333333,0.0,0,9,oracle,gnn,adopted_energy_lag,61,24,-56.879328433333285,5.3350454929380575,False,False,False
True,True,True,4.99658203125,0.9863962275431066,28.92060089111328,29.319456100463867,0.6833333333333333,0.6833333333333333,0.0,0,9,nearest,gnn,adopted_energy_lag,61,25,-37.21127363333335,1.0186678631748816,True,False,False
True,True,True,4.4263916015625,0.9988544636721736,29.285869598388672,29.319456100463867,0.6833333333333333,0.6833333333333333,0.0,0,9,oracle,gnn,adopted_energy_lag,61,25,-37.21127363333335,1.0186678631748816,True,False,False
False,True,False,-16.12109375,1.343811709117027,192.81805419921875,143.4859161376953,0.6833333333333333,0.6833333333333333,0.0,0,8,nearest,gnn,adopted_energy_lag,61,26,-17.94265306666648,0.9495644715992411,True,False,False
False,True,False,-14.057373046875,1.1484229317765218,164.7825164794922,143.4859161376953,0.6833333333333333,0.6833333333333333,0.0,0,8,oracle,gnn,adopted_energy_lag,61,26,-17.94265306666648,0.9495644715992411,True,False,False
False,True,False,-2.5914306640625,1.0105847662027232,36.395843505859375,36.0146369934082,0.6833333333333333,0.6833333333333333,0.0,0,8,nearest,gnn,adopted_energy_lag,61,27,-17.2229738333333,1.2573965022353393,True,False,False
False,True,False,-5.954345703125,0.9538933342061203,34.354122161865234,36.0146369934082,0.6833333333333333,0.6833333333333333,0.0,0,8,oracle,gnn,adopted_energy_lag,61,27,-17.2229738333333,1.2573965022353393,True,False,False
True,True,True,46.531982421875,0.9269102209210214,28.05805015563965,30.27051544189453,0.6833333333333333,0.6833333333333333,0.0,0,8,nearest,gnn,adopted_energy_lag,61,28,-32.39956849999999,4.6131490903423575,False,False,False
True,True,True,45.5855712890625,0.925730608574366,28.022342681884766,30.27051544189453,0.6833333333333333,0.6833333333333333,0.0,0,8,oracle,gnn,adopted_energy_lag,61,28,-32.39956849999999,4.6131490903423575,False,False,False
True,True,True,16.623779296875,1.0240290184441234,61.79650115966797,60.346435546875,0.6833333333333333,0.6833333333333333,0.0,0,7,nearest,gnn,adopted_energy_lag,61,29,-66.76301679999983,1.5705174396557517,False,False,False
True,True,True,14.535888671875,1.021873950659239,61.66645050048828,60.346435546875,0.6833333333333333,0.6833333333333333,0.0,0,7,oracle,gnn,adopted_energy_lag,61,29,-66.76301679999983,1.5705174396557517,False,False,False
True,True,True,9.5523681640625,0.9570293833268059,87.7344741821289,91.67375183105469,0.6833333333333333,0.6833333333333333,0.0,0,7,nearest,gnn,adopted_energy_lag,61,30,7.1637543333336,1.012974949136309,True,True,True
True,True,True,12.3509521484375,0.9622853524782492,88.21630859375,91.67375183105469,0.6833333333333333,0.6833333333333333,0.0,0,7,oracle,gnn,adopted_energy_lag,61,30,7.1637543333336,1.012974949136309,True,True,True
True,True,True,131.524658203125,0.921366207484929,274.4397277832031,297.8617248535156,0.6833333333333333,0.6833333333333333,0.0,0,7,nearest,gnn,adopted_energy_lag,61,31,2.0496886333332895,7.7891285847189895,False,True,False
True,True,True,129.906494140625,0.9980258870266004,297.2737121582031,297.8617248535156,0.6833333333333333,0.6833333333333333,0.0,0,7,oracle,gnn,adopted_energy_lag,61,31,2.0496886333332895,7.7891285847189895,False,True,False
False,False,True,14.442626953125,1.6726113229848332,708.9393310546875,423.851806640625,0.8,0.6833333333333333,0.1166666666666667,0,6,nearest,gnn,adopted_energy_lag,61,32,-56.851441466666756,3.3109342752800313,False,False,False
False,False,True,17.518310546875,1.8876829750872215,800.0978393554688,423.851806640625,0.8166666666666667,0.6833333333333333,0.1333333333333333,0,6,oracle,gnn,adopted_energy_lag,61,32,-56.851441466666756,3.3109342752800313,False,False,False
True,True,True,8.0413818359375,1.0428274430605091,28.388198852539062,27.222335815429688,0.6833333333333333,0.6833333333333333,0.0,0,7,nearest,gnn,adopted_energy_lag,61,33,-11.821652166666809,1.0841453968101904,True,False,False
True,True,True,8.7823486328125,1.0429401085063532,28.391265869140625,27.222335815429688,0.6833333333333333,0.6833333333333333,0.0,0,7,oracle,gnn,adopted_energy_lag,61,33,-11.821652166666809,1.0841453968101904,True,False,False
True,True,True,11.44873046875,1.019108545396882,33.80731964111328,33.173423767089844,0.6833333333333333,0.6833333333333333,0.0,0,6,nearest,gnn,adopted_energy_lag,61,34,-8.682782800000268,1.0177546226018037,True,False,False
True,True,True,11.9503173828125,1.0155330814076102,33.6887092590332,33.173423767089844,0.6833333333333333,0.6833333333333333,0.0,0,6,oracle,gnn,adopted_energy_lag,61,34,-8.682782800000268,1.0177546226018037,True,False,False
True,True,True,15.6005859375,1.112956231823275,513.113037109375,461.0361328125,0.7166666666666667,0.6833333333333333,0.033333333333333326,0,7,nearest,gnn,adopted_energy_lag,61,35,-16.628457000000026,3.3767118378265164,False,False,False
True,True,True,20.6878662109375,0.9502169556938028,438.0843505859375,461.0361328125,0.7333333333333333,0.6833333333333333,0.04999999999999993,0,7,oracle,gnn,adopted_energy_lag,61,35,-16.628457000000026,3.3767118378265164,False,False,False
True,True,True,32.90673828125,0.9962258476043705,77.93421936035156,78.2294692993164,0.6833333333333333,0.6833333333333333,0.0,0,7,nearest,gnn,adopted_energy_lag,61,36,-44.98465003333331,1.1140342012415587,True,False,False
True,True,True,33.190673828125,0.9961431456939466,77.92774963378906,78.2294692993164,0.6833333333333333,0.6833333333333333,0.0,0,7,oracle,gnn,adopted_energy_lag,61,36,-44.98465003333331,1.1140342012415587,True,False,False
False,False,True,97.68017578125,1.9877670986186347,1614.065185546875,811.9991455078125,0.9166666666666666,0.8166666666666667,0.09999999999999998,0,8,nearest,gnn,adopted_energy_lag,61,37,0.09917043333325637,2.5722847242774254,False,True,False
False,False,True,101.349609375,2.135828771852601,1734.2911376953125,811.9991455078125,0.8833333333333333,0.8166666666666667,0.06666666666666665,0,8,oracle,gnn,adopted_energy_lag,61,37,0.09917043333325637,2.5722847242774254,False,True,False
True,True,True,2.5921630859375,1.0142531901815985,28.235166549682617,27.838380813598633,0.6833333333333333,0.6833333333333333,0.0,0,8,nearest,gnn,adopted_energy_lag,61,38,-68.57255936666684,4.023732566543321,False,False,False
True,True,True,2.3702392578125,0.9977004286782436,27.774364471435547,27.838380813598633,0.6833333333333333,0.6833333333333333,0.0,0,8,oracle,gnn,adopted_energy_lag,61,38,-68.57255936666684,4.023732566543321,False,False,False
True,True,True,5.575927734375,1.0279407660686954,28.9663143157959,28.178972244262695,0.6833333333333333,0.6833333333333333,0.0,0,8,nearest,gnn,adopted_energy_lag,61,39,-18.17676173333325,1.051860044920582,True,False,False
True,True,True,5.5865478515625,1.0073607525489043,28.386390686035156,28.178972244262695,0.6833333333333333,0.6833333333333333,0.0,0,8,oracle,gnn,adopted_energy_lag,61,39,-18.17676173333325,1.051860044920582,True,False,False
True,True,True,5.84619140625,1.002919314269485,27.049230575561523,26.970495223999023,0.6833333333333333,0.6833333333333333,0.0,1,14,nearest,gnn,adopted_energy_lag,61,0,3.4481281000000763,0.9786908847684882,True,True,True
True,True,True,4.60888671875,0.9887054078811726,26.665874481201172,26.970495223999023,0.6833333333333333,0.6833333333333333,0.0,1,14,oracle,gnn,adopted_energy_lag,61,0,3.4481281000000763,0.9786908847684882,True,True,True
False,True,False,-2.8326416015625,1.056474990285705,29.979265213012695,28.376691818237305,0.6833333333333333,0.6833333333333333,0.0,1,14,nearest,gnn,adopted_energy_lag,61,1,-6.319989299999861,1.1073857394131859,True,False,False
False,True,False,-3.47119140625,1.0472616509200199,29.71782112121582,28.376691818237305,0.6833333333333333,0.6833333333333333,0.0,1,14,oracle,gnn,adopted_energy_lag,61,1,-6.319989299999861,1.1073857394131859,True,False,False
True,True,True,85.271484375,0.835820019671393,25.91708755493164,31.007976531982422,0.6833333333333333,0.6833333333333333,0.0,1,15,nearest,gnn,adopted_energy_lag,61,2,-19.635116200000084,1.0788918502212181,True,False,False
True,True,True,84.8133544921875,0.8420011305822499,26.10875129699707,31.007976531982422,0.6833333333333333,0.6833333333333333,0.0,1,15,oracle,gnn,adopted_energy_lag,61,2,-19.635116200000084,1.0788918502212181,True,False,False
True,True,True,19.1806640625,0.9440219131916359,276.4234619140625,292.8146667480469,0.6833333333333333,0.6833333333333333,0.0,1,14,nearest,gnn,adopted_energy_lag,61,3,24.516336533333288,1.787761589033308,False,True,False
True,True,True,23.8685302734375,0.8472614398968791,248.090576171875,292.8146667480469,0.6833333333333333,0.6833333333333333,0.0,1,14,oracle,gnn,adopted_energy_lag,61,3,24.516336533333288,1.787761589033308,False,True,False
True,True,True,2.7811279296875,1.0247576052325562,27.973976135253906,27.298139572143555,0.6833333333333333,0.6833333333333333,0.0,1,13,nearest,gnn,adopted_energy_lag,61,4,-33.48885016666668,1.7026352756453578,False,False,False
True,True,True,2.800537109375,0.9809607781171258,26.778404235839844,27.298139572143555,0.6833333333333333,0.6833333333333333,0.0,1,13,oracle,gnn,adopted_energy_lag,61,4,-33.48885016666668,1.7026352756453578,False,False,False
True,True,True,18.91259765625,1.1504304441492255,413.5615234375,359.4841613769531,0.6833333333333333,0.6833333333333333,0.0,1,12,nearest,gnn,adopted_energy_lag,61,5,22.7442529333332,1.1989609283232059,True,True,True
True,True,True,15.6697998046875,1.091444455093761,392.35699462890625,359.4841613769531,0.6833333333333333,0.6833333333333333,0.0,1,12,oracle,gnn,adopted_energy_lag,61,5,22.7442529333332,1.1989609283232059,True,True,True
False,True,False,-4.724365234375,0.9979566159139833,26.494264602661133,26.548513412475586,0.6833333333333333,0.6833333333333333,0.0,1,11,nearest,gnn,adopted_energy_lag,61,6,-19.056073166666692,2.0080631313398576,False,False,False
False,True,False,-7.0428466796875,0.9969461315187289,26.467437744140625,26.548513412475586,0.6833333333333333,0.6833333333333333,0.0,1,11,oracle,gnn,adopted_energy_lag,61,6,-19.056073166666692,2.0080631313398576,False,False,False
True,True,True,3.1116943359375,0.9847451452697834,25.300071716308594,25.691999435424805,0.6833333333333333,0.6833333333333333,0.0,1,11,nearest,gnn,adopted_energy_lag,61,7,-0.8344759666665595,1.0314626403969775,True,False,False
True,True,True,2.3414306640625,0.9850930292760798,25.309009552001953,25.691999435424805,0.6833333333333333,0.6833333333333333,0.0,1,11,oracle,gnn,adopted_energy_lag,61,7,-0.8344759666665595,1.0314626403969775,True,False,False
True,True,True,16.0494384765625,0.6552159870847439,403.92333984375,616.4735717773438,0.7,0.7666666666666667,-0.06666666666666676,1,11,nearest,gnn,adopted_energy_lag,61,8,-50.92870333333349,1.3329097552970448,True,False,False
True,True,True,17.0799560546875,0.503711670828093,310.5249328613281,616.4735717773438,0.6833333333333333,0.7666666666666667,-0.08333333333333337,1,11,oracle,gnn,adopted_energy_lag,61,8,-50.92870333333349,1.3329097552970448,True,False,False
True,True,True,22.760986328125,1.2475107572313175,254.07701110839844,203.6671905517578,0.6833333333333333,0.6833333333333333,0.0,1,11,nearest,gnn,adopted_energy_lag,61,9,-33.293167766666784,1.0196318536143703,True,False,False
True,True,True,31.166015625,1.073747410851129,218.68711853027344,203.6671905517578,0.6833333333333333,0.6833333333333333,0.0,1,11,oracle,gnn,adopted_energy_lag,61,9,-33.293167766666784,1.0196318536143703,True,False,False
True,True,True,19.261474609375,0.860467061198084,122.92666625976562,142.8603973388672,0.6833333333333333,0.6833333333333333,0.0,1,13,nearest,gnn,adopted_energy_lag,61,10,-11.779157099999793,1.336734935304769,True,False,False
True,True,True,16.3681640625,0.8566544039150231,122.38198852539062,142.8603973388672,0.6833333333333333,0.6833333333333333,0.0,1,13,oracle,gnn,adopted_energy_lag,61,10,-11.779157099999793,1.336734935304769,True,False,False
True,True,True,47.769287109375,1.3923070253904621,1642.7587890625,1179.882568359375,0.7666666666666667,0.75,0.01666666666666672,1,13,nearest,gnn,adopted_energy_lag,61,11,31.105822466666268,1.5061699189261621,False,True,False
True,True,True,39.71484375,1.2904320043105455,1522.5582275390625,1179.882568359375,0.75,0.75,0.0,1,13,oracle,gnn,adopted_energy_lag,61,11,31.105822466666268,1.5061699189261621,False,True,False
True,True,True,4.6070556640625,0.9999590155776795,25.96735191345215,25.968416213989258,0.6833333333333333,0.6833333333333333,0.0,1,14,nearest,gnn,adopted_energy_lag,61,12,-85.55362049999985,3.3584002352671476,False,False,False
True,True,True,4.50390625,1.000393171348892,25.978626251220703,25.968416213989258,0.6833333333333333,0.6833333333333333,0.0,1,14,oracle,gnn,adopted_energy_lag,61,12,-85.55362049999985,3.3584002352671476,False,False,False
False,False,True,10.650390625,1.6980715081984685,1159.1622314453125,682.634521484375,0.7666666666666667,0.7333333333333333,0.03333333333333344,1,14,nearest,gnn,adopted_energy_lag,61,13,-29.91805033333344,1.2880424811320659,True,False,False
False,False,True,10.650390625,1.6980715081984685,1159.1622314453125,682.634521484375,0.7666666666666667,0.7333333333333333,0.03333333333333344,1,14,oracle,gnn,adopted_energy_lag,61,13,-29.91805033333344,1.2880424811320659,True,False,False
False,True,False,-5.7720947265625,1.0463420609548177,156.4713897705078,149.5413360595703,0.6833333333333333,0.6833333333333333,0.0,1,14,nearest,gnn,adopted_energy_lag,61,14,-35.370481000000154,3.8046501973316538,False,False,False
False,True,False,-7.752197265625,1.1137185940774919,166.54696655273438,149.5413360595703,0.6833333333333333,0.6833333333333333,0.0,1,14,oracle,gnn,adopted_energy_lag,61,14,-35.370481000000154,3.8046501973316538,False,False,False
True,True,True,3.242431640625,1.025668277879065,28.150836944580078,27.44633674621582,0.6833333333333333,0.6833333333333333,0.0,1,13,nearest,gnn,adopted_energy_lag,61,15,-11.390547266666772,1.100018360625012,True,False,False
True,True,True,2.474853515625,1.0258940630454172,28.157033920288086,27.44633674621582,0.6833333333333333,0.6833333333333333,0.0,1,13,oracle,gnn,adopted_energy_lag,61,15,-11.390547266666772,1.100018360625012,True,False,False
True,True,True,8.87451171875,0.9856874272001127,268.2173767089844,272.11199951171875,0.6833333333333333,0.6833333333333333,0.0,1,12,nearest,gnn,adopted_energy_lag,61,16,-0.68732910000017,0.9093997365983538,True,False,False
True,True,True,4.6932373046875,1.3996114647724247,380.85107421875,272.11199951171875,0.6833333333333333,0.6833333333333333,0.0,1,12,oracle,gnn,adopted_energy_lag,61,16,-0.68732910000017,0.9093997365983538,True,False,False
True,True,True,34.42041015625,0.9355344577664966,363.35235595703125,388.39013671875,0.6833333333333333,0.6833333333333333,0.0,1,11,nearest,gnn,adopted_energy_lag,61,17,-20.935927999999876,1.7353209830302878,False,False,False
True,True,True,34.42041015625,0.9355344577664966,363.35235595703125,388.39013671875,0.6833333333333333,0.6833333333333333,0.0,1,11,oracle,gnn,adopted_energy_lag,61,17,-20.935927999999876,1.7353209830302878,False,False,False
True,True,True,3.2559814453125,1.0630524025697574,189.5132598876953,178.27273559570312,0.6833333333333333,0.6833333333333333,0.0,1,12,nearest,gnn,adopted_energy_lag,61,18,-0.9273000333332675,1.2569709600724137,True,False,False
False,True,False,-10.7437744140625,1.09053397838039,194.4124755859375,178.27273559570312,0.6833333333333333,0.6833333333333333,0.0,1,12,oracle,gnn,adopted_energy_lag,61,18,-0.9273000333332675,1.2569709600724137,True,False,False
True,True,True,15.615966796875,1.0704296031386737,1197.255126953125,1118.48095703125,0.75,0.7333333333333333,0.01666666666666672,1,13,nearest,gnn,adopted_energy_lag,61,19,-6.1899474333336,1.3813967551739297,True,False,False
True,True,True,19.8427734375,1.139090057010044,1274.050537109375,1118.48095703125,0.7666666666666667,0.7333333333333333,0.03333333333333344,1,13,oracle,gnn,adopted_energy_lag,61,19,-6.1899474333336,1.3813967551739297,True,False,False
True,True,True,6.611083984375,0.9740273191574093,25.900787353515625,26.59143829345703,0.6833333333333333,0.6833333333333333,0.0,1,15,nearest,gnn,adopted_energy_lag,61,20,-42.50288106666676,1.5399084752861967,False,False,False
True,True,True,6.461669921875,0.9738200971884663,25.89527702331543,26.59143829345703,0.6833333333333333,0.6833333333333333,0.0,1,15,oracle,gnn,adopted_energy_lag,61,20,-42.50288106666676,1.5399084752861967,False,False,False
False,True,False,-5.8294677734375,1.0037559597832009,28.68741226196289,28.580066680908203,0.6833333333333333,0.6833333333333333,0.0,1,15,nearest,gnn,adopted_energy_lag,61,21,-9.65271843333312,1.0379183110557608,True,False,False
False,True,False,-4.5218505859375,1.003757427997757,28.687454223632812,28.580066680908203,0.6833333333333333,0.6833333333333333,0.0,1,15,oracle,gnn,adopted_energy_lag,61,21,-9.65271843333312,1.0379183110557608,True,False,False
False,False,False,-30.6644287109375,1.5537741224267347,59.81559753417969,38.496971130371094,0.6833333333333333,0.6833333333333333,0.0,1,15,nearest,gnn,adopted_energy_lag,61,22,-7.396650433333207,1.3626024051621788,True,False,False
False,False,False,-39.114501953125,2.9360075309039564,113.02739715576172,38.496971130371094,0.6833333333333333,0.6833333333333333,0.0,1,15,oracle,gnn,adopted_energy_lag,61,22,-7.396650433333207,1.3626024051621788,True,False,False
True,True,True,16.629150390625,0.95740458105171,27.59917640686035,28.827077865600586,0.6833333333333333,0.6833333333333333,0.0,1,15,nearest,gnn,adopted_energy_lag,61,23,-9.766937199999802,1.0666916247028768,True,False,False
True,True,True,34.7230224609375,0.9637623926544482,27.782453536987305,28.827077865600586,0.6833333333333333,0.6833333333333333,0.0,1,15,oracle,gnn,adopted_energy_lag,61,23,-9.766937199999802,1.0666916247028768,True,False,False
True,True,True,34.193359375,0.8582825105377783,110.82669830322266,129.12612915039062,0.6833333333333333,0.6833333333333333,0.0,1,13,nearest,gnn,adopted_energy_lag,61,24,2.6033596666663925,0.9892806298684983,True,True,True
True,True,True,43.635498046875,0.6391841685760912,82.5353775024414,129.12612915039062,0.6833333333333333,0.6833333333333333,0.0,1,13,oracle,gnn,adopted_energy_lag,61,24,2.6033596666663925,0.9892806298684983,True,True,True
False,True,False,-3.979736328125,1.0085695667252306,29.570711135864258,29.319456100463867,0.6833333333333333,0.6833333333333333,0.0,1,14,nearest,gnn,adopted_energy_lag,61,25,2.7125330333333295,0.864369958726694,True,True,True
False,True,False,-3.0133056640625,1.0080603888708437,29.555782318115234,29.319456100463867,0.6833333333333333,0.6833333333333333,0.0,1,14,oracle,gnn,adopted_energy_lag,61,25,2.7125330333333295,0.864369958726694,True,True,True
True,True,True,11.6402587890625,1.0638812619948779,152.6519775390625,143.4859161376953,0.6833333333333333,0.6833333333333333,0.0,1,14,nearest,gnn,adopted_energy_lag,61,26,6.041002800000115,1.0058314150685175,True,True,True
True,True,True,16.607666015625,0.8839809313411516,126.83881378173828,143.4859161376953,0.6833333333333333,0.6833333333333333,0.0,1,14,oracle,gnn,adopted_energy_lag,61,26,6.041002800000115,1.0058314150685175,True,True,True
False,True,False,-17.6533203125,1.058989700372449,38.139129638671875,36.0146369934082,0.6833333333333333,0.6833333333333333,0.0,1,14,nearest,gnn,adopted_energy_lag,61,27,-8.084932066666624,1.3697800725153892,True,False,False
False,True,False,-18.6214599609375,1.0717921292622905,38.60020446777344,36.0146369934082,0.6833333333333333,0.6833333333333333,0.0,1,14,oracle,gnn,adopted_energy_lag,61,27,-8.084932066666624,1.3697800725153892,True,False,False
False,True,False,-37.6943359375,0.9991760167375027,30.245573043823242,30.27051544189453,0.6833333333333333,0.6833333333333333,0.0,1,14,nearest,gnn,adopted_energy_lag,61,28,-14.90404036666655,1.4842478424253867,True,False,False
False,True,False,-40.810791015625,0.9878352043556623,29.902280807495117,30.27051544189453,0.6833333333333333,0.6833333333333333,0.0,1,14,oracle,gnn,adopted_energy_lag,61,28,-14.90404036666655,1.4842478424253867,True,False,False
False,True,False,-5.81982421875,1.0368682715764688,62.57130432128906,60.346435546875,0.6833333333333333,0.6833333333333333,0.0,1,15,nearest,gnn,adopted_energy_lag,61,29,-20.467024966666713,1.0243031494338513,True,False,False
False,True,False,-11.4720458984375,0.9635395806278041,58.14617919921875,60.346435546875,0.6833333333333333,0.6833333333333333,0.0,1,15,oracle,gnn,adopted_energy_lag,61,29,-20.467024966666713,1.0243031494338513,True,False,False
False,True,False,-20.035888671875,1.1542585126227316,105.8152084350586,91.67375183105469,0.6833333333333333,0.6833333333333333,0.0,1,15,nearest,gnn,adopted_energy_lag,61,30,-6.901203199999827,1.2699463911228557,True,False,False
True,True,True,10.2198486328125,1.182828331417255,108.43431091308594,91.67375183105469,0.6833333333333333,0.6833333333333333,0.0,1,15,oracle,gnn,adopted_energy_lag,61,30,-6.901203199999827,1.2699463911228557,True,False,False
True,True,True,8.826416015625,1.2999731668991212,387.2122497558594,297.8617248535156,0.6833333333333333,0.6833333333333333,0.0,1,16,nearest,gnn,adopted_energy_lag,61,31,2.4200235666664867,3.878668320885857,False,True,False
True,True,True,9.85595703125,1.336003494962723,397.9443054199219,297.8617248535156,0.6833333333333333,0.6833333333333333,0.0,1,16,oracle,gnn,adopted_energy_lag,61,31,2.4200235666664867,3.878668320885857,False,True,False
True,True,True,101.40576171875,0.8868389122266785,375.8882751464844,423.851806640625,0.6833333333333333,0.6833333333333333,0.0,1,17,nearest,gnn,adopted_energy_lag,61,32,-1.505666066666663,1.820547511130409,False,False,False
True,True,True,111.544921875,0.837735017110219,355.07550048828125,423.851806640625,0.6833333333333333,0.6833333333333333,0.0,1,17,oracle,gnn,adopted_energy_lag,61,32,-1.505666066666663,1.820547511130409,False,False,False
True,True,True,10.9525146484375,0.9902321580813915,26.956432342529297,27.222335815429688,0.6833333333333333,0.6833333333333333,0.0,1,18,nearest,gnn,adopted_energy_lag,61,33,-1.225533866666865,1.000398478862571,True,False,False
True,True,True,16.87060546875,0.986806792212968,26.86318588256836,27.222335815429688,0.6833333333333333,0.6833333333333333,0.0,1,18,oracle,gnn,adopted_energy_lag,61,33,-1.225533866666865,1.000398478862571,True,False,False
True,True,True,2.2279052734375,1.0702282625519566,35.503135681152344,33.173423767089844,0.6833333333333333,0.6833333333333333,0.0,1,18,nearest,gnn,adopted_energy_lag,61,34,-4.953867833333334,1.014918728519014,True,False,False
True,True,True,8.82275390625,1.078553149680999,35.779300689697266,33.173423767089844,0.6833333333333333,0.6833333333333333,0.0,1,18,oracle,gnn,adopted_energy_lag,61,34,-4.953867833333334,1.014918728519014,True,False,False
True,True,True,120.295654296875,0.9417058002418974,434.160400390625,461.0361328125,0.6833333333333333,0.6833333333333333,0.0,1,19,nearest,gnn,adopted_energy_lag,61,35,-30.082883033333474,1.7228744587620148,False,False,False
True,True,True,131.6224365234375,0.654873970294492,301.9205627441406,461.0361328125,0.6833333333333333,0.6833333333333333,0.0,1,19,oracle,gnn,adopted_energy_lag,61,35,-30.082883033333474,1.7228744587620148,False,False,False
False,True,False,-37.0482177734375,1.4272682047336507,111.65443420410156,78.2294692993164,0.6833333333333333,0.6833333333333333,0.0,1,19,nearest,gnn,adopted_energy_lag,61,36,-40.450298200000134,1.2156721488898028,True,False,False
False,True,False,-38.578125,1.3612560859779983,106.49034118652344,78.2294692993164,0.6833333333333333,0.6833333333333333,0.0,1,19,oracle,gnn,adopted_energy_lag,61,36,-40.450298200000134,1.2156721488898028,True,False,False
False,False,True,28.486083984375,1.6104094816862018,1307.651123046875,811.9991455078125,0.7833333333333333,0.8166666666666667,-0.033333333333333326,1,19,nearest,gnn,adopted_energy_lag,61,37,-36.545801799999936,1.8283143453535877,False,False,False
True,True,True,26.02294921875,1.3624328518616569,1106.2943115234375,811.9991455078125,0.7833333333333333,0.8166666666666667,-0.033333333333333326,1,19,oracle,gnn,adopted_energy_lag,61,37,-36.545801799999936,1.8283143453535877,False,False,False
True,True,True,2.35009765625,0.9743400097387321,27.124048233032227,27.838380813598633,0.6833333333333333,0.6833333333333333,0.0,1,19,nearest,gnn,adopted_energy_lag,61,38,-30.054339400000117,0.9975625999799427,True,False,False
True,True,True,3.9920654296875,0.972611100441792,27.075918197631836,27.838380813598633,0.6833333333333333,0.6833333333333333,0.0,1,19,oracle,gnn,adopted_energy_lag,61,38,-30.054339400000117,0.9975625999799427,True,False,False
False,True,False,-4.80859375,1.0038237710740774,28.28672218322754,28.178972244262695,0.6833333333333333,0.6833333333333333,0.0,1,19,nearest,gnn,adopted_energy_lag,61,39,-25.037725733333218,1.0068100884229216,True,False,False
False,True,False,-1.0601806640625,0.9947625870141101,28.031387329101562,28.178972244262695,0.6833333333333333,0.6833333333333333,0.0,1,19,oracle,gnn,adopted_energy_lag,61,39,-25.037725733333218,1.0068100884229216,True,False,False
True,True,True,1.813232421875,1.008737009741019,27.20613670349121,26.970495223999023,0.6833333333333333,0.6833333333333333,0.0,2,10,nearest,gnn,adopted_energy_lag,61,0,14.864857233333396,0.9888759534831284,True,True,True
True,True,True,0.10107421875,1.008192396388565,27.191448211669922,26.970495223999023,0.6833333333333333,0.6833333333333333,0.0,2,10,oracle,gnn,adopted_energy_lag,61,0,14.864857233333396,0.9888759534831284,True,True,True
False,True,False,-1.0050048828125,1.0177337559205781,28.87991714477539,28.376691818237305,0.6833333333333333,0.6833333333333333,0.0,2,10,nearest,gnn,adopted_energy_lag,61,1,-8.178946266666571,1.4590337275020342,True,False,False
False,True,False,-6.8170166015625,1.0497247565948151,29.787715911865234,28.376691818237305,0.6833333333333333,0.6833333333333333,0.0,2,10,oracle,gnn,adopted_energy_lag,61,1,-8.178946266666571,1.4590337275020342,True,False,False
False,False,False,-22.141357421875,2.1055626738085675,65.28923797607422,31.007976531982422,0.6833333333333333,0.6833333333333333,0.0,2,10,nearest,gnn,adopted_energy_lag,61,2,8.658684666666659,1.0096476911659797,True,True,True
False,False,False,-24.6790771484375,1.5662337278889051,48.565738677978516,31.007976531982422,0.6833333333333333,0.6833333333333333,0.0,2,10,oracle,gnn,adopted_energy_lag,61,2,8.658684666666659,1.0096476911659797,True,True,True
True,True,True,24.1365966796875,0.09719894609154335,28.46127700805664,292.8146667480469,0.6833333333333333,0.6833333333333333,0.0,2,10,nearest,gnn,adopted_energy_lag,61,3,-38.467573999999786,0.7331626511156996,True,False,False
True,True,True,24.4935302734375,0.0956296832573715,28.001773834228516,292.8146667480469,0.6833333333333333,0.6833333333333333,0.0,2,10,oracle,gnn,adopted_energy_lag,61,3,-38.467573999999786,0.7331626511156996,True,False,False
True,True,True,0.325439453125,1.0598655528016285,28.932357788085938,27.298139572143555,0.6833333333333333,0.6833333333333333,0.0,2,9,nearest,gnn,adopted_energy_lag,61,4,-1.006126466666501,0.9554225889021297,True,False,False
True,True,True,0.855712890625,1.0461531571181757,28.558034896850586,27.298139572143555,0.6833333333333333,0.6833333333333333,0.0,2,9,oracle,gnn,adopted_energy_lag,61,4,-1.006126466666501,0.9554225889021297,True,False,False
False,True,False,-6.3944091796875,1.0241036668803982,368.1490478515625,359.4841613769531,0.6833333333333333,0.6833333333333333,0.0,2,9,nearest,gnn,adopted_energy_lag,61,5,6.722084966666671,0.7334992043767363,True,True,True
False,True,False,-5.78662109375,1.0257188352349156,368.72967529296875,359.4841613769531,0.6833333333333333,0.6833333333333333,0.0,2,9,oracle,gnn,adopted_energy_lag,61,5,6.722084966666671,0.7334992043767363,True,True,True
False,False,False,-93.8687744140625,4.834563121220697,128.3504638671875,26.548513412475586,0.6833333333333333,0.6833333333333333,0.0,2,9,nearest,gnn,adopted_energy_lag,61,6,-1.052608699999837,0.9756900079793124,True,False,False
False,False,False,-68.0230712890625,3.0867301666124605,81.9480972290039,26.548513412475586,0.6833333333333333,0.6833333333333333,0.0,2,9,oracle,gnn,adopted_energy_lag,61,6,-1.052608699999837,0.9756900079793124,True,False,False
False,True,False,-1.1387939453125,1.04037006068371,26.72918701171875,25.691999435424805,0.6833333333333333,0.6833333333333333,0.0,2,9,nearest,gnn,adopted_energy_lag,61,7,-0.5745735000000423,1.0216392303745232,True,False,False
False,True,False,-0.731689453125,1.0094838109586728,25.935657501220703,25.691999435424805,0.6833333333333333,0.6833333333333333,0.0,2,9,oracle,gnn,adopted_energy_lag,61,7,-0.5745735000000423,1.0216392303745232,True,False,False
True,True,True,0.6754150390625,1.0772760975586575,664.1122436523438,616.4735717773438,0.7833333333333333,0.7666666666666667,0.016666666666666607,2,8,nearest,gnn,adopted_energy_lag,61,8,1.1110168666666596,0.7688685333342811,True,True,True
True,True,True,0.489013671875,0.970448510307067,598.255859375,616.4735717773438,0.75,0.7666666666666667,-0.01666666666666672,2,8,oracle,gnn,adopted_energy_lag,61,8,1.1110168666666596,0.7688685333342811,True,True,True
True,True,True,0.6484375,0.150544711146247,30.66101837158203,203.6671905517578,0.6833333333333333,0.6833333333333333,0.0,2,8,nearest,gnn,adopted_energy_lag,61,9,-29.776920333333237,1.076111669234759,True,False,False
False,True,False,-1.926513671875,0.15058799629864186,30.66983413696289,203.6671905517578,0.6833333333333333,0.6833333333333333,0.0,2,8,oracle,gnn,adopted_energy_lag,61,9,-29.776920333333237,1.076111669234759,True,False,False
False,False,False,-12.541015625,2.062631996008758,294.6684265136719,142.8603973388672,0.6833333333333333,0.6833333333333333,0.0,2,8,nearest,gnn,adopted_energy_lag,61,10,-1.1674140666664243,1.4028551350186098,True,False,False
False,False,False,-11.0367431640625,1.9494912629630188,278.5050964355469,142.8603973388672,0.6833333333333333,0.6833333333333333,0.0,2,8,oracle,gnn,adopted_energy_lag,61,10,-1.1674140666664243,1.4028551350186098,True,False,False
True,True,True,6.956298828125,1.0957536202105653,1292.860595703125,1179.882568359375,0.8333333333333334,0.75,0.08333333333333337,2,7,nearest,gnn,adopted_energy_lag,61,11,38.19397696666647,1.7871974332038971,False,True,False
True,True,True,5.66455078125,1.0867730066986026,1282.2645263671875,1179.882568359375,0.8333333333333334,0.75,0.08333333333333337,2,7,oracle,gnn,adopted_energy_lag,61,11,38.19397696666647,1.7871974332038971,False,True,False
True,True,True,1.51220703125,1.0051091709696025,26.101093292236328,25.968416213989258,0.6833333333333333,0.6833333333333333,0.0,2,7,nearest,gnn,adopted_energy_lag,61,12,-86.21341653333343,8.740349515850887,False,False,False
True,True,True,0.793212890625,1.0198587888339337,26.48411750793457,25.968416213989258,0.6833333333333333,0.6833333333333333,0.0,2,7,oracle,gnn,adopted_energy_lag,61,12,-86.21341653333343,8.740349515850887,False,False,False
False,True,False,-1.813232421875,1.0010830375909625,683.3738403320312,682.634521484375,0.7333333333333333,0.7333333333333333,0.0,2,8,nearest,gnn,adopted_energy_lag,61,13,-44.29535916666646,1.1049882170238865,True,False,False
False,True,False,-15.22216796875,1.0105273614296633,689.8208618164062,682.634521484375,0.7333333333333333,0.7333333333333333,0.0,2,8,oracle,gnn,adopted_energy_lag,61,13,-44.29535916666646,1.1049882170238865,True,False,False
False,False,True,7.1141357421875,2.125915210501349,317.9122009277344,149.5413360595703,0.6833333333333333,0.6833333333333333,0.0,2,9,nearest,gnn,adopted_energy_lag,61,14,-10.156326333333482,1.9781608549217324,False,False,False
False,False,False,-14.8427734375,1.9796190765198884,296.0348815917969,149.5413360595703,0.6833333333333333,0.6833333333333333,0.0,2,9,oracle,gnn,adopted_energy_lag,61,14,-10.156326333333482,1.9781608549217324,False,False,False
False,True,False,-0.1390380859375,1.023062540545255,28.07931900024414,27.44633674621582,0.6833333333333333,0.6833333333333333,0.0,2,9,nearest,gnn,adopted_energy_lag,61,15,-15.659811333333437,1.2021197043840604,True,False,False
True,True,True,1.0826416015625,1.0196180832444681,27.98478126525879,27.44633674621582,0.6833333333333333,0.6833333333333333,0.0,2,9,oracle,gnn,adopted_energy_lag,61,15,-15.659811333333437,1.2021197043840604,True,False,False
False,True,False,-0.8348388671875,1.0407926100698408,283.212158203125,272.11199951171875,0.6833333333333333,0.6833333333333333,0.0,2,9,nearest,gnn,adopted_energy_lag,61,16,2.4453411999998025,0.7025707477495011,True,True,True
True,True,True,0.611572265625,0.8576231028851241,233.36953735351562,272.11199951171875,0.6833333333333333,0.6833333333333333,0.0,2,9,oracle,gnn,adopted_energy_lag,61,16,2.4453411999998025,0.7025707477495011,True,True,True
True,True,True,0.2861328125,1.0712400037464342,416.0590515136719,388.39013671875,0.6833333333333333,0.6833333333333333,0.0,2,9,nearest,gnn,adopted_energy_lag,61,17,-28.864946633333375,0.37000520117784774,True,False,False
True,True,True,0.160888671875,0.7532672081395685,292.5615539550781,388.39013671875,0.6833333333333333,0.6833333333333333,0.0,2,9,oracle,gnn,adopted_energy_lag,61,17,-28.864946633333375,0.37000520117784774,True,False,False
False,False,True,45.43603515625,1.6856744534626487,300.5097961425781,178.27273559570312,0.6833333333333333,0.6833333333333333,0.0,2,9,nearest,gnn,adopted_energy_lag,61,18,18.83853453333336,3.162165578699149,False,True,False
False,False,True,49.3475341796875,1.5825652415134719,282.12823486328125,178.27273559570312,0.6833333333333333,0.6833333333333333,0.0,2,9,oracle,gnn,adopted_energy_lag,61,18,18.83853453333336,3.162165578699149,False,True,False
False,True,False,-4.9736328125,1.0120368725195348,1131.9439697265625,1118.48095703125,0.8333333333333334,0.7333333333333333,0.10000000000000009,2,8,nearest,gnn,adopted_energy_lag,61,19,4.171389033333071,1.8535000314014007,False,True,False
False,True,False,-3.35888671875,0.9938770627887555,1111.632568359375,1118.48095703125,0.8,0.7333333333333333,0.06666666666666676,2,8,oracle,gnn,adopted_energy_lag,61,19,4.171389033333071,1.8535000314014007,False,True,False
True,True,True,2.686279296875,1.028809376733126,27.357521057128906,26.59143829345703,0.6833333333333333,0.6833333333333333,0.0,2,8,nearest,gnn,adopted_energy_lag,61,20,-89.13107366666691,22.15800149968234,False,False,False
True,True,True,4.144775390625,1.0591111246278397,28.163288116455078,26.59143829345703,0.6833333333333333,0.6833333333333333,0.0,2,8,oracle,gnn,adopted_energy_lag,61,20,-89.13107366666691,22.15800149968234,False,False,False
False,True,False,-1.206787109375,1.003721923900304,28.686439514160156,28.580066680908203,0.6833333333333333,0.6833333333333333,0.0,2,8,nearest,gnn,adopted_energy_lag,61,21,-14.673009099999945,1.067307704305657,True,False,False
False,True,False,-12.33154296875,0.9979510398496121,28.521507263183594,28.580066680908203,0.6833333333333333,0.6833333333333333,0.0,2,8,oracle,gnn,adopted_energy_lag,61,21,-14.673009099999945,1.067307704305657,True,False,False
False,True,False,-10.2373046875,1.0029183243738697,38.609317779541016,38.496971130371094,0.6833333333333333,0.6833333333333333,0.0,2,7,nearest,gnn,adopted_energy_lag,61,22,-21.724714733333258,1.1555041282029777,True,False,False
False,True,False,-26.3001708984375,1.4986158000346819,57.692169189453125,38.496971130371094,0.6833333333333333,0.6833333333333333,0.0,2,7,oracle,gnn,adopted_energy_lag,61,22,-21.724714733333258,1.1555041282029777,True,False,False
True,True,True,10.458984375,1.0262475261668378,29.583717346191406,28.827077865600586,0.6833333333333333,0.6833333333333333,0.0,2,7,nearest,gnn,adopted_energy_lag,61,23,-19.39406096666653,1.0506975933694493,True,False,False
True,True,True,18.1015625,1.0162626058717226,29.295881271362305,28.827077865600586,0.6833333333333333,0.6833333333333333,0.0,2,7,oracle,gnn,adopted_energy_lag,61,23,-19.39406096666653,1.0506975933694493,True,False,False
False,True,False,-26.961669921875,0.8492076134339981,109.65489196777344,129.12612915039062,0.6833333333333333,0.6833333333333333,0.0,2,8,nearest,gnn,adopted_energy_lag,61,24,-42.98126326666693,11.363455098026014,False,False,False
False,True,False,-31.311279296875,0.8654514494098017,111.75239562988281,129.12612915039062,0.6833333333333333,0.6833333333333333,0.0,2,8,oracle,gnn,adopted_energy_lag,61,24,-42.98126326666693,11.363455098026014,False,False,False
False,True,False,-0.9580078125,1.0110410341924607,29.643173217773438,29.319456100463867,0.6833333333333333,0.6833333333333333,0.0,2,6,nearest,gnn,adopted_energy_lag,61,25,-27.826190100000076,1.0064872103530509,True,False,False
True,True,True,0.7994384765625,0.9995991370973896,29.307703018188477,29.319456100463867,0.6833333333333333,0.6833333333333333,0.0,2,6,oracle,gnn,adopted_energy_lag,61,25,-27.826190100000076,1.0064872103530509,True,False,False
False,True,False,-10.584716796875,0.9767003601746712,140.1427459716797,143.4859161376953,0.6833333333333333,0.6833333333333333,0.0,2,6,nearest,gnn,adopted_energy_lag,61,26,-45.50270499999988,1.021390187391,True,False,False
False,True,False,-1.91064453125,0.9525411461464373,136.67623901367188,143.4859161376953,0.6833333333333333,0.6833333333333333,0.0,2,6,oracle,gnn,adopted_energy_lag,61,26,-45.50270499999988,1.021390187391,True,False,False
False,False,False,-0.4443359375,2.099001580443471,75.59477996826172,36.0146369934082,0.6833333333333333,0.6833333333333333,0.0,2,6,nearest,gnn,adopted_energy_lag,61,27,-17.631678899999997,1.6497134422268718,False,False,False
False,False,False,-9.8916015625,1.809947038567121,65.18458557128906,36.0146369934082,0.6833333333333333,0.6833333333333333,0.0,2,6,oracle,gnn,adopted_energy_lag,61,27,-17.631678899999997,1.6497134422268718,False,False,False
False,True,False,-4.01025390625,0.9849059901699181,29.81361198425293,30.27051544189453,0.6833333333333333,0.6833333333333333,0.0,2,5,nearest,gnn,adopted_energy_lag,61,28,-24.5313662333333,1.0645985642535187,True,False,False
False,True,False,-5.884521484375,0.9814954417223235,29.710372924804688,30.27051544189453,0.6833333333333333,0.6833333333333333,0.0,2,5,oracle,gnn,adopted_energy_lag,61,28,-24.5313662333333,1.0645985642535187,True,False,False
False,False,True,14.66064453125,1.6976148863778882,102.44500732421875,60.346435546875,0.6833333333333333,0.6833333333333333,0.0,2,5,nearest,gnn,adopted_energy_lag,61,29,-45.07626736666657,9.305726041134806,False,False,False
False,False,True,14.66064453125,1.6976148863778882,102.44500732421875,60.346435546875,0.6833333333333333,0.6833333333333333,0.0,2,5,oracle,gnn,adopted_energy_lag,61,29,-45.07626736666657,9.305726041134806,False,False,False
False,False,True,19.415771484375,2.1370753092870074,195.91371154785156,91.67375183105469,0.6833333333333333,0.6833333333333333,0.0,2,6,nearest,gnn,adopted_energy_lag,61,30,-12.067986766666536,12.60799169563128,False,False,False
False,False,True,19.415771484375,2.1370753092870074,195.91371154785156,91.67375183105469,0.6833333333333333,0.6833333333333333,0.0,2,6,oracle,gnn,adopted_energy_lag,61,30,-12.067986766666536,12.60799169563128,False,False,False
False,False,True,37.430908203125,1.9039301220562863,567.10791015625,297.8617248535156,0.7,0.6833333333333333,0.016666666666666607,2,6,nearest,gnn,adopted_energy_lag,61,31,-8.633197599999903,4.366150633090896,False,False,False
False,False,True,61.312744140625,1.8361387874778452,546.9154663085938,297.8617248535156,0.6833333333333333,0.6833333333333333,0.0,2,6,oracle,gnn,adopted_energy_lag,61,31,-8.633197599999903,4.366150633090896,False,False,False
False,True,False,-10.704345703125,1.3401290365688092,568.01611328125,423.851806640625,0.6833333333333333,0.6833333333333333,0.0,2,6,nearest,gnn,adopted_energy_lag,61,32,12.766447666666636,0.9289147841604405,True,True,True
True,True,True,5.348388671875,1.3115325641366813,555.8954467773438,423.851806640625,0.6833333333333333,0.6833333333333333,0.0,2,6,oracle,gnn,adopted_energy_lag,61,32,12.766447666666636,0.9289147841604405,True,True,True
True,True,True,1.0887451171875,1.022990617378617,27.848194122314453,27.222335815429688,0.6833333333333333,0.6833333333333333,0.0,2,6,nearest,gnn,adopted_energy_lag,61,33,-7.500190633333432,1.036624119007333,True,False,False
False,True,False,-1.8333740234375,1.0217222202603862,27.81366539001465,27.222335815429688,0.6833333333333333,0.6833333333333333,0.0,2,6,oracle,gnn,adopted_energy_lag,61,33,-7.500190633333432,1.036624119007333,True,False,False
False,True,False,-0.4827880859375,1.0693635184230748,35.474449157714844,33.173423767089844,0.6833333333333333,0.6833333333333333,0.0,2,6,nearest,gnn,adopted_energy_lag,61,34,-9.860398600000053,1.0946524696915816,True,False,False
True,True,True,4.2962646484375,1.0108596683568274,33.53367614746094,33.173423767089844,0.6833333333333333,0.6833333333333333,0.0,2,6,oracle,gnn,adopted_energy_lag,61,34,-9.860398600000053,1.0946524696915816,True,False,False
True,True,True,25.1153564453125,1.0019721018383778,461.9453430175781,461.0361328125,0.6833333333333333,0.6833333333333333,0.0,2,5,nearest,gnn,adopted_energy_lag,61,35,-14.078193633333512,1.826340975315445,False,False,False
True,True,True,31.588623046875,0.8337265886960629,384.3780822753906,461.0361328125,0.6833333333333333,0.6833333333333333,0.0,2,5,oracle,gnn,adopted_energy_lag,61,35,-14.078193633333512,1.826340975315445,False,False,False
False,False,False,-3.0374755859375,2.2267101228796298,174.19435119628906,78.2294692993164,0.6833333333333333,0.6833333333333333,0.0,2,5,nearest,gnn,adopted_energy_lag,61,36,-23.22838569999999,2.573781231312626,False,False,False
False,False,False,-0.9041748046875,1.990281550266816,155.69866943359375,78.2294692993164,0.6833333333333333,0.6833333333333333,0.0,2,5,oracle,gnn,adopted_energy_lag,61,36,-23.22838569999999,2.573781231312626,False,False,False
False,True,False,-2.419921875,1.0893407549756107,884.5437622070312,811.9991455078125,0.8833333333333333,0.8166666666666667,0.06666666666666665,2,5,nearest,gnn,adopted_energy_lag,61,37,-3.164002966666885,2.213693869180355,False,False,False
True,True,True,16.5400390625,1.0873544794815675,882.930908203125,811.9991455078125,0.8833333333333333,0.8166666666666667,0.06666666666666665,2,5,oracle,gnn,adopted_energy_lag,61,37,-3.164002966666885,2.213693869180355,False,False,False
True,True,True,0.8399658203125,1.0006460286027126,27.856365203857422,27.838380813598633,0.6833333333333333,0.6833333333333333,0.0,2,4,nearest,gnn,adopted_energy_lag,61,38,-72.95921653333335,1.0346444077483639,True,False,False
True,True,True,0.838623046875,1.000507148554171,27.85249900817871,27.838380813598633,0.6833333333333333,0.6833333333333333,0.0,2,4,oracle,gnn,adopted_energy_lag,61,38,-72.95921653333335,1.0346444077483639,True,False,False
False,True,False,-4.492919921875,0.9998904825179166,28.175886154174805,28.178972244262695,0.6833333333333333,0.6833333333333333,0.0,2,4,nearest,gnn,adopted_energy_lag,61,39,-24.06741783333314,1.0546426384497067,True,False,False
False,True,False,-3.72119140625,1.0004707627242833,28.192237854003906,28.178972244262695,0.6833333333333333,0.6833333333333333,0.0,2,4,oracle,gnn,adopted_energy_lag,61,39,-24.06741783333314,1.0546426384497067,True,False,False
False,True,False,-0.44970703125,0.9705881208944049,26.177242279052734,26.970495223999023,0.6833333333333333,0.6833333333333333,0.0,3,7,nearest,gnn,adopted_energy_lag,61,0,6.520652366666809,1.0508762286389612,True,True,True
True,True,True,0.302734375,0.9843632107846032,26.548763275146484,26.970495223999023,0.6833333333333333,0.6833333333333333,0.0,3,7,oracle,gnn,adopted_energy_lag,61,0,6.520652366666809,1.0508762286389612,True,True,True
False,True,False,-13.3248291015625,1.1216097345001286,31.827573776245117,28.376691818237305,0.6833333333333333,0.6833333333333333,0.0,3,7,nearest,gnn,adopted_energy_lag,61,1,0.29075673333341,1.0023046444548163,True,True,True
False,True,False,-18.836669921875,1.2532350232991851,35.56266403198242,28.376691818237305,0.6833333333333333,0.6833333333333333,0.0,3,7,oracle,gnn,adopted_energy_lag,61,1,0.29075673333341,1.0023046444548163,True,True,True
False,True,False,-0.3529052734375,0.9980093632878169,30.946250915527344,31.007976531982422,0.6833333333333333,0.6833333333333333,0.0,3,7,nearest,gnn,adopted_energy_lag,61,2,12.621657799999866,0.9497429526478286,True,True,True
True,True,True,28.3787841796875,0.9563504829579181,29.65449333190918,31.007976531982422,0.6833333333333333,0.6833333333333333,0.0,3,7,oracle,gnn,adopted_energy_lag,61,2,12.621657799999866,0.9497429526478286,True,True,True
True,True,True,0.3338623046875,1.0012795271179602,293.1893310546875,292.8146667480469,0.6833333333333333,0.6833333333333333,0.0,3,6,nearest,gnn,adopted_energy_lag,61,3,-3.254433199999994,1.1539617222030372,True,False,False
True,True,True,2.4864501953125,0.9993201632817094,292.6156005859375,292.8146667480469,0.6833333333333333,0.6833333333333333,0.0,3,6,oracle,gnn,adopted_energy_lag,61,3,-3.254433199999994,1.1539617222030372,True,False,False
True,True,True,2.169189453125,0.9814970381328733,26.79304313659668,27.298139572143555,0.6833333333333333,0.6833333333333333,0.0,3,5,nearest,gnn,adopted_energy_lag,61,4,-19.99570093333341,1.0901231770026032,True,False,False
True,True,True,2.169189453125,0.9814970381328733,26.79304313659668,27.298139572143555,0.6833333333333333,0.6833333333333333,0.0,3,5,oracle,gnn,adopted_energy_lag,61,4,-19.99570093333341,1.0901231770026032,True,False,False
True,True,True,9.5352783203125,1.1929288292779954,428.8390197753906,359.4841613769531,0.6833333333333333,0.6833333333333333,0.0,3,4,nearest,gnn,adopted_energy_lag,61,5,3.3277532666666048,0.8371502810063084,True,True,True
True,True,True,9.5352783203125,1.1929288292779954,428.8390197753906,359.4841613769531,0.6833333333333333,0.6833333333333333,0.0,3,4,oracle,gnn,adopted_energy_lag,61,5,3.3277532666666048,0.8371502810063084,True,True,True
False,True,False,-0.66796875,1.0056205635047235,26.697731018066406,26.548513412475586,0.6833333333333333,0.6833333333333333,0.0,3,4,nearest,gnn,adopted_energy_lag,61,6,-1.8871341999999913,1.0051582606606795,True,False,False
False,True,False,-0.66796875,1.0056205635047235,26.697731018066406,26.548513412475586,0.6833333333333333,0.6833333333333333,0.0,3,4,oracle,gnn,adopted_energy_lag,61,6,-1.8871341999999913,1.0051582606606795,True,False,False
True,True,True,0.4898681640625,1.0006270969272697,25.708110809326172,25.691999435424805,0.6833333333333333,0.6833333333333333,0.0,3,4,nearest,gnn,adopted_energy_lag,61,7,-0.8070668000000296,0.9931772391523623,True,False,False
False,True,False,-0.420654296875,1.0007348177324629,25.710878372192383,25.691999435424805,0.6833333333333333,0.6833333333333333,0.0,3,4,oracle,gnn,adopted_energy_lag,61,7,-0.8070668000000296,0.9931772391523623,True,False,False
True,True,True,3.3851318359375,1.1023613846040063,679.57666015625,616.4735717773438,0.7833333333333333,0.7666666666666667,0.016666666666666607,3,4,nearest,gnn,adopted_energy_lag,61,8,6.381240733333243,0.873970676041242,True,True,True
True,True,True,3.6011962890625,1.1167344187595165,688.437255859375,616.4735717773438,0.7833333333333333,0.7666666666666667,0.016666666666666607,3,4,oracle,gnn,adopted_energy_lag,61,8,6.381240733333243,0.873970676041242,True,True,True
False,True,False,-1.665283203125,0.9999904102128835,203.6652374267578,203.6671905517578,0.6833333333333333,0.6833333333333333,0.0,3,4,nearest,gnn,adopted_energy_lag,61,9,-15.466190333333316,0.9601287930471871,True,False,False
False,True,False,-3.34130859375,1.0044931149449114,204.58229064941406,203.6671905517578,0.6833333333333333,0.6833333333333333,0.0,3,4,oracle,gnn,adopted_energy_lag,61,9,-15.466190333333316,0.9601287930471871,True,False,False
True,True,True,1.563720703125,1.1276454074921665,161.0958709716797,142.8603973388672,0.6833333333333333,0.6833333333333333,0.0,3,4,nearest,gnn,adopted_energy_lag,61,10,2.2381830333335984,1.2621237654172879,True,True,True
True,True,True,1.563720703125,1.1276454074921665,161.0958709716797,142.8603973388672,0.6833333333333333,0.6833333333333333,0.0,3,4,oracle,gnn,adopted_energy_lag,61,10,2.2381830333335984,1.2621237654172879,True,True,True
True,True,True,13.23681640625,1.1569672150652242,1365.08544921875,1179.882568359375,0.7666666666666667,0.75,0.01666666666666672,3,4,nearest,gnn,adopted_energy_lag,61,11,27.00026949999983,1.6140110014926514,False,True,False
True,True,True,12.65380859375,1.2328990922237817,1454.6761474609375,1179.882568359375,0.7833333333333333,0.75,0.033333333333333326,3,4,oracle,gnn,adopted_energy_lag,61,11,27.00026949999983,1.6140110014926514,False,True,False
False,True,False,-0.5028076171875,1.0006531800496352,25.98537826538086,25.968416213989258,0.6833333333333333,0.6833333333333333,0.0,3,4,nearest,gnn,adopted_energy_lag,61,12,-62.29991323333343,4.342624535128006,False,False,False
False,True,False,-0.6195068359375,1.000167169435845,25.97275733947754,25.968416213989258,0.6833333333333333,0.6833333333333333,0.0,3,4,oracle,gnn,adopted_energy_lag,61,12,-62.29991323333343,4.342624535128006,False,False,False
True,True,True,3.673583984375,1.4475554268829367,988.1513061523438,682.634521484375,0.7833333333333333,0.7333333333333333,0.050000000000000044,3,5,nearest,gnn,adopted_energy_lag,61,13,-6.58969263333347,0.6357676430500306,True,False,False
False,True,False,-4.12841796875,1.4314106294153475,977.1303100585938,682.634521484375,0.8166666666666667,0.7333333333333333,0.08333333333333337,3,5,oracle,gnn,adopted_energy_lag,61,13,-6.58969263333347,0.6357676430500306,True,False,False
False,True,False,-31.4559326171875,1.0071058751935265,150.6039581298828,149.5413360595703,0.6833333333333333,0.6833333333333333,0.0,3,5,nearest,gnn,adopted_energy_lag,61,14,-14.776954933333627,6.87986470907451,False,False,False
False,True,False,-53.0904541015625,1.1101205560092247,166.0089111328125,149.5413360595703,0.6833333333333333,0.6833333333333333,0.0,3,5,oracle,gnn,adopted_energy_lag,61,14,-14.776954933333627,6.87986470907451,False,False,False
False,True,False,-0.5460205078125,1.0665173941097799,29.271995544433594,27.44633674621582,0.6833333333333333,0.6833333333333333,0.0,3,5,nearest,gnn,adopted_energy_lag,61,15,3.6805031333331044,1.0122646991772664,True,True,True
False,True,False,-0.5460205078125,1.0665173941097799,29.271995544433594,27.44633674621582,0.6833333333333333,0.6833333333333333,0.0,3,5,oracle,gnn,adopted_energy_lag,61,15,3.6805031333331044,1.0122646991772664,True,True,True
False,False,True,1.076171875,1.707309405885629,464.5793762207031,272.11199951171875,0.6833333333333333,0.6833333333333333,0.0,3,5,nearest,gnn,adopted_energy_lag,61,16,-17.03120110000009,1.8712589986632386,False,False,False
False,False,True,2.188232421875,1.7074740432583575,464.6241760253906,272.11199951171875,0.6833333333333333,0.6833333333333333,0.0,3,5,oracle,gnn,adopted_energy_lag,61,16,-17.03120110000009,1.8712589986632386,False,False,False
True,True,True,15.3939208984375,1.1465401899366752,445.3049011230469,388.39013671875,0.6833333333333333,0.6833333333333333,0.0,3,6,nearest,gnn,adopted_energy_lag,61,17,-12.644774433333396,0.9655348297933251,True,False,False
True,True,True,14.80517578125,0.8543898183733686,331.8365783691406,388.39013671875,0.6833333333333333,0.6833333333333333,0.0,3,6,oracle,gnn,adopted_energy_lag,61,17,-12.644774433333396,0.9655348297933251,True,False,False
False,True,False,-6.445068359375,0.9973592180690323,177.8019561767578,178.27273559570312,0.6833333333333333,0.6833333333333333,0.0,3,6,nearest,gnn,adopted_energy_lag,61,18,2.115690633333543,0.6103568862407378,True,True,True
False,True,False,-18.880615234375,0.8878022459784845,158.27093505859375,178.27273559570312,0.6833333333333333,0.6833333333333333,0.0,3,6,oracle,gnn,adopted_energy_lag,61,18,2.115690633333543,0.6103568862407378,True,True,True
True,True,True,6.369140625,1.2614811348224892,1410.942626953125,1118.48095703125,0.8333333333333334,0.7333333333333333,0.10000000000000009,3,6,nearest,gnn,adopted_energy_lag,61,19,40.68051859999969,1.257015561923831,True,True,True
True,True,True,13.55810546875,1.338398637242109,1496.973388671875,1118.48095703125,0.8333333333333334,0.7333333333333333,0.10000000000000009,3,6,oracle,gnn,adopted_energy_lag,61,19,40.68051859999969,1.257015561923831,True,True,True
True,True,True,0.5048828125,1.0034908545463883,26.68426513671875,26.59143829345703,0.6833333333333333,0.6833333333333333,0.0,3,6,nearest,gnn,adopted_energy_lag,61,20,-39.98266666666677,1.8389205966549216,False,False,False
True,True,True,1.7855224609375,0.9999482841676678,26.590063095092773,26.59143829345703,0.6833333333333333,0.6833333333333333,0.0,3,6,oracle,gnn,adopted_energy_lag,61,20,-39.98266666666677,1.8389205966549216,False,False,False
True,True,True,6.084716796875,1.053590365202354,30.111682891845703,28.580066680908203,0.6833333333333333,0.6833333333333333,0.0,3,8,nearest,gnn,adopted_energy_lag,61,21,-5.281077933333108,1.0159880124725968,True,False,False
True,True,True,11.3896484375,1.0557565823061728,30.173593521118164,28.580066680908203,0.6833333333333333,0.6833333333333333,0.0,3,8,oracle,gnn,adopted_energy_lag,61,21,-5.281077933333108,1.0159880124725968,True,False,False
True,True,True,2.7725830078125,0.9863984938192087,37.97335433959961,38.496971130371094,0.6833333333333333,0.6833333333333333,0.0,3,8,nearest,gnn,adopted_energy_lag,61,22,-2.7483766666666725,1.06144767711277,True,False,False
False,True,False,-7.072509765625,1.4208501003294771,54.69842529296875,38.496971130371094,0.6833333333333333,0.6833333333333333,0.0,3,8,oracle,gnn,adopted_energy_lag,61,22,-2.7483766666666725,1.06144767711277,True,False,False
True,True,True,0.312744140625,1.0190442559663289,29.376068115234375,28.827077865600586,0.6833333333333333,0.6833333333333333,0.0,3,9,nearest,gnn,adopted_energy_lag,61,23,-19.72016606666648,0.9990774433561979,True,False,False
True,True,True,7.677978515625,0.9914915555703766,28.581804275512695,28.827077865600586,0.6833333333333333,0.6833333333333333,0.0,3,9,oracle,gnn,adopted_energy_lag,61,23,-19.72016606666648,0.9990774433561979,True,False,False
True,True,True,11.467041015625,1.099891402094675,142.02471923828125,129.12612915039062,0.6833333333333333,0.6833333333333333,0.0,3,9,nearest,gnn,adopted_energy_lag,61,24,7.082139666666535,1.0418341960635213,True,True,True
True,True,True,13.70703125,0.8822483784170231,113.92131805419922,129.12612915039062,0.6833333333333333,0.6833333333333333,0.0,3,9,oracle,gnn,adopted_energy_lag,61,24,7.082139666666535,1.0418341960635213,True,True,True
False,True,False,-5.970703125,1.10719764889549,32.462432861328125,29.319456100463867,0.6833333333333333,0.6833333333333333,0.0,3,8,nearest,gnn,adopted_energy_lag,61,25,-3.267896900000096,0.865005268792262,True,False,False
False,True,False,-6.7745361328125,1.1073838335153003,32.467891693115234,29.319456100463867,0.6833333333333333,0.6833333333333333,0.0,3,8,oracle,gnn,adopted_energy_lag,61,25,-3.267896900000096,0.865005268792262,True,False,False
False,False,True,15.806396484375,2.8865010055306044,414.1722412109375,143.4859161376953,0.6833333333333333,0.6833333333333333,0.0,3,9,nearest,gnn,adopted_energy_lag,61,26,3.4722998000002008,20.097426654453756,False,True,False
False,False,True,15.806396484375,2.8865010055306044,414.1722412109375,143.4859161376953,0.6833333333333333,0.6833333333333333,0.0,3,9,oracle,gnn,adopted_energy_lag,61,26,3.4722998000002008,20.097426654453756,False,True,False
True,True,True,2.83642578125,1.0758282393397918,38.74556350708008,36.0146369934082,0.6833333333333333,0.6833333333333333,0.0,3,10,nearest,gnn,adopted_energy_lag,61,27,5.216848566666613,0.8748319793327064,True,True,True
True,True,True,2.9000244140625,1.0726142861031662,38.62981414794922,36.0146369934082,0.6833333333333333,0.6833333333333333,0.0,3,10,oracle,gnn,adopted_energy_lag,61,27,5.216848566666613,0.8748319793327064,True,True,True
False,False,False,-31.075927734375,1.7756601758687898,53.75014877319336,30.27051544189453,0.6833333333333333,0.6833333333333333,0.0,3,10,nearest,gnn,adopted_energy_lag,61,28,-7.904399600000033,1.1713500376574482,True,False,False
False,False,False,-59.013916015625,2.7420726345310045,83.00395202636719,30.27051544189453,0.6833333333333333,0.6833333333333333,0.0,3,10,oracle,gnn,adopted_energy_lag,61,28,-7.904399600000033,1.1713500376574482,True,False,False
True,True,True,12.096435546875,0.992820739221374,59.91319274902344,60.346435546875,0.6833333333333333,0.6833333333333333,0.0,3,10,nearest,gnn,adopted_energy_lag,61,29,-47.583690199999864,2.7681152800109965,False,False,False
True,True,True,10.413818359375,0.9869214845314529,59.557193756103516,60.346435546875,0.6833333333333333,0.6833333333333333,0.0,3,10,oracle,gnn,adopted_energy_lag,61,29,-47.583690199999864,2.7681152800109965,False,False,False
False,False,False,-7.14794921875,1.577843853399781,144.64686584472656,91.67375183105469,0.6833333333333333,0.6833333333333333,0.0,3,10,nearest,gnn,adopted_energy_lag,61,30,-5.588850866666462,10.629709330952833,False,False,False
False,False,False,-18.3104248046875,1.7579133315612314,161.15451049804688,91.67375183105469,0.6833333333333333,0.6833333333333333,0.0,3,10,oracle,gnn,adopted_energy_lag,61,30,-5.588850866666462,10.629709330952833,False,False,False
False,False,False,-19.00634765625,2.719031819918439,809.8955078125,297.8617248535156,0.7666666666666667,0.6833333333333333,0.08333333333333337,3,10,nearest,gnn,adopted_energy_lag,61,31,-6.416819400000122,2.589210838659513,False,False,False
False,False,True,5.830810546875,2.587108861961984,770.6007080078125,297.8617248535156,0.75,0.6833333333333333,0.06666666666666665,3,10,oracle,gnn,adopted_energy_lag,61,31,-6.416819400000122,2.589210838659513,False,False,False
True,True,True,32.386962890625,1.1097201078050363,470.35687255859375,423.851806640625,0.6833333333333333,0.6833333333333333,0.0,3,11,nearest,gnn,adopted_energy_lag,61,32,-4.2974644666667245,3.3059719949073743,False,False,False
True,True,True,32.63818359375,1.1385603742187216,482.58087158203125,423.851806640625,0.6833333333333333,0.6833333333333333,0.0,3,11,oracle,gnn,adopted_energy_lag,61,32,-4.2974644666667245,3.3059719949073743,False,False,False
True,True,True,18.1502685546875,1.011612458332002,27.538454055786133,27.222335815429688,0.6833333333333333,0.6833333333333333,0.0,3,10,nearest,gnn,adopted_energy_lag,61,33,-2.5762052000002313,1.0019574874983512,True,False,False
True,True,True,21.955078125,1.020216440971434,27.772674560546875,27.222335815429688,0.6833333333333333,0.6833333333333333,0.0,3,10,oracle,gnn,adopted_energy_lag,61,33,-2.5762052000002313,1.0019574874983512,True,False,False
True,True,True,3.4639892578125,0.9975536480587989,33.09226989746094,33.173423767089844,0.6833333333333333,0.6833333333333333,0.0,3,10,nearest,gnn,adopted_energy_lag,61,34,-35.24921160000031,4.122834988179906,False,False,False
True,True,True,37.6507568359375,0.9750608713171042,32.346107482910156,33.173423767089844,0.6833333333333333,0.6833333333333333,0.0,3,10,oracle,gnn,adopted_energy_lag,61,34,-35.24921160000031,4.122834988179906,False,False,False
True,True,True,103.524169921875,0.1547376779545055,71.33966064453125,461.0361328125,0.6833333333333333,0.6833333333333333,0.0,3,10,nearest,gnn,adopted_energy_lag,61,35,30.88746083333308,11.844307956870596,False,True,False
True,True,True,103.524169921875,0.1547376779545055,71.33966064453125,461.0361328125,0.6833333333333333,0.6833333333333333,0.0,3,10,oracle,gnn,adopted_energy_lag,61,35,30.88746083333308,11.844307956870596,False,True,False
False,True,False,-10.8433837890625,1.0568534673312338,82.67708587646484,78.2294692993164,0.6833333333333333,0.6833333333333333,0.0,3,9,nearest,gnn,adopted_energy_lag,61,36,-53.57331450000015,1.1560085683439654,True,False,False
False,True,False,-16.895263671875,1.05810062774456,82.77465057373047,78.2294692993164,0.6833333333333333,0.6833333333333333,0.0,3,9,oracle,gnn,adopted_energy_lag,61,36,-53.57331450000015,1.1560085683439654,True,False,False
False,False,True,70.53466796875,1.5704870355028047,1275.234130859375,811.9991455078125,0.8833333333333333,0.8166666666666667,0.06666666666666665,3,9,nearest,gnn,adopted_energy_lag,61,37,58.098749566666356,4.17500831744961,False,True,False
False,False,True,76.100341796875,1.747602225350152,1419.051513671875,811.9991455078125,0.8333333333333334,0.8166666666666667,0.01666666666666672,3,9,oracle,gnn,adopted_energy_lag,61,37,58.098749566666356,4.17500831744961,False,True,False
True,True,True,0.462158203125,1.0004199973840946,27.850072860717773,27.838380813598633,0.6833333333333333,0.6833333333333333,0.0,3,9,nearest,gnn,adopted_energy_lag,61,38,-99.28486810000004,21.45485537228427,False,False,False
True,True,True,0.547119140625,0.9806946455266613,27.30095100402832,27.838380813598633,0.6833333333333333,0.6833333333333333,0.0,3,9,oracle,gnn,adopted_energy_lag,61,38,-99.28486810000004,21.45485537228427,False,False,False
True,True,True,20.6949462890625,1.0497461840975337,29.580768585205078,28.178972244262695,0.6833333333333333,0.6833333333333333,0.0,3,9,nearest,gnn,adopted_energy_lag,61,39,-9.270024766666438,1.0184595581769809,True,False,False
True,True,True,20.81494140625,1.047999590087842,29.531551361083984,28.178972244262695,0.6833333333333333,0.6833333333333333,0.0,3,9,oracle,gnn,adopted_energy_lag,61,39,-9.270024766666438,1.0184595581769809,True,False,False
False,True,False,-0.68359375,0.9770165527523553,26.35062026977539,26.970495223999023,0.6833333333333333,0.6833333333333333,0.0,4,12,nearest,gnn,adopted_energy_lag,61,0,9.70355890000019,0.9891706650867147,True,True,True
False,True,False,-0.69091796875,1.0056703860814338,27.123428344726562,26.970495223999023,0.6833333333333333,0.6833333333333333,0.0,4,12,oracle,gnn,adopted_energy_lag,61,0,9.70355890000019,0.9891706650867147,True,True,True
False,True,False,-2.304443359375,0.9773481657844543,27.73390769958496,28.376691818237305,0.6833333333333333,0.6833333333333333,0.0,4,13,nearest,gnn,adopted_energy_lag,61,1,-4.564158933333374,1.0514611212804694,True,False,False
False,True,False,-5.7935791015625,1.023781253362867,29.051525115966797,28.376691818237305,0.6833333333333333,0.6833333333333333,0.0,4,13,oracle,gnn,adopted_energy_lag,61,1,-4.564158933333374,1.0514611212804694,True,False,False
False,False,False,-34.99072265625,3.1659383494360314,98.16934204101562,31.007976531982422,0.6833333333333333,0.6833333333333333,0.0,4,13,nearest,gnn,adopted_energy_lag,61,2,6.437456533333261,0.950851322590534,True,True,True
False,False,False,-22.8323974609375,2.4254241990120016,75.2074966430664,31.007976531982422,0.6833333333333333,0.6833333333333333,0.0,4,13,oracle,gnn,adopted_energy_lag,61,2,6.437456533333261,0.950851322590534,True,True,True
True,True,True,3.5814208984375,1.0310883296850604,301.91778564453125,292.8146667480469,0.6833333333333333,0.6833333333333333,0.0,4,13,nearest,gnn,adopted_energy_lag,61,3,2.073887133333301,0.9339094361139124,True,True,True
True,True,True,8.474365234375,1.0380165568328592,303.94647216796875,292.8146667480469,0.6833333333333333,0.6833333333333333,0.0,4,13,oracle,gnn,adopted_energy_lag,61,3,2.073887133333301,0.9339094361139124,True,True,True
False,True,False,-1.2274169921875,1.034870176515836,28.250030517578125,27.298139572143555,0.6833333333333333,0.6833333333333333,0.0,4,13,nearest,gnn,adopted_energy_lag,61,4,-3.34094836666668,1.1079364272889105,True,False,False
True,True,True,0.158447265625,1.003543997461726,27.39488410949707,27.298139572143555,0.6833333333333333,0.6833333333333333,0.0,4,13,oracle,gnn,adopted_energy_lag,61,4,-3.34094836666668,1.1079364272889105,True,False,False
True,True,True,114.558349609375,0.07388585557868504,26.560794830322266,359.4841613769531,0.6833333333333333,0.6833333333333333,0.0,4,14,nearest,gnn,adopted_energy_lag,61,5,-54.30783263333342,0.1931019612476346,True,False,False
True,True,True,112.55322265625,0.07291604677315662,26.2121639251709,359.4841613769531,0.6833333333333333,0.6833333333333333,0.0,4,14,oracle,gnn,adopted_energy_lag,61,5,-54.30783263333342,0.1931019612476346,True,False,False
False,True,False,-57.902587890625,1.1342717870385997,30.113229751586914,26.548513412475586,0.6833333333333333,0.6833333333333333,0.0,4,14,nearest,gnn,adopted_energy_lag,61,6,-8.09107076666669,1.057512957012577,True,False,False
False,True,False,-33.5185546875,1.0233862657604853,27.169384002685547,26.548513412475586,0.6833333333333333,0.6833333333333333,0.0,4,14,oracle,gnn,adopted_energy_lag,61,6,-8.09107076666669,1.057512957012577,True,False,False
False,True,False,-2.2120361328125,0.9957086139598889,25.581745147705078,25.691999435424805,0.6833333333333333,0.6833333333333333,0.0,4,14,nearest,gnn,adopted_energy_lag,61,7,-0.5768266333332122,1.020073546961594,True,False,False
False,True,False,-2.205322265625,0.993787456829087,25.532386779785156,25.691999435424805,0.6833333333333333,0.6833333333333333,0.0,4,14,oracle,gnn,adopted_energy_lag,61,7,-0.5768266333332122,1.020073546961594,True,False,False
True,True,True,6.1031494140625,1.132575329670803,698.2027587890625,616.4735717773438,0.7833333333333333,0.7666666666666667,0.016666666666666607,4,13,nearest,gnn,adopted_energy_lag,61,8,-8.44530786666678,1.0038294640724634,True,False,False
True,True,True,2.9578857421875,0.93227648715093,574.7238159179688,616.4735717773438,0.7333333333333333,0.7666666666666667,-0.03333333333333344,4,13,oracle,gnn,adopted_energy_lag,61,8,-8.44530786666678,1.0038294640724634,True,False,False
True,True,True,2.4945068359375,1.080506787284212,220.06378173828125,203.6671905517578,0.6833333333333333,0.6833333333333333,0.0,4,14,nearest,gnn,adopted_energy_lag,61,9,4.74318930000004,0.7575791532895725,True,True,True
True,True,True,2.4945068359375,1.080506787284212,220.06378173828125,203.6671905517578,0.6833333333333333,0.6833333333333333,0.0,4,14,oracle,gnn,adopted_energy_lag,61,9,4.74318930000004,0.7575791532895725,True,True,True
True,True,True,82.658447265625,0.7646992005019173,109.24523162841797,142.8603973388672,0.6833333333333333,0.6833333333333333,0.0,4,12,nearest,gnn,adopted_energy_lag,61,10,-52.77160439999966,1.3431286984268311,True,False,False
True,True,True,82.658447265625,0.7646992005019173,109.24523162841797,142.8603973388672,0.6833333333333333,0.6833333333333333,0.0,4,12,oracle,gnn,adopted_energy_lag,61,10,-52.77160439999966,1.3431286984268311,True,False,False
True,True,True,35.262939453125,0.9619192728685799,1134.9517822265625,1179.882568359375,0.7666666666666667,0.75,0.01666666666666672,4,12,nearest,gnn,adopted_energy_lag,61,11,-35.36827746666677,1.7282828843666336,False,False,False
True,True,True,35.262939453125,0.9619192728685799,1134.9517822265625,1179.882568359375,0.7666666666666667,0.75,0.01666666666666672,4,12,oracle,gnn,adopted_energy_lag,61,11,-35.36827746666677,1.7282828843666336,False,False,False
True,True,True,1.72998046875,0.999198306506042,25.94759750366211,25.968416213989258,0.6833333333333333,0.6833333333333333,0.0,4,11,nearest,gnn,adopted_energy_lag,61,12,-2.60722039999996,1.0429211248812944,True,False,False
True,True,True,1.72998046875,0.999198306506042,25.94759750366211,25.968416213989258,0.6833333333333333,0.6833333333333333,0.0,4,11,oracle,gnn,adopted_energy_lag,61,12,-2.60722039999996,1.0429211248812944,True,False,False
True,True,True,58.958251953125,0.7880492841562321,537.9496459960938,682.634521484375,0.7166666666666667,0.7333333333333333,-0.016666666666666607,4,10,nearest,gnn,adopted_energy_lag,61,13,-34.679685800000016,0.6553859495487728,True,False,False
True,True,True,58.958251953125,0.7880492841562321,537.9496459960938,682.634521484375,0.7166666666666667,0.7333333333333333,-0.016666666666666607,4,10,oracle,gnn,adopted_energy_lag,61,13,-34.679685800000016,0.6553859495487728,True,False,False
True,True,True,22.8726806640625,1.179564772287005,176.39369201660156,149.5413360595703,0.6833333333333333,0.6833333333333333,0.0,4,11,nearest,gnn,adopted_energy_lag,61,14,-4.902121866666903,1.2057428888304358,True,False,False
True,True,True,3.1114501953125,1.2696717389731642,189.868408203125,149.5413360595703,0.6833333333333333,0.6833333333333333,0.0,4,11,oracle,gnn,adopted_energy_lag,61,14,-4.902121866666903,1.2057428888304358,True,False,False
False,True,False,-9.0849609375,1.0178722614688127,27.936864852905273,27.44633674621582,0.6833333333333333,0.6833333333333333,0.0,4,11,nearest,gnn,adopted_energy_lag,61,15,-14.864381366666748,1.0518443151444175,True,False,False
False,True,False,-7.27978515625,1.0177778194740228,27.93427276611328,27.44633674621582,0.6833333333333333,0.6833333333333333,0.0,4,11,oracle,gnn,adopted_energy_lag,61,15,-14.864381366666748,1.0518443151444175,True,False,False
True,True,True,1.83251953125,0.9372654225853316,255.04116821289062,272.11199951171875,0.6833333333333333,0.6833333333333333,0.0,4,12,nearest,gnn,adopted_energy_lag,61,16,1.7115879000000405,0.8051629536396647,True,True,True
False,False,False,-0.2034912109375,1.838489391543785,500.2750244140625,272.11199951171875,0.6833333333333333,0.6833333333333333,0.0,4,12,oracle,gnn,adopted_energy_lag,61,16,1.7115879000000405,0.8051629536396647,True,True,True
True,True,True,141.0614013671875,0.07447428915180979,28.925079345703125,388.39013671875,0.6833333333333333,0.6833333333333333,0.0,4,13,nearest,gnn,adopted_energy_lag,61,17,-50.00219579999998,0.26650789559915367,True,False,False
True,True,True,140.5732421875,0.07444480405394363,28.91362762451172,388.39013671875,0.6833333333333333,0.6833333333333333,0.0,4,13,oracle,gnn,adopted_energy_lag,61,17,-50.00219579999998,0.26650789559915367,True,False,False
False,True,False,-31.4560546875,1.123468987567021,200.2838897705078,178.27273559570312,0.6833333333333333,0.6833333333333333,0.0,4,11,nearest,gnn,adopted_energy_lag,61,18,-21.29756793333354,2.0784104576233275,False,False,False
False,True,False,-28.063720703125,1.1004394141988527,196.1783447265625,178.27273559570312,0.6833333333333333,0.6833333333333333,0.0,4,11,oracle,gnn,adopted_energy_lag,61,18,-21.29756793333354,2.0784104576233275,False,False,False
True,True,True,61.188232421875,0.94631194041514,1058.431884765625,1118.48095703125,0.7333333333333333,0.7333333333333333,0.0,4,11,nearest,gnn,adopted_energy_lag,61,19,-44.17344233333324,0.9783901537557101,True,False,False
True,True,True,60.275146484375,1.1137821639194831,1245.744140625,1118.48095703125,0.7333333333333333,0.7333333333333333,0.0,4,11,oracle,gnn,adopted_energy_lag,61,19,-44.17344233333324,0.9783901537557101,True,False,False
True,True,True,1.543212890625,1.0300699232482535,27.391040802001953,26.59143829345703,0.6833333333333333,0.6833333333333333,0.0,4,11,nearest,gnn,adopted_energy_lag,61,20,-4.2913000333333,0.9055905652569832,True,False,False
True,True,True,2.7779541015625,1.0349279837309595,27.52022361755371,26.59143829345703,0.6833333333333333,0.6833333333333333,0.0,4,11,oracle,gnn,adopted_energy_lag,61,20,-4.2913000333333,0.9055905652569832,True,False,False
False,True,False,-1.47314453125,1.0082522333879198,28.815916061401367,28.580066680908203,0.6833333333333333,0.6833333333333333,0.0,4,9,nearest,gnn,adopted_energy_lag,61,21,-40.5414594333331,1.0867953504182348,True,False,False
True,True,True,6.6636962890625,1.0121637571770665,28.92770767211914,28.580066680908203,0.6833333333333333,0.6833333333333333,0.0,4,9,oracle,gnn,adopted_energy_lag,61,21,-40.5414594333331,1.0867953504182348,True,False,False
False,True,False,-34.75439453125,1.3587665172046473,52.30839538574219,38.496971130371094,0.6833333333333333,0.6833333333333333,0.0,4,9,nearest,gnn,adopted_energy_lag,61,22,-6.85482583333328,1.0708764778721944,True,False,False
False,False,False,-41.9849853515625,2.12548348898853,81.82467651367188,38.496971130371094,0.6833333333333333,0.6833333333333333,0.0,4,9,oracle,gnn,adopted_energy_lag,61,22,-6.85482583333328,1.0708764778721944,True,False,False
False,True,False,-11.3541259765625,1.0263741663105326,29.58736801147461,28.827077865600586,0.6833333333333333,0.6833333333333333,0.0,4,8,nearest,gnn,adopted_energy_lag,61,23,-23.241722699999855,1.0862913330644095,True,False,False
False,True,False,-8.820068359375,1.0247985088486988,29.541946411132812,28.827077865600586,0.6833333333333333,0.6833333333333333,0.0,4,8,oracle,gnn,adopted_energy_lag,61,23,-23.241722699999855,1.0862913330644095,True,False,False
True,True,True,26.181640625,0.9386566592731858,121.2051010131836,129.12612915039062,0.6833333333333333,0.6833333333333333,0.0,4,9,nearest,gnn,adopted_energy_lag,61,24,-35.671961333333456,1.406808281218942,True,False,False
True,True,True,27.03955078125,0.8656359122283133,111.77621459960938,129.12612915039062,0.6833333333333333,0.6833333333333333,0.0,4,9,oracle,gnn,adopted_energy_lag,61,24,-35.671961333333456,1.406808281218942,True,False,False
False,True,False,-17.70654296875,0.9967159427053588,29.223169326782227,29.319456100463867,0.6833333333333333,0.6833333333333333,0.0,4,10,nearest,gnn,adopted_energy_lag,61,25,-22.91091930000016,1.0400081619463724,True,False,False
False,True,False,-17.993896484375,0.987187609758338,28.943803787231445,29.319456100463867,0.6833333333333333,0.6833333333333333,0.0,4,10,oracle,gnn,adopted_energy_lag,61,25,-22.91091930000016,1.0400081619463724,True,False,False
True,True,True,23.178466796875,0.38478709454029475,55.21152877807617,143.4859161376953,0.6833333333333333,0.6833333333333333,0.0,4,10,nearest,gnn,adopted_energy_lag,61,26,-28.971422766666592,1.4650209870304676,True,False,False
True,True,True,36.946533203125,0.3795889995345347,54.465675354003906,143.4859161376953,0.6833333333333333,0.6833333333333333,0.0,4,10,oracle,gnn,adopted_energy_lag,61,26,-28.971422766666592,1.4650209870304676,True,False,False
True,True,True,5.517333984375,1.0091250723835907,36.3432731628418,36.0146369934082,0.6833333333333333,0.6833333333333333,0.0,4,9,nearest,gnn,adopted_energy_lag,61,27,-13.17687039999987,0.9279803455734223,True,False,False
True,True,True,5.68359375,1.0049174766161415,36.19173812866211,36.0146369934082,0.6833333333333333,0.6833333333333333,0.0,4,9,oracle,gnn,adopted_energy_lag,61,27,-13.17687039999987,0.9279803455734223,True,False,False
False,True,False,-3.8017578125,0.9890188493496223,29.9381103515625,30.27051544189453,0.6833333333333333,0.6833333333333333,0.0,4,10,nearest,gnn,adopted_energy_lag,61,28,-21.047346166666784,1.495229712430905,True,False,False
False,True,False,-24.9736328125,1.0158985859774268,30.751773834228516,30.27051544189453,0.6833333333333333,0.6833333333333333,0.0,4,10,oracle,gnn,adopted_energy_lag,61,28,-21.047346166666784,1.495229712430905,True,False,False
True,True,True,23.361083984375,1.0757735284955436,64.91909790039062,60.346435546875,0.6833333333333333,0.6833333333333333,0.0,4,10,nearest,gnn,adopted_energy_lag,61,29,-50.34729853333329,4.791505670881415,False,False,False
True,True,True,21.3798828125,1.0619041514449044,64.0821304321289,60.346435546875,0.6833333333333333,0.6833333333333333,0.0,4,10,oracle,gnn,adopted_energy_lag,61,29,-50.34729853333329,4.791505670881415,False,False,False
True,True,True,108.971435546875,1.493710397140047,136.9340362548828,91.67375183105469,0.6833333333333333,0.6833333333333333,0.0,4,10,nearest,gnn,adopted_energy_lag,61,30,-24.5204539333331,4.042213495532783,False,False,False
True,True,True,114.258056640625,1.2336611389178738,113.09434509277344,91.67375183105469,0.6833333333333333,0.6833333333333333,0.0,4,10,oracle,gnn,adopted_energy_lag,61,30,-24.5204539333331,4.042213495532783,False,False,False
True,True,True,31.604736328125,1.1919279803260812,355.02972412109375,297.8617248535156,0.6833333333333333,0.6833333333333333,0.0,4,10,nearest,gnn,adopted_energy_lag,61,31,6.1626547999999275,1.013009697670062,True,True,True
True,True,True,37.818603515625,1.1319250070668696,337.1571350097656,297.8617248535156,0.6833333333333333,0.6833333333333333,0.0,4,10,oracle,gnn,adopted_energy_lag,61,31,6.1626547999999275,1.013009697670062,True,True,True
True,True,True,50.00244140625,1.1636155698673518,493.2005615234375,423.851806640625,0.6833333333333333,0.6833333333333333,0.0,4,9,nearest,gnn,adopted_energy_lag,61,32,-43.717285533333325,4.582926936161971,False,False,False
True,True,True,53.7734375,1.1397431998327283,483.08221435546875,423.851806640625,0.6833333333333333,0.6833333333333333,0.0,4,9,oracle,gnn,adopted_energy_lag,61,32,-43.717285533333325,4.582926936161971,False,False,False
False,True,False,-7.0396728515625,1.0435781957049242,28.40863609313965,27.222335815429688,0.6833333333333333,0.6833333333333333,0.0,4,8,nearest,gnn,adopted_energy_lag,61,33,-42.57816563333358,1.0934640246234495,True,False,False
False,True,False,-6.0465087890625,1.0488998863816623,28.553504943847656,27.222335815429688,0.6833333333333333,0.6833333333333333,0.0,4,8,oracle,gnn,adopted_energy_lag,61,33,-42.57816563333358,1.0934640246234495,True,False,False
True,True,True,8.580078125,1.0330510495716871,34.269840240478516,33.173423767089844,0.6833333333333333,0.6833333333333333,0.0,4,9,nearest,gnn,adopted_energy_lag,61,34,-36.33475520000002,1.7994659799368702,False,False,False
True,True,True,7.2003173828125,1.4454824823768135,47.951602935791016,33.173423767089844,0.6833333333333333,0.6833333333333333,0.0,4,9,oracle,gnn,adopted_energy_lag,61,34,-36.33475520000002,1.7994659799368702,False,False,False
True,True,True,13.667236328125,0.9868866778507142,454.99041748046875,461.0361328125,0.7,0.6833333333333333,0.016666666666666607,4,9,nearest,gnn,adopted_energy_lag,61,35,-8.309164000000237,8.207325833980887,False,False,False
True,True,True,17.3668212890625,0.9907549576255928,456.7738342285156,461.0361328125,0.7166666666666667,0.6833333333333333,0.033333333333333326,4,9,oracle,gnn,adopted_energy_lag,61,35,-8.309164000000237,8.207325833980887,False,False,False
False,False,True,4.6119384765625,2.3462280370594284,183.54417419433594,78.2294692993164,0.6833333333333333,0.6833333333333333,0.0,4,10,nearest,gnn,adopted_energy_lag,61,36,-27.703856466666593,1.922529519776395,False,False,False
False,False,True,4.4432373046875,2.082754184272925,162.93275451660156,78.2294692993164,0.6833333333333333,0.6833333333333333,0.0,4,10,oracle,gnn,adopted_energy_lag,61,36,-27.703856466666593,1.922529519776395,False,False,False
True,True,True,14.280029296875,1.4036538749773184,1139.7657470703125,811.9991455078125,0.8666666666666667,0.8166666666666667,0.050000000000000044,4,9,nearest,gnn,adopted_energy_lag,61,37,12.559847099999843,2.9351231327670257,False,True,False
True,True,True,2.0732421875,1.294611296597046,1051.2232666015625,811.9991455078125,0.9,0.8166666666666667,0.08333333333333337,4,9,oracle,gnn,adopted_energy_lag,61,37,12.559847099999843,2.9351231327670257,False,True,False
True,True,True,1.897216796875,1.0100346487564618,28.11772918701172,27.838380813598633,0.6833333333333333,0.6833333333333333,0.0,4,9,nearest,gnn,adopted_energy_lag,61,38,-83.5816304,1.657536107547187,False,False,False
True,True,True,2.809326171875,0.973862528210224,27.110755920410156,27.838380813598633,0.6833333333333333,0.6833333333333333,0.0,4,9,oracle,gnn,adopted_energy_lag,61,38,-83.5816304,1.657536107547187,False,False,False
False,True,False,-3.5498046875,1.0073064676164996,28.38486099243164,28.178972244262695,0.6833333333333333,0.6833333333333333,0.0,4,9,nearest,gnn,adopted_energy_lag,61,39,-30.377666066666507,1.0881745585157203,True,False,False
False,True,False,-3.15576171875,1.026201685310247,28.917308807373047,28.178972244262695,0.6833333333333333,0.6833333333333333,0.0,4,9,oracle,gnn,adopted_energy_lag,61,39,-30.377666066666507,1.0881745585157203,True,False,False
True,True,True,4.1494140625,1.0061096976183048,27.135276794433594,26.970495223999023,0.6833333333333333,0.6833333333333333,0.0,5,8,nearest,gnn,adopted_energy_lag,61,0,10.358159533333492,1.0101921359863364,True,True,True
True,True,True,2.27099609375,1.0079464328461893,27.184814453125,26.970495223999023,0.6833333333333333,0.6833333333333333,0.0,5,8,oracle,gnn,adopted_energy_lag,61,0,10.358159533333492,1.0101921359863364,True,True,True
True,True,True,4.0010986328125,1.0144212501526628,28.785919189453125,28.376691818237305,0.6833333333333333,0.6833333333333333,0.0,5,8,nearest,gnn,adopted_energy_lag,61,1,1.1676817000000028,1.52894944454844,False,True,False
True,True,True,2.1102294921875,1.0040717701069106,28.49223518371582,28.376691818237305,0.6833333333333333,0.6833333333333333,0.0,5,8,oracle,gnn,adopted_energy_lag,61,1,1.1676817000000028,1.52894944454844,False,True,False
False,True,False,-3.4324951171875,1.007240708834473,31.23249626159668,31.007976531982422,0.6833333333333333,0.6833333333333333,0.0,5,7,nearest,gnn,adopted_energy_lag,61,2,4.586766033333333,0.9715874892944493,True,True,True
True,True,True,23.23291015625,0.945135513015536,29.306739807128906,31.007976531982422,0.6833333333333333,0.6833333333333333,0.0,5,7,oracle,gnn,adopted_energy_lag,61,2,4.586766033333333,0.9715874892944493,True,True,True
True,True,True,9.3077392578125,0.9615706218822796,281.5619812011719,292.8146667480469,0.6833333333333333,0.6833333333333333,0.0,5,7,nearest,gnn,adopted_energy_lag,61,3,2.937068100000033,0.985430258148574,True,True,True
True,True,True,8.8297119140625,1.0031163264929648,293.7271728515625,292.8146667480469,0.6833333333333333,0.6833333333333333,0.0,5,7,oracle,gnn,adopted_energy_lag,61,3,2.937068100000033,0.985430258148574,True,True,True
True,True,True,2.5347900390625,1.0007135926437563,27.31761932373047,27.298139572143555,0.6833333333333333,0.6833333333333333,0.0,5,8,nearest,gnn,adopted_energy_lag,61,4,-5.3782341666667435,0.961279101538153,True,False,False
True,True,True,0.2625732421875,1.019151155243816,27.82093048095703,27.298139572143555,0.6833333333333333,0.6833333333333333,0.0,5,8,oracle,gnn,adopted_energy_lag,61,4,-5.3782341666667435,0.961279101538153,True,False,False
True,True,True,16.6739501953125,1.3280004876236218,477.3951416015625,359.4841613769531,0.6833333333333333,0.6833333333333333,0.0,5,8,nearest,gnn,adopted_energy_lag,61,5,6.876818133333245,0.7528070997822272,True,True,True
True,True,True,6.950439453125,0.9356311351417798,336.3445739746094,359.4841613769531,0.6833333333333333,0.6833333333333333,0.0,5,8,oracle,gnn,adopted_energy_lag,61,5,6.876818133333245,0.7528070997822272,True,True,True
True,True,True,11.743408203125,0.9802429286388232,26.02399253845215,26.548513412475586,0.6833333333333333,0.6833333333333333,0.0,5,8,nearest,gnn,adopted_energy_lag,61,6,-46.433630900000026,1.8857215794092748,False,False,False
True,True,True,10.680419921875,0.9947321900239434,26.408660888671875,26.548513412475586,0.6833333333333333,0.6833333333333333,0.0,5,8,oracle,gnn,adopted_energy_lag,61,6,-46.433630900000026,1.8857215794092748,False,False,False
True,True,True,2.9471435546875,1.0008695615377186,25.714340209960938,25.691999435424805,0.6833333333333333,0.6833333333333333,0.0,5,8,nearest,gnn,adopted_energy_lag,61,7,-0.2159790000000612,0.9853661390429498,True,False,False
True,True,True,1.328369140625,0.9913349710954122,25.469377517700195,25.691999435424805,0.6833333333333333,0.6833333333333333,0.0,5,8,oracle,gnn,adopted_energy_lag,61,7,-0.2159790000000612,0.9853661390429498,True,False,False
True,True,True,4.2994384765625,1.005353799782046,619.7740478515625,616.4735717773438,0.7666666666666667,0.7666666666666667,0.0,5,10,nearest,gnn,adopted_energy_lag,61,8,3.8440655999997944,1.016232300870289,True,True,True
True,True,True,1.50537109375,1.0215239087381833,629.7424926757812,616.4735717773438,0.7833333333333333,0.7666666666666667,0.016666666666666607,5,10,oracle,gnn,adopted_energy_lag,61,8,3.8440655999997944,1.016232300870289,True,True,True
True,True,True,29.2886962890625,1.2827720298575025,261.2585754394531,203.6671905517578,0.6833333333333333,0.6833333333333333,0.0,5,10,nearest,gnn,adopted_energy_lag,61,9,-7.170035299999881,1.9207614151897112,False,False,False
True,True,True,21.1865234375,1.402152442702333,285.57244873046875,203.6671905517578,0.6833333333333333,0.6833333333333333,0.0,5,10,oracle,gnn,adopted_energy_lag,61,9,-7.170035299999881,1.9207614151897112,False,False,False
True,True,True,57.482666015625,1.4438442129606637,206.26815795898438,142.8603973388672,0.6833333333333333,0.6833333333333333,0.0,5,11,nearest,gnn,adopted_energy_lag,61,10,-47.837620866666384,2.329466824990565,False,False,False
True,True,True,86.1846923828125,1.4468699008672792,206.70040893554688,142.8603973388672,0.6833333333333333,0.6833333333333333,0.0,5,11,oracle,gnn,adopted_energy_lag,61,10,-47.837620866666384,2.329466824990565,False,False,False
True,True,True,32.90966796875,1.086078067802944,1281.444580078125,1179.882568359375,0.9,0.75,0.15000000000000002,5,12,nearest,gnn,adopted_energy_lag,61,11,68.0745165999997,3.34548452977546,False,True,False
True,True,True,176.4482421875,1.2362761207325197,1458.66064453125,1179.882568359375,0.9,0.75,0.15000000000000002,5,12,oracle,gnn,adopted_energy_lag,61,11,68.0745165999997,3.34548452977546,False,True,False
True,True,True,4.1817626953125,1.0219373894641683,26.538095474243164,25.968416213989258,0.6833333333333333,0.6833333333333333,0.0,5,12,nearest,gnn,adopted_energy_lag,61,12,-169.04426336666666,13.630636800760838,False,False,False
True,True,True,3.0086669921875,1.0271812655064159,26.674270629882812,25.968416213989258,0.6833333333333333,0.6833333333333333,0.0,5,12,oracle,gnn,adopted_energy_lag,61,12,-169.04426336666666,13.630636800760838,False,False,False
True,True,True,27.71142578125,1.0107026073372243,689.9404907226562,682.634521484375,0.75,0.7333333333333333,0.01666666666666672,5,12,nearest,gnn,adopted_energy_lag,61,13,-10.553793400000131,1.6789297320737735,False,False,False
True,True,True,28.946533203125,0.9848465042554356,672.2902221679688,682.634521484375,0.7333333333333333,0.7333333333333333,0.0,5,12,oracle,gnn,adopted_energy_lag,61,13,-10.553793400000131,1.6789297320737735,False,False,False
True,True,True,67.294921875,0.32324819105784175,48.338966369628906,149.5413360595703,0.6833333333333333,0.6833333333333333,0.0,5,11,nearest,gnn,adopted_energy_lag,61,14,-63.0910844,3.2305540070854177,False,False,False
True,True,True,49.8734130859375,0.4029015674046444,60.25043869018555,149.5413360595703,0.6833333333333333,0.6833333333333333,0.0,5,11,oracle,gnn,adopted_energy_lag,61,14,-63.0910844,3.2305540070854177,False,False,False
False,True,False,-5.18408203125,1.0646433563809328,29.22056007385254,27.44633674621582,0.6833333333333333,0.6833333333333333,0.0,5,11,nearest,gnn,adopted_energy_lag,61,15,-14.218723000000182,1.0950187712597867,True,False,False
False,True,False,-2.56689453125,1.029665071437829,28.260534286499023,27.44633674621582,0.6833333333333333,0.6833333333333333,0.0,5,11,oracle,gnn,adopted_energy_lag,61,15,-14.218723000000182,1.0950187712597867,True,False,False
True,True,True,5.4163818359375,1.0051295532383206,273.5078125,272.11199951171875,0.6833333333333333,0.6833333333333333,0.0,5,11,nearest,gnn,adopted_energy_lag,61,16,-2.3767571333335127,1.2171868766129346,True,False,False
False,False,False,-0.0955810546875,1.7984691640257022,489.3850402832031,272.11199951171875,0.6833333333333333,0.6833333333333333,0.0,5,11,oracle,gnn,adopted_energy_lag,61,16,-2.3767571333335127,1.2171868766129346,True,False,False
True,True,True,29.5537109375,1.1023349368826398,428.1360168457031,388.39013671875,0.6833333333333333,0.6833333333333333,0.0,5,10,nearest,gnn,adopted_energy_lag,61,17,-13.031297666666433,0.8438415151281472,True,False,False
True,True,True,18.49365234375,0.8021760120087048,311.5572509765625,388.39013671875,0.6833333333333333,0.6833333333333333,0.0,5,10,oracle,gnn,adopted_energy_lag,61,17,-13.031297666666433,0.8438415151281472,True,False,False
True,True,True,121.779296875,1.0883530843473606,194.023681640625,178.27273559570312,0.6833333333333333,0.6833333333333333,0.0,5,10,nearest,gnn,adopted_energy_lag,61,18,21.261369166666782,3.522139973323637,False,True,False
True,True,True,129.55029296875,1.0721676494669905,191.1382598876953,178.27273559570312,0.6833333333333333,0.6833333333333333,0.0,5,10,oracle,gnn,adopted_energy_lag,61,18,21.261369166666782,3.522139973323637,False,True,False
True,True,True,11.283447265625,1.0433667488995477,1166.98583984375,1118.48095703125,0.8,0.7333333333333333,0.06666666666666676,5,11,nearest,gnn,adopted_energy_lag,61,19,91.58255556666654,1.9305594615874493,False,True,False
True,True,True,54.70556640625,1.1748837338239075,1314.0850830078125,1118.48095703125,0.8666666666666667,0.7333333333333333,0.13333333333333341,5,11,oracle,gnn,adopted_energy_lag,61,19,91.58255556666654,1.9305594615874493,False,True,False
True,True,True,5.503173828125,0.9849319718034666,26.190757751464844,26.59143829345703,0.6833333333333333,0.6833333333333333,0.0,5,11,nearest,gnn,adopted_energy_lag,61,20,-177.1502144333333,13.057928800727968,False,False,False
True,True,True,4.9708251953125,1.0018911784123052,26.641727447509766,26.59143829345703,0.6833333333333333,0.6833333333333333,0.0,5,11,oracle,gnn,adopted_energy_lag,61,20,-177.1502144333333,13.057928800727968,False,False,False
False,True,False,-0.21044921875,1.007953918884883,28.807390213012695,28.580066680908203,0.6833333333333333,0.6833333333333333,0.0,5,11,nearest,gnn,adopted_energy_lag,61,21,-73.86984206666648,1.5059389716489209,False,False,False
False,True,False,-2.901611328125,1.0270601285915697,29.35344696044922,28.580066680908203,0.6833333333333333,0.6833333333333333,0.0,5,11,oracle,gnn,adopted_energy_lag,61,21,-73.86984206666648,1.5059389716489209,False,False,False
False,True,False,-4.848876953125,1.009504793519459,38.862876892089844,38.496971130371094,0.6833333333333333,0.6833333333333333,0.0,5,12,nearest,gnn,adopted_energy_lag,61,22,-98.77908943333341,1.4359654229862806,True,False,False
False,False,False,-31.71923828125,1.615437263110957,62.1894416809082,38.496971130371094,0.6833333333333333,0.6833333333333333,0.0,5,12,oracle,gnn,adopted_energy_lag,61,22,-98.77908943333341,1.4359654229862806,True,False,False
False,True,False,-4.4617919921875,1.039755411169912,29.97311019897461,28.827077865600586,0.6833333333333333,0.6833333333333333,0.0,5,12,nearest,gnn,adopted_energy_lag,61,23,-44.63783156666659,1.2169881773612927,True,False,False
False,True,False,-3.0806884765625,1.0050271637815011,28.971996307373047,28.827077865600586,0.6833333333333333,0.6833333333333333,0.0,5,12,oracle,gnn,adopted_energy_lag,61,23,-44.63783156666659,1.2169881773612927,True,False,False
True,True,True,48.7459716796875,0.6693240459868998,86.4272232055664,129.12612915039062,0.6833333333333333,0.6833333333333333,0.0,5,12,nearest,gnn,adopted_energy_lag,61,24,-40.45295050000027,17.38422593364399,False,False,False
True,True,True,62.675048828125,0.4501090705839117,58.12084197998047,129.12612915039062,0.6833333333333333,0.6833333333333333,0.0,5,12,oracle,gnn,adopted_energy_lag,61,24,-40.45295050000027,17.38422593364399,False,False,False
False,True,False,-27.6793212890625,1.046387553239401,30.679513931274414,29.319456100463867,0.6833333333333333,0.6833333333333333,0.0,5,13,nearest,gnn,adopted_energy_lag,61,25,-38.92732893333323,1.1230725766257124,True,False,False
False,True,False,-12.35498046875,1.0378230607281276,30.428407669067383,29.319456100463867,0.6833333333333333,0.6833333333333333,0.0,5,13,oracle,gnn,adopted_energy_lag,61,25,-38.92732893333323,1.1230725766257124,True,False,False
False,False,True,39.252685546875,1.6302610104564337,233.91949462890625,143.4859161376953,0.6833333333333333,0.6833333333333333,0.0,5,13,nearest,gnn,adopted_energy_lag,61,26,-17.588635699999713,6.582272981838261,False,False,False
True,True,True,36.567626953125,1.309757129611305,187.93170166015625,143.4859161376953,0.6833333333333333,0.6833333333333333,0.0,5,13,oracle,gnn,adopted_energy_lag,61,26,-17.588635699999713,6.582272981838261,False,False,False
True,True,True,35.25927734375,0.7791101195516883,28.059368133544922,36.0146369934082,0.6833333333333333,0.6833333333333333,0.0,5,13,nearest,gnn,adopted_energy_lag,61,27,-38.38878839999984,1.0716273853628824,True,False,False
True,True,True,35.25927734375,0.7791101195516883,28.059368133544922,36.0146369934082,0.6833333333333333,0.6833333333333333,0.0,5,13,oracle,gnn,adopted_energy_lag,61,27,-38.38878839999984,1.0716273853628824,True,False,False
False,True,False,-6.767333984375,0.9956693148557434,30.139423370361328,30.27051544189453,0.6833333333333333,0.6833333333333333,0.0,5,13,nearest,gnn,adopted_energy_lag,61,28,-24.08931819999998,1.1366021453771404,True,False,False
False,True,False,-24.932373046875,1.011964675521856,30.632692337036133,30.27051544189453,0.6833333333333333,0.6833333333333333,0.0,5,13,oracle,gnn,adopted_energy_lag,61,28,-24.08931819999998,1.1366021453771404,True,False,False
True,True,True,32.135498046875,0.7132932384021297,43.04470443725586,60.346435546875,0.6833333333333333,0.6833333333333333,0.0,5,13,nearest,gnn,adopted_energy_lag,61,29,-66.30922296666654,13.740217730441543,False,False,False
True,True,True,7.61865234375,0.7069324002039008,42.660850524902344,60.346435546875,0.6833333333333333,0.6833333333333333,0.0,5,13,oracle,gnn,adopted_energy_lag,61,29,-66.30922296666654,13.740217730441543,False,False,False
True,True,True,58.31298828125,1.2183295713615885,111.6888427734375,91.67375183105469,0.6833333333333333,0.6833333333333333,0.0,5,12,nearest,gnn,adopted_energy_lag,61,30,-28.89872463333313,11.004355237600238,False,False,False
False,False,True,51.0045166015625,1.541028850031733,141.2718963623047,91.67375183105469,0.6833333333333333,0.6833333333333333,0.0,5,12,oracle,gnn,adopted_energy_lag,61,30,-28.89872463333313,11.004355237600238,False,False,False
True,True,True,35.87109375,1.047664869630985,312.05926513671875,297.8617248535156,0.6833333333333333,0.6833333333333333,0.0,5,11,nearest,gnn,adopted_energy_lag,61,31,-29.930995233333533,7.233008156816719,False,False,False
True,True,True,49.04052734375,1.1801882169389097,351.53289794921875,297.8617248535156,0.6833333333333333,0.6833333333333333,0.0,5,11,oracle,gnn,adopted_energy_lag,61,31,-29.930995233333533,7.233008156816719,False,False,False
True,True,True,12.23583984375,0.9301870085600056,394.2614440917969,423.851806640625,0.6833333333333333,0.6833333333333333,0.0,5,11,nearest,gnn,adopted_energy_lag,61,32,-70.47462870000004,3.5493889520825457,False,False,False
True,True,True,10.787353515625,0.8930032423303537,378.50103759765625,423.851806640625,0.6833333333333333,0.6833333333333333,0.0,5,11,oracle,gnn,adopted_energy_lag,61,32,-70.47462870000004,3.5493889520825457,False,False,False
False,True,False,-1.372314453125,1.0217248827522656,27.813737869262695,27.222335815429688,0.6833333333333333,0.6833333333333333,0.0,5,11,nearest,gnn,adopted_energy_lag,61,33,-23.640904600000113,1.0485702340273968,True,False,False
False,True,False,-6.002685546875,1.0189649997225403,27.73860740661621,27.222335815429688,0.6833333333333333,0.6833333333333333,0.0,5,11,oracle,gnn,adopted_energy_lag,61,33,-23.640904600000113,1.0485702340273968,True,False,False
True,True,True,0.1693115234375,1.2245091944609459,40.62116241455078,33.173423767089844,0.6833333333333333,0.6833333333333333,0.0,5,11,nearest,gnn,adopted_energy_lag,61,34,-27.281965966666803,1.280712284788171,True,False,False
True,True,True,3.9324951171875,1.2284131922236505,40.75067138671875,33.173423767089844,0.6833333333333333,0.6833333333333333,0.0,5,11,oracle,gnn,adopted_energy_lag,61,34,-27.281965966666803,1.280712284788171,True,False,False
True,True,True,9.0751953125,1.0408677115701936,479.87762451171875,461.0361328125,0.6833333333333333,0.6833333333333333,0.0,5,10,nearest,gnn,adopted_energy_lag,61,35,15.529500266666446,0.8234962464296507,True,True,True
True,True,True,13.7060546875,0.8694245246250273,400.83612060546875,461.0361328125,0.6833333333333333,0.6833333333333333,0.0,5,10,oracle,gnn,adopted_energy_lag,61,35,15.529500266666446,0.8234962464296507,True,True,True
True,True,True,70.3333740234375,0.37480688665049755,29.32094383239746,78.2294692993164,0.6833333333333333,0.6833333333333333,0.0,5,10,nearest,gnn,adopted_energy_lag,61,36,-42.31854483333336,2.9507447013138832,False,False,False
True,True,True,96.6861572265625,0.433629083687214,33.92257308959961,78.2294692993164,0.6833333333333333,0.6833333333333333,0.0,5,10,oracle,gnn,adopted_energy_lag,61,36,-42.31854483333336,2.9507447013138832,False,False,False
True,True,True,21.524169921875,1.0603580452313077,861.0098266601562,811.9991455078125,0.85,0.8166666666666667,0.033333333333333326,5,10,nearest,gnn,adopted_energy_lag,61,37,-3.2705997666671465,3.2174143423309545,False,False,False
True,True,True,65.072265625,1.068132218523528,867.3224487304688,811.9991455078125,0.7833333333333333,0.8166666666666667,-0.033333333333333326,5,10,oracle,gnn,adopted_energy_lag,61,37,-3.2705997666671465,3.2174143423309545,False,False,False
True,True,True,2.1746826171875,0.9675134421430308,26.93400764465332,27.838380813598633,0.6833333333333333,0.6833333333333333,0.0,5,11,nearest,gnn,adopted_energy_lag,61,38,-120.06233753333345,2.0132393697734945,False,False,False
True,True,True,1.6351318359375,0.9720720923796922,27.0609130859375,27.838380813598633,0.6833333333333333,0.6833333333333333,0.0,5,11,oracle,gnn,adopted_energy_lag,61,38,-120.06233753333345,2.0132393697734945,False,False,False
False,True,False,-10.9447021484375,1.0023330337283385,28.244714736938477,28.178972244262695,0.6833333333333333,0.6833333333333333,0.0,5,11,nearest,gnn,adopted_energy_lag,61,39,-21.750783333333175,1.0226570402319173,True,False,False
False,True,False,-10.4798583984375,1.0029235346638736,28.261354446411133,28.178972244262695,0.6833333333333333,0.6833333333333333,0.0,5,11,oracle,gnn,adopted_energy_lag,61,39,-21.750783333333175,1.0226570402319173,True,False,False
False,True,False,-0.5833740234375,1.269248229437337,34.68442153930664,27.326744079589844,0.7333333333333333,0.7333333333333333,0.0,0,18,nearest,gnn,adopted_energy_lag,62,0,12.779539533333491,0.9477886052941774,True,True,True
False,True,False,-0.85888671875,1.3543241597522566,37.00926971435547,27.326744079589844,0.7333333333333333,0.7333333333333333,0.0,0,18,oracle,gnn,adopted_energy_lag,62,0,12.779539533333491,0.9477886052941774,True,True,True
True,True,True,93.135009765625,0.056194841226677325,29.009660720825195,516.2335205078125,0.7333333333333333,0.7333333333333333,0.0,0,18,nearest,gnn,adopted_energy_lag,62,1,17.171154200000046,2.5625786200411045,False,True,False
True,True,True,92.6839599609375,0.060021394761390734,30.985055923461914,516.2335205078125,0.7333333333333333,0.7333333333333333,0.0,0,18,oracle,gnn,adopted_energy_lag,62,1,17.171154200000046,2.5625786200411045,False,True,False
False,False,True,23.632080078125,2.850111816138371,1061.7547607421875,372.5309143066406,0.7333333333333333,0.7333333333333333,0.0,0,17,nearest,gnn,adopted_energy_lag,62,2,-25.170744299999797,40.67323224001521,False,False,False
False,False,True,27.842041015625,3.2488612972801962,1210.30126953125,372.5309143066406,0.7333333333333333,0.7333333333333333,0.0,0,17,oracle,gnn,adopted_energy_lag,62,2,-25.170744299999797,40.67323224001521,False,False,False
False,True,False,-0.5130615234375,1.0552351286806791,337.3036804199219,319.64788818359375,0.7333333333333333,0.7333333333333333,0.0,0,16,nearest,gnn,adopted_energy_lag,62,3,-46.97626593333348,0.8384138268166655,True,False,False
False,True,False,-1.9736328125,0.9028895893174691,288.60675048828125,319.64788818359375,0.7333333333333333,0.7333333333333333,0.0,0,16,oracle,gnn,adopted_energy_lag,62,3,-46.97626593333348,0.8384138268166655,True,False,False
False,False,False,-4.6260986328125,1.660603236288518,320.5870361328125,193.0545654296875,0.7333333333333333,0.7333333333333333,0.0,0,15,nearest,gnn,adopted_energy_lag,62,4,2.909559766666689,1.4445715105105974,True,True,True
False,True,False,-4.019287109375,1.349246254986554,260.4781494140625,193.0545654296875,0.7333333333333333,0.7333333333333333,0.0,0,15,oracle,gnn,adopted_energy_lag,62,4,2.909559766666689,1.4445715105105974,True,True,True
False,False,False,-22.847900390625,10.030410956684987,318.8661804199219,31.789941787719727,0.7333333333333333,0.7333333333333333,0.0,0,16,nearest,gnn,adopted_energy_lag,62,5,14.620953466666833,1.1853910737318005,True,True,True
False,False,False,-46.95556640625,7.312848767495936,232.47503662109375,31.789941787719727,0.7333333333333333,0.7333333333333333,0.0,0,16,oracle,gnn,adopted_energy_lag,62,5,14.620953466666833,1.1853910737318005,True,True,True
False,True,False,-1.227294921875,1.306762107583727,37.26453399658203,28.516693115234375,0.7333333333333333,0.7333333333333333,0.0,0,16,nearest,gnn,adopted_energy_lag,62,6,-4.213010166666663,0.9874777870849318,True,False,False
False,True,False,-2.1552734375,1.2424855661442475,35.43157958984375,28.516693115234375,0.7333333333333333,0.7333333333333333,0.0,0,16,oracle,gnn,adopted_energy_lag,62,6,-4.213010166666663,0.9874777870849318,True,False,False
True,True,True,0.626953125,1.156913469998163,30.07697868347168,25.997604370117188,0.7333333333333333,0.7333333333333333,0.0,0,17,nearest,gnn,adopted_energy_lag,62,7,-2.9362022666668963,1.0987773951089754,True,False,False
True,True,True,0.2462158203125,1.21209763707617,31.511634826660156,25.997604370117188,0.7333333333333333,0.7333333333333333,0.0,0,17,oracle,gnn,adopted_energy_lag,62,7,-2.9362022666668963,1.0987773951089754,True,False,False
False,False,True,103.5570068359375,1.630998359747529,804.8207397460938,493.45281982421875,0.7333333333333333,0.7333333333333333,0.0,0,16,nearest,gnn,adopted_energy_lag,62,8,23.00823953333338,1.6302527848215878,False,True,False
False,False,True,104.978515625,1.7260445647480418,851.7215576171875,493.45281982421875,0.7333333333333333,0.7333333333333333,0.0,0,16,oracle,gnn,adopted_energy_lag,62,8,23.00823953333338,1.6302527848215878,False,True,False
True,True,True,103.53759765625,0.8069620436522643,327.2704162597656,405.5586242675781,0.7333333333333333,0.7333333333333333,0.0,0,16,nearest,gnn,adopted_energy_lag,62,9,-35.83143250000012,3.135072646590578,False,False,False
True,True,True,108.818603515625,0.7407833869916087,300.43109130859375,405.5586242675781,0.7333333333333333,0.7333333333333333,0.0,0,16,oracle,gnn,adopted_energy_lag,62,9,-35.83143250000012,3.135072646590578,False,False,False
False,False,False,-62.368408203125,2.801678810720016,497.16046142578125,177.45091247558594,0.7333333333333333,0.7333333333333333,0.0,0,15,nearest,gnn,adopted_energy_lag,62,10,-51.42675343333349,1.2272094079627334,True,False,False
False,False,False,-57.4296875,3.193270035839267,566.648681640625,177.45091247558594,0.7333333333333333,0.7333333333333333,0.0,0,15,oracle,gnn,adopted_energy_lag,62,10,-51.42675343333349,1.2272094079627334,True,False,False
True,True,True,105.095703125,1.3777470728291892,1961.9898681640625,1424.056640625,0.8666666666666667,0.9166666666666666,-0.04999999999999993,0,15,nearest,gnn,adopted_energy_lag,62,11,89.84110766666663,1.927326189394728,False,True,False
True,True,True,123.1748046875,1.4284092950788418,2034.1357421875,1424.056640625,0.8666666666666667,0.9166666666666666,-0.04999999999999993,0,15,oracle,gnn,adopted_energy_lag,62,11,89.84110766666663,1.927326189394728,False,True,False
True,True,True,9.7186279296875,0.8616425945476464,27.43682861328125,31.842470169067383,0.7333333333333333,0.7333333333333333,0.0,0,15,nearest,gnn,adopted_energy_lag,62,12,-78.64348769999992,5.9452907845671294,False,False,False
True,True,True,9.6187744140625,0.8641244113000441,27.51585578918457,31.842470169067383,0.7333333333333333,0.7333333333333333,0.0,0,15,oracle,gnn,adopted_energy_lag,62,12,-78.64348769999992,5.9452907845671294,False,False,False
True,True,True,25.87060546875,1.0258749064205364,508.5193786621094,495.693359375,0.7333333333333333,0.7333333333333333,0.0,0,15,nearest,gnn,adopted_energy_lag,62,13,-28.451137933333484,2.7718171668161675,False,False,False
True,True,True,27.615966796875,1.0629931391477374,526.9186401367188,495.693359375,0.7333333333333333,0.7333333333333333,0.0,0,15,oracle,gnn,adopted_energy_lag,62,13,-28.451137933333484,2.7718171668161675,False,False,False
False,False,False,-12.1766357421875,3.200915343497254,611.9244995117188,191.17172241210938,0.7333333333333333,0.7333333333333333,0.0,0,15,nearest,gnn,adopted_energy_lag,62,14,16.154781933333425,9.330427532082737,False,True,False
False,False,False,-0.18603515625,3.4374644314661698,657.14599609375,191.17172241210938,0.7333333333333333,0.7333333333333333,0.0,0,15,oracle,gnn,adopted_energy_lag,62,14,16.154781933333425,9.330427532082737,False,True,False
True,True,True,29.5159912109375,1.3531872298127468,51.69765853881836,38.20436477661133,0.7333333333333333,0.7333333333333333,0.0,0,16,nearest,gnn,adopted_energy_lag,62,15,-67.50732156666686,25.986549331593164,False,False,False
True,True,True,34.113037109375,1.3537603675270555,51.71955490112305,38.20436477661133,0.7333333333333333,0.7333333333333333,0.0,0,16,oracle,gnn,adopted_energy_lag,62,15,-67.50732156666686,25.986549331593164,False,False,False
True,True,True,122.6749267578125,1.457914913930956,602.2645263671875,413.09991455078125,0.7333333333333333,0.7333333333333333,0.0,0,16,nearest,gnn,adopted_energy_lag,62,16,-21.763644399999976,1.394600211297318,True,False,False
True,True,True,120.6776123046875,0.8913780104071538,368.2281799316406,413.09991455078125,0.7333333333333333,0.7333333333333333,0.0,0,16,oracle,gnn,adopted_energy_lag,62,16,-21.763644399999976,1.394600211297318,True,False,False
False,False,False,-5.1259765625,1.5827184151215756,588.1036376953125,371.57818603515625,0.7333333333333333,0.7333333333333333,0.0,0,14,nearest,gnn,adopted_energy_lag,62,17,-51.792296033333514,3.4304516668291125,False,False,False
False,False,True,2.076416015625,2.260759925735105,840.049072265625,371.57818603515625,0.7333333333333333,0.7333333333333333,0.0,0,14,oracle,gnn,adopted_energy_lag,62,17,-51.792296033333514,3.4304516668291125,False,False,False
True,True,True,0.2919921875,1.0943688646187888,137.4515838623047,125.59895324707031,0.7333333333333333,0.7333333333333333,0.0,0,14,nearest,gnn,adopted_energy_lag,62,18,-7.6278168666667625,1.4247584853724204,True,False,False
False,True,False,-2.15478515625,1.1247805164049751,141.27125549316406,125.59895324707031,0.7333333333333333,0.7333333333333333,0.0,0,14,oracle,gnn,adopted_energy_lag,62,18,-7.6278168666667625,1.4247584853724204,True,False,False
False,False,True,133.032470703125,1.953188931314898,1866.309814453125,955.5193481445312,0.9166666666666666,0.8333333333333334,0.08333333333333326,0,14,nearest,gnn,adopted_energy_lag,62,19,152.68152456666667,2.5051316873797798,False,True,False
False,False,True,135.835693359375,2.135409325535896,2040.4249267578125,955.5193481445312,0.9166666666666666,0.8333333333333334,0.08333333333333326,0,14,oracle,gnn,adopted_energy_lag,62,19,152.68152456666667,2.5051316873797798,False,True,False
True,True,True,0.59326171875,1.0133081104920312,27.565017700195312,27.2029972076416,0.7333333333333333,0.7333333333333333,0.0,0,13,nearest,gnn,adopted_energy_lag,62,20,-205.81054696666683,22.19934591722191,False,False,False
True,True,True,0.741455078125,0.9693106360482128,26.368154525756836,27.2029972076416,0.7333333333333333,0.7333333333333333,0.0,0,13,oracle,gnn,adopted_energy_lag,62,20,-205.81054696666683,22.19934591722191,False,False,False
True,True,True,20.1256103515625,1.1903278076028259,34.27223587036133,28.792266845703125,0.7333333333333333,0.7333333333333333,0.0,0,13,nearest,gnn,adopted_energy_lag,62,21,-28.551240166666503,1.2989943817549394,True,False,False
True,True,True,21.8765869140625,1.4005649388159602,40.325439453125,28.792266845703125,0.7333333333333333,0.7333333333333333,0.0,0,13,oracle,gnn,adopted_energy_lag,62,21,-28.551240166666503,1.2989943817549394,True,False,False
True,True,True,48.00244140625,1.0861424979469607,103.24764251708984,95.05902099609375,0.7333333333333333,0.7333333333333333,0.0,0,13,nearest,gnn,adopted_energy_lag,62,22,9.16330159999984,1.2634624020098926,True,True,True
False,False,True,43.802734375,4.509273509788776,428.6471252441406,95.05902099609375,0.7333333333333333,0.7333333333333333,0.0,0,13,oracle,gnn,adopted_energy_lag,62,22,9.16330159999984,1.2634624020098926,True,True,True
False,False,True,51.4912109375,2.8492897389520144,162.73289489746094,57.113494873046875,0.7333333333333333,0.7333333333333333,0.0,0,13,nearest,gnn,adopted_energy_lag,62,23,5.548359200000277,10.98276702195685,False,True,False
False,False,True,51.6568603515625,4.142486087325908,236.59185791015625,57.113494873046875,0.7333333333333333,0.7333333333333333,0.0,0,13,oracle,gnn,adopted_energy_lag,62,23,5.548359200000277,10.98276702195685,False,True,False
True,True,True,61.798095703125,0.9266777669408707,54.58407211303711,58.90296936035156,0.7333333333333333,0.7333333333333333,0.0,0,13,nearest,gnn,adopted_energy_lag,62,24,9.551722633333384,1.1288787164111775,True,True,True
True,True,True,65.463134765625,0.8618373350016126,50.76477813720703,58.90296936035156,0.7333333333333333,0.7333333333333333,0.0,0,13,oracle,gnn,adopted_energy_lag,62,24,9.551722633333384,1.1288787164111775,True,True,True
False,False,True,47.3135986328125,9.303676370795857,288.04669189453125,30.96052360534668,0.7333333333333333,0.7333333333333333,0.0,0,12,nearest,gnn,adopted_energy_lag,62,25,-4.214334166666504,17.182201858490654,False,False,False
False,False,True,38.0855712890625,4.945564414404896,153.1172637939453,30.96052360534668,0.7333333333333333,0.7333333333333333,0.0,0,12,oracle,gnn,adopted_energy_lag,62,25,-4.214334166666504,17.182201858490654,False,False,False
True,True,True,5.5430908203125,1.2128003123019284,58.47414016723633,48.21415328979492,0.7333333333333333,0.7333333333333333,0.0,0,11,nearest,gnn,adopted_energy_lag,62,26,6.842726833333472,1.1310822049441598,True,True,True
True,True,True,47.9237060546875,1.0497322148632837,50.6119499206543,48.21415328979492,0.7333333333333333,0.7333333333333333,0.0,0,11,oracle,gnn,adopted_energy_lag,62,26,6.842726833333472,1.1310822049441598,True,True,True
True,True,True,32.3516845703125,1.3544530048071521,43.1137580871582,31.83112144470215,0.7333333333333333,0.7333333333333333,0.0,0,10,nearest,gnn,adopted_energy_lag,62,27,-16.15054013333338,1.4774577584012034,True,False,False
True,True,True,27.6939697265625,1.3817361773777725,43.98221206665039,31.83112144470215,0.7333333333333333,0.7333333333333333,0.0,0,10,oracle,gnn,adopted_energy_lag,62,27,-16.15054013333338,1.4774577584012034,True,False,False
False,False,True,26.8438720703125,2.292563517924113,310.64935302734375,135.5030517578125,0.7333333333333333,0.7333333333333333,0.0,0,10,nearest,gnn,adopted_energy_lag,62,28,21.96438076666641,3.500228759053287,False,True,False
False,False,True,22.572021484375,2.9323464178350167,397.3418884277344,135.5030517578125,0.7333333333333333,0.7333333333333333,0.0,0,10,oracle,gnn,adopted_energy_lag,62,28,21.96438076666641,3.500228759053287,False,True,False
False,False,False,-0.7086181640625,1.8566424273754676,590.3292846679688,317.9552917480469,0.7333333333333333,0.7333333333333333,0.0,0,9,nearest,gnn,adopted_energy_lag,62,29,-13.48440933333336,1.1707053558192577,True,False,False
False,True,False,-1.576904296875,1.2811699550781432,407.3547668457031,317.9552917480469,0.7333333333333333,0.7333333333333333,0.0,0,9,oracle,gnn,adopted_energy_lag,62,29,-13.48440933333336,1.1707053558192577,True,False,False
True,True,True,15.983642578125,1.2393205836262693,278.6255187988281,224.82118225097656,0.7333333333333333,0.7333333333333333,0.0,0,9,nearest,gnn,adopted_energy_lag,62,30,-3.0086544333332768,0.8294583041820935,True,False,False
True,True,True,93.395263671875,0.6976237964729048,156.84060668945312,224.82118225097656,0.7333333333333333,0.7333333333333333,0.0,0,9,oracle,gnn,adopted_energy_lag,62,30,-3.0086544333332768,0.8294583041820935,True,False,False
True,True,True,17.417724609375,1.4322104326511425,1541.1864013671875,1076.08935546875,0.9166666666666666,0.75,0.16666666666666663,0,8,nearest,gnn,adopted_energy_lag,62,31,33.801845666666395,2.5786684502293076,False,True,False
False,False,True,23.19873046875,1.6382244146670049,1762.8758544921875,1076.08935546875,0.9166666666666666,0.75,0.16666666666666663,0,8,oracle,gnn,adopted_energy_lag,62,31,33.801845666666395,2.5786684502293076,False,True,False
False,True,False,-9.71435546875,1.1888681547747626,494.64080810546875,416.0602722167969,0.75,0.7333333333333333,0.01666666666666672,0,8,nearest,gnn,adopted_energy_lag,62,32,0.2679314333331604,1.2881613987668454,True,True,True
True,True,True,3.1416015625,1.1881529293034352,494.3432312011719,416.0602722167969,0.75,0.7333333333333333,0.01666666666666672,0,8,oracle,gnn,adopted_energy_lag,62,32,0.2679314333331604,1.2881613987668454,True,True,True
True,True,True,9.232421875,1.23791524807704,41.096038818359375,33.19778060913086,0.7333333333333333,0.7333333333333333,0.0,0,9,nearest,gnn,adopted_energy_lag,62,33,-19.792232433333538,1.1595395463029021,True,False,False
False,False,True,16.9874267578125,1.5924534728073763,52.86592102050781,33.19778060913086,0.7333333333333333,0.7333333333333333,0.0,0,9,oracle,gnn,adopted_energy_lag,62,33,-19.792232433333538,1.1595395463029021,True,False,False
True,True,True,18.6329345703125,1.337497470879534,424.4526672363281,317.348388671875,0.7333333333333333,0.7333333333333333,0.0,0,10,nearest,gnn,adopted_energy_lag,62,34,0.5441230999999789,1.1857169044874423,True,True,True
True,True,True,34.3909912109375,1.3511142362363917,428.77392578125,317.348388671875,0.7333333333333333,0.7333333333333333,0.0,0,10,oracle,gnn,adopted_energy_lag,62,34,0.5441230999999789,1.1857169044874423,True,True,True
True,True,True,0.695556640625,1.3777111720235746,374.00439453125,271.4679260253906,0.7333333333333333,0.7333333333333333,0.0,0,8,nearest,gnn,adopted_energy_lag,62,35,-10.719512900000154,0.7894824328763675,True,False,False
True,True,True,16.8388671875,1.3547825121148864,367.7799987792969,271.4679260253906,0.7333333333333333,0.7333333333333333,0.0,0,8,oracle,gnn,adopted_energy_lag,62,35,-10.719512900000154,0.7894824328763675,True,False,False
False,True,False,-35.1507568359375,0.9643106272083966,128.35562133789062,133.10609436035156,0.7333333333333333,0.7333333333333333,0.0,0,9,nearest,gnn,adopted_energy_lag,62,36,-1.9022718333335433,0.8603736853795632,True,False,False
False,True,False,-30.728515625,0.9704429809975443,129.171875,133.10609436035156,0.7333333333333333,0.7333333333333333,0.0,0,9,oracle,gnn,adopted_energy_lag,62,36,-1.9022718333335433,0.8603736853795632,True,False,False
True,True,True,18.341552734375,1.339812864668047,1188.2984619140625,886.9137573242188,0.9166666666666666,0.8166666666666667,0.09999999999999998,0,8,nearest,gnn,adopted_energy_lag,62,37,100.90276403333337,1.5223855233705987,False,True,False
True,True,True,11.011962890625,1.3480285688823253,1195.5850830078125,886.9137573242188,0.9166666666666666,0.8166666666666667,0.09999999999999998,0,8,oracle,gnn,adopted_energy_lag,62,37,100.90276403333337,1.5223855233705987,False,True,False
False,True,False,-0.3079833984375,1.001647268541006,27.04869270324707,27.004209518432617,0.7333333333333333,0.7333333333333333,0.0,0,8,nearest,gnn,adopted_energy_lag,62,38,-131.34375646666672,13.900926648203365,False,False,False
False,True,False,-0.406005859375,0.9975203388787796,26.93724822998047,27.004209518432617,0.7333333333333333,0.7333333333333333,0.0,0,8,oracle,gnn,adopted_energy_lag,62,38,-131.34375646666672,13.900926648203365,False,False,False
True,True,True,8.97216796875,1.0335061026151104,42.61774444580078,41.236083984375,0.7333333333333333,0.7333333333333333,0.0,0,7,nearest,gnn,adopted_energy_lag,62,39,-8.752121266666563,0.968012403918855,True,False,False
True,True,True,11.9024658203125,1.1184800780625566,46.12173843383789,41.236083984375,0.7333333333333333,0.7333333333333333,0.0,0,7,oracle,gnn,adopted_energy_lag,62,39,-8.752121266666563,0.968012403918855,True,False,False
False,True,False,-0.710693359375,1.1387490992584395,31.118305206298828,27.326744079589844,0.7333333333333333,0.7333333333333333,0.0,1,12,nearest,gnn,adopted_energy_lag,62,0,18.72706556666685,0.9495772791613498,True,True,True
False,True,False,-0.7650146484375,1.075393220281252,29.386995315551758,27.326744079589844,0.7333333333333333,0.7333333333333333,0.0,1,12,oracle,gnn,adopted_energy_lag,62,0,18.72706556666685,0.9495772791613498,True,True,True
True,True,True,8.584716796875,1.1163681119701299,576.306640625,516.2335205078125,0.7333333333333333,0.7333333333333333,0.0,1,11,nearest,gnn,adopted_energy_lag,62,1,5.6697555333335,0.8966641551412599,True,True,True
True,True,True,6.82568359375,1.0070253264081097,519.8602294921875,516.2335205078125,0.7333333333333333,0.7333333333333333,0.0,1,11,oracle,gnn,adopted_energy_lag,62,1,5.6697555333335,0.8966641551412599,True,True,True
True,True,True,60.8641357421875,0.07604219837597698,28.32806968688965,372.5309143066406,0.7333333333333333,0.7333333333333333,0.0,1,13,nearest,gnn,adopted_energy_lag,62,2,-54.54698200000007,7.548189272211579,False,False,False
True,True,True,60.66552734375,0.07602332615144326,28.3210391998291,372.5309143066406,0.7333333333333333,0.7333333333333333,0.0,1,13,oracle,gnn,adopted_energy_lag,62,2,-54.54698200000007,7.548189272211579,False,False,False
True,True,True,22.0682373046875,1.384742943199027,442.6301574707031,319.64788818359375,0.7333333333333333,0.7333333333333333,0.0,1,12,nearest,gnn,adopted_energy_lag,62,3,-2.2729858666666587,1.9345765328498585,False,False,False
True,True,True,23.0675048828125,1.382478526806096,441.9063415527344,319.64788818359375,0.7333333333333333,0.7333333333333333,0.0,1,12,oracle,gnn,adopted_energy_lag,62,3,-2.2729858666666587,1.9345765328498585,False,False,False
False,True,False,-0.7432861328125,1.0131942525559547,195.60177612304688,193.0545654296875,0.7333333333333333,0.7333333333333333,0.0,1,12,nearest,gnn,adopted_energy_lag,62,4,0.7504206000000977,1.4221064796559881,True,True,True
True,True,True,0.260986328125,1.015472544155781,196.04161071777344,193.0545654296875,0.7333333333333333,0.7333333333333333,0.0,1,12,oracle,gnn,adopted_energy_lag,62,4,0.7504206000000977,1.4221064796559881,True,True,True
False,False,False,-25.2467041015625,2.763837347682573,87.86222839355469,31.789941787719727,0.7333333333333333,0.7333333333333333,0.0,1,12,nearest,gnn,adopted_energy_lag,62,5,4.31254233333334,9.222609972055324,False,True,False
False,False,False,-24.450439453125,2.7960978179447697,88.88778686523438,31.789941787719727,0.7333333333333333,0.7333333333333333,0.0,1,12,oracle,gnn,adopted_energy_lag,62,5,4.31254233333334,9.222609972055324,False,True,False
True,True,True,2.0745849609375,1.0448284926185343,29.795053482055664,28.516693115234375,0.7333333333333333,0.7333333333333333,0.0,1,12,nearest,gnn,adopted_energy_lag,62,6,-6.241225033333194,1.1379871930399925,True,False,False
True,True,True,2.3206787109375,1.0441959579853066,29.777015686035156,28.516693115234375,0.7333333333333333,0.7333333333333333,0.0,1,12,oracle,gnn,adopted_energy_lag,62,6,-6.241225033333194,1.1379871930399925,True,False,False
True,True,True,0.6492919921875,1.0264908183514412,26.686302185058594,25.997604370117188,0.7333333333333333,0.7333333333333333,0.0,1,11,nearest,gnn,adopted_energy_lag,62,7,-1.7549422000001869,1.0323545274288017,True,False,False
True,True,True,0.7587890625,1.0259269247948237,26.671642303466797,25.997604370117188,0.7333333333333333,0.7333333333333333,0.0,1,11,oracle,gnn,adopted_energy_lag,62,7,-1.7549422000001869,1.0323545274288017,True,False,False
True,True,True,75.053955078125,1.0193575395396581,503.0048522949219,493.45281982421875,0.7333333333333333,0.7333333333333333,0.0,1,12,nearest,gnn,adopted_energy_lag,62,8,-36.817784100000154,0.9157033858150655,True,False,False
True,True,True,74.3138427734375,1.0534423470613927,519.8240966796875,493.45281982421875,0.7333333333333333,0.7333333333333333,0.0,1,12,oracle,gnn,adopted_energy_lag,62,8,-36.817784100000154,0.9157033858150655,True,False,False
True,True,True,24.4957275390625,1.138704052005573,461.8112487792969,405.5586242675781,0.7333333333333333,0.7333333333333333,0.0,1,13,nearest,gnn,adopted_energy_lag,62,9,-11.388467700000092,1.6642160916497464,False,False,False
True,True,True,26.884033203125,1.1779494023219355,477.7275390625,405.5586242675781,0.7333333333333333,0.7333333333333333,0.0,1,13,oracle,gnn,adopted_energy_lag,62,9,-11.388467700000092,1.6642160916497464,False,False,False
False,False,True,32.2352294921875,2.5415035638483525,450.99212646484375,177.45091247558594,0.7333333333333333,0.7333333333333333,0.0,1,14,nearest,gnn,adopted_energy_lag,62,10,-17.45837396666684,1.7283014225133566,False,False,False
False,False,True,32.2352294921875,2.5415035638483525,450.99212646484375,177.45091247558594,0.7333333333333333,0.7333333333333333,0.0,1,14,oracle,gnn,adopted_energy_lag,62,10,-17.45837396666684,1.7283014225133566,False,False,False
True,True,True,54.97216796875,1.319026644557732,1878.36865234375,1424.056640625,0.9666666666666667,0.9166666666666666,0.050000000000000044,1,15,nearest,gnn,adopted_energy_lag,62,11,109.63422716666719,1.4934501646893137,True,True,True
True,True,True,56.4091796875,1.3759526077433388,1959.4344482421875,1424.056640625,0.9666666666666667,0.9166666666666666,0.050000000000000044,1,15,oracle,gnn,adopted_energy_lag,62,11,109.63422716666719,1.4934501646893137,True,True,True
True,True,True,2.347412109375,1.157981805521238,36.87300109863281,31.842470169067383,0.7333333333333333,0.7333333333333333,0.0,1,15,nearest,gnn,adopted_energy_lag,62,12,-158.5757423,3.1280358816753373,False,False,False
True,True,True,2.347412109375,1.157981805521238,36.87300109863281,31.842470169067383,0.7333333333333333,0.7333333333333333,0.0,1,15,oracle,gnn,adopted_energy_lag,62,12,-158.5757423,3.1280358816753373,False,False,False
True,True,True,66.73681640625,1.3578571041588683,673.0807495117188,495.693359375,0.7333333333333333,0.7333333333333333,0.0,1,16,nearest,gnn,adopted_energy_lag,62,13,32.48159463333309,1.333933911540505,True,True,True
True,True,True,66.707763671875,1.2373510116432553,613.3466796875,495.693359375,0.7333333333333333,0.7333333333333333,0.0,1,16,oracle,gnn,adopted_energy_lag,62,13,32.48159463333309,1.333933911540505,True,True,True
True,True,True,64.2740478515625,0.6304574801873788,120.52564239501953,191.17172241210938,0.7333333333333333,0.7333333333333333,0.0,1,14,nearest,gnn,adopted_energy_lag,62,14,-60.02494300000012,2.433134846445171,False,False,False
True,True,True,77.0087890625,0.4612397764160966,88.1760025024414,191.17172241210938,0.7333333333333333,0.7333333333333333,0.0,1,14,oracle,gnn,adopted_energy_lag,62,14,-60.02494300000012,2.433134846445171,False,False,False
True,True,True,48.268310546875,0.9893841715139573,37.79879379272461,38.20436477661133,0.7333333333333333,0.7333333333333333,0.0,1,13,nearest,gnn,adopted_energy_lag,62,15,-5.5865040000001045,1.0699814069186802,True,False,False
True,True,True,47.8826904296875,0.9932109141796168,37.94499206542969,38.20436477661133,0.7333333333333333,0.7333333333333333,0.0,1,13,oracle,gnn,adopted_energy_lag,62,15,-5.5865040000001045,1.0699814069186802,True,False,False
True,True,True,13.7489013671875,1.013156765233564,418.53497314453125,413.09991455078125,0.7333333333333333,0.7333333333333333,0.0,1,12,nearest,gnn,adopted_energy_lag,62,16,-8.918044433333534,0.6639998232869415,True,False,False
True,True,True,12.561279296875,0.9598662367954749,396.5206604003906,413.09991455078125,0.7333333333333333,0.7333333333333333,0.0,1,12,oracle,gnn,adopted_energy_lag,62,16,-8.918044433333534,0.6639998232869415,True,False,False
True,True,True,100.3558349609375,1.0431021214575644,387.593994140625,371.57818603515625,0.7333333333333333,0.7333333333333333,0.0,1,14,nearest,gnn,adopted_energy_lag,62,17,-8.783500033333667,2.044632840051186,False,False,False
True,True,True,100.3558349609375,1.0431021214575644,387.593994140625,371.57818603515625,0.7333333333333333,0.7333333333333333,0.0,1,14,oracle,gnn,adopted_energy_lag,62,17,-8.783500033333667,2.044632840051186,False,False,False
False,False,True,12.486572265625,3.096592462897204,388.92877197265625,125.59895324707031,0.7333333333333333,0.7333333333333333,0.0,1,14,nearest,gnn,adopted_energy_lag,62,18,-0.5214885666669034,7.150313371606714,False,False,False
False,False,True,12.486572265625,3.096592462897204,388.92877197265625,125.59895324707031,0.7333333333333333,0.7333333333333333,0.0,1,14,oracle,gnn,adopted_energy_lag,62,18,-0.5214885666669034,7.150313371606714,False,False,False
False,False,True,101.013916015625,1.745444030234243,1667.8055419921875,955.5193481445312,0.9333333333333333,0.8333333333333334,0.09999999999999998,1,14,nearest,gnn,adopted_energy_lag,62,19,66.59968103333313,1.8561027532616605,False,True,False
False,False,True,101.013916015625,1.745444030234243,1667.8055419921875,955.5193481445312,0.9333333333333333,0.8333333333333334,0.09999999999999998,1,14,oracle,gnn,adopted_energy_lag,62,19,66.59968103333313,1.8561027532616605,False,True,False
True,True,True,0.714111328125,1.0056450597926478,27.35655975341797,27.2029972076416,0.7333333333333333,0.7333333333333333,0.0,1,15,nearest,gnn,adopted_energy_lag,62,20,-110.27342310000017,5.214936996242609,False,False,False
True,True,True,1.2578125,0.9945833761329331,27.055648803710938,27.2029972076416,0.7333333333333333,0.7333333333333333,0.0,1,15,oracle,gnn,adopted_energy_lag,62,20,-110.27342310000017,5.214936996242609,False,False,False
True,True,True,42.6800537109375,1.182790564567843,34.05522155761719,28.792266845703125,0.7333333333333333,0.7333333333333333,0.0,1,15,nearest,gnn,adopted_energy_lag,62,21,-9.010450433333062,1.0666483153435755,True,False,False
True,True,True,43.2286376953125,1.1899930045099711,34.262596130371094,28.792266845703125,0.7333333333333333,0.7333333333333333,0.0,1,15,oracle,gnn,adopted_energy_lag,62,21,-9.010450433333062,1.0666483153435755,True,False,False
False,False,True,42.9564208984375,2.0511197170754447,194.97743225097656,95.05902099609375,0.7333333333333333,0.7333333333333333,0.0,1,15,nearest,gnn,adopted_energy_lag,62,22,20.406603633333134,1.9726817898880378,False,True,False
False,False,True,29.66943359375,3.8988935096988855,370.625,95.05902099609375,0.7333333333333333,0.7333333333333333,0.0,1,15,oracle,gnn,adopted_energy_lag,62,22,20.406603633333134,1.9726817898880378,False,True,False
True,True,True,79.83203125,0.6772441951487982,38.67978286743164,57.113494873046875,0.7333333333333333,0.7333333333333333,0.0,1,16,nearest,gnn,adopted_energy_lag,62,23,-43.32004889999985,12.422437216792112,False,False,False
True,True,True,71.7401123046875,0.7833304390340343,44.738739013671875,57.113494873046875,0.7333333333333333,0.7333333333333333,0.0,1,16,oracle,gnn,adopted_energy_lag,62,23,-43.32004889999985,12.422437216792112,False,False,False
False,False,True,78.823974609375,2.179928320983145,128.4042510986328,58.90296936035156,0.7333333333333333,0.7333333333333333,0.0,1,15,nearest,gnn,adopted_energy_lag,62,24,-31.431483166666567,6.6740069343243995,False,False,False
True,True,True,77.70751953125,1.2163719330149614,71.64791870117188,58.90296936035156,0.7333333333333333,0.7333333333333333,0.0,1,15,oracle,gnn,adopted_energy_lag,62,24,-31.431483166666567,6.6740069343243995,False,False,False
True,True,True,38.1131591796875,1.3410594021240827,41.519901275634766,30.96052360534668,0.7333333333333333,0.7333333333333333,0.0,1,16,nearest,gnn,adopted_energy_lag,62,25,-7.832004733333406,0.9410480159759715,True,False,False
True,True,True,44.5804443359375,1.329313019263957,41.156227111816406,30.96052360534668,0.7333333333333333,0.7333333333333333,0.0,1,16,oracle,gnn,adopted_energy_lag,62,25,-7.832004733333406,0.9410480159759715,True,False,False
False,False,True,27.2000732421875,1.7531164325549442,84.5250244140625,48.21415328979492,0.7333333333333333,0.7333333333333333,0.0,1,15,nearest,gnn,adopted_energy_lag,62,26,3.794414133333248,2.98106580016373,False,True,False
False,False,True,27.2000732421875,1.7531164325549442,84.5250244140625,48.21415328979492,0.7333333333333333,0.7333333333333333,0.0,1,15,oracle,gnn,adopted_energy_lag,62,26,3.794414133333248,2.98106580016373,False,True,False
True,True,True,34.8839111328125,1.0421611062591847,33.17315673828125,31.83112144470215,0.7333333333333333,0.7333333333333333,0.0,1,15,nearest,gnn,adopted_energy_lag,62,27,-19.79155056666673,1.114276950707128,True,False,False
True,True,True,34.8839111328125,1.0421611062591847,33.17315673828125,31.83112144470215,0.7333333333333333,0.7333333333333333,0.0,1,15,oracle,gnn,adopted_energy_lag,62,27,-19.79155056666673,1.114276950707128,True,False,False
True,True,True,75.665771484375,0.8470564375550093,114.77873229980469,135.5030517578125,0.7333333333333333,0.7333333333333333,0.0,1,15,nearest,gnn,adopted_energy_lag,62,28,-3.5103413000001638,3.263280008798295,False,False,False
True,True,True,75.665771484375,0.8470564375550093,114.77873229980469,135.5030517578125,0.7333333333333333,0.7333333333333333,0.0,1,15,oracle,gnn,adopted_energy_lag,62,28,-3.5103413000001638,3.263280008798295,False,False,False
True,True,True,34.2674560546875,0.9478431164402593,301.3717346191406,317.9552917480469,0.7333333333333333,0.7333333333333333,0.0,1,16,nearest,gnn,adopted_energy_lag,62,29,-30.569590366666716,1.876622138585856,False,False,False
False,False,True,31.5487060546875,1.5916589490168647,506.0763854980469,317.9552917480469,0.7333333333333333,0.7333333333333333,0.0,1,16,oracle,gnn,adopted_energy_lag,62,29,-30.569590366666716,1.876622138585856,False,False,False
True,True,True,11.393310546875,1.4721878098513217,330.97900390625,224.82118225097656,0.7333333333333333,0.7333333333333333,0.0,1,15,nearest,gnn,adopted_energy_lag,62,30,-43.01109496666663,1.8130152717946224,False,False,False
True,True,True,38.365966796875,1.2461217787764134,280.1545715332031,224.82118225097656,0.7333333333333333,0.7333333333333333,0.0,1,15,oracle,gnn,adopted_energy_lag,62,30,-43.01109496666663,1.8130152717946224,False,False,False
False,False,True,57.957275390625,1.5737842420766384,1693.532470703125,1076.08935546875,0.8833333333333333,0.75,0.1333333333333333,1,15,nearest,gnn,adopted_energy_lag,62,31,5.865168799999992,3.7628664323849694,False,True,False
False,False,True,40.820068359375,1.658018128431808,1784.1756591796875,1076.08935546875,0.8833333333333333,0.75,0.1333333333333333,1,15,oracle,gnn,adopted_energy_lag,62,31,5.865168799999992,3.7628664323849694,False,True,False
True,True,True,10.8021240234375,1.1949407131555643,497.1673583984375,416.0602722167969,0.7333333333333333,0.7333333333333333,0.0,1,15,nearest,gnn,adopted_energy_lag,62,32,-73.27006476666656,1.1693589739466987,True,False,False
True,True,True,21.1451416015625,1.0133709975227865,421.6234130859375,416.0602722167969,0.7333333333333333,0.7333333333333333,0.0,1,15,oracle,gnn,adopted_energy_lag,62,32,-73.27006476666656,1.1693589739466987,True,False,False
True,True,True,34.498291015625,1.0350243645605182,34.360511779785156,33.19778060913086,0.7333333333333333,0.7333333333333333,0.0,1,15,nearest,gnn,adopted_energy_lag,62,33,-35.108968800000184,1.078578076753348,True,False,False
True,True,True,29.3607177734375,1.035985341850176,34.39241409301758,33.19778060913086,0.7333333333333333,0.7333333333333333,0.0,1,15,oracle,gnn,adopted_energy_lag,62,33,-35.108968800000184,1.078578076753348,True,False,False
False,True,False,-49.1934814453125,1.0227949723777734,324.58233642578125,317.348388671875,0.7333333333333333,0.7333333333333333,0.0,1,16,nearest,gnn,adopted_energy_lag,62,34,-15.788262533333409,1.4478142227788524,True,False,False
False,True,False,-30.9822998046875,1.2803556962716724,406.3188171386719,317.348388671875,0.7333333333333333,0.7333333333333333,0.0,1,16,oracle,gnn,adopted_energy_lag,62,34,-15.788262533333409,1.4478142227788524,True,False,False
True,True,True,99.7884521484375,0.4631542704756954,125.73152923583984,271.4679260253906,0.7333333333333333,0.7333333333333333,0.0,1,16,nearest,gnn,adopted_energy_lag,62,35,-131.06721073333324,1.1963414097578846,True,False,False
True,True,True,109.1527099609375,0.4848129287509664,131.6111602783203,271.4679260253906,0.7333333333333333,0.7333333333333333,0.0,1,16,oracle,gnn,adopted_energy_lag,62,35,-131.06721073333324,1.1963414097578846,True,False,False
True,True,True,27.53076171875,1.154195212536258,153.6304168701172,133.10609436035156,0.7333333333333333,0.7333333333333333,0.0,1,17,nearest,gnn,adopted_energy_lag,62,36,-17.00381900000002,2.774557541741526,False,False,False
True,True,True,26.20751953125,1.1844123073064243,157.65249633789062,133.10609436035156,0.7333333333333333,0.7333333333333333,0.0,1,17,oracle,gnn,adopted_energy_lag,62,36,-17.00381900000002,2.774557541741526,False,False,False
False,False,True,67.58154296875,1.5766898730627454,1398.387939453125,886.9137573242188,0.8833333333333333,0.8166666666666667,0.06666666666666665,1,15,nearest,gnn,adopted_energy_lag,62,37,85.86767529999997,1.273235101357509,True,True,True
True,True,True,44.36865234375,1.4810715842709425,1313.582763671875,886.9137573242188,0.8833333333333333,0.8166666666666667,0.06666666666666665,1,15,oracle,gnn,adopted_energy_lag,62,37,85.86767529999997,1.273235101357509,True,True,True
True,True,True,2.3033447265625,1.020127655189302,27.547740936279297,27.004209518432617,0.7333333333333333,0.7333333333333333,0.0,1,16,nearest,gnn,adopted_energy_lag,62,38,-196.83066910000002,9.641902879766,False,False,False
True,True,True,1.5794677734375,1.0303393498918596,27.82349967956543,27.004209518432617,0.7333333333333333,0.7333333333333333,0.0,1,16,oracle,gnn,adopted_energy_lag,62,38,-196.83066910000002,9.641902879766,False,False,False
True,True,True,34.8646240234375,0.9871139056144651,40.7047119140625,41.236083984375,0.7333333333333333,0.7333333333333333,0.0,1,17,nearest,gnn,adopted_energy_lag,62,39,-21.693746133333207,1.0197710662206159,True,False,False
True,True,True,31.5908203125,0.8373619029857374,34.52952575683594,41.236083984375,0.7333333333333333,0.7333333333333333,0.0,1,17,oracle,gnn,adopted_energy_lag,62,39,-21.693746133333207,1.0197710662206159,True,False,False
True,True,True,0.167724609375,0.9945973653815389,27.179107666015625,27.326744079589844,0.7333333333333333,0.7333333333333333,0.0,2,11,nearest,gnn,adopted_energy_lag,62,0,14.768594800000074,0.9483688168250687,True,True,True
True,True,True,0.0589599609375,1.0132029657954125,27.687538146972656,27.326744079589844,0.7333333333333333,0.7333333333333333,0.0,2,11,oracle,gnn,adopted_energy_lag,62,0,14.768594800000074,0.9483688168250687,True,True,True
False,True,False,-1.42333984375,0.9861454344245724,509.0813293457031,516.2335205078125,0.7333333333333333,0.7333333333333333,0.0,2,10,nearest,gnn,adopted_energy_lag,62,1,2.6823399333334237,0.9273186282409611,True,True,True
False,True,False,-2.0765380859375,0.988784956674001,510.4439392089844,516.2335205078125,0.7333333333333333,0.7333333333333333,0.0,2,10,oracle,gnn,adopted_energy_lag,62,1,2.6823399333334237,0.9273186282409611,True,True,True
True,True,True,9.71826171875,1.1646401809177664,433.8644714355469,372.5309143066406,0.7333333333333333,0.7333333333333333,0.0,2,10,nearest,gnn,adopted_energy_lag,62,2,0.13034123333318348,2.0881845880649434,False,True,False
True,True,True,9.5927734375,1.0925588098657069,407.0119323730469,372.5309143066406,0.7333333333333333,0.7333333333333333,0.0,2,10,oracle,gnn,adopted_energy_lag,62,2,0.13034123333318348,2.0881845880649434,False,True,False
True,True,True,41.0556640625,0.08087083938071964,25.85019302368164,319.64788818359375,0.7333333333333333,0.7333333333333333,0.0,2,11,nearest,gnn,adopted_energy_lag,62,3,-55.576019433333386,1.8232571678324219,False,False,False
True,True,True,43.37548828125,0.07929522712999591,25.3465518951416,319.64788818359375,0.7333333333333333,0.7333333333333333,0.0,2,11,oracle,gnn,adopted_energy_lag,62,3,-55.576019433333386,1.8232571678324219,False,False,False
True,True,True,0.00390625,1.001769598287199,193.3961944580078,193.0545654296875,0.7333333333333333,0.7333333333333333,0.0,2,12,nearest,gnn,adopted_energy_lag,62,4,-26.48847703333331,1.351181864645245,True,False,False
True,True,True,0.0157470703125,1.0018039010991442,193.40281677246094,193.0545654296875,0.7333333333333333,0.7333333333333333,0.0,2,12,oracle,gnn,adopted_energy_lag,62,4,-26.48847703333331,1.351181864645245,True,False,False
False,True,False,-8.18798828125,1.1799883422926085,37.51176071166992,31.789941787719727,0.7333333333333333,0.7333333333333333,0.0,2,12,nearest,gnn,adopted_energy_lag,62,5,1.7479988000002322,1.0210561449749778,True,True,True
False,False,False,-14.6300048828125,1.747501137721443,55.55295944213867,31.789941787719727,0.7333333333333333,0.7333333333333333,0.0,2,12,oracle,gnn,adopted_energy_lag,62,5,1.7479988000002322,1.0210561449749778,True,True,True
False,True,False,-6.178466796875,1.0873262318941392,31.006948471069336,28.516693115234375,0.7333333333333333,0.7333333333333333,0.0,2,11,nearest,gnn,adopted_energy_lag,62,6,-19.447796299999936,1.071527032533578,True,False,False
False,True,False,-1.4937744140625,1.0856119607035268,30.95806312561035,28.516693115234375,0.7333333333333333,0.7333333333333333,0.0,2,11,oracle,gnn,adopted_energy_lag,62,6,-19.447796299999936,1.071527032533578,True,False,False
True,True,True,0.279541015625,1.0053525134421777,26.136756896972656,25.997604370117188,0.7333333333333333,0.7333333333333333,0.0,2,11,nearest,gnn,adopted_energy_lag,62,7,-2.5914484000002176,1.1191268029143153,True,False,False
True,True,True,0.39453125,1.005272470784063,26.134675979614258,25.997604370117188,0.7333333333333333,0.7333333333333333,0.0,2,11,oracle,gnn,adopted_energy_lag,62,7,-2.5914484000002176,1.1191268029143153,True,False,False
False,True,False,-20.7015380859375,1.013103280739953,499.9186706542969,493.45281982421875,0.7333333333333333,0.7333333333333333,0.0,2,11,nearest,gnn,adopted_energy_lag,62,8,5.281910733333234,1.1649217900510924,True,True,True
False,True,False,-23.8316650390625,1.0383348561628087,512.3692626953125,493.45281982421875,0.7333333333333333,0.7333333333333333,0.0,2,11,oracle,gnn,adopted_energy_lag,62,8,5.281910733333234,1.1649217900510924,True,True,True
True,True,True,54.1768798828125,1.016168366462004,412.1158447265625,405.5586242675781,0.7333333333333333,0.7333333333333333,0.0,2,11,nearest,gnn,adopted_energy_lag,62,9,-34.290314966666756,2.391979208760095,False,False,False
True,True,True,53.159912109375,1.012913428013194,410.7957763671875,405.5586242675781,0.7333333333333333,0.7333333333333333,0.0,2,11,oracle,gnn,adopted_energy_lag,62,9,-34.290314966666756,2.391979208760095,False,False,False
False,False,False,-24.6925048828125,1.6795474719597008,298.0372314453125,177.45091247558594,0.7333333333333333,0.7333333333333333,0.0,2,11,nearest,gnn,adopted_energy_lag,62,10,-37.500049033333426,1.0342235560213047,True,False,False
False,False,False,-43.5943603515625,1.810723713463686,321.3145751953125,177.45091247558594,0.7333333333333333,0.7333333333333333,0.0,2,11,oracle,gnn,adopted_energy_lag,62,10,-37.500049033333426,1.0342235560213047,True,False,False
False,True,False,-26.295166015625,1.2420934328783995,1768.8114013671875,1424.056640625,0.9333333333333333,0.9166666666666666,0.01666666666666672,2,11,nearest,gnn,adopted_energy_lag,62,11,80.52500143333327,1.8686971585587187,False,True,False
False,True,False,-5.898681640625,1.2575621436614426,1790.8397216796875,1424.056640625,0.9333333333333333,0.9166666666666666,0.01666666666666672,2,11,oracle,gnn,adopted_energy_lag,62,11,80.52500143333327,1.8686971585587187,False,True,False
False,True,False,-0.458984375,0.9988466946696916,31.80574607849121,31.842470169067383,0.7333333333333333,0.7333333333333333,0.0,2,11,nearest,gnn,adopted_energy_lag,62,12,-136.33609279999996,5.214265456631638,False,False,False
False,True,False,-0.1798095703125,1.0015092881690963,31.89052963256836,31.842470169067383,0.7333333333333333,0.7333333333333333,0.0,2,11,oracle,gnn,adopted_energy_lag,62,12,-136.33609279999996,5.214265456631638,False,False,False
True,True,True,28.8291015625,0.8659609625879154,429.2510986328125,495.693359375,0.7333333333333333,0.7333333333333333,0.0,2,10,nearest,gnn,adopted_energy_lag,62,13,-19.648349666666945,1.397675693833393,True,False,False
True,True,True,4.755615234375,0.9454490213558187,468.6528015136719,495.693359375,0.7333333333333333,0.7333333333333333,0.0,2,10,oracle,gnn,adopted_energy_lag,62,13,-19.648349666666945,1.397675693833393,True,False,False
True,True,True,0.70263671875,1.3145953707628049,251.31346130371094,191.17172241210938,0.7333333333333333,0.7333333333333333,0.0,2,11,nearest,gnn,adopted_energy_lag,62,14,-16.49777816666665,1.9380852050899344,False,False,False
True,True,True,0.786376953125,1.4223184817494012,271.9070739746094,191.17172241210938,0.7333333333333333,0.7333333333333333,0.0,2,11,oracle,gnn,adopted_energy_lag,62,14,-16.49777816666665,1.9380852050899344,False,False,False
True,True,True,26.763427734375,0.9881010020424271,37.74977111816406,38.20436477661133,0.7333333333333333,0.7333333333333333,0.0,2,10,nearest,gnn,adopted_energy_lag,62,15,-9.914027666666698,1.0120206528263118,True,False,False
True,True,True,35.4091796875,0.9791123255062758,37.40636444091797,38.20436477661133,0.7333333333333333,0.7333333333333333,0.0,2,10,oracle,gnn,adopted_energy_lag,62,15,-9.914027666666698,1.0120206528263118,True,False,False
False,True,False,-1.0281982421875,0.9996134143806304,412.9402160644531,413.09991455078125,0.7333333333333333,0.7333333333333333,0.0,2,11,nearest,gnn,adopted_energy_lag,62,16,1.2589064999999664,0.789697198678068,True,True,True
False,True,False,-8.608642578125,1.0162583890113648,419.8162536621094,413.09991455078125,0.7333333333333333,0.7333333333333333,0.0,2,11,oracle,gnn,adopted_energy_lag,62,16,1.2589064999999664,0.789697198678068,True,True,True
True,True,True,0.112548828125,1.1189433300640266,415.7749328613281,371.57818603515625,0.7333333333333333,0.7333333333333333,0.0,2,8,nearest,gnn,adopted_energy_lag,62,17,-11.890593566666894,1.6443266634126905,False,False,False
False,True,False,-3.5391845703125,1.1903715495084788,442.31610107421875,371.57818603515625,0.7333333333333333,0.7333333333333333,0.0,2,8,oracle,gnn,adopted_energy_lag,62,17,-11.890593566666894,1.6443266634126905,False,False,False
True,True,True,37.976318359375,0.2628177629821365,33.00963592529297,125.59895324707031,0.7333333333333333,0.7333333333333333,0.0,2,8,nearest,gnn,adopted_energy_lag,62,18,-56.748517966666896,8.025051377057453,False,False,False
True,True,True,39.1602783203125,0.24412369234671805,30.661680221557617,125.59895324707031,0.7333333333333333,0.7333333333333333,0.0,2,8,oracle,gnn,adopted_energy_lag,62,18,-56.748517966666896,8.025051377057453,False,False,False
False,True,False,-33.5185546875,1.3238421488436867,1264.956787109375,955.5193481445312,0.9166666666666666,0.8333333333333334,0.08333333333333326,2,8,nearest,gnn,adopted_energy_lag,62,19,37.807527700000264,1.584380085575503,False,True,False
False,True,False,-21.515625,1.3282470668426505,1269.165771484375,955.5193481445312,0.9166666666666666,0.8333333333333334,0.08333333333333326,2,8,oracle,gnn,adopted_energy_lag,62,19,37.807527700000264,1.584380085575503,False,True,False
False,True,False,-0.342529296875,0.9992961116461304,27.183849334716797,27.2029972076416,0.7333333333333333,0.7333333333333333,0.0,2,8,nearest,gnn,adopted_energy_lag,62,20,-101.25730540000018,12.07996023070583,False,False,False
False,True,False,-0.13525390625,0.9995792375723108,27.191551208496094,27.2029972076416,0.7333333333333333,0.7333333333333333,0.0,2,8,oracle,gnn,adopted_energy_lag,62,20,-101.25730540000018,12.07996023070583,False,False,False
True,True,True,30.4034423828125,1.0980022443863842,31.61397361755371,28.792266845703125,0.7333333333333333,0.7333333333333333,0.0,2,8,nearest,gnn,adopted_energy_lag,62,21,-18.265982199999826,1.078230582781586,True,False,False
True,True,True,33.1689453125,1.1896986109712602,34.254119873046875,28.792266845703125,0.7333333333333333,0.7333333333333333,0.0,2,8,oracle,gnn,adopted_energy_lag,62,21,-18.265982199999826,1.078230582781586,True,False,False
True,True,True,35.4228515625,1.1536649401231631,109.666259765625,95.05902099609375,0.7333333333333333,0.7333333333333333,0.0,2,8,nearest,gnn,adopted_energy_lag,62,22,-10.10978950000026,0.917682100314543,True,False,False
True,True,True,39.4776611328125,1.1226312195535386,106.71622467041016,95.05902099609375,0.7333333333333333,0.7333333333333333,0.0,2,8,oracle,gnn,adopted_energy_lag,62,22,-10.10978950000026,0.917682100314543,True,False,False
False,False,True,34.355712890625,1.9099893400730432,109.08616638183594,57.113494873046875,0.7333333333333333,0.7333333333333333,0.0,2,7,nearest,gnn,adopted_energy_lag,62,23,-6.317396533333067,4.907422997437625,False,False,False
False,False,True,48.2130126953125,1.887869858054657,107.82284545898438,57.113494873046875,0.7333333333333333,0.7333333333333333,0.0,2,7,oracle,gnn,adopted_energy_lag,62,23,-6.317396533333067,4.907422997437625,False,False,False
True,True,True,118.3746337890625,0.5436801618541732,32.024375915527344,58.90296936035156,0.7333333333333333,0.7333333333333333,0.0,2,7,nearest,gnn,adopted_energy_lag,62,24,-19.414420899999868,0.5692464093824104,True,False,False
True,True,True,86.8370361328125,0.5381284056923553,31.69736099243164,58.90296936035156,0.7333333333333333,0.7333333333333333,0.0,2,7,oracle,gnn,adopted_energy_lag,62,24,-19.414420899999868,0.5692464093824104,True,False,False
True,True,True,26.419189453125,1.2145068660001204,37.601768493652344,30.96052360534668,0.7333333333333333,0.7333333333333333,0.0,2,6,nearest,gnn,adopted_energy_lag,62,25,-19.335988633333272,2.132881434966157,False,False,False
True,True,True,34.0635986328125,1.0727261089372127,33.212162017822266,30.96052360534668,0.7333333333333333,0.7333333333333333,0.0,2,6,oracle,gnn,adopted_energy_lag,62,25,-19.335988633333272,2.132881434966157,False,False,False
True,True,True,33.03173828125,0.9606111249966472,46.3150520324707,48.21415328979492,0.7333333333333333,0.7333333333333333,0.0,2,7,nearest,gnn,adopted_energy_lag,62,26,-19.82901066666659,0.9856360840704168,True,False,False
True,True,True,37.021240234375,0.9425187856271804,45.442745208740234,48.21415328979492,0.7333333333333333,0.7333333333333333,0.0,2,7,oracle,gnn,adopted_energy_lag,62,26,-19.82901066666659,0.9856360840704168,True,False,False
True,True,True,23.724365234375,1.065786708651226,33.92518615722656,31.83112144470215,0.7333333333333333,0.7333333333333333,0.0,2,7,nearest,gnn,adopted_energy_lag,62,27,-28.578075633333356,1.2027480918715185,True,False,False
True,True,True,24.9278564453125,1.0663005900708116,33.94154357910156,31.83112144470215,0.7333333333333333,0.7333333333333333,0.0,2,7,oracle,gnn,adopted_energy_lag,62,27,-28.578075633333356,1.2027480918715185,True,False,False
True,True,True,28.9932861328125,1.0944548444607,148.30197143554688,135.5030517578125,0.7333333333333333,0.7333333333333333,0.0,2,7,nearest,gnn,adopted_energy_lag,62,28,-30.1054903666668,1.915208660953367,False,False,False
True,True,True,27.1497802734375,1.029305449078007,139.47402954101562,135.5030517578125,0.7333333333333333,0.7333333333333333,0.0,2,7,oracle,gnn,adopted_energy_lag,62,28,-30.1054903666668,1.915208660953367,False,False,False
True,True,True,97.6224365234375,0.5619160113023057,178.66416931152344,317.9552917480469,0.7333333333333333,0.7333333333333333,0.0,2,7,nearest,gnn,adopted_energy_lag,62,29,-5.072412433333511,1.4205256508730637,True,False,False
True,True,True,77.3011474609375,0.5595557014035932,177.9136962890625,317.9552917480469,0.7333333333333333,0.7333333333333333,0.0,2,7,oracle,gnn,adopted_energy_lag,62,29,-5.072412433333511,1.4205256508730637,True,False,False
False,True,False,-17.5244140625,1.0670323046589014,239.89146423339844,224.82118225097656,0.7333333333333333,0.7333333333333333,0.0,2,7,nearest,gnn,adopted_energy_lag,62,30,-29.10181426666645,0.938884912099977,True,False,False
False,True,False,-17.63720703125,1.0534280818475459,236.83294677734375,224.82118225097656,0.7333333333333333,0.7333333333333333,0.0,2,7,oracle,gnn,adopted_energy_lag,62,30,-29.10181426666645,0.938884912099977,True,False,False
False,True,False,-1.57421875,1.0347712687588113,1113.50634765625,1076.08935546875,0.8333333333333334,0.75,0.08333333333333337,2,8,nearest,gnn,adopted_energy_lag,62,31,9.845495233333168,2.2754320738340805,False,True,False
False,True,False,-37.068115234375,1.2371554352398164,1331.289794921875,1076.08935546875,0.8333333333333334,0.75,0.08333333333333337,2,8,oracle,gnn,adopted_energy_lag,62,31,9.845495233333168,2.2754320738340805,False,True,False
False,True,False,-4.12890625,1.0028527601534547,417.2471923828125,416.0602722167969,0.7333333333333333,0.7333333333333333,0.0,2,8,nearest,gnn,adopted_energy_lag,62,32,-18.389803533333406,1.0737661842589477,True,False,False
True,True,True,7.957763671875,1.097361983525389,456.5687255859375,416.0602722167969,0.7333333333333333,0.7333333333333333,0.0,2,8,oracle,gnn,adopted_energy_lag,62,32,-18.389803533333406,1.0737661842589477,True,False,False
True,True,True,32.1820068359375,1.1251136585748693,37.35127639770508,33.19778060913086,0.7333333333333333,0.7333333333333333,0.0,2,9,nearest,gnn,adopted_energy_lag,62,33,-29.992881900000157,1.0546219640231227,True,False,False
True,True,True,31.367919921875,1.1276181977361015,37.43442153930664,33.19778060913086,0.7333333333333333,0.7333333333333333,0.0,2,9,oracle,gnn,adopted_energy_lag,62,33,-29.992881900000157,1.0546219640231227,True,False,False
True,True,True,7.0655517578125,0.9994898485143389,317.1864929199219,317.348388671875,0.7333333333333333,0.7333333333333333,0.0,2,10,nearest,gnn,adopted_energy_lag,62,34,-25.233919433333313,0.7026394925209132,True,False,False
False,True,False,-24.0504150390625,1.064135033107437,337.7015380859375,317.348388671875,0.7333333333333333,0.7333333333333333,0.0,2,10,oracle,gnn,adopted_energy_lag,62,34,-25.233919433333313,0.7026394925209132,True,False,False
True,True,True,47.7125244140625,1.353002165936088,367.29669189453125,271.4679260253906,0.7333333333333333,0.7333333333333333,0.0,2,9,nearest,gnn,adopted_energy_lag,62,35,0.15501999999992222,0.788799427945216,True,True,True
True,True,True,55.577392578125,0.7130183584639402,193.56161499023438,271.4679260253906,0.7333333333333333,0.7333333333333333,0.0,2,9,oracle,gnn,adopted_energy_lag,62,35,0.15501999999992222,0.788799427945216,True,True,True
True,True,True,78.998291015625,0.24394926725055516,32.471134185791016,133.10609436035156,0.7333333333333333,0.7333333333333333,0.0,2,9,nearest,gnn,adopted_energy_lag,62,36,-40.231951699999854,1.7212548340709453,False,False,False
True,True,True,57.8995361328125,0.28518139072392934,37.959381103515625,133.10609436035156,0.7333333333333333,0.7333333333333333,0.0,2,9,oracle,gnn,adopted_energy_lag,62,36,-40.231951699999854,1.7212548340709453,False,False,False
False,True,False,-35.177978515625,1.3842805082445042,1227.7374267578125,886.9137573242188,0.8333333333333334,0.8166666666666667,0.01666666666666672,2,10,nearest,gnn,adopted_energy_lag,62,37,52.581156633333194,1.7867317201652058,False,True,False
False,True,False,-35.177978515625,1.3842805082445042,1227.7374267578125,886.9137573242188,0.8333333333333334,0.8166666666666667,0.01666666666666672,2,10,oracle,gnn,adopted_energy_lag,62,37,52.581156633333194,1.7867317201652058,False,True,False
True,True,True,0.03173828125,1.0324976375519026,27.88178253173828,27.004209518432617,0.7333333333333333,0.7333333333333333,0.0,2,10,nearest,gnn,adopted_energy_lag,62,38,-156.76538199999982,18.302379069111307,False,False,False
True,True,True,0.03173828125,1.0324976375519026,27.88178253173828,27.004209518432617,0.7333333333333333,0.7333333333333333,0.0,2,10,oracle,gnn,adopted_energy_lag,62,38,-156.76538199999982,18.302379069111307,False,False,False
False,False,True,39.01416015625,1.5055987201233845,62.08499526977539,41.236083984375,0.7333333333333333,0.7333333333333333,0.0,2,10,nearest,gnn,adopted_energy_lag,62,39,-22.37306046666663,1.0646953681608173,True,False,False
True,True,True,38.6912841796875,1.080344376654056,44.549171447753906,41.236083984375,0.7333333333333333,0.7333333333333333,0.0,2,10,oracle,gnn,adopted_energy_lag,62,39,-22.37306046666663,1.0646953681608173,True,False,False
True,True,True,0.0208740234375,0.9989903039585725,27.299152374267578,27.326744079589844,0.7333333333333333,0.7333333333333333,0.0,5,6,nearest,gnn,adopted_energy_lag,62,0,13.3473045333335,0.9704659905067647,True,True,True
False,True,False,-0.1119384765625,0.9950075674854701,27.190317153930664,27.326744079589844,0.7333333333333333,0.7333333333333333,0.0,5,6,oracle,gnn,adopted_energy_lag,62,0,13.3473045333335,0.9704659905067647,True,True,True
True,True,True,1.0037841796875,1.0001372669801383,516.3043823242188,516.2335205078125,0.7333333333333333,0.7333333333333333,0.0,5,7,nearest,gnn,adopted_energy_lag,62,1,3.3252081000000544,0.9420700980139742,True,True,True
True,True,True,2.1986083984375,1.0644045793494183,549.4813232421875,516.2335205078125,0.7333333333333333,0.7333333333333333,0.0,5,7,oracle,gnn,adopted_energy_lag,62,1,3.3252081000000544,0.9420700980139742,True,True,True
False,True,False,-1.490234375,1.023341183687222,381.2262268066406,372.5309143066406,0.7333333333333333,0.7333333333333333,0.0,5,7,nearest,gnn,adopted_energy_lag,62,2,-18.845238999999992,3.2973286921601397,False,False,False
False,True,False,-1.5860595703125,1.0291800021512083,383.4013671875,372.5309143066406,0.7333333333333333,0.7333333333333333,0.0,5,7,oracle,gnn,adopted_energy_lag,62,2,-18.845238999999992,3.2973286921601397,False,False,False
True,True,True,13.1431884765625,1.089918659352456,348.39019775390625,319.64788818359375,0.7333333333333333,0.7333333333333333,0.0,5,8,nearest,gnn,adopted_energy_lag,62,3,-9.26335620000009,1.074133994719162,True,False,False
True,True,True,13.3743896484375,1.089761893532522,348.340087890625,319.64788818359375,0.7333333333333333,0.7333333333333333,0.0,5,8,oracle,gnn,adopted_energy_lag,62,3,-9.26335620000009,1.074133994719162,True,False,False
False,True,False,-2.692626953125,1.0150741889202866,195.96470642089844,193.0545654296875,0.7333333333333333,0.7333333333333333,0.0,5,7,nearest,gnn,adopted_energy_lag,62,4,2.350205066666831,0.8729296766390969,True,True,True
True,True,True,1.125,0.9691833496363902,187.1052703857422,193.0545654296875,0.7333333333333333,0.7333333333333333,0.0,5,7,oracle,gnn,adopted_energy_lag,62,4,2.350205066666831,0.8729296766390969,True,True,True
False,False,False,-53.456787109375,5.775694070078841,183.60897827148438,31.789941787719727,0.7333333333333333,0.7333333333333333,0.0,5,7,nearest,gnn,adopted_energy_lag,62,5,0.8653949666668268,0.8988846708080834,True,True,True
False,False,False,-39.688720703125,2.482524088645375,78.91929626464844,31.789941787719727,0.7333333333333333,0.7333333333333333,0.0,5,7,oracle,gnn,adopted_energy_lag,62,5,0.8653949666668268,0.8988846708080834,True,True,True
True,True,True,6.0318603515625,0.9628174378100135,27.456369400024414,28.516693115234375,0.7333333333333333,0.7333333333333333,0.0,5,5,nearest,gnn,adopted_energy_lag,62,6,-21.01102406666655,1.144697025146817,True,False,False
True,True,True,5.084228515625,0.9570218233477984,27.29109764099121,28.516693115234375,0.7333333333333333,0.7333333333333333,0.0,5,5,oracle,gnn,adopted_energy_lag,62,6,-21.01102406666655,1.144697025146817,True,False,False
True,True,True,0.52392578125,0.9996771148135997,25.98921012878418,25.997604370117188,0.7333333333333333,0.7333333333333333,0.0,5,5,nearest,gnn,adopted_energy_lag,62,7,-0.484175633333507,1.0972293403021627,True,False,False
True,True,True,0.1693115234375,0.982115858336087,25.53265953063965,25.997604370117188,0.7333333333333333,0.7333333333333333,0.0,5,5,oracle,gnn,adopted_energy_lag,62,7,-0.484175633333507,1.0972293403021627,True,False,False
False,True,False,-5.10302734375,0.9994563826551558,493.1845703125,493.45281982421875,0.7333333333333333,0.7333333333333333,0.0,5,4,nearest,gnn,adopted_energy_lag,62,8,-2.1927924666665604,0.9932948758017908,True,False,False
False,True,False,-5.2554931640625,1.020284286514913,503.462158203125,493.45281982421875,0.7333333333333333,0.7333333333333333,0.0,5,4,oracle,gnn,adopted_energy_lag,62,8,-2.1927924666665604,0.9932948758017908,True,False,False
True,True,True,7.5501708984375,1.0008724282498498,405.9124450683594,405.5586242675781,0.7333333333333333,0.7333333333333333,0.0,5,5,nearest,gnn,adopted_energy_lag,62,9,-26.794813500000146,1.4367099728513775,True,False,False
True,True,True,7.5501708984375,1.0008724282498498,405.9124450683594,405.5586242675781,0.7333333333333333,0.7333333333333333,0.0,5,5,oracle,gnn,adopted_energy_lag,62,9,-26.794813500000146,1.4367099728513775,True,False,False
False,False,False,-3.611083984375,2.023716051948579,359.1102600097656,177.45091247558594,0.7333333333333333,0.7333333333333333,0.0,5,5,nearest,gnn,adopted_energy_lag,62,10,-31.787659133333364,2.043542248711771,False,False,False
False,False,False,-3.611083984375,2.023716051948579,359.1102600097656,177.45091247558594,0.7333333333333333,0.7333333333333333,0.0,5,5,oracle,gnn,adopted_energy_lag,62,10,-31.787659133333364,2.043542248711771,False,False,False
True,True,True,18.22412109375,1.0056117536691642,1432.048095703125,1424.056640625,0.95,0.9166666666666666,0.033333333333333326,5,5,nearest,gnn,adopted_energy_lag,62,11,-22.403558366666402,1.0875607122198734,True,False,False
True,True,True,14.848388671875,1.003122012653662,1428.5025634765625,1424.056640625,0.85,0.9166666666666666,-0.06666666666666665,5,5,oracle,gnn,adopted_energy_lag,62,11,-22.403558366666402,1.0875607122198734,True,False,False
True,True,True,1.004638671875,0.9997072111532903,31.833147048950195,31.842470169067383,0.7333333333333333,0.7333333333333333,0.0,5,5,nearest,gnn,adopted_energy_lag,62,12,-1.210080299999845,1.0742572997229898,True,False,False
True,True,True,1.4248046875,0.9994522788023091,31.825029373168945,31.842470169067383,0.7333333333333333,0.7333333333333333,0.0,5,5,oracle,gnn,adopted_energy_lag,62,12,-1.210080299999845,1.0742572997229898,True,False,False
True,True,True,23.468017578125,1.2981021838491695,643.4606323242188,495.693359375,0.75,0.7333333333333333,0.01666666666666672,5,5,nearest,gnn,adopted_energy_lag,62,13,4.62865069999998,0.9901217694367158,True,True,True
True,True,True,49.566650390625,1.4020882996118915,695.005859375,495.693359375,0.75,0.7333333333333333,0.01666666666666672,5,5,oracle,gnn,adopted_energy_lag,62,13,4.62865069999998,0.9901217694367158,True,True,True
False,True,False,-22.8973388671875,1.3146955413321328,251.33261108398438,191.17172241210938,0.7333333333333333,0.7333333333333333,0.0,5,4,nearest,gnn,adopted_energy_lag,62,14,-13.20142143333328,0.842551807862076,True,False,False
False,True,False,-10.020751953125,1.1388538092353273,217.71664428710938,191.17172241210938,0.7333333333333333,0.7333333333333333,0.0,5,4,oracle,gnn,adopted_energy_lag,62,14,-13.20142143333328,0.842551807862076,True,False,False
True,True,True,6.610595703125,0.9996880692997385,38.192447662353516,38.20436477661133,0.7333333333333333,0.7333333333333333,0.0,5,4,nearest,gnn,adopted_energy_lag,62,15,-7.655597133333458,1.0433885195640122,True,False,False
True,True,True,9.094970703125,0.8756292158447616,33.452857971191406,38.20436477661133,0.7333333333333333,0.7333333333333333,0.0,5,4,oracle,gnn,adopted_energy_lag,62,15,-7.655597133333458,1.0433885195640122,True,False,False
True,True,True,0.9246826171875,0.9977268795130898,412.160888671875,413.09991455078125,0.7333333333333333,0.7333333333333333,0.0,5,4,nearest,gnn,adopted_energy_lag,62,16,-4.02132030000007,0.6539386885826429,True,False,False
True,True,True,4.629150390625,0.7620596909472183,314.8067932128906,413.09991455078125,0.7333333333333333,0.7333333333333333,0.0,5,4,oracle,gnn,adopted_energy_lag,62,16,-4.02132030000007,0.6539386885826429,True,False,False
False,True,False,-14.8828125,1.1624024690137233,431.92340087890625,371.57818603515625,0.7333333333333333,0.7333333333333333,0.0,5,6,nearest,gnn,adopted_energy_lag,62,17,0.13575769999988552,0.7857258109763648,True,True,True
False,True,False,-7.5623779296875,1.1366573767106984,422.3570861816406,371.57818603515625,0.7333333333333333,0.7333333333333333,0.0,5,6,oracle,gnn,adopted_energy_lag,62,17,0.13575769999988552,0.7857258109763648,True,True,True
False,False,True,3.1126708984375,1.7430554011643185,218.92593383789062,125.59895324707031,0.7333333333333333,0.7333333333333333,0.0,5,6,nearest,gnn,adopted_energy_lag,62,18,-18.36624330000018,6.486719249757702,False,False,False
False,False,True,6.0888671875,1.5280518045065556,191.9217071533203,125.59895324707031,0.7333333333333333,0.7333333333333333,0.0,5,6,oracle,gnn,adopted_energy_lag,62,18,-18.36624330000018,6.486719249757702,False,False,False
True,True,True,21.376708984375,1.0819053493244972,1033.781494140625,955.5193481445312,0.8833333333333333,0.8333333333333334,0.04999999999999993,5,7,nearest,gnn,adopted_energy_lag,62,19,-33.49386996666681,1.0455987117837293,True,False,False
True,True,True,31.32421875,1.060076732189609,1012.923828125,955.5193481445312,0.9,0.8333333333333334,0.06666666666666665,5,7,oracle,gnn,adopted_energy_lag,62,19,-33.49386996666681,1.0455987117837293,True,False,False
True,True,True,0.5615234375,1.002118115677064,27.260616302490234,27.2029972076416,0.7333333333333333,0.7333333333333333,0.0,5,7,nearest,gnn,adopted_energy_lag,62,20,-9.941659633333302,1.2986966507988968,True,False,False
True,True,True,0.3909912109375,1.0034054341527134,27.295635223388672,27.2029972076416,0.7333333333333333,0.7333333333333333,0.0,5,7,oracle,gnn,adopted_energy_lag,62,20,-9.941659633333302,1.2986966507988968,True,False,False
True,True,True,10.0357666015625,1.0090132516839523,29.05177879333496,28.792266845703125,0.7333333333333333,0.7333333333333333,0.0,5,7,nearest,gnn,adopted_energy_lag,62,21,-1.909318966666433,1.0114121649227068,True,False,False
True,True,True,10.6375732421875,1.0090828091132156,29.053781509399414,28.792266845703125,0.7333333333333333,0.7333333333333333,0.0,5,7,oracle,gnn,adopted_energy_lag,62,21,-1.909318966666433,1.0114121649227068,True,False,False
True,True,True,8.37890625,0.9825132091172284,93.39674377441406,95.05902099609375,0.7333333333333333,0.7333333333333333,0.0,5,7,nearest,gnn,adopted_energy_lag,62,22,6.858160399999861,0.8322471387823595,True,True,True
True,True,True,8.403076171875,0.979701235419247,93.12944030761719,95.05902099609375,0.7333333333333333,0.7333333333333333,0.0,5,7,oracle,gnn,adopted_energy_lag,62,22,6.858160399999861,0.8322471387823595,True,True,True
True,True,True,16.359130859375,0.9657516450751938,55.15745162963867,57.113494873046875,0.7333333333333333,0.7333333333333333,0.0,5,7,nearest,gnn,adopted_energy_lag,62,23,-22.835088999999698,0.9526434006840487,True,False,False
True,True,True,20.59814453125,0.9253285474981232,52.84874725341797,57.113494873046875,0.7333333333333333,0.7333333333333333,0.0,5,7,oracle,gnn,adopted_energy_lag,62,23,-22.835088999999698,0.9526434006840487,True,False,False
True,True,True,42.185546875,0.8819210598236131,51.94776916503906,58.90296936035156,0.7333333333333333,0.7333333333333333,0.0,5,7,nearest,gnn,adopted_energy_lag,62,24,-27.856779966666636,3.5984628934744975,False,False,False
False,False,True,32.08642578125,1.5008825818952845,88.40644073486328,58.90296936035156,0.7333333333333333,0.7333333333333333,0.0,5,7,oracle,gnn,adopted_energy_lag,62,24,-27.856779966666636,3.5984628934744975,False,False,False
True,True,True,9.9117431640625,0.9874062906078653,30.570615768432617,30.96052360534668,0.7333333333333333,0.7333333333333333,0.0,5,7,nearest,gnn,adopted_energy_lag,62,25,-44.0325289333332,2.007958379892395,False,False,False
True,True,True,13.040283203125,0.9601255674589648,29.725990295410156,30.96052360534668,0.7333333333333333,0.7333333333333333,0.0,5,7,oracle,gnn,adopted_energy_lag,62,25,-44.0325289333332,2.007958379892395,False,False,False
False,False,False,-9.29296875,2.0159065739983166,97.19522857666016,48.21415328979492,0.7333333333333333,0.7333333333333333,0.0,5,7,nearest,gnn,adopted_energy_lag,62,26,4.443997666666746,2.3270396136380302,False,True,False
False,False,False,-8.828857421875,1.6288411210620164,78.53319549560547,48.21415328979492,0.7333333333333333,0.7333333333333333,0.0,5,7,oracle,gnn,adopted_energy_lag,62,26,4.443997666666746,2.3270396136380302,False,True,False
True,True,True,12.6865234375,1.0074533778145958,32.0683708190918,31.83112144470215,0.7333333333333333,0.7333333333333333,0.0,5,7,nearest,gnn,adopted_energy_lag,62,27,-10.74282733333348,1.128957531252182,True,False,False
True,True,True,12.6865234375,1.0074533778145958,32.0683708190918,31.83112144470215,0.7333333333333333,0.7333333333333333,0.0,5,7,oracle,gnn,adopted_energy_lag,62,27,-10.74282733333348,1.128957531252182,True,False,False
False,True,False,-4.35546875,1.0106324901512647,136.94378662109375,135.5030517578125,0.7333333333333333,0.7333333333333333,0.0,5,7,nearest,gnn,adopted_energy_lag,62,28,-9.27497563333327,1.951311215029413,False,False,False
False,True,False,-4.35546875,1.0106324901512647,136.94378662109375,135.5030517578125,0.7333333333333333,0.7333333333333333,0.0,5,7,oracle,gnn,adopted_energy_lag,62,28,-9.27497563333327,1.951311215029413,False,False,False
True,True,True,15.0902099609375,1.1557925468858623,367.4903564453125,317.9552917480469,0.7333333333333333,0.7333333333333333,0.0,5,7,nearest,gnn,adopted_energy_lag,62,29,7.813186133333147,1.3014817818001727,True,True,True
True,True,True,17.0347900390625,1.1570635235923972,367.89447021484375,317.9552917480469,0.7333333333333333,0.7333333333333333,0.0,5,7,oracle,gnn,adopted_energy_lag,62,29,7.813186133333147,1.3014817818001727,True,True,True
False,False,False,-30.69482421875,1.6699931267260812,375.4498291015625,224.82118225097656,0.7333333333333333,0.7333333333333333,0.0,5,7,nearest,gnn,adopted_energy_lag,62,30,-8.476232699999855,2.4789952948156806,False,False,False
False,False,False,-5.323486328125,1.630812003979128,366.6410827636719,224.82118225097656,0.7333333333333333,0.7333333333333333,0.0,5,7,oracle,gnn,adopted_energy_lag,62,30,-8.476232699999855,2.4789952948156806,False,False,False
True,True,True,25.7021484375,0.9403108722946542,1011.8585205078125,1076.08935546875,0.7833333333333333,0.75,0.033333333333333326,5,6,nearest,gnn,adopted_energy_lag,62,31,11.82771433333346,1.493777973208824,True,True,True
True,True,True,17.79052734375,0.8351281813351387,898.6725463867188,1076.08935546875,0.8,0.75,0.050000000000000044,5,6,oracle,gnn,adopted_energy_lag,62,31,11.82771433333346,1.493777973208824,True,True,True
False,True,False,-20.188720703125,1.3807054011148892,574.4566650390625,416.0602722167969,0.7333333333333333,0.7333333333333333,0.0,5,6,nearest,gnn,adopted_energy_lag,62,32,6.5577189666669256,1.1237523293220069,True,True,True
True,True,True,9.182373046875,1.0741704437089827,446.9196472167969,416.0602722167969,0.7333333333333333,0.7333333333333333,0.0,5,6,oracle,gnn,adopted_energy_lag,62,32,6.5577189666669256,1.1237523293220069,True,True,True
True,True,True,13.491943359375,0.9944201726403802,33.012542724609375,33.19778060913086,0.7333333333333333,0.7333333333333333,0.0,5,5,nearest,gnn,adopted_energy_lag,62,33,-6.926185066666903,1.0573869204931485,True,False,False
True,True,True,10.273681640625,1.1017188083697755,36.57461929321289,33.19778060913086,0.7333333333333333,0.7333333333333333,0.0,5,5,oracle,gnn,adopted_energy_lag,62,33,-6.926185066666903,1.0573869204931485,True,False,False
False,True,False,-31.29833984375,0.97636782143294,309.8487548828125,317.348388671875,0.7333333333333333,0.7333333333333333,0.0,5,4,nearest,gnn,adopted_energy_lag,62,34,-6.736180266666679,0.6472252025817352,True,False,False
False,True,False,-51.959716796875,0.9694209141145309,307.6441650390625,317.348388671875,0.7333333333333333,0.7333333333333333,0.0,5,4,oracle,gnn,adopted_energy_lag,62,34,-6.736180266666679,0.6472252025817352,True,False,False
False,True,False,-8.8951416015625,1.004907446618,272.8001403808594,271.4679260253906,0.7333333333333333,0.7333333333333333,0.0,5,5,nearest,gnn,adopted_energy_lag,62,35,-5.791637033333473,0.8318046997818237,True,False,False
True,True,True,3.2301025390625,1.0281699846697097,279.11517333984375,271.4679260253906,0.7333333333333333,0.7333333333333333,0.0,5,5,oracle,gnn,adopted_energy_lag,62,35,-5.791637033333473,0.8318046997818237,True,False,False
True,True,True,12.815673828125,0.9164546755042077,121.98570251464844,133.10609436035156,0.7333333333333333,0.7333333333333333,0.0,5,4,nearest,gnn,adopted_energy_lag,62,36,-33.18429190000006,1.3713615502857015,True,False,False
False,True,False,-3.5220947265625,0.9138573037246134,121.63997650146484,133.10609436035156,0.7333333333333333,0.7333333333333333,0.0,5,4,oracle,gnn,adopted_energy_lag,62,36,-33.18429190000006,1.3713615502857015,True,False,False
True,True,True,17.97216796875,1.3646350489412604,1210.3135986328125,886.9137573242188,0.8333333333333334,0.8166666666666667,0.01666666666666672,5,4,nearest,gnn,adopted_energy_lag,62,37,40.98335760000009,1.2556626276546545,True,True,True
True,True,True,3.708740234375,1.1252625128215539,998.0108032226562,886.9137573242188,0.8333333333333334,0.8166666666666667,0.01666666666666672,5,4,oracle,gnn,adopted_energy_lag,62,37,40.98335760000009,1.2556626276546545,True,True,True
True,True,True,1.1812744140625,0.9777024735797465,26.402082443237305,27.004209518432617,0.7333333333333333,0.7333333333333333,0.0,5,4,nearest,gnn,adopted_energy_lag,62,38,-63.89541356666655,5.709797079319204,False,False,False
True,True,True,1.6878662109375,0.9608487310657174,25.94696044921875,27.004209518432617,0.7333333333333333,0.7333333333333333,0.0,5,4,oracle,gnn,adopted_energy_lag,62,38,-63.89541356666655,5.709797079319204,False,False,False
True,True,True,12.8795166015625,1.058145614642724,43.63378143310547,41.236083984375,0.7333333333333333,0.7333333333333333,0.0,5,4,nearest,gnn,adopted_energy_lag,62,39,-10.009482766666451,1.0161964744581722,True,False,False
True,True,True,14.458251953125,0.9377293291119755,38.66828536987305,41.236083984375,0.7333333333333333,0.7333333333333333,0.0,5,4,oracle,gnn,adopted_energy_lag,62,39,-10.009482766666451,1.0161964744581722,True,False,False
False,True,False,-13.6673583984375,0.9933934626571291,21.605134963989258,21.74881935119629,0.7166666666666667,0.7166666666666667,0.0,0,10,nearest,gnn,adopted_energy_lag,63,0,12.954174100000046,1.0466252182086921,True,True,True
False,True,False,-13.6673583984375,0.9933934626571291,21.605134963989258,21.74881935119629,0.7166666666666667,0.7166666666666667,0.0,0,10,oracle,gnn,adopted_energy_lag,63,0,12.954174100000046,1.0466252182086921,True,True,True
True,True,True,19.2625732421875,0.8520694248080303,20.64278793334961,24.22665023803711,0.7166666666666667,0.7166666666666667,0.0,0,10,nearest,gnn,adopted_energy_lag,63,1,-26.994391266666298,0.9753126192180266,True,False,False
True,True,True,18.195556640625,0.8649090022455188,20.953847885131836,24.22665023803711,0.7166666666666667,0.7166666666666667,0.0,0,10,oracle,gnn,adopted_energy_lag,63,1,-26.994391266666298,0.9753126192180266,True,False,False
False,False,False,-9.2886962890625,1.7425251435021585,295.7383117675781,169.71824645996094,0.7166666666666667,0.7166666666666667,0.0,0,10,nearest,gnn,adopted_energy_lag,63,2,-2.8661634333334405,1.1218063284866846,True,False,False
False,False,False,-9.2886962890625,1.7425251435021585,295.7383117675781,169.71824645996094,0.7166666666666667,0.7166666666666667,0.0,0,10,oracle,gnn,adopted_energy_lag,63,2,-2.8661634333334405,1.1218063284866846,True,False,False
False,True,False,-10.786865234375,1.0061508038127325,404.07867431640625,401.60845947265625,0.7166666666666667,0.7166666666666667,0.0,0,10,nearest,gnn,adopted_energy_lag,63,3,3.0462916999999834,0.8927186375688857,True,True,True
False,True,False,-10.786865234375,1.0061508038127325,404.07867431640625,401.60845947265625,0.7166666666666667,0.7166666666666667,0.0,0,10,oracle,gnn,adopted_energy_lag,63,3,3.0462916999999834,0.8927186375688857,True,True,True
False,False,False,-10.593017578125,2.7286475188663957,551.559814453125,202.13670349121094,0.7166666666666667,0.7166666666666667,0.0,0,10,nearest,gnn,adopted_energy_lag,63,4,2.813345133333314,1.051048594502166,True,True,True
False,False,False,-7.5374755859375,2.3158948462512656,468.1273498535156,202.13670349121094,0.7166666666666667,0.7166666666666667,0.0,0,10,oracle,gnn,adopted_energy_lag,63,4,2.813345133333314,1.051048594502166,True,True,True
False,True,False,-10.5037841796875,0.9855249301412615,23.71512222290039,24.06344223022461,0.7166666666666667,0.7166666666666667,0.0,0,10,nearest,gnn,adopted_energy_lag,63,5,2.285624199999802,1.003657739076402,True,True,True
False,True,False,-9.4122314453125,0.9751083014549419,23.464462280273438,24.06344223022461,0.7166666666666667,0.7166666666666667,0.0,0,10,oracle,gnn,adopted_energy_lag,63,5,2.285624199999802,1.003657739076402,True,True,True
False,True,False,-12.067626953125,0.9999109071022424,30.86836051940918,30.871110916137695,0.7166666666666667,0.7166666666666667,0.0,0,10,nearest,gnn,adopted_energy_lag,63,6,-9.482441599999902,1.0307033737750788,True,False,False
False,True,False,-11.1807861328125,0.8673540206382895,26.776182174682617,30.871110916137695,0.7166666666666667,0.7166666666666667,0.0,0,10,oracle,gnn,adopted_energy_lag,63,6,-9.482441599999902,1.0307033737750788,True,False,False
False,True,False,-12.5633544921875,0.9355426700076536,22.741073608398438,24.30789566040039,0.7166666666666667,0.7166666666666667,0.0,0,10,nearest,gnn,adopted_energy_lag,63,7,-0.3888261333331684,1.091147026684883,True,False,False
False,True,False,-10.93359375,0.9359197001837208,22.7502384185791,24.30789566040039,0.7166666666666667,0.7166666666666667,0.0,0,10,oracle,gnn,adopted_energy_lag,63,7,-0.3888261333331684,1.091147026684883,True,False,False
False,False,True,56.6365966796875,3.2510071259941995,325.7138977050781,100.18861389160156,0.7166666666666667,0.7166666666666667,0.0,0,11,nearest,gnn,adopted_energy_lag,63,8,-29.794029100000216,2.7557325077319574,False,False,False
False,False,True,49.259765625,2.5648385666622144,256.9676208496094,100.18861389160156,0.7166666666666667,0.7166666666666667,0.0,0,11,oracle,gnn,adopted_energy_lag,63,8,-29.794029100000216,2.7557325077319574,False,False,False
False,True,False,-11.83740234375,1.064684971874147,372.6573181152344,350.0165100097656,0.7166666666666667,0.7166666666666667,0.0,0,11,nearest,gnn,adopted_energy_lag,63,9,-4.002453766666804,1.0856809774601945,True,False,False
False,True,False,-6.551025390625,1.1935371003443005,417.7576904296875,350.0165100097656,0.7166666666666667,0.7166666666666667,0.0,0,11,oracle,gnn,adopted_energy_lag,63,9,-4.002453766666804,1.0856809774601945,True,False,False
False,True,False,-4.2537841796875,0.9960194117931126,54.91775131225586,55.137229919433594,0.7166666666666667,0.7166666666666667,0.0,0,11,nearest,gnn,adopted_energy_lag,63,10,-0.1652116999998725,1.0354473052496123,True,False,False
False,True,False,-8.548583984375,1.0746594654699972,59.253746032714844,55.137229919433594,0.7166666666666667,0.7166666666666667,0.0,0,11,oracle,gnn,adopted_energy_lag,63,10,-0.1652116999998725,1.0354473052496123,True,False,False
False,False,False,-10.44140625,1.5460082328327769,894.0680541992188,578.3074340820312,0.7333333333333333,0.7166666666666667,0.016666666666666607,0,11,nearest,gnn,adopted_energy_lag,63,11,57.488783266666815,3.3252544886344717,False,True,False
False,True,False,-5.03466796875,1.4839723824481486,858.1922607421875,578.3074340820312,0.7333333333333333,0.7166666666666667,0.016666666666666607,0,11,oracle,gnn,adopted_energy_lag,63,11,57.488783266666815,3.3252544886344717,False,True,False
False,True,False,-12.2906494140625,0.9325861964862789,23.037519454956055,24.702831268310547,0.7166666666666667,0.7166666666666667,0.0,0,11,nearest,gnn,adopted_energy_lag,63,12,-109.89202483333338,11.232045159252701,False,False,False
False,True,False,-12.769287109375,0.9502817379251259,23.47464942932129,24.702831268310547,0.7166666666666667,0.7166666666666667,0.0,0,11,oracle,gnn,adopted_energy_lag,63,12,-109.89202483333338,11.232045159252701,False,False,False
True,True,True,64.6402587890625,1.0776598328119347,336.1302185058594,311.90753173828125,0.7166666666666667,0.7166666666666667,0.0,0,11,nearest,gnn,adopted_energy_lag,63,13,-29.982227400000056,0.8240233358457383,True,False,False
True,True,True,63.5396728515625,1.084481163800197,338.2578430175781,311.90753173828125,0.7166666666666667,0.7166666666666667,0.0,0,11,oracle,gnn,adopted_energy_lag,63,13,-29.982227400000056,0.8240233358457383,True,False,False
False,False,False,-50.1292724609375,4.730221383845856,260.6003112792969,55.09262466430664,0.7166666666666667,0.7166666666666667,0.0,0,11,nearest,gnn,adopted_energy_lag,63,14,-63.23959290000016,3.307600080710403,False,False,False
False,False,False,-49.6727294921875,4.7302933950303006,260.6042785644531,55.09262466430664,0.7166666666666667,0.7166666666666667,0.0,0,11,oracle,gnn,adopted_energy_lag,63,14,-63.23959290000016,3.307600080710403,False,False,False
True,True,True,17.0936279296875,1.0751013853161895,29.0305118560791,27.002580642700195,0.7166666666666667,0.7166666666666667,0.0,0,11,nearest,gnn,adopted_energy_lag,63,15,-28.934249099999988,1.121880210124218,True,False,False
True,True,True,15.8131103515625,1.0766980367276444,29.073625564575195,27.002580642700195,0.7166666666666667,0.7166666666666667,0.0,0,11,oracle,gnn,adopted_energy_lag,63,15,-28.934249099999988,1.121880210124218,True,False,False
False,False,True,80.3873291015625,3.9786064612824092,643.8770141601562,161.83480834960938,0.7166666666666667,0.7166666666666667,0.0,0,11,nearest,gnn,adopted_energy_lag,63,16,21.08802680000008,3.7662499200027826,False,True,False
False,False,True,79.4241943359375,3.2805140785324842,530.9013671875,161.83480834960938,0.7166666666666667,0.7166666666666667,0.0,0,11,oracle,gnn,adopted_energy_lag,63,16,21.08802680000008,3.7662499200027826,False,True,False
False,True,False,-24.776611328125,1.291173749394663,38.873016357421875,30.106727600097656,0.7166666666666667,0.7166666666666667,0.0,0,11,nearest,gnn,adopted_energy_lag,63,17,-81.71247656666674,14.185323975989512,False,False,False
False,False,False,-38.4013671875,2.1387347512726964,64.39030456542969,30.106727600097656,0.7166666666666667,0.7166666666666667,0.0,0,11,oracle,gnn,adopted_energy_lag,63,17,-81.71247656666674,14.185323975989512,False,False,False
False,True,False,-14.14013671875,1.2262429296249147,37.37821578979492,30.481901168823242,0.7166666666666667,0.7166666666666667,0.0,0,11,nearest,gnn,adopted_energy_lag,63,18,-8.763469966666662,1.0624800005529922,True,False,False
False,True,False,-5.7850341796875,1.2027036607483936,36.66069412231445,30.481901168823242,0.7166666666666667,0.7166666666666667,0.0,0,11,oracle,gnn,adopted_energy_lag,63,18,-8.763469966666662,1.0624800005529922,True,False,False
False,True,False,-89.41943359375,1.3107807588790783,928.022216796875,707.991943359375,0.7166666666666667,0.7166666666666667,0.0,0,11,nearest,gnn,adopted_energy_lag,63,19,58.01158396666642,1.9728585778428331,False,True,False
False,True,False,-80.50244140625,1.3427513030464475,950.6571044921875,707.991943359375,0.7166666666666667,0.7166666666666667,0.0,0,11,oracle,gnn,adopted_energy_lag,63,19,58.01158396666642,1.9728585778428331,False,True,False
False,True,False,-11.9312744140625,0.9695990021151686,23.217933654785156,23.945913314819336,0.7166666666666667,0.7166666666666667,0.0,0,11,nearest,gnn,adopted_energy_lag,63,20,-48.828660433333425,3.486709502309199,False,False,False
False,True,False,-11.068603515625,0.970873997525201,23.248464584350586,23.945913314819336,0.7166666666666667,0.7166666666666667,0.0,0,11,oracle,gnn,adopted_energy_lag,63,20,-48.828660433333425,3.486709502309199,False,False,False
True,True,True,11.0018310546875,1.097844539856004,28.978469848632812,26.39578628540039,0.7166666666666667,0.7166666666666667,0.0,0,11,nearest,gnn,adopted_energy_lag,63,21,-25.245410900000024,1.04886526677428,True,False,False
True,True,True,6.30517578125,1.0918112978443375,28.819217681884766,26.39578628540039,0.7166666666666667,0.7166666666666667,0.0,0,11,oracle,gnn,adopted_energy_lag,63,21,-25.245410900000024,1.04886526677428,True,False,False
True,True,True,73.517333984375,0.7515785597592376,27.90517807006836,37.12875747680664,0.7166666666666667,0.7166666666666667,0.0,0,11,nearest,gnn,adopted_energy_lag,63,22,-43.21145640000009,1.5781218930610448,False,False,False
True,True,True,62.1611328125,0.7458974193269325,27.694244384765625,37.12875747680664,0.7166666666666667,0.7166666666666667,0.0,0,11,oracle,gnn,adopted_energy_lag,63,22,-43.21145640000009,1.5781218930610448,False,False,False
True,True,True,17.9921875,1.0818995210919677,29.858848571777344,27.598541259765625,0.7166666666666667,0.7166666666666667,0.0,0,11,nearest,gnn,adopted_energy_lag,63,23,-49.28956599999992,1.978088265654754,False,False,False
True,True,True,15.1492919921875,1.0357555545480783,28.585342407226562,27.598541259765625,0.7166666666666667,0.7166666666666667,0.0,0,11,oracle,gnn,adopted_energy_lag,63,23,-49.28956599999992,1.978088265654754,False,False,False
False,True,False,-6.439697265625,0.9474994691412755,38.80922317504883,40.959625244140625,0.7166666666666667,0.7166666666666667,0.0,0,11,nearest,gnn,adopted_energy_lag,63,24,-11.217587366666521,1.2048270875121019,True,False,False
True,True,True,1.226318359375,0.8507106987590944,34.844791412353516,40.959625244140625,0.7166666666666667,0.7166666666666667,0.0,0,11,oracle,gnn,adopted_energy_lag,63,24,-11.217587366666521,1.2048270875121019,True,False,False
False,False,True,31.7711181640625,4.513213552687823,194.94154357910156,43.193511962890625,0.7166666666666667,0.7166666666666667,0.0,0,10,nearest,gnn,adopted_energy_lag,63,25,-2.4405343333332894,7.712131694308852,False,False,False
False,False,True,34.6282958984375,4.750868503884157,205.20669555664062,43.193511962890625,0.7166666666666667,0.7166666666666667,0.0,0,10,oracle,gnn,adopted_energy_lag,63,25,-2.4405343333332894,7.712131694308852,False,False,False
False,True,False,-10.7406005859375,1.0234150848000694,27.932931900024414,27.29384422302246,0.7166666666666667,0.7166666666666667,0.0,0,10,nearest,gnn,adopted_energy_lag,63,26,-34.51450276666674,1.417209357264147,True,False,False
False,True,False,-22.493408203125,0.9879697424882956,26.965492248535156,27.29384422302246,0.7166666666666667,0.7166666666666667,0.0,0,10,oracle,gnn,adopted_energy_lag,63,26,-34.51450276666674,1.417209357264147,True,False,False
True,True,True,3.310546875,1.0983571356483468,28.79117202758789,26.212942123413086,0.7166666666666667,0.7166666666666667,0.0,0,10,nearest,gnn,adopted_energy_lag,63,27,-27.88592963333349,1.1848992137319436,True,False,False
True,True,True,8.41455078125,1.0871741672257944,28.49803352355957,26.212942123413086,0.7166666666666667,0.7166666666666667,0.0,0,10,oracle,gnn,adopted_energy_lag,63,27,-27.88592963333349,1.1848992137319436,True,False,False
True,True,True,52.6607666015625,0.12463260827717886,27.237228393554688,218.54014587402344,0.7166666666666667,0.7166666666666667,0.0,0,11,nearest,gnn,adopted_energy_lag,63,28,-48.657563900000014,4.112331290729349,False,False,False
True,True,True,65.429443359375,0.12179056994338947,26.61612892150879,218.54014587402344,0.7166666666666667,0.7166666666666667,0.0,0,11,oracle,gnn,adopted_energy_lag,63,28,-48.657563900000014,4.112331290729349,False,False,False
False,False,False,-73.517822265625,9.541646437782651,561.541748046875,58.851661682128906,0.7166666666666667,0.7166666666666667,0.0,0,11,nearest,gnn,adopted_energy_lag,63,29,-18.03406843333346,2.154555552971401,False,False,False
False,False,False,-80.4136962890625,6.69703369478487,394.1315612792969,58.851661682128906,0.7166666666666667,0.7166666666666667,0.0,0,11,oracle,gnn,adopted_energy_lag,63,29,-18.03406843333346,2.154555552971401,False,False,False
True,True,True,38.6231689453125,1.0007648700336984,78.08224487304688,78.02256774902344,0.7166666666666667,0.7166666666666667,0.0,0,11,nearest,gnn,adopted_energy_lag,63,30,-20.189823066666577,0.9395124975081818,True,False,False
True,True,True,38.732421875,1.0009139913327767,78.09387969970703,78.02256774902344,0.7166666666666667,0.7166666666666667,0.0,0,11,oracle,gnn,adopted_energy_lag,63,30,-20.189823066666577,0.9395124975081818,True,False,False
True,True,True,51.9632568359375,0.6080635482429961,75.01172637939453,123.36165618896484,0.7166666666666667,0.7166666666666667,0.0,0,12,nearest,gnn,adopted_energy_lag,63,31,-13.909533033333219,1.4597823416991855,True,False,False
False,False,True,23.9189453125,2.10768743329549,260.0078125,123.36165618896484,0.7166666666666667,0.7166666666666667,0.0,0,12,oracle,gnn,adopted_energy_lag,63,31,-13.909533033333219,1.4597823416991855,True,False,False
False,False,True,59.5015869140625,4.276420833926784,467.76739501953125,109.38291931152344,0.7166666666666667,0.7166666666666667,0.0,0,10,nearest,gnn,adopted_energy_lag,63,32,-31.577409333333208,2.1375861456097587,False,False,False
False,False,True,28.5986328125,2.2957583009823925,251.1167449951172,109.38291931152344,0.7166666666666667,0.7166666666666667,0.0,0,10,oracle,gnn,adopted_energy_lag,63,32,-31.577409333333208,2.1375861456097587,False,False,False
True,True,True,8.145263671875,1.1040808571003704,29.441734313964844,26.666284561157227,0.7166666666666667,0.7166666666666667,0.0,0,11,nearest,gnn,adopted_energy_lag,63,33,-27.853849899999886,1.12526235423446,True,False,False
False,True,False,-0.0223388671875,1.0869662586861006,28.9853515625,26.666284561157227,0.7166666666666667,0.7166666666666667,0.0,0,11,oracle,gnn,adopted_energy_lag,63,33,-27.853849899999886,1.12526235423446,True,False,False
False,False,True,39.1563720703125,3.9586070090326353,638.0512084960938,161.1807403564453,0.7166666666666667,0.7166666666666667,0.0,0,12,nearest,gnn,adopted_energy_lag,63,34,-28.661509066666667,1.6476689507468143,False,False,False
False,False,True,30.9617919921875,3.4092026225911405,549.497802734375,161.1807403564453,0.7166666666666667,0.7166666666666667,0.0,0,12,oracle,gnn,adopted_energy_lag,63,34,-28.661509066666667,1.6476689507468143,False,False,False
True,True,True,30.165283203125,0.47372166269078897,32.97067642211914,69.59925842285156,0.7166666666666667,0.7166666666666667,0.0,0,12,nearest,gnn,adopted_energy_lag,63,35,-24.763681099999985,2.187073839464607,False,False,False
True,True,True,8.4337158203125,1.1863523585713325,82.56924438476562,69.59925842285156,0.7166666666666667,0.7166666666666667,0.0,0,12,oracle,gnn,adopted_energy_lag,63,35,-24.763681099999985,2.187073839464607,False,False,False
False,True,False,-15.1971435546875,1.372879947035457,85.43211364746094,62.2283935546875,0.7166666666666667,0.7166666666666667,0.0,0,12,nearest,gnn,adopted_energy_lag,63,36,-3.3719171666666625,0.4774937145772917,True,False,False
False,False,False,-23.1629638671875,1.6577273061644844,103.15770721435547,62.2283935546875,0.7166666666666667,0.7166666666666667,0.0,0,12,oracle,gnn,adopted_energy_lag,63,36,-3.3719171666666625,0.4774937145772917,True,False,False
False,False,True,35.0693359375,1.6203665540667787,1562.335693359375,964.1865844726562,0.8,0.8,0.0,0,13,nearest,gnn,adopted_energy_lag,63,37,80.17076253333289,2.145269383794934,False,True,False
False,False,True,22.49609375,1.5423012371850184,1487.066162109375,964.1865844726562,0.9166666666666666,0.8,0.11666666666666659,0,13,oracle,gnn,adopted_energy_lag,63,37,80.17076253333289,2.145269383794934,False,True,False
False,True,False,-8.7845458984375,0.9674731874107393,22.818090438842773,23.585243225097656,0.7166666666666667,0.7166666666666667,0.0,0,14,nearest,gnn,adopted_energy_lag,63,38,-155.46449766666638,17.641663732881526,False,False,False
False,True,False,-10.6258544921875,0.9743960192342218,22.981367111206055,23.585243225097656,0.7166666666666667,0.7166666666666667,0.0,0,14,oracle,gnn,adopted_energy_lag,63,38,-155.46449766666638,17.641663732881526,False,False,False
True,True,True,23.7857666015625,1.0944556364030116,29.264768600463867,26.73910903930664,0.7166666666666667,0.7166666666666667,0.0,0,14,nearest,gnn,adopted_energy_lag,63,39,-35.25739616666647,1.0720772704029768,True,False,False
True,True,True,15.4920654296875,1.0501846280838696,28.08100128173828,26.73910903930664,0.7166666666666667,0.7166666666666667,0.0,0,14,oracle,gnn,adopted_energy_lag,63,39,-35.25739616666647,1.0720772704029768,True,False,False
False,True,False,-8.7230224609375,1.0647246318726926,23.156503677368164,21.74881935119629,0.7166666666666667,0.7166666666666667,0.0,1,16,nearest,gnn,adopted_energy_lag,63,0,13.160502400000041,1.0219346546081447,True,True,True
False,True,False,-10.4010009765625,1.0693381228653527,23.2568416595459,21.74881935119629,0.7166666666666667,0.7166666666666667,0.0,1,16,oracle,gnn,adopted_energy_lag,63,0,13.160502400000041,1.0219346546081447,True,True,True
False,False,False,-106.5128173828125,4.687675753451771,113.56668090820312,24.22665023803711,0.7166666666666667,0.7166666666666667,0.0,1,15,nearest,gnn,adopted_energy_lag,63,1,-3.746132466666495,1.0766557459264756,True,False,False
False,False,False,-109.4376220703125,4.897250471628222,118.64397430419922,24.22665023803711,0.7166666666666667,0.7166666666666667,0.0,1,15,oracle,gnn,adopted_energy_lag,63,1,-3.746132466666495,1.0766557459264756,True,False,False
True,True,True,71.0716552734375,0.1333157640869019,22.626117706298828,169.71824645996094,0.7166666666666667,0.7166666666666667,0.0,1,15,nearest,gnn,adopted_energy_lag,63,2,-55.70577943333319,0.13017401860911013,True,False,False
True,True,True,69.7821044921875,0.13334875980599956,22.631717681884766,169.71824645996094,0.7166666666666667,0.7166666666666667,0.0,1,15,oracle,gnn,adopted_energy_lag,63,2,-55.70577943333319,0.13017401860911013,True,False,False
True,True,True,5.39208984375,1.0295188278700471,413.4634704589844,401.60845947265625,0.7166666666666667,0.7166666666666667,0.0,1,15,nearest,gnn,adopted_energy_lag,63,3,3.248421633333237,0.8363527173247786,True,True,True
True,True,True,5.39208984375,1.0295188278700471,413.4634704589844,401.60845947265625,0.7166666666666667,0.7166666666666667,0.0,1,15,oracle,gnn,adopted_energy_lag,63,3,3.248421633333237,0.8363527173247786,True,True,True
False,True,False,-4.019775390625,0.8996800916357539,181.85836791992188,202.13670349121094,0.7166666666666667,0.7166666666666667,0.0,1,15,nearest,gnn,adopted_energy_lag,63,4,0.8074828666665326,0.9838470244728311,True,True,True
False,True,False,-5.09521484375,0.9196753646101589,185.900146484375,202.13670349121094,0.7166666666666667,0.7166666666666667,0.0,1,15,oracle,gnn,adopted_energy_lag,63,4,0.8074828666665326,0.9838470244728311,True,True,True
False,True,False,-8.5987548828125,0.9745840537709768,23.451847076416016,24.06344223022461,0.7166666666666667,0.7166666666666667,0.0,1,15,nearest,gnn,adopted_energy_lag,63,5,-2.4399545000001126,1.0093718710014015,True,False,False
False,True,False,-6.1309814453125,0.978847866239004,23.5544490814209,24.06344223022461,0.7166666666666667,0.7166666666666667,0.0,1,15,oracle,gnn,adopted_energy_lag,63,5,-2.4399545000001126,1.0093718710014015,True,False,False
False,True,False,-17.573974609375,1.1356728518679822,35.05948257446289,30.871110916137695,0.7166666666666667,0.7166666666666667,0.0,1,16,nearest,gnn,adopted_energy_lag,63,6,-8.108328266666604,1.046481014994576,True,False,False
False,True,False,-4.2158203125,0.8470910705500214,26.15064239501953,30.871110916137695,0.7166666666666667,0.7166666666666667,0.0,1,16,oracle,gnn,adopted_energy_lag,63,6,-8.108328266666604,1.046481014994576,True,False,False
False,True,False,-8.357177734375,0.973436046658524,23.662181854248047,24.30789566040039,0.7166666666666667,0.7166666666666667,0.0,1,14,nearest,gnn,adopted_energy_lag,63,7,-1.2281797666664716,1.0162557448477394,True,False,False
False,True,False,-7.4886474609375,0.9713899615656773,23.612445831298828,24.30789566040039,0.7166666666666667,0.7166666666666667,0.0,1,14,oracle,gnn,adopted_energy_lag,63,7,-1.2281797666664716,1.0162557448477394,True,False,False
False,False,True,11.4791259765625,3.6417075885769044,364.8576354980469,100.18861389160156,0.7166666666666667,0.7166666666666667,0.0,1,14,nearest,gnn,adopted_energy_lag,63,8,-16.08491026666661,3.91227515549901,False,False,False
False,False,True,1.036376953125,2.6705083993036207,267.5545349121094,100.18861389160156,0.7166666666666667,0.7166666666666667,0.0,1,14,oracle,gnn,adopted_energy_lag,63,8,-16.08491026666661,3.91227515549901,False,False,False
True,True,True,23.561767578125,1.0951360675386668,383.3157043457031,350.0165100097656,0.7166666666666667,0.7166666666666667,0.0,1,13,nearest,gnn,adopted_energy_lag,63,9,-9.430569999999989,1.5969900455865536,False,False,False
True,True,True,21.4964599609375,1.1880255369510768,415.82855224609375,350.0165100097656,0.7166666666666667,0.7166666666666667,0.0,1,13,oracle,gnn,adopted_energy_lag,63,9,-9.430569999999989,1.5969900455865536,False,False,False
False,True,False,-46.3614501953125,1.1616486187044128,64.05008697509766,55.137229919433594,0.7166666666666667,0.7166666666666667,0.0,1,13,nearest,gnn,adopted_energy_lag,63,10,2.359498600000279,0.961379837980631,True,True,True
False,True,False,-40.54638671875,1.0582074975781612,58.34663009643555,55.137229919433594,0.7166666666666667,0.7166666666666667,0.0,1,13,oracle,gnn,adopted_energy_lag,63,10,2.359498600000279,0.961379837980631,True,True,True
False,False,False,-4.310302734375,1.8011735950300312,1041.632080078125,578.3074340820312,0.7666666666666667,0.7166666666666667,0.050000000000000044,1,13,nearest,gnn,adopted_energy_lag,63,11,15.954055166666876,2.4070974757780923,False,True,False
False,False,False,-11.21875,2.0138908868390244,1164.6480712890625,578.3074340820312,0.85,0.7166666666666667,0.1333333333333333,1,13,oracle,gnn,adopted_energy_lag,63,11,15.954055166666876,2.4070974757780923,False,True,False
False,True,False,-11.63330078125,0.9999526692021973,24.701662063598633,24.702831268310547,0.7166666666666667,0.7166666666666667,0.0,1,13,nearest,gnn,adopted_energy_lag,63,12,-49.5370597000001,2.1780588019746534,False,False,False
False,True,False,-8.871826171875,0.9885081903899486,24.4189510345459,24.702831268310547,0.7166666666666667,0.7166666666666667,0.0,1,13,oracle,gnn,adopted_energy_lag,63,12,-49.5370597000001,2.1780588019746534,False,False,False
False,True,False,-48.62744140625,0.9863226042029293,307.6414489746094,311.90753173828125,0.7166666666666667,0.7166666666666667,0.0,1,13,nearest,gnn,adopted_energy_lag,63,13,-4.967957566666655,0.9827787368255801,True,False,False
False,True,False,-49.29638671875,1.151681224540354,359.2180480957031,311.90753173828125,0.7166666666666667,0.7166666666666667,0.0,1,13,oracle,gnn,adopted_energy_lag,63,13,-4.967957566666655,0.9827787368255801,True,False,False
False,False,False,-27.9091796875,1.742665124242489,96.00799560546875,55.09262466430664,0.7166666666666667,0.7166666666666667,0.0,1,13,nearest,gnn,adopted_energy_lag,63,14,-24.633589433333327,1.4474104521405033,True,False,False
False,True,False,-0.276123046875,1.402693813775338,77.27808380126953,55.09262466430664,0.7166666666666667,0.7166666666666667,0.0,1,13,oracle,gnn,adopted_energy_lag,63,14,-24.633589433333327,1.4474104521405033,True,False,False
True,True,True,8.94287109375,1.0000782644560207,27.00469398498535,27.002580642700195,0.7166666666666667,0.7166666666666667,0.0,1,14,nearest,gnn,adopted_energy_lag,63,15,-8.843294966666463,1.032560284108761,True,False,False
True,True,True,7.8623046875,0.9991460132912542,26.979520797729492,27.002580642700195,0.7166666666666667,0.7166666666666667,0.0,1,14,oracle,gnn,adopted_energy_lag,63,15,-8.843294966666463,1.032560284108761,True,False,False
False,False,False,-10.9814453125,1.8227345901935186,294.9819030761719,161.83480834960938,0.7166666666666667,0.7166666666666667,0.0,1,14,nearest,gnn,adopted_energy_lag,63,16,15.305301999999983,0.8430622105075481,True,True,True
False,False,False,-8.088623046875,1.9097420838721004,309.062744140625,161.83480834960938,0.7166666666666667,0.7166666666666667,0.0,1,14,oracle,gnn,adopted_energy_lag,63,16,15.305301999999983,0.8430622105075481,True,True,True
False,True,False,-4.408447265625,0.8848354433651644,26.63949966430664,30.106727600097656,0.7166666666666667,0.7166666666666667,0.0,1,15,nearest,gnn,adopted_energy_lag,63,17,3.298708499999975,1.0428749832634034,True,True,True
True,True,True,0.35107421875,0.899768229734863,27.08907699584961,30.106727600097656,0.7166666666666667,0.7166666666666667,0.0,1,15,oracle,gnn,adopted_energy_lag,63,17,3.298708499999975,1.0428749832634034,True,True,True
False,False,True,8.1612548828125,1.8622923861927334,56.766212463378906,30.481901168823242,0.7166666666666667,0.7166666666666667,0.0,1,13,nearest,gnn,adopted_energy_lag,63,18,2.044729566666774,6.397354257197489,False,True,False
False,False,True,9.9320068359375,1.7955467313506195,54.7316780090332,30.481901168823242,0.7166666666666667,0.7166666666666667,0.0,1,13,oracle,gnn,adopted_energy_lag,63,18,2.044729566666774,6.397354257197489,False,True,False
False,False,False,-1.085205078125,1.7597528910130744,1245.890869140625,707.991943359375,0.8166666666666667,0.7166666666666667,0.09999999999999998,1,13,nearest,gnn,adopted_energy_lag,63,19,26.06472459999941,2.1251980671829496,False,True,False
False,False,True,3.5654296875,1.8382770648307634,1301.4853515625,707.991943359375,0.85,0.7166666666666667,0.1333333333333333,1,13,oracle,gnn,adopted_energy_lag,63,19,26.06472459999941,2.1251980671829496,False,True,False
False,True,False,-11.508056640625,1.0601843713297683,25.387083053588867,23.945913314819336,0.7166666666666667,0.7166666666666667,0.0,1,13,nearest,gnn,adopted_energy_lag,63,20,-21.630932466666536,3.429833269010219,False,False,False
False,True,False,-8.4010009765625,1.052076238464844,25.19292640686035,23.945913314819336,0.7166666666666667,0.7166666666666667,0.0,1,13,oracle,gnn,adopted_energy_lag,63,20,-21.630932466666536,3.429833269010219,False,False,False
False,True,False,-7.321044921875,1.0201365792918184,26.92730712890625,26.39578628540039,0.7166666666666667,0.7166666666666667,0.0,1,13,nearest,gnn,adopted_energy_lag,63,21,-8.259725099999969,1.0127562764318705,True,False,False
False,True,False,-11.59716796875,1.021875939826262,26.97321891784668,26.39578628540039,0.7166666666666667,0.7166666666666667,0.0,1,13,oracle,gnn,adopted_energy_lag,63,21,-8.259725099999969,1.0127562764318705,True,False,False
True,True,True,5.910888671875,1.4656152558475575,54.416473388671875,37.12875747680664,0.7166666666666667,0.7166666666666667,0.0,1,13,nearest,gnn,adopted_energy_lag,63,22,-2.9777112666668017,1.399186976911328,True,False,False
False,False,True,11.318603515625,1.6922895227112567,62.83260726928711,37.12875747680664,0.7166666666666667,0.7166666666666667,0.0,1,13,oracle,gnn,adopted_energy_lag,63,22,-2.9777112666668017,1.399186976911328,True,False,False
True,True,True,8.474365234375,1.0066368874184635,27.781709671020508,27.598541259765625,0.7166666666666667,0.7166666666666667,0.0,1,13,nearest,gnn,adopted_energy_lag,63,23,-16.169080699999768,1.3905714324153562,True,False,False
True,True,True,15.3111572265625,1.0179461966563794,28.093830108642578,27.598541259765625,0.7166666666666667,0.7166666666666667,0.0,1,13,oracle,gnn,adopted_energy_lag,63,23,-16.169080699999768,1.3905714324153562,True,False,False
True,True,True,15.674560546875,0.7189301892837319,29.447111129760742,40.959625244140625,0.7166666666666667,0.7166666666666667,0.0,1,14,nearest,gnn,adopted_energy_lag,63,24,2.982131766666953,6.451625370558881,False,True,False
True,True,True,17.0018310546875,0.7552228582178793,30.933645248413086,40.959625244140625,0.7166666666666667,0.7166666666666667,0.0,1,14,oracle,gnn,adopted_energy_lag,63,24,2.982131766666953,6.451625370558881,False,True,False
False,False,False,-2.84912109375,1.9293705157326908,83.33628845214844,43.193511962890625,0.7166666666666667,0.7166666666666667,0.0,1,16,nearest,gnn,adopted_energy_lag,63,25,8.850584566666612,0.7713043955344678,True,True,True
False,True,False,-9.49853515625,1.2767340933257498,55.146629333496094,43.193511962890625,0.7166666666666667,0.7166666666666667,0.0,1,16,oracle,gnn,adopted_energy_lag,63,25,8.850584566666612,0.7713043955344678,True,True,True
False,True,False,-7.6904296875,1.0062986750021925,27.46575927734375,27.29384422302246,0.7166666666666667,0.7166666666666667,0.0,1,16,nearest,gnn,adopted_energy_lag,63,26,-1.3864141000001382,1.0025584124069644,True,False,False
False,True,False,-14.847900390625,1.0198802432033633,27.83645248413086,27.29384422302246,0.7166666666666667,0.7166666666666667,0.0,1,16,oracle,gnn,adopted_energy_lag,63,26,-1.3864141000001382,1.0025584124069644,True,False,False
False,True,False,-0.829345703125,1.0075351097213583,26.410459518432617,26.212942123413086,0.7166666666666667,0.7166666666666667,0.0,1,15,nearest,gnn,adopted_energy_lag,63,27,-3.2096221666668043,1.0441201709915378,True,False,False
False,True,False,-6.1510009765625,1.0319905267584222,27.0515079498291,26.212942123413086,0.7166666666666667,0.7166666666666667,0.0,1,15,oracle,gnn,adopted_energy_lag,63,27,-3.2096221666668043,1.0441201709915378,True,False,False
False,False,True,1.0303955078125,1.7844107841458117,389.96539306640625,218.54014587402344,0.7166666666666667,0.7166666666666667,0.0,1,14,nearest,gnn,adopted_energy_lag,63,28,-18.0991128666667,6.5506411226236425,False,False,False
False,False,False,-9.568115234375,2.1210423196862895,463.53289794921875,218.54014587402344,0.7166666666666667,0.7166666666666667,0.0,1,14,oracle,gnn,adopted_energy_lag,63,28,-18.0991128666667,6.5506411226236425,False,False,False
True,True,True,33.3558349609375,0.9748195605152061,57.3697509765625,58.851661682128906,0.7166666666666667,0.7166666666666667,0.0,1,14,nearest,gnn,adopted_energy_lag,63,29,2.4926711333332605,1.910614115375131,False,True,False
True,True,True,37.029541015625,0.9712979521779459,57.162498474121094,58.851661682128906,0.7166666666666667,0.7166666666666667,0.0,1,14,oracle,gnn,adopted_energy_lag,63,29,2.4926711333332605,1.910614115375131,False,True,False
False,True,False,-40.184326171875,1.2429024617628543,96.97444152832031,78.02256774902344,0.7166666666666667,0.7166666666666667,0.0,1,14,nearest,gnn,adopted_energy_lag,63,30,1.6024617666666927,0.9914394109734298,True,True,True
False,True,False,-32.76513671875,1.0799449551726708,84.26007843017578,78.02256774902344,0.7166666666666667,0.7166666666666667,0.0,1,14,oracle,gnn,adopted_energy_lag,63,30,1.6024617666666927,0.9914394109734298,True,True,True
False,False,True,8.1771240234375,2.646432467931895,326.4682922363281,123.36165618896484,0.7166666666666667,0.7166666666666667,0.0,1,14,nearest,gnn,adopted_energy_lag,63,31,-20.986949333333314,1.4460783925839338,True,False,False
False,False,True,23.1708984375,2.207773157693868,272.35455322265625,123.36165618896484,0.7166666666666667,0.7166666666666667,0.0,1,14,oracle,gnn,adopted_energy_lag,63,31,-20.986949333333314,1.4460783925839338,True,False,False
False,False,True,9.93359375,1.88905156002237,206.62997436523438,109.38291931152344,0.7166666666666667,0.7166666666666667,0.0,1,15,nearest,gnn,adopted_energy_lag,63,32,13.745268533333274,1.1172017866968909,True,True,True
False,False,True,11.699462890625,2.1572001134404473,235.96084594726562,109.38291931152344,0.7166666666666667,0.7166666666666667,0.0,1,15,oracle,gnn,adopted_energy_lag,63,32,13.745268533333274,1.1172017866968909,True,True,True
False,True,False,-3.939208984375,1.014129292767166,27.043060302734375,26.666284561157227,0.7166666666666667,0.7166666666666667,0.0,1,14,nearest,gnn,adopted_energy_lag,63,33,-2.662215033333041,1.0560581346673765,True,False,False
False,True,False,-12.9771728515625,1.0116199966339583,26.976146697998047,26.666284561157227,0.7166666666666667,0.7166666666666667,0.0,1,14,oracle,gnn,adopted_energy_lag,63,33,-2.662215033333041,1.0560581346673765,True,False,False
False,False,False,-3.4937744140625,1.638070532240363,264.0254211425781,161.1807403564453,0.7166666666666667,0.7166666666666667,0.0,1,14,nearest,gnn,adopted_energy_lag,63,34,4.731555566666657,0.8965890329238587,True,True,True
False,False,False,-12.1158447265625,1.676393224325984,270.2023010253906,161.1807403564453,0.7166666666666667,0.7166666666666667,0.0,1,14,oracle,gnn,adopted_energy_lag,63,34,4.731555566666657,0.8965890329238587,True,True,True
False,False,False,-23.958984375,1.601705407084056,111.47750854492188,69.59925842285156,0.7166666666666667,0.7166666666666667,0.0,1,14,nearest,gnn,adopted_energy_lag,63,35,-17.41411476666667,1.44680765819697,True,False,False
False,False,False,-37.53076171875,1.7711430204437066,123.2702407836914,69.59925842285156,0.7166666666666667,0.7166666666666667,0.0,1,14,oracle,gnn,adopted_energy_lag,63,35,-17.41411476666667,1.44680765819697,True,False,False
False,True,False,-12.1573486328125,1.4683283066058554,91.37171173095703,62.2283935546875,0.7166666666666667,0.7166666666666667,0.0,1,14,nearest,gnn,adopted_energy_lag,63,36,5.7928749333332235,1.0348816801753031,True,True,True
False,True,False,-1.8426513671875,1.2765319258496395,79.43653106689453,62.2283935546875,0.7166666666666667,0.7166666666666667,0.0,1,14,oracle,gnn,adopted_energy_lag,63,36,5.7928749333332235,1.0348816801753031,True,True,True
False,True,False,-3.82470703125,1.3927122553677596,1342.83447265625,964.1865844726562,0.8666666666666667,0.8,0.06666666666666665,1,13,nearest,gnn,adopted_energy_lag,63,37,11.20278473333292,1.627922609739101,False,True,False
False,False,True,100.524658203125,1.503323904888913,1449.4847412109375,964.1865844726562,0.8833333333333333,0.8,0.08333333333333326,1,13,oracle,gnn,adopted_energy_lag,63,37,11.20278473333292,1.627922609739101,False,True,False
False,True,False,-6.605224609375,1.0162260037232744,23.967937469482422,23.585243225097656,0.7166666666666667,0.7166666666666667,0.0,1,13,nearest,gnn,adopted_energy_lag,63,38,-25.65303139999969,3.5702550921486345,False,False,False
False,True,False,-7.9583740234375,1.0134184251940486,23.90172004699707,23.585243225097656,0.7166666666666667,0.7166666666666667,0.0,1,13,oracle,gnn,adopted_energy_lag,63,38,-25.65303139999969,3.5702550921486345,False,False,False
True,True,True,2.7860107421875,1.0216242335220345,27.31732177734375,26.73910903930664,0.7166666666666667,0.7166666666666667,0.0,1,12,nearest,gnn,adopted_energy_lag,63,39,-4.43460059999984,0.9969264862939392,True,False,False
True,True,True,1.7125244140625,1.0171422428742034,27.197477340698242,26.73910903930664,0.7166666666666667,0.7166666666666667,0.0,1,12,oracle,gnn,adopted_energy_lag,63,39,-4.43460059999984,0.9969264862939392,True,False,False
False,True,False,-10.6678466796875,1.004182099854902,21.83977508544922,21.74881935119629,0.7166666666666667,0.7166666666666667,0.0,2,8,nearest,gnn,adopted_energy_lag,63,0,12.131606033333128,1.0030017880349653,True,True,True
False,True,False,-11.7694091796875,1.0092933700908868,21.950939178466797,21.74881935119629,0.7166666666666667,0.7166666666666667,0.0,2,8,oracle,gnn,adopted_energy_lag,63,0,12.131606033333128,1.0030017880349653,True,True,True
False,True,False,-7.3203125,0.9955203782284351,24.11812400817871,24.22665023803711,0.7166666666666667,0.7166666666666667,0.0,2,9,nearest,gnn,adopted_energy_lag,63,1,-4.1561371999998755,1.4042455095874147,True,False,False
False,True,False,-7.3203125,0.9955203782284351,24.11812400817871,24.22665023803711,0.7166666666666667,0.7166666666666667,0.0,2,9,oracle,gnn,adopted_energy_lag,63,1,-4.1561371999998755,1.4042455095874147,True,False,False
False,False,False,-12.4580078125,2.587323080685322,439.1159362792969,169.71824645996094,0.7166666666666667,0.7166666666666667,0.0,2,9,nearest,gnn,adopted_energy_lag,63,2,-0.5199999000001299,0.9871094808489714,True,False,False
False,False,False,-12.4580078125,2.587323080685322,439.1159362792969,169.71824645996094,0.7166666666666667,0.7166666666666667,0.0,2,9,oracle,gnn,adopted_energy_lag,63,2,-0.5199999000001299,0.9871094808489714,True,False,False
False,True,False,-17.0140380859375,0.05581386276619301,22.415319442749023,401.60845947265625,0.7166666666666667,0.7166666666666667,0.0,2,9,nearest,gnn,adopted_energy_lag,63,3,-22.768579600000066,0.23047024594582585,True,False,False
False,True,False,-18.2073974609375,0.055844262869354844,22.427528381347656,401.60845947265625,0.7166666666666667,0.7166666666666667,0.0,2,9,oracle,gnn,adopted_energy_lag,63,3,-22.768579600000066,0.23047024594582585,True,False,False
False,True,False,-8.419921875,1.0016481934979469,202.46986389160156,202.13670349121094,0.7166666666666667,0.7166666666666667,0.0,2,9,nearest,gnn,adopted_energy_lag,63,4,2.8580804999999145,0.8165524235713452,True,True,True
False,True,False,-8.17236328125,1.0012445619767634,202.38827514648438,202.13670349121094,0.7166666666666667,0.7166666666666667,0.0,2,9,oracle,gnn,adopted_energy_lag,63,4,2.8580804999999145,0.8165524235713452,True,True,True
False,True,False,-7.465576171875,1.0298653934227604,24.782106399536133,24.06344223022461,0.7166666666666667,0.7166666666666667,0.0,2,9,nearest,gnn,adopted_energy_lag,63,5,-4.4255741333333845,0.9962409625497797,True,False,False
False,True,False,-6.274169921875,1.0168425070865383,24.468730926513672,24.06344223022461,0.7166666666666667,0.7166666666666667,0.0,2,9,oracle,gnn,adopted_energy_lag,63,5,-4.4255741333333845,0.9962409625497797,True,False,False
False,False,False,-96.2066650390625,5.361129658401643,165.5040283203125,30.871110916137695,0.7166666666666667,0.7166666666666667,0.0,2,8,nearest,gnn,adopted_energy_lag,63,6,-4.957508899999766,1.013764245550162,True,False,False
False,False,False,-89.758056640625,4.0672924464483415,125.56183624267578,30.871110916137695,0.7166666666666667,0.7166666666666667,0.0,2,8,oracle,gnn,adopted_energy_lag,63,6,-4.957508899999766,1.013764245550162,True,False,False
False,True,False,-7.19189453125,0.9965959785435697,24.22515106201172,24.30789566040039,0.7166666666666667,0.7166666666666667,0.0,2,8,nearest,gnn,adopted_energy_lag,63,7,-0.5063356666664731,0.9880883343861075,True,False,False
False,True,False,-10.33740234375,0.9969901928213141,24.23473358154297,24.30789566040039,0.7166666666666667,0.7166666666666667,0.0,2,8,oracle,gnn,adopted_energy_lag,63,7,-0.5063356666664731,0.9880883343861075,True,False,False
False,False,False,-40.796630859375,1.6468389014190001,164.9945068359375,100.18861389160156,0.7166666666666667,0.7166666666666667,0.0,2,8,nearest,gnn,adopted_energy_lag,63,8,-0.6829712666667547,0.9406535064788225,True,False,False
False,False,False,-24.057861328125,1.728878072836558,173.21389770507812,100.18861389160156,0.7166666666666667,0.7166666666666667,0.0,2,8,oracle,gnn,adopted_energy_lag,63,8,-0.6829712666667547,0.9406535064788225,True,False,False
False,True,False,-16.2186279296875,0.3319422842166782,116.1852798461914,350.0165100097656,0.7166666666666667,0.7166666666666667,0.0,2,8,nearest,gnn,adopted_energy_lag,63,9,-42.35036156666661,1.8482342666665583,False,False,False
False,True,False,-11.2213134765625,0.2597705482817191,90.92398071289062,350.0165100097656,0.7166666666666667,0.7166666666666667,0.0,2,8,oracle,gnn,adopted_energy_lag,63,9,-42.35036156666661,1.8482342666665583,False,False,False
False,False,False,-71.7728271484375,3.7484937968965317,206.6815643310547,55.137229919433594,0.7166666666666667,0.7166666666666667,0.0,2,8,nearest,gnn,adopted_energy_lag,63,10,-3.3390587999999752,1.0067702414644029,True,False,False
False,False,False,-69.1253662109375,3.1519716416904675,173.79098510742188,55.137229919433594,0.7166666666666667,0.7166666666666667,0.0,2,8,oracle,gnn,adopted_energy_lag,63,10,-3.3390587999999752,1.0067702414644029,True,False,False
False,False,True,1.489013671875,1.8261792177278517,1056.093017578125,578.3074340820312,0.8,0.7166666666666667,0.08333333333333337,2,9,nearest,gnn,adopted_energy_lag,63,11,5.4966762000003655,2.25800861416897,False,True,False
False,False,True,11.576416015625,2.0657917386500397,1194.6627197265625,578.3074340820312,0.8333333333333334,0.7166666666666667,0.1166666666666667,2,9,oracle,gnn,adopted_energy_lag,63,11,5.4966762000003655,2.25800861416897,False,True,False
False,True,False,-6.3367919921875,0.9945744853181101,24.568805694580078,24.702831268310547,0.7166666666666667,0.7166666666666667,0.0,2,9,nearest,gnn,adopted_energy_lag,63,12,-65.28377756666669,1.5062833050770188,False,False,False
False,True,False,-6.161865234375,0.9525468215863646,23.530603408813477,24.702831268310547,0.7166666666666667,0.7166666666666667,0.0,2,9,oracle,gnn,adopted_energy_lag,63,12,-65.28377756666669,1.5062833050770188,False,False,False
False,True,False,-12.02783203125,0.21444249869821555,66.88623046875,311.90753173828125,0.7166666666666667,0.7166666666666667,0.0,2,9,nearest,gnn,adopted_energy_lag,63,13,-54.03364236666653,1.2152186566550685,True,False,False
False,True,False,-55.5870361328125,0.28372795845561105,88.49688720703125,311.90753173828125,0.7166666666666667,0.7166666666666667,0.0,2,9,oracle,gnn,adopted_energy_lag,63,13,-54.03364236666653,1.2152186566550685,True,False,False
False,False,False,-107.0543212890625,2.1829287654977243,120.26327514648438,55.09262466430664,0.7166666666666667,0.7166666666666667,0.0,2,10,nearest,gnn,adopted_energy_lag,63,14,-20.563789499999984,1.6958009186629721,False,False,False
False,False,False,-96.9793701171875,1.7833465965471607,98.2492446899414,55.09262466430664,0.7166666666666667,0.7166666666666667,0.0,2,10,oracle,gnn,adopted_energy_lag,63,14,-20.563789499999984,1.6958009186629721,False,False,False
True,True,True,11.736083984375,1.0021462684983657,27.060535430908203,27.002580642700195,0.7166666666666667,0.7166666666666667,0.0,2,9,nearest,gnn,adopted_energy_lag,63,15,-23.74860396666668,1.0705247888902134,True,False,False
True,True,True,15.1070556640625,1.0068486343523464,27.187511444091797,27.002580642700195,0.7166666666666667,0.7166666666666667,0.0,2,9,oracle,gnn,adopted_energy_lag,63,15,-23.74860396666668,1.0705247888902134,True,False,False
False,True,False,-6.565673828125,1.034604072447253,167.43495178222656,161.83480834960938,0.7166666666666667,0.7166666666666667,0.0,2,10,nearest,gnn,adopted_energy_lag,63,16,10.268215300000065,0.8656969776862233,True,True,True
False,True,False,-6.2138671875,1.0709351852148679,173.31459045410156,161.83480834960938,0.7166666666666667,0.7166666666666667,0.0,2,10,oracle,gnn,adopted_energy_lag,63,16,10.268215300000065,0.8656969776862233,True,True,True
False,True,False,-39.4359130859375,1.0536222783275542,31.721118927001953,30.106727600097656,0.7166666666666667,0.7166666666666667,0.0,2,9,nearest,gnn,adopted_energy_lag,63,17,-12.959618399999954,1.0568229473368873,True,False,False
False,True,False,-59.603515625,1.2579680848341004,37.8733024597168,30.106727600097656,0.7166666666666667,0.7166666666666667,0.0,2,9,oracle,gnn,adopted_energy_lag,63,17,-12.959618399999954,1.0568229473368873,True,False,False
False,False,False,-111.6612548828125,2.801601747542987,85.39814758300781,30.481901168823242,0.7166666666666667,0.7166666666666667,0.0,2,9,nearest,gnn,adopted_energy_lag,63,18,-37.76934860000006,12.214361561244544,False,False,False
False,True,False,-65.4725341796875,1.039442485730975,31.68418312072754,30.481901168823242,0.7166666666666667,0.7166666666666667,0.0,2,9,oracle,gnn,adopted_energy_lag,63,18,-37.76934860000006,12.214361561244544,False,False,False
True,True,True,0.12744140625,1.2451131663295902,881.5300903320312,707.991943359375,0.75,0.7166666666666667,0.033333333333333326,2,10,nearest,gnn,adopted_energy_lag,63,19,-7.271376533333751,1.4197555579824666,True,False,False
True,True,True,1.041015625,1.251920732706078,886.3497924804688,707.991943359375,0.75,0.7166666666666667,0.033333333333333326,2,10,oracle,gnn,adopted_energy_lag,63,19,-7.271376533333751,1.4197555579824666,True,False,False
False,True,False,-7.7005615234375,1.001634147924797,23.985044479370117,23.945913314819336,0.7166666666666667,0.7166666666666667,0.0,2,9,nearest,gnn,adopted_energy_lag,63,20,-32.714236633333485,1.0482042932653748,True,False,False
False,True,False,-8.7403564453125,1.011598180899283,24.223642349243164,23.945913314819336,0.7166666666666667,0.7166666666666667,0.0,2,9,oracle,gnn,adopted_energy_lag,63,20,-32.714236633333485,1.0482042932653748,True,False,False
True,True,True,7.012939453125,1.0233940415033058,27.013290405273438,26.39578628540039,0.7166666666666667,0.7166666666666667,0.0,2,9,nearest,gnn,adopted_energy_lag,63,21,-13.1416330666666,1.0376121988585039,True,False,False
True,True,True,8.2225341796875,1.0225670305225945,26.9914608001709,26.39578628540039,0.7166666666666667,0.7166666666666667,0.0,2,9,oracle,gnn,adopted_energy_lag,63,21,-13.1416330666666,1.0376121988585039,True,False,False
True,True,True,11.623046875,1.0019476874794322,37.201072692871094,37.12875747680664,0.7166666666666667,0.7166666666666667,0.0,2,9,nearest,gnn,adopted_energy_lag,63,22,4.698237733333372,1.0713701443805672,True,True,True
True,True,True,15.37890625,1.0117748943011982,37.56594467163086,37.12875747680664,0.7166666666666667,0.7166666666666667,0.0,2,9,oracle,gnn,adopted_energy_lag,63,22,4.698237733333372,1.0713701443805672,True,True,True
False,True,False,-18.4256591796875,1.0584577276029496,29.211889266967773,27.598541259765625,0.7166666666666667,0.7166666666666667,0.0,2,8,nearest,gnn,adopted_energy_lag,63,23,-13.47291610000002,1.0660973337841813,True,False,False
False,True,False,-18.4256591796875,1.0584577276029496,29.211889266967773,27.598541259765625,0.7166666666666667,0.7166666666666667,0.0,2,8,oracle,gnn,adopted_energy_lag,63,23,-13.47291610000002,1.0660973337841813,True,False,False
False,True,False,-73.26123046875,0.7019869017594708,28.75312042236328,40.959625244140625,0.7166666666666667,0.7166666666666667,0.0,2,7,nearest,gnn,adopted_energy_lag,63,24,-7.21626973333332,1.1125502899815327,True,False,False
False,True,False,-69.310302734375,0.7042730867665302,28.84676170349121,40.959625244140625,0.7166666666666667,0.7166666666666667,0.0,2,7,oracle,gnn,adopted_energy_lag,63,24,-7.21626973333332,1.1125502899815327,True,False,False
True,True,True,4.0638427734375,0.9626309291242895,41.579410552978516,43.193511962890625,0.7166666666666667,0.7166666666666667,0.0,2,8,nearest,gnn,adopted_energy_lag,63,25,4.302289400000063,0.8674704633688386,True,True,True
False,True,False,-1.377685546875,0.7788757670282931,33.64237976074219,43.193511962890625,0.7166666666666667,0.7166666666666667,0.0,2,8,oracle,gnn,adopted_energy_lag,63,25,4.302289400000063,0.8674704633688386,True,True,True
True,True,True,0.134521484375,1.0020185417931093,27.34893798828125,27.29384422302246,0.7166666666666667,0.7166666666666667,0.0,2,8,nearest,gnn,adopted_energy_lag,63,26,1.6385079333333579,1.121366126142733,True,True,True
True,True,True,2.6785888671875,0.9999884694687255,27.293529510498047,27.29384422302246,0.7166666666666667,0.7166666666666667,0.0,2,8,oracle,gnn,adopted_energy_lag,63,26,1.6385079333333579,1.121366126142733,True,True,True
False,True,False,-36.9761962890625,1.4486789073028554,37.97413635253906,26.212942123413086,0.7166666666666667,0.7166666666666667,0.0,2,8,nearest,gnn,adopted_energy_lag,63,27,-9.650312166666708,1.1421111502863939,True,False,False
False,True,False,-41.7967529296875,1.3392667216808165,35.10612106323242,26.212942123413086,0.7166666666666667,0.7166666666666667,0.0,2,8,oracle,gnn,adopted_energy_lag,63,27,-9.650312166666708,1.1421111502863939,True,False,False
False,True,False,-13.484375,1.0690818277327574,233.63729858398438,218.54014587402344,0.7166666666666667,0.7166666666666667,0.0,2,7,nearest,gnn,adopted_energy_lag,63,28,2.664665500000183,2.708102900618581,False,True,False
False,True,False,-12.5616455078125,0.6983998390755305,152.62840270996094,218.54014587402344,0.7166666666666667,0.7166666666666667,0.0,2,7,oracle,gnn,adopted_energy_lag,63,28,2.664665500000183,2.708102900618581,False,True,False
False,True,False,-8.27734375,1.142488045782853,67.23731994628906,58.851661682128906,0.7166666666666667,0.7166666666666667,0.0,2,6,nearest,gnn,adopted_energy_lag,63,29,-20.977173600000015,1.8008694063953747,False,False,False
False,False,False,-22.104736328125,2.5721619875016284,151.37600708007812,58.851661682128906,0.7166666666666667,0.7166666666666667,0.0,2,6,oracle,gnn,adopted_energy_lag,63,29,-20.977173600000015,1.8008694063953747,False,False,False
False,False,False,-33.2315673828125,2.224804905337799,173.58499145507812,78.02256774902344,0.7166666666666667,0.7166666666666667,0.0,2,7,nearest,gnn,adopted_energy_lag,63,30,-3.6166094000000157,1.1223183655863023,True,False,False
False,False,False,-14.01513671875,1.6880916326425643,131.70924377441406,78.02256774902344,0.7166666666666667,0.7166666666666667,0.0,2,7,oracle,gnn,adopted_energy_lag,63,30,-3.6166094000000157,1.1223183655863023,True,False,False
False,True,False,-68.6138916015625,1.0966321956992586,135.28236389160156,123.36165618896484,0.7166666666666667,0.7166666666666667,0.0,2,7,nearest,gnn,adopted_energy_lag,63,31,-10.999240600000121,1.5451214395065802,False,False,False
False,True,False,-39.55859375,0.6185628543645693,76.30693817138672,123.36165618896484,0.7166666666666667,0.7166666666666667,0.0,2,7,oracle,gnn,adopted_energy_lag,63,31,-10.999240600000121,1.5451214395065802,False,False,False
False,True,False,-63.2381591796875,1.0507226806541212,114.93111419677734,109.38291931152344,0.7166666666666667,0.7166666666666667,0.0,2,7,nearest,gnn,adopted_energy_lag,63,32,-11.495344966666607,0.5633980664675138,True,False,False
False,True,False,-44.245849609375,0.7850779917023307,85.8741226196289,109.38291931152344,0.7166666666666667,0.7166666666666667,0.0,2,7,oracle,gnn,adopted_energy_lag,63,32,-11.495344966666607,0.5633980664675138,True,False,False
False,True,False,-2.057861328125,1.0127565542862207,27.006454467773438,26.666284561157227,0.7166666666666667,0.7166666666666667,0.0,2,7,nearest,gnn,adopted_energy_lag,63,33,-9.13139853333314,1.014321728453166,True,False,False
False,True,False,-0.8583984375,1.0052333151155086,26.805837631225586,26.666284561157227,0.7166666666666667,0.7166666666666667,0.0,2,7,oracle,gnn,adopted_energy_lag,63,33,-9.13139853333314,1.014321728453166,True,False,False
False,True,False,-8.3568115234375,1.004441955285838,161.89669799804688,161.1807403564453,0.7166666666666667,0.7166666666666667,0.0,2,6,nearest,gnn,adopted_energy_lag,63,34,-5.183429799999885,0.6083811681241181,True,False,False
False,True,False,-5.7637939453125,0.9471896664069901,152.66873168945312,161.1807403564453,0.7166666666666667,0.7166666666666667,0.0,2,6,oracle,gnn,adopted_energy_lag,63,34,-5.183429799999885,0.6083811681241181,True,False,False
False,True,False,-20.88427734375,1.1337327627011589,78.9069595336914,69.59925842285156,0.7166666666666667,0.7166666666666667,0.0,2,6,nearest,gnn,adopted_energy_lag,63,35,-3.4205675333332692,1.0301818418948794,True,False,False
False,False,False,-68.7225341796875,1.647901444711403,114.69271850585938,69.59925842285156,0.7166666666666667,0.7166666666666667,0.0,2,6,oracle,gnn,adopted_energy_lag,63,35,-3.4205675333332692,1.0301818418948794,True,False,False
False,False,False,-63.2069091796875,2.6319896032563386,163.78448486328125,62.2283935546875,0.7166666666666667,0.7166666666666667,0.0,2,6,nearest,gnn,adopted_energy_lag,63,36,-8.436170533333552,1.0353471679255617,True,False,False
False,True,False,-24.109130859375,1.4007205384728556,87.16458892822266,62.2283935546875,0.7166666666666667,0.7166666666666667,0.0,2,6,oracle,gnn,adopted_energy_lag,63,36,-8.436170533333552,1.0353471679255617,True,False,False
False,True,False,-15.757080078125,0.9963171398434143,960.6356201171875,964.1865844726562,0.8,0.8,0.0,2,6,nearest,gnn,adopted_energy_lag,63,37,24.095910833333164,1.6052451618941077,False,True,False
False,True,False,-11.141845703125,1.2047407289618377,1161.5948486328125,964.1865844726562,0.8,0.8,0.0,2,6,oracle,gnn,adopted_energy_lag,63,37,24.095910833333164,1.6052451618941077,False,True,False
False,True,False,-2.04443359375,0.999996926923867,23.58517074584961,23.585243225097656,0.7166666666666667,0.7166666666666667,0.0,2,6,nearest,gnn,adopted_energy_lag,63,38,-75.77160163333315,8.13262219653909,False,False,False
False,True,False,-1.2625732421875,0.9992650495816573,23.567909240722656,23.585243225097656,0.7166666666666667,0.7166666666666667,0.0,2,6,oracle,gnn,adopted_energy_lag,63,38,-75.77160163333315,8.13262219653909,False,False,False
False,True,False,-4.409423828125,0.9916187994659246,26.515003204345703,26.73910903930664,0.7166666666666667,0.7166666666666667,0.0,2,6,nearest,gnn,adopted_energy_lag,63,39,-22.225997766666524,1.0572715757466593,True,False,False
False,True,False,-2.0968017578125,0.995042226282428,26.606542587280273,26.73910903930664,0.7166666666666667,0.7166666666666667,0.0,2,6,oracle,gnn,adopted_energy_lag,63,39,-22.225997766666524,1.0572715757466593,True,False,False
False,True,False,-7.8077392578125,0.8947527525411867,19.459815979003906,21.74881935119629,0.7166666666666667,0.7166666666666667,0.0,3,12,nearest,gnn,adopted_energy_lag,63,0,12.320336800000177,1.043770184929961,True,True,True
False,True,False,-9.044677734375,0.9168032504739032,19.939388275146484,21.74881935119629,0.7166666666666667,0.7166666666666667,0.0,3,12,oracle,gnn,adopted_energy_lag,63,0,12.320336800000177,1.043770184929961,True,True,True
False,False,False,-106.001708984375,8.88142492580939,215.16717529296875,24.22665023803711,0.7166666666666667,0.7166666666666667,0.0,3,12,nearest,gnn,adopted_energy_lag,63,1,-2.8419093999998495,0.9969618154689869,True,False,False
False,False,False,-105.972412109375,8.962806518979837,217.13877868652344,24.22665023803711,0.7166666666666667,0.7166666666666667,0.0,3,12,oracle,gnn,adopted_energy_lag,63,1,-2.8419093999998495,0.9969618154689869,True,False,False
False,True,False,-9.380859375,0.8978665615358923,152.38433837890625,169.71824645996094,0.7166666666666667,0.7166666666666667,0.0,3,12,nearest,gnn,adopted_energy_lag,63,2,-5.625351666666575,1.0231019184085337,True,False,False
False,True,False,-9.380859375,0.8978665615358923,152.38433837890625,169.71824645996094,0.7166666666666667,0.7166666666666667,0.0,3,12,oracle,gnn,adopted_energy_lag,63,2,-5.625351666666575,1.0231019184085337,True,False,False
False,True,False,-5.024169921875,1.000688302788789,401.8848876953125,401.60845947265625,0.7166666666666667,0.7166666666666667,0.0,3,12,nearest,gnn,adopted_energy_lag,63,3,-9.3384285333334,1.0616895853984636,True,False,False
False,True,False,-4.372802734375,1.0433537291223813,419.0196838378906,401.60845947265625,0.7166666666666667,0.7166666666666667,0.0,3,12,oracle,gnn,adopted_energy_lag,63,3,-9.3384285333334,1.0616895853984636,True,False,False
True,True,True,34.8399658203125,0.09792651196314157,19.79454231262207,202.13670349121094,0.7166666666666667,0.7166666666666667,0.0,3,12,nearest,gnn,adopted_energy_lag,63,4,-33.06077110000001,1.6730972988458537,False,False,False
True,True,True,31.6978759765625,0.09699326976331885,19.605899810791016,202.13670349121094,0.7166666666666667,0.7166666666666667,0.0,3,12,oracle,gnn,adopted_energy_lag,63,4,-33.06077110000001,1.6730972988458537,False,False,False
False,True,False,-12.5360107421875,0.882455964859077,21.234928131103516,24.06344223022461,0.7166666666666667,0.7166666666666667,0.0,3,12,nearest,gnn,adopted_energy_lag,63,5,1.3837798333333922,1.0168453014634122,True,True,True
False,True,False,-12.0341796875,0.8808453339340437,21.196170806884766,24.06344223022461,0.7166666666666667,0.7166666666666667,0.0,3,12,oracle,gnn,adopted_energy_lag,63,5,1.3837798333333922,1.0168453014634122,True,True,True
False,True,False,-6.4384765625,0.8288686690985362,25.588096618652344,30.871110916137695,0.7166666666666667,0.7166666666666667,0.0,3,12,nearest,gnn,adopted_energy_lag,63,6,-7.455960033333213,1.4787119360100955,True,False,False
False,True,False,-4.31396484375,0.7971240417184599,24.608104705810547,30.871110916137695,0.7166666666666667,0.7166666666666667,0.0,3,12,oracle,gnn,adopted_energy_lag,63,6,-7.455960033333213,1.4787119360100955,True,False,False
False,True,False,-6.2275390625,0.8494865719976982,20.64923095703125,24.30789566040039,0.7166666666666667,0.7166666666666667,0.0,3,12,nearest,gnn,adopted_energy_lag,63,7,0.14548800000011397,0.9921612591804292,True,True,True
False,True,False,-5.9835205078125,0.8641646196138238,21.006023406982422,24.30789566040039,0.7166666666666667,0.7166666666666667,0.0,3,12,oracle,gnn,adopted_energy_lag,63,7,0.14548800000011397,0.9921612591804292,True,True,True
False,False,False,-18.60595703125,4.3267408990093,433.49017333984375,100.18861389160156,0.7166666666666667,0.7166666666666667,0.0,3,11,nearest,gnn,adopted_energy_lag,63,8,10.896690533333185,0.9922444651167703,True,True,True
False,False,False,-16.099853515625,5.100984608345983,511.0605773925781,100.18861389160156,0.7166666666666667,0.7166666666666667,0.0,3,11,oracle,gnn,adopted_energy_lag,63,8,10.896690533333185,0.9922444651167703,True,True,True
True,True,True,53.010986328125,1.0005585325259752,350.2120056152344,350.0165100097656,0.7166666666666667,0.7166666666666667,0.0,3,12,nearest,gnn,adopted_energy_lag,63,9,-31.223604366666677,1.156083121760985,True,False,False
True,True,True,50.7115478515625,1.0733146743130229,375.6778564453125,350.0165100097656,0.7166666666666667,0.7166666666666667,0.0,3,12,oracle,gnn,adopted_energy_lag,63,9,-31.223604366666677,1.156083121760985,True,False,False
False,True,False,-22.5479736328125,1.0211857787250964,56.305355072021484,55.137229919433594,0.7166666666666667,0.7166666666666667,0.0,3,12,nearest,gnn,adopted_energy_lag,63,10,2.1471656666667513,0.9901513457970097,True,True,True
False,True,False,-29.7127685546875,1.0113130759088174,55.76100158691406,55.137229919433594,0.7166666666666667,0.7166666666666667,0.0,3,12,oracle,gnn,adopted_energy_lag,63,10,2.1471656666667513,0.9901513457970097,True,True,True
False,False,False,-13.874755859375,2.113111265881153,1222.0279541015625,578.3074340820312,0.7666666666666667,0.7166666666666667,0.050000000000000044,3,12,nearest,gnn,adopted_energy_lag,63,11,73.05658733333348,3.3795194707093223,False,True,False
False,False,False,-8.505126953125,2.0855760360249493,1206.1041259765625,578.3074340820312,0.7666666666666667,0.7166666666666667,0.050000000000000044,3,12,oracle,gnn,adopted_energy_lag,63,11,73.05658733333348,3.3795194707093223,False,True,False
False,True,False,-7.6724853515625,0.9162073468825528,22.632915496826172,24.702831268310547,0.7166666666666667,0.7166666666666667,0.0,3,12,nearest,gnn,adopted_energy_lag,63,12,-126.14401343333361,23.341187137207648,False,False,False
False,True,False,-7.513671875,0.9163582958380246,22.63664436340332,24.702831268310547,0.7166666666666667,0.7166666666666667,0.0,3,12,oracle,gnn,adopted_energy_lag,63,12,-126.14401343333361,23.341187137207648,False,False,False
False,True,False,-63.7850341796875,1.2762584258867349,398.0746154785156,311.90753173828125,0.7166666666666667,0.7166666666666667,0.0,3,12,nearest,gnn,adopted_energy_lag,63,13,2.4841152333335685,0.922699162334029,True,True,True
False,True,False,-61.914794921875,1.384415335872131,431.8095703125,311.90753173828125,0.7166666666666667,0.7166666666666667,0.0,3,12,oracle,gnn,adopted_energy_lag,63,13,2.4841152333335685,0.922699162334029,True,True,True
True,True,True,39.147705078125,0.589264060235694,32.46410369873047,55.09262466430664,0.7,0.7166666666666667,-0.01666666666666672,3,11,nearest,gnn,adopted_energy_lag,63,14,-28.280023366666683,5.408429581327414,False,False,False
True,True,True,38.775146484375,0.6375392504231177,35.12371063232422,55.09262466430664,0.7,0.7166666666666667,-0.01666666666666672,3,11,oracle,gnn,adopted_energy_lag,63,14,-28.280023366666683,5.408429581327414,False,False,False
True,True,True,14.6953125,1.013078287271381,27.355728149414062,27.002580642700195,0.7166666666666667,0.7166666666666667,0.0,3,12,nearest,gnn,adopted_energy_lag,63,15,-53.88535713333317,2.850651546088366,False,False,False
True,True,True,15.9935302734375,1.0221121104427318,27.59966468811035,27.002580642700195,0.7166666666666667,0.7166666666666667,0.0,3,12,oracle,gnn,adopted_energy_lag,63,15,-53.88535713333317,2.850651546088366,False,False,False
False,False,False,-2.1751708984375,2.0211146401388045,327.0867004394531,161.83480834960938,0.7166666666666667,0.7166666666666667,0.0,3,13,nearest,gnn,adopted_energy_lag,63,16,55.764320433333296,4.4726829182547165,False,True,False
False,False,True,2.888671875,1.9847205441897733,321.1968688964844,161.83480834960938,0.7166666666666667,0.7166666666666667,0.0,3,13,oracle,gnn,adopted_energy_lag,63,16,55.764320433333296,4.4726829182547165,False,True,False
False,True,False,-18.424072265625,0.9683174026120149,29.152868270874023,30.106727600097656,0.7166666666666667,0.7166666666666667,0.0,3,13,nearest,gnn,adopted_energy_lag,63,17,-51.66782950000015,12.778804608970963,False,False,False
False,True,False,-9.26806640625,0.932057114417119,28.061189651489258,30.106727600097656,0.7166666666666667,0.7166666666666667,0.0,3,13,oracle,gnn,adopted_energy_lag,63,17,-51.66782950000015,12.778804608970963,False,False,False
True,True,True,0.9840087890625,1.014343268176953,30.919111251831055,30.481901168823242,0.7166666666666667,0.7166666666666667,0.0,3,13,nearest,gnn,adopted_energy_lag,63,18,-7.213513300000159,4.352721867828735,False,False,False
False,False,False,-11.1668701171875,3.3052955971340245,100.75169372558594,30.481901168823242,0.7166666666666667,0.7166666666666667,0.0,3,13,oracle,gnn,adopted_energy_lag,63,18,-7.213513300000159,4.352721867828735,False,False,False
False,False,False,-129.92822265625,1.9578618141441102,1386.150390625,707.991943359375,0.7833333333333333,0.7166666666666667,0.06666666666666665,3,13,nearest,gnn,adopted_energy_lag,63,19,99.59976806666646,2.8917868802215994,False,True,False
False,False,False,-142.92822265625,1.951798574795642,1381.857666015625,707.991943359375,0.7833333333333333,0.7166666666666667,0.06666666666666665,3,13,oracle,gnn,adopted_energy_lag,63,19,99.59976806666646,2.8917868802215994,False,True,False
False,True,False,-6.6031494140625,0.8661375094537401,20.740453720092773,23.945913314819336,0.7166666666666667,0.7166666666666667,0.0,3,13,nearest,gnn,adopted_energy_lag,63,20,-102.58979799999997,18.18683362043013,False,False,False
False,True,False,-7.3555908203125,0.8655242658939325,20.72576904296875,23.945913314819336,0.7166666666666667,0.7166666666666667,0.0,3,13,oracle,gnn,adopted_energy_lag,63,20,-102.58979799999997,18.18683362043013,False,False,False
False,True,False,-0.909423828125,1.034004422575803,27.293359756469727,26.39578628540039,0.7166666666666667,0.7166666666666667,0.0,3,14,nearest,gnn,adopted_energy_lag,63,21,-20.962325133333252,1.0823720354496358,True,False,False
True,True,True,0.1934814453125,1.0308540490732203,27.210203170776367,26.39578628540039,0.7166666666666667,0.7166666666666667,0.0,3,14,oracle,gnn,adopted_energy_lag,63,21,-20.962325133333252,1.0823720354496358,True,False,False
False,False,True,40.68310546875,1.61227549632023,59.861785888671875,37.12875747680664,0.7166666666666667,0.7166666666666667,0.0,3,14,nearest,gnn,adopted_energy_lag,63,22,-32.83853446666649,22.760238239997552,False,False,False
False,False,True,46.2974853515625,1.9254842325878105,71.49083709716797,37.12875747680664,0.7166666666666667,0.7166666666666667,0.0,3,14,oracle,gnn,adopted_energy_lag,63,22,-32.83853446666649,22.760238239997552,False,False,False
False,True,False,-5.8355712890625,1.0216250861116671,28.195362091064453,27.598541259765625,0.7166666666666667,0.7166666666666667,0.0,3,14,nearest,gnn,adopted_energy_lag,63,23,-18.586780399999725,1.1664151618510272,True,False,False
True,True,True,1.398681640625,1.0211030946017523,28.18095588684082,27.598541259765625,0.7166666666666667,0.7166666666666667,0.0,3,14,oracle,gnn,adopted_energy_lag,63,23,-18.586780399999725,1.1664151618510272,True,False,False
True,True,True,7.6805419921875,0.9780402372286567,40.06016159057617,40.959625244140625,0.7166666666666667,0.7166666666666667,0.0,3,13,nearest,gnn,adopted_energy_lag,63,24,0.1306944000000385,0.9939638696884856,True,True,True
True,True,True,7.6805419921875,0.9780402372286567,40.06016159057617,40.959625244140625,0.7166666666666667,0.7166666666666667,0.0,3,13,oracle,gnn,adopted_energy_lag,63,24,0.1306944000000385,0.9939638696884856,True,True,True
False,True,False,-22.3934326171875,0.7463094325492011,32.23572540283203,43.193511962890625,0.7166666666666667,0.7166666666666667,0.0,3,12,nearest,gnn,adopted_energy_lag,63,25,13.978897266666763,22.935969888252462,False,True,False
False,True,False,-23.7913818359375,0.746543382802316,32.24583053588867,43.193511962890625,0.7166666666666667,0.7166666666666667,0.0,3,12,oracle,gnn,adopted_energy_lag,63,25,13.978897266666763,22.935969888252462,False,True,False
False,True,False,-4.6092529296875,1.0227345039268447,27.914356231689453,27.29384422302246,0.7166666666666667,0.7166666666666667,0.0,3,12,nearest,gnn,adopted_energy_lag,63,26,-59.44368683333323,28.358198257442616,False,False,False
False,True,False,-6.0220947265625,1.0227045944275388,27.91353988647461,27.29384422302246,0.7166666666666667,0.7166666666666667,0.0,3,12,oracle,gnn,adopted_energy_lag,63,26,-59.44368683333323,28.358198257442616,False,False,False
True,True,True,8.656494140625,1.059435728292192,27.77092742919922,26.212942123413086,0.7166666666666667,0.7166666666666667,0.0,3,12,nearest,gnn,adopted_energy_lag,63,27,-71.6556297333334,1.5120180443129845,False,False,False
True,True,True,8.656494140625,1.059435728292192,27.77092742919922,26.212942123413086,0.7166666666666667,0.7166666666666667,0.0,3,12,oracle,gnn,adopted_energy_lag,63,27,-71.6556297333334,1.5120180443129845,False,False,False
False,False,True,49.3822021484375,1.8274812604474704,399.3780212402344,218.54014587402344,0.7166666666666667,0.7166666666666667,0.0,3,13,nearest,gnn,adopted_energy_lag,63,28,-18.777340666666532,4.810843997961585,False,False,False
True,True,True,45.5748291015625,1.3022455205527457,284.5929260253906,218.54014587402344,0.7166666666666667,0.7166666666666667,0.0,3,13,oracle,gnn,adopted_energy_lag,63,28,-18.777340666666532,4.810843997961585,False,False,False
True,True,True,35.472900390625,0.4581396924086103,26.962282180786133,58.851661682128906,0.7166666666666667,0.7166666666666667,0.0,3,13,nearest,gnn,adopted_energy_lag,63,29,-24.664687766666702,2.9476442792634847,False,False,False
True,True,True,102.322021484375,0.48657034368900953,28.635473251342773,58.851661682128906,0.7166666666666667,0.7166666666666667,0.0,3,13,oracle,gnn,adopted_energy_lag,63,29,-24.664687766666702,2.9476442792634847,False,False,False
False,True,False,-30.3394775390625,1.168703516935388,91.18524932861328,78.02256774902344,0.7166666666666667,0.7166666666666667,0.0,3,13,nearest,gnn,adopted_energy_lag,63,30,-10.434985433333395,1.0963103522455644,True,False,False
False,True,False,-23.0242919921875,1.1410455740113943,89.02730560302734,78.02256774902344,0.7166666666666667,0.7166666666666667,0.0,3,13,oracle,gnn,adopted_energy_lag,63,30,-10.434985433333395,1.0963103522455644,True,False,False
False,False,False,-35.5753173828125,4.9131067787336455,606.0889892578125,123.36165618896484,0.7166666666666667,0.7166666666666667,0.0,3,12,nearest,gnn,adopted_energy_lag,63,31,-52.20096990000002,0.9177004311118329,True,False,False
False,False,False,-38.13037109375,6.736465536237622,831.0215454101562,123.36165618896484,0.7166666666666667,0.7166666666666667,0.0,3,12,oracle,gnn,adopted_energy_lag,63,31,-52.20096990000002,0.9177004311118329,True,False,False
False,False,True,2.07470703125,3.494923009899255,382.2848815917969,109.38291931152344,0.7166666666666667,0.7166666666666667,0.0,3,14,nearest,gnn,adopted_energy_lag,63,32,21.554892699999982,12.15903390869932,False,True,False
False,False,True,10.5946044921875,3.665361283132541,400.92791748046875,109.38291931152344,0.7166666666666667,0.7166666666666667,0.0,3,14,oracle,gnn,adopted_energy_lag,63,32,21.554892699999982,12.15903390869932,False,True,False
True,True,True,6.43408203125,1.0101680782083273,26.937429428100586,26.666284561157227,0.7166666666666667,0.7166666666666667,0.0,3,14,nearest,gnn,adopted_energy_lag,63,33,-59.06589989999998,3.6498787528401846,False,False,False
True,True,True,5.545166015625,0.9970864355313243,26.588590621948242,26.666284561157227,0.7166666666666667,0.7166666666666667,0.0,3,14,oracle,gnn,adopted_energy_lag,63,33,-59.06589989999998,3.6498787528401846,False,False,False
False,True,False,-35.586669921875,1.109217608663938,178.78451538085938,161.1807403564453,0.7166666666666667,0.7166666666666667,0.0,3,13,nearest,gnn,adopted_energy_lag,63,34,56.048252866666644,4.003933473806334,False,True,False
False,True,False,-35.586669921875,1.109217608663938,178.78451538085938,161.1807403564453,0.7166666666666667,0.7166666666666667,0.0,3,13,oracle,gnn,adopted_energy_lag,63,34,56.048252866666644,4.003933473806334,False,True,False
False,False,False,-99.6236572265625,6.065521412189666,422.1557922363281,69.59925842285156,0.7166666666666667,0.7166666666666667,0.0,3,12,nearest,gnn,adopted_energy_lag,63,35,-81.15524140000002,19.578340576584345,False,False,False
False,False,False,-97.723876953125,6.063493023962473,422.0146179199219,69.59925842285156,0.7166666666666667,0.7166666666666667,0.0,3,12,oracle,gnn,adopted_energy_lag,63,35,-81.15524140000002,19.578340576584345,False,False,False
True,True,True,10.062255859375,0.8572355450934236,53.344390869140625,62.2283935546875,0.7166666666666667,0.7166666666666667,0.0,3,12,nearest,gnn,adopted_energy_lag,63,36,-34.42861916666675,0.7570819593898439,True,False,False
True,True,True,23.724365234375,0.6416605365112059,39.92950439453125,62.2283935546875,0.7166666666666667,0.7166666666666667,0.0,3,12,oracle,gnn,adopted_energy_lag,63,36,-34.42861916666675,0.7570819593898439,True,False,False
False,False,True,8.214599609375,1.5667423529171216,1510.6319580078125,964.1865844726562,0.8166666666666667,0.8,0.016666666666666607,3,11,nearest,gnn,adopted_energy_lag,63,37,68.1309405333327,3.771264178857945,False,True,False
False,False,False,-2.16650390625,1.6401448278948598,1581.4056396484375,964.1865844726562,0.8,0.8,0.0,3,11,oracle,gnn,adopted_energy_lag,63,37,68.1309405333327,3.771264178857945,False,True,False
False,True,False,-2.972412109375,0.955063135540449,22.5253963470459,23.585243225097656,0.7166666666666667,0.7166666666666667,0.0,3,10,nearest,gnn,adopted_energy_lag,63,38,-118.68867946666637,50.27481446051203,False,False,False
False,True,False,-2.713134765625,0.9608207862869639,22.661191940307617,23.585243225097656,0.7166666666666667,0.7166666666666667,0.0,3,10,oracle,gnn,adopted_energy_lag,63,38,-118.68867946666637,50.27481446051203,False,False,False
True,True,True,20.1810302734375,1.0438736902234211,27.91225242614746,26.73910903930664,0.7166666666666667,0.7166666666666667,0.0,3,11,nearest,gnn,adopted_energy_lag,63,39,-12.261831233333169,1.0337921736400713,True,False,False
True,True,True,19.042236328125,1.043858496551179,27.911846160888672,26.73910903930664,0.7166666666666667,0.7166666666666667,0.0,3,11,oracle,gnn,adopted_energy_lag,63,39,-12.261831233333169,1.0337921736400713,True,False,False
False,True,False,-7.0765380859375,1.009657583832523,21.958860397338867,21.74881935119629,0.7166666666666667,0.7166666666666667,0.0,4,5,nearest,gnn,adopted_energy_lag,63,0,13.644819533333475,1.0467961164251254,True,True,True
False,True,False,-9.3841552734375,1.0154554491523677,22.084957122802734,21.74881935119629,0.7166666666666667,0.7166666666666667,0.0,4,5,oracle,gnn,adopted_energy_lag,63,0,13.644819533333475,1.0467961164251254,True,True,True
False,True,False,-2.8978271484375,0.9428923213839487,22.843122482299805,24.22665023803711,0.7166666666666667,0.7166666666666667,0.0,4,5,nearest,gnn,adopted_energy_lag,63,1,-3.3189111666665667,1.0413799147023053,True,False,False
False,True,False,-4.9453125,0.9632962943193146,23.33744239807129,24.22665023803711,0.7166666666666667,0.7166666666666667,0.0,4,5,oracle,gnn,adopted_energy_lag,63,1,-3.3189111666665667,1.0413799147023053,True,False,False
False,False,False,-7.6973876953125,1.505844962376339,255.56936645507812,169.71824645996094,0.7166666666666667,0.7166666666666667,0.0,4,5,nearest,gnn,adopted_energy_lag,63,2,-4.607251566666491,0.9835277510928967,True,False,False
False,False,False,-14.6649169921875,2.856098836114219,484.7320861816406,169.71824645996094,0.7166666666666667,0.7166666666666667,0.0,4,5,oracle,gnn,adopted_energy_lag,63,2,-4.607251566666491,0.9835277510928967,True,False,False
False,True,False,-4.7239990234375,1.0020782823220773,402.443115234375,401.60845947265625,0.7166666666666667,0.7166666666666667,0.0,4,5,nearest,gnn,adopted_energy_lag,63,3,-2.6565064000001257,1.0294173958787625,True,False,False
False,True,False,-5.980712890625,1.0076811338925977,404.6932678222656,401.60845947265625,0.7166666666666667,0.7166666666666667,0.0,4,5,oracle,gnn,adopted_energy_lag,63,3,-2.6565064000001257,1.0294173958787625,True,False,False
False,False,False,-6.3052978515625,1.7253555856314424,348.7576904296875,202.13670349121094,0.7166666666666667,0.7166666666666667,0.0,4,5,nearest,gnn,adopted_energy_lag,63,4,4.174373033333495,0.8766889337883879,True,True,True
False,True,False,-1.9373779296875,1.2633292950051223,255.36521911621094,202.13670349121094,0.7166666666666667,0.7166666666666667,0.0,4,5,oracle,gnn,adopted_energy_lag,63,4,4.174373033333495,0.8766889337883879,True,True,True
False,True,False,-6.9549560546875,1.0106139943853025,24.318851470947266,24.06344223022461,0.7166666666666667,0.7166666666666667,0.0,4,5,nearest,gnn,adopted_energy_lag,63,5,-5.95578433333344,1.1169135744244258,True,False,False
False,True,False,-6.02587890625,0.993113522372155,23.897729873657227,24.06344223022461,0.7166666666666667,0.7166666666666667,0.0,4,5,oracle,gnn,adopted_energy_lag,63,5,-5.95578433333344,1.1169135744244258,True,False,False
False,True,False,-37.850341796875,1.4404224609744378,44.46744155883789,30.871110916137695,0.7166666666666667,0.7166666666666667,0.0,4,6,nearest,gnn,adopted_energy_lag,63,6,-8.554473200000075,1.099445397159593,True,False,False
False,True,False,-27.99365234375,1.3506784807226633,41.69694519042969,30.871110916137695,0.7166666666666667,0.7166666666666667,0.0,4,6,oracle,gnn,adopted_energy_lag,63,6,-8.554473200000075,1.099445397159593,True,False,False
False,True,False,-7.1002197265625,0.9644424841839568,23.443567276000977,24.30789566040039,0.7166666666666667,0.7166666666666667,0.0,4,8,nearest,gnn,adopted_energy_lag,63,7,0.3536922666667124,0.9860884031679349,True,True,True
False,True,False,-4.6142578125,0.8941165088371008,21.73409080505371,24.30789566040039,0.7166666666666667,0.7166666666666667,0.0,4,8,oracle,gnn,adopted_energy_lag,63,7,0.3536922666667124,0.9860884031679349,True,True,True
False,True,False,-14.0828857421875,1.216477298601073,121.8771743774414,100.18861389160156,0.7166666666666667,0.7166666666666667,0.0,4,7,nearest,gnn,adopted_energy_lag,63,8,9.829894333333186,1.1529295547647977,True,True,True
False,True,False,-7.5511474609375,1.2193397128006092,122.16395568847656,100.18861389160156,0.7166666666666667,0.7166666666666667,0.0,4,7,oracle,gnn,adopted_energy_lag,63,8,9.829894333333186,1.1529295547647977,True,True,True
False,True,False,-8.6043701171875,1.0511362422653576,367.9150390625,350.0165100097656,0.7166666666666667,0.7166666666666667,0.0,4,8,nearest,gnn,adopted_energy_lag,63,9,-8.797167633333174,1.1385482217456218,True,False,False
False,True,False,-5.142822265625,0.9887807852255853,346.089599609375,350.0165100097656,0.7166666666666667,0.7166666666666667,0.0,4,8,oracle,gnn,adopted_energy_lag,63,9,-8.797167633333174,1.1385482217456218,True,False,False
False,False,False,-58.568359375,2.513436725079069,138.5839385986328,55.137229919433594,0.7166666666666667,0.7166666666666667,0.0,4,8,nearest,gnn,adopted_energy_lag,63,10,-32.66188006666653,1.8434194826454489,False,False,False
False,False,False,-53.572998046875,2.2774253083632687,125.5709228515625,55.137229919433594,0.7166666666666667,0.7166666666666667,0.0,4,8,oracle,gnn,adopted_energy_lag,63,10,-32.66188006666653,1.8434194826454489,False,False,False
False,True,False,-18.23828125,1.1689806711121247,676.0302124023438,578.3074340820312,0.7166666666666667,0.7166666666666667,0.0,4,8,nearest,gnn,adopted_energy_lag,63,11,-37.025790133332976,1.5150218919619831,False,False,False
False,True,False,-9.2490234375,1.304307688378319,754.2908325195312,578.3074340820312,0.75,0.7166666666666667,0.033333333333333326,4,8,oracle,gnn,adopted_energy_lag,63,11,-37.025790133332976,1.5150218919619831,False,False,False
False,True,False,-4.55712890625,0.938249677756795,23.17742347717285,24.702831268310547,0.7166666666666667,0.7166666666666667,0.0,4,8,nearest,gnn,adopted_energy_lag,63,12,-0.778394900000194,1.0244250523260614,True,False,False
False,True,False,-3.8819580078125,0.9471885583316951,23.398239135742188,24.702831268310547,0.7166666666666667,0.7166666666666667,0.0,4,8,oracle,gnn,adopted_energy_lag,63,12,-0.778394900000194,1.0244250523260614,True,False,False
True,True,True,16.3543701171875,0.9837262755775452,306.8316345214844,311.90753173828125,0.7166666666666667,0.7166666666666667,0.0,4,8,nearest,gnn,adopted_energy_lag,63,13,-13.956443399999898,1.0263463089676321,True,False,False
False,True,False,-23.5631103515625,0.9425379327564976,293.98468017578125,311.90753173828125,0.7166666666666667,0.7166666666666667,0.0,4,8,oracle,gnn,adopted_energy_lag,63,13,-13.956443399999898,1.0263463089676321,True,False,False
False,False,False,-67.19140625,4.901735961159937,270.04949951171875,55.09262466430664,0.7166666666666667,0.7166666666666667,0.0,4,8,nearest,gnn,adopted_energy_lag,63,14,-36.45852076666665,2.268452822150669,False,False,False
False,False,False,-66.568359375,2.27274665405917,125.21157836914062,55.09262466430664,0.7166666666666667,0.7166666666666667,0.0,4,8,oracle,gnn,adopted_energy_lag,63,14,-36.45852076666665,2.268452822150669,False,False,False
True,True,True,4.51806640625,1.018945296041309,27.51415252685547,27.002580642700195,0.7166666666666667,0.7166666666666667,0.0,4,7,nearest,gnn,adopted_energy_lag,63,15,-6.000090266666575,1.041926726930526,True,False,False
True,True,True,4.51806640625,1.018945296041309,27.51415252685547,27.002580642700195,0.7166666666666667,0.7166666666666667,0.0,4,7,oracle,gnn,adopted_energy_lag,63,15,-6.000090266666575,1.041926726930526,True,False,False
False,False,False,-10.97314453125,1.8639299280049435,301.64874267578125,161.83480834960938,0.7166666666666667,0.7166666666666667,0.0,4,6,nearest,gnn,adopted_energy_lag,63,16,8.336959166666702,0.7396750184116943,True,True,True
False,False,False,-12.737548828125,1.862042695431249,301.34332275390625,161.83480834960938,0.7166666666666667,0.7166666666666667,0.0,4,6,oracle,gnn,adopted_energy_lag,63,16,8.336959166666702,0.7396750184116943,True,True,True
False,True,False,-7.55224609375,0.9883475636627,29.755910873413086,30.106727600097656,0.7166666666666667,0.7166666666666667,0.0,4,6,nearest,gnn,adopted_energy_lag,63,17,-7.910300333333225,1.2498902442476305,True,False,False
False,True,False,-3.296875,1.0370126039336072,31.22105598449707,30.106727600097656,0.7166666666666667,0.7166666666666667,0.0,4,6,oracle,gnn,adopted_energy_lag,63,17,-7.910300333333225,1.2498902442476305,True,False,False
False,False,False,-41.0928955078125,1.9903056667184982,60.66830062866211,30.481901168823242,0.7166666666666667,0.7166666666666667,0.0,4,7,nearest,gnn,adopted_energy_lag,63,18,-1.3911729000001287,3.7144171381276925,False,False,False
False,False,False,-43.3553466796875,3.4963867446286425,106.5765151977539,30.481901168823242,0.7166666666666667,0.7166666666666667,0.0,4,7,oracle,gnn,adopted_energy_lag,63,18,-1.3911729000001287,3.7144171381276925,False,False,False
False,True,False,-183.260986328125,1.0192081029402382,721.5911254882812,707.991943359375,0.7166666666666667,0.7166666666666667,0.0,4,7,nearest,gnn,adopted_energy_lag,63,19,16.010408233332782,1.2850676379066273,True,True,True
False,True,False,-195.99365234375,1.025126683873949,725.7814331054688,707.991943359375,0.7166666666666667,0.7166666666666667,0.0,4,7,oracle,gnn,adopted_energy_lag,63,19,16.010408233332782,1.2850676379066273,True,True,True
False,True,False,-4.090087890625,0.963118326376363,23.062747955322266,23.945913314819336,0.7166666666666667,0.7166666666666667,0.0,4,7,nearest,gnn,adopted_energy_lag,63,20,2.5040466333334734,0.9708429341793113,True,True,True
False,True,False,-3.19970703125,0.9648380209414034,23.103927612304688,23.945913314819336,0.7166666666666667,0.7166666666666667,0.0,4,7,oracle,gnn,adopted_energy_lag,63,20,2.5040466333334734,0.9708429341793113,True,True,True
True,True,True,1.9207763671875,1.0208526718054796,26.946208953857422,26.39578628540039,0.7166666666666667,0.7166666666666667,0.0,4,6,nearest,gnn,adopted_energy_lag,63,21,-8.715184766666653,1.0341118359290984,True,False,False
False,True,False,-1.16748046875,1.014012217940119,26.765649795532227,26.39578628540039,0.7166666666666667,0.7166666666666667,0.0,4,6,oracle,gnn,adopted_energy_lag,63,21,-8.715184766666653,1.0341118359290984,True,False,False
False,True,False,-2.830810546875,1.0218211478975672,37.93894958496094,37.12875747680664,0.7166666666666667,0.7166666666666667,0.0,4,6,nearest,gnn,adopted_energy_lag,63,22,-1.4411523999999645,1.066294398736432,True,False,False
True,True,True,3.52587890625,1.0248818436834133,38.052589416503906,37.12875747680664,0.7166666666666667,0.7166666666666667,0.0,4,6,oracle,gnn,adopted_energy_lag,63,22,-1.4411523999999645,1.066294398736432,True,False,False
True,True,True,4.1260986328125,0.9995681976758972,27.586624145507812,27.598541259765625,0.7166666666666667,0.7166666666666667,0.0,4,6,nearest,gnn,adopted_energy_lag,63,23,-8.059924499999852,1.0084572149712496,True,False,False
True,True,True,16.172119140625,0.9945211279052667,27.44733238220215,27.598541259765625,0.7166666666666667,0.7166666666666667,0.0,4,6,oracle,gnn,adopted_energy_lag,63,23,-8.059924499999852,1.0084572149712496,True,False,False
False,True,False,-11.414794921875,1.082357422522566,44.33295440673828,40.959625244140625,0.7166666666666667,0.7166666666666667,0.0,4,7,nearest,gnn,adopted_energy_lag,63,24,-24.331055166666374,1.5329927224585136,False,False,False
False,False,False,-34.0487060546875,1.6657447109707078,68.22827911376953,40.959625244140625,0.7166666666666667,0.7166666666666667,0.0,4,7,oracle,gnn,adopted_energy_lag,63,24,-24.331055166666374,1.5329927224585136,False,False,False
False,False,False,-7.6552734375,4.232478547936398,182.81561279296875,43.193511962890625,0.7166666666666667,0.7166666666666667,0.0,4,7,nearest,gnn,adopted_energy_lag,63,25,-12.10979139999995,10.754728579597705,False,False,False
False,False,False,-16.015869140625,4.231526496698732,182.7744903564453,43.193511962890625,0.7166666666666667,0.7166666666666667,0.0,4,7,oracle,gnn,adopted_energy_lag,63,25,-12.10979139999995,10.754728579597705,False,False,False
False,True,False,-0.2635498046875,0.9960842315791901,27.186967849731445,27.29384422302246,0.7166666666666667,0.7166666666666667,0.0,4,8,nearest,gnn,adopted_energy_lag,63,26,-16.68718630000012,1.1165809812912042,True,False,False
False,True,False,-4.2193603515625,0.9962411166865306,27.19124984741211,27.29384422302246,0.7166666666666667,0.7166666666666667,0.0,4,8,oracle,gnn,adopted_energy_lag,63,26,-16.68718630000012,1.1165809812912042,True,False,False
True,True,True,12.8519287109375,1.0736152482283694,28.142614364624023,26.212942123413086,0.7166666666666667,0.7166666666666667,0.0,4,9,nearest,gnn,adopted_energy_lag,63,27,-20.93463613333347,1.146621193849759,True,False,False
True,True,True,12.8519287109375,1.0736152482283694,28.142614364624023,26.212942123413086,0.7166666666666667,0.7166666666666667,0.0,4,9,oracle,gnn,adopted_energy_lag,63,27,-20.93463613333347,1.146621193849759,True,False,False
False,True,False,-6.78515625,1.1158205831808374,243.85159301757812,218.54014587402344,0.7166666666666667,0.7166666666666667,0.0,4,8,nearest,gnn,adopted_energy_lag,63,28,-24.80301079999981,1.4417538193029085,True,False,False
False,True,False,-9.3944091796875,0.7234536591918852,158.10366821289062,218.54014587402344,0.7166666666666667,0.7166666666666667,0.0,4,8,oracle,gnn,adopted_energy_lag,63,28,-24.80301079999981,1.4417538193029085,True,False,False
False,False,False,-36.844482421875,4.114542174711443,242.14764404296875,58.851661682128906,0.7166666666666667,0.7166666666666667,0.0,4,9,nearest,gnn,adopted_energy_lag,63,29,-1.0151694000001044,3.547900121112106,False,False,False
False,False,False,-41.9832763671875,4.1401259171057605,243.65328979492188,58.851661682128906,0.7166666666666667,0.7166666666666667,0.0,4,9,oracle,gnn,adopted_energy_lag,63,29,-1.0151694000001044,3.547900121112106,False,False,False
False,True,False,-0.048095703125,1.194108017015278,93.16737365722656,78.02256774902344,0.7166666666666667,0.7166666666666667,0.0,4,9,nearest,gnn,adopted_energy_lag,63,30,-21.50263016666645,1.012111610819516,True,False,False
True,True,True,9.7537841796875,1.1087031688227162,86.50386810302734,78.02256774902344,0.7166666666666667,0.7166666666666667,0.0,4,9,oracle,gnn,adopted_energy_lag,63,30,-21.50263016666645,1.012111610819516,True,False,False
False,True,False,-21.0670166015625,0.9645726498660204,118.99127960205078,123.36165618896484,0.7166666666666667,0.7166666666666667,0.0,4,9,nearest,gnn,adopted_energy_lag,63,31,-19.931161833333363,1.2462960584910447,True,False,False
True,True,True,24.83056640625,0.5500978121508228,67.86097717285156,123.36165618896484,0.7166666666666667,0.7166666666666667,0.0,4,9,oracle,gnn,adopted_energy_lag,63,31,-19.931161833333363,1.2462960584910447,True,False,False
False,False,False,-44.37451171875,2.8024059083891664,306.53533935546875,109.38291931152344,0.7166666666666667,0.7166666666666667,0.0,4,8,nearest,gnn,adopted_energy_lag,63,32,15.996682166666687,8.466379998591448,False,True,False
False,False,False,-42.572021484375,2.767840051759645,302.7544250488281,109.38291931152344,0.7166666666666667,0.7166666666666667,0.0,4,8,oracle,gnn,adopted_energy_lag,63,32,15.996682166666687,8.466379998591448,False,True,False
True,True,True,9.6632080078125,1.0356299022095496,27.61640167236328,26.666284561157227,0.7166666666666667,0.7166666666666667,0.0,4,8,nearest,gnn,adopted_energy_lag,63,33,-19.70847089999984,1.0633882606717757,True,False,False
True,True,True,9.6168212890625,1.0109027279028766,26.957019805908203,26.666284561157227,0.7166666666666667,0.7166666666666667,0.0,4,8,oracle,gnn,adopted_energy_lag,63,33,-19.70847089999984,1.0633882606717757,True,False,False
False,False,False,-4.1922607421875,1.7548032351362157,282.8404846191406,161.1807403564453,0.7166666666666667,0.7166666666666667,0.0,4,8,nearest,gnn,adopted_energy_lag,63,34,-34.16579003333345,1.1143463088267027,True,False,False
False,False,True,18.0758056640625,1.6724093714170813,269.5601806640625,161.1807403564453,0.7166666666666667,0.7166666666666667,0.0,4,8,oracle,gnn,adopted_energy_lag,63,34,-34.16579003333345,1.1143463088267027,True,False,False
False,True,False,-0.379150390625,0.6992588885037612,48.66790008544922,69.59925842285156,0.7166666666666667,0.7166666666666667,0.0,4,9,nearest,gnn,adopted_energy_lag,63,35,-5.053517899999861,1.2440507518939343,True,False,False
False,True,False,-20.882568359375,1.1279788663519728,78.5064926147461,69.59925842285156,0.7166666666666667,0.7166666666666667,0.0,4,9,oracle,gnn,adopted_energy_lag,63,35,-5.053517899999861,1.2440507518939343,True,False,False
False,True,False,-32.06298828125,1.3600869256044332,84.63602447509766,62.2283935546875,0.7166666666666667,0.7166666666666667,0.0,4,9,nearest,gnn,adopted_energy_lag,63,36,-6.358393433333504,0.8235509668115802,True,False,False
False,True,False,-38.19921875,1.3598491981756657,84.62123107910156,62.2283935546875,0.7166666666666667,0.7166666666666667,0.0,4,9,oracle,gnn,adopted_energy_lag,63,36,-6.358393433333504,0.8235509668115802,True,False,False
True,True,True,41.81884765625,1.2236035260099032,1179.7821044921875,964.1865844726562,0.7833333333333333,0.8,-0.01666666666666672,4,10,nearest,gnn,adopted_energy_lag,63,37,6.643046833332846,1.7664653411983429,False,True,False
True,True,True,43.33740234375,1.1682985241782533,1126.457763671875,964.1865844726562,0.7833333333333333,0.8,-0.01666666666666672,4,10,oracle,gnn,adopted_energy_lag,63,37,6.643046833332846,1.7664653411983429,False,True,False
False,True,False,-3.927001953125,1.0309377896172078,24.314918518066406,23.585243225097656,0.7166666666666667,0.7166666666666667,0.0,4,11,nearest,gnn,adopted_energy_lag,63,38,-73.03764840000008,7.695810463547207,False,False,False
False,True,False,-2.236572265625,1.030244002244963,24.298555374145508,23.585243225097656,0.7166666666666667,0.7166666666666667,0.0,4,11,oracle,gnn,adopted_energy_lag,63,38,-73.03764840000008,7.695810463547207,False,False,False
True,True,True,19.8118896484375,1.01350046943454,27.100099563598633,26.73910903930664,0.7166666666666667,0.7166666666666667,0.0,4,11,nearest,gnn,adopted_energy_lag,63,39,-27.928972666666596,1.0474615030190717,True,False,False
True,True,True,18.5489501953125,1.013506532637078,27.100261688232422,26.73910903930664,0.7166666666666667,0.7166666666666667,0.0,4,11,oracle,gnn,adopted_energy_lag,63,39,-27.928972666666596,1.0474615030190717,True,False,False
False,True,False,-2.3590087890625,1.0169677298556608,22.117847442626953,21.74881935119629,0.7166666666666667,0.7166666666666667,0.0,5,9,nearest,gnn,adopted_energy_lag,63,0,12.947287199999892,1.0533089222593885,True,True,True
False,True,False,-3.244873046875,1.0089043375462448,21.94247817993164,21.74881935119629,0.7166666666666667,0.7166666666666667,0.0,5,9,oracle,gnn,adopted_energy_lag,63,0,12.947287199999892,1.0533089222593885,True,True,True
False,True,False,-1.2557373046875,1.0031827917776948,24.30375862121582,24.22665023803711,0.7166666666666667,0.7166666666666667,0.0,5,9,nearest,gnn,adopted_energy_lag,63,1,-2.0313576666665085,0.9987752671207003,True,False,False
False,True,False,-0.7098388671875,0.9930453633840146,24.058162689208984,24.22665023803711,0.7166666666666667,0.7166666666666667,0.0,5,9,oracle,gnn,adopted_energy_lag,63,1,-2.0313576666665085,0.9987752671207003,True,False,False
False,True,False,-3.838623046875,1.061663784411186,180.1837158203125,169.71824645996094,0.7166666666666667,0.7166666666666667,0.0,5,9,nearest,gnn,adopted_energy_lag,63,2,-4.745751533333532,1.0310306108093419,True,False,False
False,True,False,-5.5230712890625,1.2625128622617532,214.27146911621094,169.71824645996094,0.7166666666666667,0.7166666666666667,0.0,5,9,oracle,gnn,adopted_energy_lag,63,2,-4.745751533333532,1.0310306108093419,True,False,False
True,True,True,4.1246337890625,1.2583035167576424,505.3453369140625,401.60845947265625,0.7166666666666667,0.7166666666666667,0.0,5,9,nearest,gnn,adopted_energy_lag,63,3,-1.465351099999907,1.0259683792195478,True,False,False
True,True,True,6.4083251953125,1.368163875942579,549.4661865234375,401.60845947265625,0.7166666666666667,0.7166666666666667,0.0,5,9,oracle,gnn,adopted_energy_lag,63,3,-1.465351099999907,1.0259683792195478,True,False,False
False,True,False,-2.1484375,0.8990773996467639,181.73654174804688,202.13670349121094,0.7166666666666667,0.7166666666666667,0.0,5,9,nearest,gnn,adopted_energy_lag,63,4,10.208404333333192,0.9158833342193341,True,True,True
False,True,False,-2.7391357421875,0.8990878924055903,181.73866271972656,202.13670349121094,0.7166666666666667,0.7166666666666667,0.0,5,9,oracle,gnn,adopted_energy_lag,63,4,10.208404333333192,0.9158833342193341,True,True,True
False,True,False,-4.40478515625,0.9968587941161877,23.98785400390625,24.06344223022461,0.7166666666666667,0.7166666666666667,0.0,5,9,nearest,gnn,adopted_energy_lag,63,5,-1.1954528666667557,0.9680334290986765,True,False,False
False,True,False,-4.40478515625,0.9968587941161877,23.98785400390625,24.06344223022461,0.7166666666666667,0.7166666666666667,0.0,5,9,oracle,gnn,adopted_energy_lag,63,5,-1.1954528666667557,0.9680334290986765,True,False,False
False,True,False,-8.668701171875,0.7554465447865116,23.321474075317383,30.871110916137695,0.7166666666666667,0.7166666666666667,0.0,5,8,nearest,gnn,adopted_energy_lag,63,6,-52.91477696666652,1.14374830993631,True,False,False
False,True,False,-9.531005859375,0.755620776389616,23.326852798461914,30.871110916137695,0.7166666666666667,0.7166666666666667,0.0,5,8,oracle,gnn,adopted_energy_lag,63,6,-52.91477696666652,1.14374830993631,True,False,False
False,True,False,-2.0128173828125,0.9638184423545577,23.42839813232422,24.30789566040039,0.7166666666666667,0.7166666666666667,0.0,5,8,nearest,gnn,adopted_energy_lag,63,7,-0.35086956666646074,1.022839166762313,True,False,False
False,True,False,-2.20849609375,0.9610372072680433,23.36079216003418,24.30789566040039,0.7166666666666667,0.7166666666666667,0.0,5,8,oracle,gnn,adopted_energy_lag,63,7,-0.35086956666646074,1.022839166762313,True,False,False
True,True,True,10.6083984375,1.014200967687746,101.61138916015625,100.18861389160156,0.7166666666666667,0.7166666666666667,0.0,5,9,nearest,gnn,adopted_energy_lag,63,8,1.4315061333331869,0.9498774220981038,True,True,True
True,True,True,27.37451171875,0.8253374486994364,82.68941497802734,100.18861389160156,0.7166666666666667,0.7166666666666667,0.0,5,9,oracle,gnn,adopted_energy_lag,63,8,1.4315061333331869,0.9498774220981038,True,True,True
True,True,True,8.6968994140625,1.2773640612830328,447.0985107421875,350.0165100097656,0.7166666666666667,0.7166666666666667,0.0,5,8,nearest,gnn,adopted_energy_lag,63,9,2.551188966666814,1.0408706621998567,True,True,True
True,True,True,16.9901123046875,1.277853888902597,447.26995849609375,350.0165100097656,0.7166666666666667,0.7166666666666667,0.0,5,8,oracle,gnn,adopted_energy_lag,63,9,2.551188966666814,1.0408706621998567,True,True,True
False,True,False,-3.388916015625,0.4409830665701575,24.314584732055664,55.137229919433594,0.7166666666666667,0.7166666666666667,0.0,5,8,nearest,gnn,adopted_energy_lag,63,10,-38.638157599999886,1.03969178334539,True,False,False
False,True,False,-10.1593017578125,0.4435274328149909,24.45487403869629,55.137229919433594,0.7166666666666667,0.7166666666666667,0.0,5,8,oracle,gnn,adopted_energy_lag,63,10,-38.638157599999886,1.03969178334539,True,False,False
False,False,False,-5.90087890625,1.6959993304477714,980.8090209960938,578.3074340820312,0.75,0.7166666666666667,0.033333333333333326,5,7,nearest,gnn,adopted_energy_lag,63,11,15.767144466667105,2.4496612037134735,False,True,False
False,False,True,12.144287109375,2.071605993421206,1198.025146484375,578.3074340820312,0.8,0.7166666666666667,0.08333333333333337,5,7,oracle,gnn,adopted_energy_lag,63,11,15.767144466667105,2.4496612037134735,False,True,False
False,True,False,-3.8853759765625,0.9789039762348435,24.181699752807617,24.702831268310547,0.7166666666666667,0.7166666666666667,0.0,5,7,nearest,gnn,adopted_energy_lag,63,12,-79.17391410000005,3.055326138239531,False,False,False
False,True,False,-3.55712890625,0.9714975943137567,23.998741149902344,24.702831268310547,0.7166666666666667,0.7166666666666667,0.0,5,7,oracle,gnn,adopted_energy_lag,63,12,-79.17391410000005,3.055326138239531,False,False,False
False,True,False,-0.2872314453125,1.1048548488315642,344.612548828125,311.90753173828125,0.7166666666666667,0.7166666666666667,0.0,5,7,nearest,gnn,adopted_energy_lag,63,13,4.304274433333603,0.7959803195740522,True,True,True
False,True,False,-40.180419921875,1.1021296626240413,343.7625427246094,311.90753173828125,0.7166666666666667,0.7166666666666667,0.0,5,7,oracle,gnn,adopted_energy_lag,63,13,4.304274433333603,0.7959803195740522,True,True,True
True,True,True,2.2635498046875,0.9207204635913875,50.72490692138672,55.09262466430664,0.7166666666666667,0.7166666666666667,0.0,5,7,nearest,gnn,adopted_energy_lag,63,14,-50.62809570000013,2.758496824007535,False,False,False
False,True,False,-0.983154296875,0.9453106212827256,52.07964324951172,55.09262466430664,0.7166666666666667,0.7166666666666667,0.0,5,7,oracle,gnn,adopted_energy_lag,63,14,-50.62809570000013,2.758496824007535,False,False,False
False,True,False,-5.1146240234375,0.9951019023701769,26.870319366455078,27.002580642700195,0.7166666666666667,0.7166666666666667,0.0,5,7,nearest,gnn,adopted_energy_lag,63,15,-9.517006066666454,1.0507380807896032,True,False,False
False,True,False,-6.094482421875,1.0034139690328456,27.09476661682129,27.002580642700195,0.7166666666666667,0.7166666666666667,0.0,5,7,oracle,gnn,adopted_energy_lag,63,15,-9.517006066666454,1.0507380807896032,True,False,False
False,True,False,-5.1982421875,1.0043085021826312,162.53207397460938,161.83480834960938,0.7166666666666667,0.7166666666666667,0.0,5,6,nearest,gnn,adopted_energy_lag,63,16,22.73432333333335,0.6455664897844909,True,True,True
False,True,False,-5.0633544921875,1.0041891358537796,162.51275634765625,161.83480834960938,0.7166666666666667,0.7166666666666667,0.0,5,6,oracle,gnn,adopted_energy_lag,63,16,22.73432333333335,0.6455664897844909,True,True,True
True,True,True,2.51318359375,0.9756420119970128,29.373388290405273,30.106727600097656,0.7166666666666667,0.7166666666666667,0.0,5,6,nearest,gnn,adopted_energy_lag,63,17,-11.434668999999985,1.0729414550852407,True,False,False
True,True,True,6.287841796875,0.974217015120311,29.330486297607422,30.106727600097656,0.7166666666666667,0.7166666666666667,0.0,5,6,oracle,gnn,adopted_energy_lag,63,17,-11.434668999999985,1.0729414550852407,True,False,False
False,False,False,-38.885498046875,2.7636651472862495,84.24176788330078,30.481901168823242,0.7166666666666667,0.7166666666666667,0.0,5,7,nearest,gnn,adopted_energy_lag,63,18,-0.7063200000000052,20.24297470807032,False,False,False
False,False,False,-46.1087646484375,3.67312235960853,111.96375274658203,30.481901168823242,0.7166666666666667,0.7166666666666667,0.0,5,7,oracle,gnn,adopted_energy_lag,63,18,-0.7063200000000052,20.24297470807032,False,False,False
False,True,False,-59.479248046875,1.285289842703371,909.974853515625,707.991943359375,0.7333333333333333,0.7166666666666667,0.016666666666666607,5,6,nearest,gnn,adopted_energy_lag,63,19,12.977692766666223,1.6562453759832876,False,True,False
False,True,False,-104.641845703125,1.18080077656913,835.9974365234375,707.991943359375,0.7166666666666667,0.7166666666666667,0.0,5,6,oracle,gnn,adopted_energy_lag,63,19,12.977692766666223,1.6562453759832876,False,True,False
False,True,False,-3.3468017578125,0.9829784488578049,23.53831672668457,23.945913314819336,0.7166666666666667,0.7166666666666667,0.0,5,7,nearest,gnn,adopted_energy_lag,63,20,4.552935600000183,0.9881482270292132,True,True,True
False,True,False,-1.9935302734375,1.0011603756564849,23.97369956970215,23.945913314819336,0.7166666666666667,0.7166666666666667,0.0,5,7,oracle,gnn,adopted_energy_lag,63,20,4.552935600000183,0.9881482270292132,True,True,True
False,True,False,-12.64404296875,0.9954011108032853,26.274394989013672,26.39578628540039,0.7166666666666667,0.7166666666666667,0.0,5,7,nearest,gnn,adopted_energy_lag,63,21,-21.60077363333312,1.0677860379117612,True,False,False
False,True,False,-13.22216796875,0.9967987557477083,26.31128692626953,26.39578628540039,0.7166666666666667,0.7166666666666667,0.0,5,7,oracle,gnn,adopted_energy_lag,63,21,-21.60077363333312,1.0677860379117612,True,False,False
False,True,False,-15.5609130859375,0.9955232058584532,36.96253967285156,37.12875747680664,0.7166666666666667,0.7166666666666667,0.0,5,7,nearest,gnn,adopted_energy_lag,63,22,-18.738213366666514,1.1501171794435407,True,False,False
False,True,False,-14.57763671875,0.9912339165779058,36.80328369140625,37.12875747680664,0.7166666666666667,0.7166666666666667,0.0,5,7,oracle,gnn,adopted_energy_lag,63,22,-18.738213366666514,1.1501171794435407,True,False,False
False,True,False,-30.971923828125,0.9897457314598678,27.31553840637207,27.598541259765625,0.7166666666666667,0.7166666666666667,0.0,5,8,nearest,gnn,adopted_energy_lag,63,23,-18.605270366666446,0.9867929956313481,True,False,False
True,True,True,18.326904296875,0.9914070784619654,27.36138916015625,27.598541259765625,0.7166666666666667,0.7166666666666667,0.0,5,8,oracle,gnn,adopted_energy_lag,63,23,-18.605270366666446,0.9867929956313481,True,False,False
True,True,True,11.5931396484375,0.835365901360861,34.21627426147461,40.959625244140625,0.7166666666666667,0.7166666666666667,0.0,5,8,nearest,gnn,adopted_energy_lag,63,24,-16.885122799999863,1.0153065077884482,True,False,False
True,True,True,10.385498046875,0.8076422235716175,33.08072280883789,40.959625244140625,0.7166666666666667,0.7166666666666667,0.0,5,8,oracle,gnn,adopted_energy_lag,63,24,-16.885122799999863,1.0153065077884482,True,False,False
False,False,False,-27.21923828125,3.501609125561251,151.24679565429688,43.193511962890625,0.7166666666666667,0.7166666666666667,0.0,5,7,nearest,gnn,adopted_energy_lag,63,25,-21.82772460000001,0.9695960275053727,True,False,False
False,False,False,-32.6634521484375,2.175078513316353,93.94927978515625,43.193511962890625,0.7166666666666667,0.7166666666666667,0.0,5,7,oracle,gnn,adopted_energy_lag,63,25,-21.82772460000001,0.9695960275053727,True,False,False
False,True,False,-9.110107421875,1.008216167412133,27.518095016479492,27.29384422302246,0.7166666666666667,0.7166666666666667,0.0,5,6,nearest,gnn,adopted_energy_lag,63,26,-26.114832766666723,1.0531172567028741,True,False,False
False,True,False,-8.5906982421875,1.010110179467478,27.56978988647461,27.29384422302246,0.7166666666666667,0.7166666666666667,0.0,5,6,oracle,gnn,adopted_energy_lag,63,26,-26.114832766666723,1.0531172567028741,True,False,False
False,True,False,-8.0443115234375,0.9972963220680935,26.142070770263672,26.212942123413086,0.7166666666666667,0.7166666666666667,0.0,5,6,nearest,gnn,adopted_energy_lag,63,27,-60.107870300000286,1.0308421603631737,True,False,False
True,True,True,3.33203125,1.0150990338373402,26.608732223510742,26.212942123413086,0.7166666666666667,0.7166666666666667,0.0,5,6,oracle,gnn,adopted_energy_lag,63,27,-60.107870300000286,1.0308421603631737,True,False,False
True,True,True,5.2740478515625,1.0050975241524602,219.65415954589844,218.54014587402344,0.7166666666666667,0.7166666666666667,0.0,5,7,nearest,gnn,adopted_energy_lag,63,28,-14.644242300000087,1.9293446209307756,False,False,False
True,True,True,2.2840576171875,0.6451529567951174,140.9918212890625,218.54014587402344,0.7166666666666667,0.7166666666666667,0.0,5,7,oracle,gnn,adopted_energy_lag,63,28,-14.644242300000087,1.9293446209307756,False,False,False
False,False,False,-13.372314453125,1.5585220264188686,91.72161102294922,58.851661682128906,0.7166666666666667,0.7166666666666667,0.0,5,7,nearest,gnn,adopted_energy_lag,63,29,-10.452212733333226,0.9725738839101894,True,False,False
False,False,False,-17.601318359375,2.007255303964775,118.13031005859375,58.851661682128906,0.7166666666666667,0.7166666666666667,0.0,5,7,oracle,gnn,adopted_energy_lag,63,29,-10.452212733333226,0.9725738839101894,True,False,False
True,True,True,28.343994140625,0.33957926672216915,26.49484634399414,78.02256774902344,0.7,0.7166666666666667,-0.01666666666666672,5,6,nearest,gnn,adopted_energy_lag,63,30,-25.895172900000034,1.3498563505609955,True,False,False
True,True,True,88.98046875,0.3394288008867877,26.48310661315918,78.02256774902344,0.7,0.7166666666666667,-0.01666666666666672,5,6,oracle,gnn,adopted_energy_lag,63,30,-25.895172900000034,1.3498563505609955,True,False,False
False,True,False,-31.7437744140625,1.0215549147923229,126.02070617675781,123.36165618896484,0.7166666666666667,0.7166666666666667,0.0,5,6,nearest,gnn,adopted_energy_lag,63,31,-11.93087586666661,0.7960698585150021,True,False,False
False,True,False,-35.5078125,0.7645516099408143,94.31635284423828,123.36165618896484,0.7166666666666667,0.7166666666666667,0.0,5,6,oracle,gnn,adopted_energy_lag,63,31,-11.93087586666661,0.7960698585150021,True,False,False
False,True,False,-5.30615234375,0.99724775787021,109.08187103271484,109.38291931152344,0.7166666666666667,0.7166666666666667,0.0,5,6,nearest,gnn,adopted_energy_lag,63,32,-37.842719966666664,3.120664400388434,False,False,False
True,True,True,9.880859375,0.9953062131801562,108.86949920654297,109.38291931152344,0.7166666666666667,0.7166666666666667,0.0,5,6,oracle,gnn,adopted_energy_lag,63,32,-37.842719966666664,3.120664400388434,False,False,False
False,True,False,-0.1834716796875,1.0170741858860426,27.12158966064453,26.666284561157227,0.7166666666666667,0.7166666666666667,0.0,5,6,nearest,gnn,adopted_energy_lag,63,33,-10.410306799999944,1.0280804430600141,True,False,False
True,True,True,0.60400390625,1.0127134952738441,27.005306243896484,26.666284561157227,0.7166666666666667,0.7166666666666667,0.0,5,6,oracle,gnn,adopted_energy_lag,63,33,-10.410306799999944,1.0280804430600141,True,False,False
True,True,True,6.687744140625,0.9852770118282053,158.80767822265625,161.1807403564453,0.7166666666666667,0.7166666666666667,0.0,5,7,nearest,gnn,adopted_energy_lag,63,34,4.994334333333427,0.7444210427060115,True,True,True
False,True,False,-4.609130859375,0.8548311529686103,137.78231811523438,161.1807403564453,0.7166666666666667,0.7166666666666667,0.0,5,7,oracle,gnn,adopted_energy_lag,63,34,4.994334333333427,0.7444210427060115,True,True,True
False,True,False,-9.961669921875,0.94891824775495,66.04400634765625,69.59925842285156,0.7166666666666667,0.7166666666666667,0.0,5,7,nearest,gnn,adopted_energy_lag,63,35,-3.505339499999991,1.0297327395701301,True,False,False
False,True,False,-43.193603515625,1.4642840778320538,101.9130859375,69.59925842285156,0.7166666666666667,0.7166666666666667,0.0,5,7,oracle,gnn,adopted_energy_lag,63,35,-3.505339499999991,1.0297327395701301,True,False,False
True,True,True,42.5377197265625,0.42868685939875434,26.676494598388672,62.2283935546875,0.7166666666666667,0.7166666666666667,0.0,5,7,nearest,gnn,adopted_energy_lag,63,36,-36.91659153333353,0.5528659079177881,True,False,False
True,True,True,53.6070556640625,0.4082339635133147,25.403743743896484,62.2283935546875,0.7166666666666667,0.7166666666666667,0.0,5,7,oracle,gnn,adopted_energy_lag,63,36,-36.91659153333353,0.5528659079177881,True,False,False
True,True,True,25.66259765625,1.244327788290519,1199.76416015625,964.1865844726562,0.85,0.8,0.04999999999999993,5,7,nearest,gnn,adopted_energy_lag,63,37,2.3443194999999832,1.3146202501090387,True,True,True
True,True,True,215.470947265625,1.1835829730434437,1141.19482421875,964.1865844726562,0.85,0.8,0.04999999999999993,5,7,oracle,gnn,adopted_energy_lag,63,37,2.3443194999999832,1.3146202501090387,True,True,True
True,True,True,0.020263671875,1.0060898664505808,23.72887420654297,23.585243225097656,0.7166666666666667,0.7166666666666667,0.0,5,6,nearest,gnn,adopted_energy_lag,63,38,-32.48807880000004,2.1310345995580855,False,False,False
True,True,True,0.8115234375,1.0044816771879088,23.69094467163086,23.585243225097656,0.7166666666666667,0.7166666666666667,0.0,5,6,oracle,gnn,adopted_energy_lag,63,38,-32.48807880000004,2.1310345995580855,False,False,False
True,True,True,2.21337890625,1.002741780187651,26.812421798706055,26.73910903930664,0.7166666666666667,0.7166666666666667,0.0,5,6,nearest,gnn,adopted_energy_lag,63,39,-15.870231233333243,1.0465741164664162,True,False,False
True,True,True,9.256103515625,1.0108927216888743,27.030370712280273,26.73910903930664,0.7166666666666667,0.7166666666666667,0.0,5,6,oracle,gnn,adopted_energy_lag,63,39,-15.870231233333243,1.0465741164664162,True,False,False
