approved,safe,saves_energy,predicted_saving_w,pred_d95_ratio,pred_d95_cf,pred_d95_base,violation_rate_cf,violation_rate_base,violation_increase,cell,n_stranded,reassign,kind,tag,seed,phase,true_saved_w,true_d95_ratio,true_safe,true_saves,true_approve
False,True,False,-6.2679443359375,1.0549577008887523,282.72991943359375,268.0011901855469,0.6833333333333333,0.6833333333333333,0.0,0,9,nearest,gnn,nolag_recover,61,0,13.890583399999969,1.0056064056268186,True,True,True
False,True,False,-6.8782958984375,1.0541765454551044,282.52056884765625,268.0011901855469,0.6833333333333333,0.6833333333333333,0.0,0,9,oracle,gnn,nolag_recover,61,0,13.890583399999969,1.0056064056268186,True,True,True
True,True,True,34.269287109375,0.9946151538929163,34.002525329589844,34.186614990234375,0.6833333333333333,0.6833333333333333,0.0,0,8,nearest,gnn,nolag_recover,61,1,-11.020424466666555,1.0655403018373895,True,False,False
True,True,True,17.297119140625,1.2070196486962017,41.263916015625,34.186614990234375,0.6833333333333333,0.6833333333333333,0.0,0,8,oracle,gnn,nolag_recover,61,1,-11.020424466666555,1.0655403018373895,True,False,False
False,True,False,-23.3687744140625,1.2548325993900324,415.07122802734375,330.7781677246094,0.6833333333333333,0.6833333333333333,0.0,0,8,nearest,gnn,nolag_recover,61,2,3.944507799999883,1.0473523100451028,True,True,True
False,True,False,-31.93798828125,1.226948043530829,405.8476257324219,330.7781677246094,0.6833333333333333,0.6833333333333333,0.0,0,8,oracle,gnn,nolag_recover,61,2,3.944507799999883,1.0473523100451028,True,True,True
False,True,False,-68.698486328125,1.3784128134330218,448.8550109863281,325.63177490234375,0.6833333333333333,0.6833333333333333,0.0,0,10,nearest,gnn,nolag_recover,61,3,8.766797233333364,1.046168298655292,True,True,True
False,True,False,-73.89208984375,1.34727845566133,438.7166748046875,325.63177490234375,0.6833333333333333,0.6833333333333333,0.0,0,10,oracle,gnn,nolag_recover,61,3,8.766797233333364,1.046168298655292,True,True,True
False,False,False,-56.207275390625,1.5159498977309813,389.962890625,257.2399597167969,0.6833333333333333,0.6833333333333333,0.0,0,12,nearest,gnn,nolag_recover,61,4,-5.415719766666598,1.086681591882506,True,False,False
False,False,False,-107.03857421875,1.5462366175641715,397.75384521484375,257.2399597167969,0.6833333333333333,0.6833333333333333,0.0,0,12,oracle,gnn,nolag_recover,61,4,-5.415719766666598,1.086681591882506,True,False,False
False,True,False,-80.983642578125,1.4425727474211056,487.2309265136719,337.7513732910156,0.6833333333333333,0.6833333333333333,0.0,0,13,nearest,gnn,nolag_recover,61,5,11.222080000000005,0.8127337646494677,True,True,True
False,False,False,-118.0460205078125,1.552455008327583,524.3438110351562,337.7513732910156,0.6833333333333333,0.6833333333333333,0.0,0,13,oracle,gnn,nolag_recover,61,5,11.222080000000005,0.8127337646494677,True,True,True
False,False,False,-54.3082275390625,3.549569404683614,133.29676818847656,37.552940368652344,0.6833333333333333,0.6833333333333333,0.0,0,14,nearest,gnn,nolag_recover,61,6,-4.406086033333395,1.0676184019670558,True,False,False
False,False,False,-54.964599609375,3.7415042525211093,140.50448608398438,37.552940368652344,0.6833333333333333,0.6833333333333333,0.0,0,14,oracle,gnn,nolag_recover,61,6,-4.406086033333395,1.0676184019670558,True,False,False
False,True,False,-11.69677734375,1.1622919095367996,33.250301361083984,28.60753059387207,0.6833333333333333,0.6833333333333333,0.0,0,14,nearest,gnn,nolag_recover,61,7,-4.151432533333264,1.002507324659881,True,False,False
False,False,False,-40.4637451171875,5.225197977009165,149.48001098632812,28.60753059387207,0.6833333333333333,0.6833333333333333,0.0,0,14,oracle,gnn,nolag_recover,61,7,-4.151432533333264,1.002507324659881,True,False,False
True,True,True,51.521484375,0.8804725275052396,306.89825439453125,348.56085205078125,0.6833333333333333,0.6833333333333333,0.0,0,14,nearest,gnn,nolag_recover,61,8,6.304782766666676,3.9837846144343585,False,True,False
True,True,True,44.245361328125,1.1971846079574198,417.29168701171875,348.56085205078125,0.6833333333333333,0.6833333333333333,0.0,0,14,oracle,gnn,nolag_recover,61,8,6.304782766666676,3.9837846144343585,False,True,False
False,False,False,-201.21923828125,1.6008775589839974,412.1573791503906,257.4571533203125,0.6833333333333333,0.6833333333333333,0.0,0,13,nearest,gnn,nolag_recover,61,9,-103.0977926999999,1.5715477663537436,False,False,False
False,False,False,-146.71240234375,1.77636979757611,457.339111328125,257.4571533203125,0.6833333333333333,0.6833333333333333,0.0,0,13,oracle,gnn,nolag_recover,61,9,-103.0977926999999,1.5715477663537436,False,False,False
True,True,True,13.7132568359375,1.2098696003655407,280.47711181640625,231.82424926757812,0.6833333333333333,0.6833333333333333,0.0,0,12,nearest,gnn,nolag_recover,61,10,2.0773339000002125,1.1860263024282927,True,True,True
True,True,True,9.1571044921875,1.2470876730437521,289.10516357421875,231.82424926757812,0.6833333333333333,0.6833333333333333,0.0,0,12,oracle,gnn,nolag_recover,61,10,2.0773339000002125,1.1860263024282927,True,True,True
False,True,False,-139.68359375,1.1337779240731578,902.5178833007812,796.0270385742188,0.8833333333333333,0.8166666666666667,0.06666666666666665,0,12,nearest,gnn,nolag_recover,61,11,47.92111866666664,2.611581363556213,False,True,False
False,False,False,-26.435546875,2.001866722915247,1593.5400390625,796.0270385742188,0.8333333333333334,0.8166666666666667,0.01666666666666672,0,12,oracle,gnn,nolag_recover,61,11,47.92111866666664,2.611581363556213,False,True,False
False,True,False,-19.6082763671875,1.022718601923646,44.963558197021484,43.96474075317383,0.6833333333333333,0.6833333333333333,0.0,0,12,nearest,gnn,nolag_recover,61,12,-95.18273853333335,31.37893112765215,False,False,False
False,False,False,-51.0672607421875,2.5503231947889704,112.12429809570312,43.96474075317383,0.6833333333333333,0.6833333333333333,0.0,0,12,oracle,gnn,nolag_recover,61,12,-95.18273853333335,31.37893112765215,False,False,False
False,False,True,16.28466796875,1.7501938654425775,631.3289184570312,360.71942138671875,0.7,0.6833333333333333,0.016666666666666607,0,11,nearest,gnn,nolag_recover,61,13,-45.40875316666643,1.099382534805502,True,False,False
False,False,True,14.0224609375,2.3720996536902454,855.6624145507812,360.71942138671875,0.7166666666666667,0.6833333333333333,0.033333333333333326,0,11,oracle,gnn,nolag_recover,61,13,-45.40875316666643,1.099382534805502,True,False,False
False,False,False,-90.62451171875,5.627324291819005,371.7521057128906,66.06196594238281,0.6833333333333333,0.6833333333333333,0.0,0,10,nearest,gnn,nolag_recover,61,14,-27.09851576666688,11.196674128159232,False,False,False
False,False,False,-89.6910400390625,3.9622870132998815,261.7564697265625,66.06196594238281,0.6833333333333333,0.6833333333333333,0.0,0,10,oracle,gnn,nolag_recover,61,14,-27.09851576666688,11.196674128159232,False,False,False
True,True,True,6.364990234375,1.1599598317591069,36.180641174316406,31.191287994384766,0.6833333333333333,0.6833333333333333,0.0,0,11,nearest,gnn,nolag_recover,61,15,-38.87063473333342,1.228540231076628,True,False,False
True,True,True,23.4256591796875,1.1575079595954754,36.104164123535156,31.191287994384766,0.6833333333333333,0.6833333333333333,0.0,0,11,oracle,gnn,nolag_recover,61,15,-38.87063473333342,1.228540231076628,True,False,False
True,True,True,38.1959228515625,0.39852753067809094,270.80780029296875,679.5209350585938,0.6833333333333333,0.7333333333333333,-0.04999999999999993,0,11,nearest,gnn,nolag_recover,61,16,-50.13599683333359,1.3620346213568262,True,False,False
True,True,True,54.168701171875,1.0690437697959567,726.4376220703125,679.5209350585938,0.6833333333333333,0.7333333333333333,-0.04999999999999993,0,11,oracle,gnn,nolag_recover,61,16,-50.13599683333359,1.3620346213568262,True,False,False
True,True,True,3.070556640625,0.8856448286597798,692.7603149414062,782.2100830078125,0.7,0.7666666666666667,-0.06666666666666676,0,11,nearest,gnn,nolag_recover,61,17,-17.587031499999966,0.24121780353056163,True,False,False
False,True,False,-5.8018798828125,0.9690889243141046,758.0311279296875,782.2100830078125,0.75,0.7666666666666667,-0.01666666666666672,0,11,oracle,gnn,nolag_recover,61,17,-17.587031499999966,0.24121780353056163,True,False,False
False,True,False,-101.23291015625,1.148474855868188,792.2388305664062,689.8181762695312,0.75,0.7333333333333333,0.01666666666666672,0,12,nearest,gnn,nolag_recover,61,18,-30.752922433333424,0.6369879153571719,True,False,False
False,True,False,-233.205810546875,1.4168644417292862,977.3788452148438,689.8181762695312,0.7666666666666667,0.7333333333333333,0.03333333333333344,0,12,oracle,gnn,nolag_recover,61,18,-30.752922433333424,0.6369879153571719,True,False,False
False,True,False,-15.521240234375,1.2024289374511512,1137.59619140625,946.0818481445312,0.8333333333333334,0.7666666666666667,0.06666666666666665,0,11,nearest,gnn,nolag_recover,61,19,14.439381199999843,1.7526646637146197,False,True,False
False,False,False,-79.1953125,1.9730189886136702,1866.637451171875,946.0818481445312,0.8333333333333334,0.7666666666666667,0.06666666666666665,0,11,oracle,gnn,nolag_recover,61,19,14.439381199999843,1.7526646637146197,False,True,False
True,True,True,73.5855712890625,1.0251953479826785,182.89205932617188,178.39727783203125,0.6833333333333333,0.6833333333333333,0.0,0,9,nearest,gnn,nolag_recover,61,20,-73.77189466666664,16.99290581328298,False,False,False
True,True,True,129.0601806640625,1.1777371554788272,210.1051025390625,178.39727783203125,0.6833333333333333,0.6833333333333333,0.0,0,9,oracle,gnn,nolag_recover,61,20,-73.77189466666664,16.99290581328298,False,False,False
False,True,False,-25.3785400390625,1.261574927338609,36.01460647583008,28.547338485717773,0.6833333333333333,0.6833333333333333,0.0,0,9,nearest,gnn,nolag_recover,61,21,-27.921950533333074,1.0526180136270402,True,False,False
False,True,False,-20.6226806640625,1.286284711051834,36.72000503540039,28.547338485717773,0.6833333333333333,0.6833333333333333,0.0,0,9,oracle,gnn,nolag_recover,61,21,-27.921950533333074,1.0526180136270402,True,False,False
True,True,True,95.062744140625,0.9039589397586598,44.15784454345703,48.84939193725586,0.6833333333333333,0.6833333333333333,0.0,0,9,nearest,gnn,nolag_recover,61,22,-36.642168099999935,1.7693759852962205,False,False,False
True,True,True,104.805908203125,0.9278411941673841,45.32447814941406,48.84939193725586,0.6833333333333333,0.6833333333333333,0.0,0,9,oracle,gnn,nolag_recover,61,22,-36.642168099999935,1.7693759852962205,False,False,False
False,True,False,-39.572509765625,1.2243086161128451,35.79814147949219,29.23947525024414,0.6833333333333333,0.6833333333333333,0.0,0,9,nearest,gnn,nolag_recover,61,23,-3.601908199999798,3.3006829731936347,False,False,False
False,True,False,-32.77001953125,1.2356028797567318,36.128379821777344,29.23947525024414,0.6833333333333333,0.6833333333333333,0.0,0,9,oracle,gnn,nolag_recover,61,23,-3.601908199999798,3.3006829731936347,False,False,False
False,True,False,-8.6195068359375,1.0186983031960417,73.54025268554688,72.19041442871094,0.6833333333333333,0.6833333333333333,0.0,0,9,nearest,gnn,nolag_recover,61,24,-56.879328433333285,5.3350454929380575,False,False,False
False,False,False,-6.476318359375,1.5539201377447094,112.17813873291016,72.19041442871094,0.6833333333333333,0.6833333333333333,0.0,0,9,oracle,gnn,nolag_recover,61,24,-56.879328433333285,5.3350454929380575,False,False,False
False,True,False,-40.4725341796875,1.1949870291976386,35.42821502685547,29.647363662719727,0.6833333333333333,0.6833333333333333,0.0,0,9,nearest,gnn,nolag_recover,61,25,-37.21127363333335,1.0186678631748816,True,False,False
False,True,False,-35.2462158203125,1.2162705580124549,36.0592155456543,29.647363662719727,0.6833333333333333,0.6833333333333333,0.0,0,9,oracle,gnn,nolag_recover,61,25,-37.21127363333335,1.0186678631748816,True,False,False
False,True,False,-40.6077880859375,1.1183202535652341,105.2311782836914,94.0975341796875,0.6833333333333333,0.6833333333333333,0.0,0,8,nearest,gnn,nolag_recover,61,26,-17.94265306666648,0.9495644715992411,True,False,False
False,True,False,-40.1497802734375,1.1190677267992222,105.301513671875,94.0975341796875,0.6833333333333333,0.6833333333333333,0.0,0,8,oracle,gnn,nolag_recover,61,26,-17.94265306666648,0.9495644715992411,True,False,False
True,True,True,8.4090576171875,1.2351522844246583,40.92927551269531,33.137027740478516,0.6833333333333333,0.6833333333333333,0.0,0,8,nearest,gnn,nolag_recover,61,27,-17.2229738333333,1.2573965022353393,True,False,False
True,True,True,3.4012451171875,1.2552644723704922,41.595733642578125,33.137027740478516,0.6833333333333333,0.6833333333333333,0.0,0,8,oracle,gnn,nolag_recover,61,27,-17.2229738333333,1.2573965022353393,True,False,False
True,True,True,26.3515625,1.2785114754385398,91.36318969726562,71.4605941772461,0.6833333333333333,0.6833333333333333,0.0,0,8,nearest,gnn,nolag_recover,61,28,-32.39956849999999,4.6131490903423575,False,False,False
True,True,True,23.837158203125,1.396919206494049,99.82467651367188,71.4605941772461,0.6833333333333333,0.6833333333333333,0.0,0,8,oracle,gnn,nolag_recover,61,28,-32.39956849999999,4.6131490903423575,False,False,False
False,True,False,-71.060791015625,1.3389778571342847,91.0781478881836,68.0206527709961,0.6833333333333333,0.6833333333333333,0.0,0,7,nearest,gnn,nolag_recover,61,29,-66.76301679999983,1.5705174396557517,False,False,False
False,True,False,-73.7410888671875,1.3623828921049983,92.67017364501953,68.0206527709961,0.6833333333333333,0.6833333333333333,0.0,0,7,oracle,gnn,nolag_recover,61,29,-66.76301679999983,1.5705174396557517,False,False,False
False,False,False,-47.72509765625,2.023338487704981,97.40924835205078,48.1428337097168,0.6833333333333333,0.6833333333333333,0.0,0,7,nearest,gnn,nolag_recover,61,30,7.1637543333336,1.012974949136309,True,True,True
False,True,False,-16.457275390625,1.1724788248825013,56.44645309448242,48.1428337097168,0.6833333333333333,0.6833333333333333,0.0,0,7,oracle,gnn,nolag_recover,61,30,7.1637543333336,1.012974949136309,True,True,True
False,False,True,21.431884765625,1.5181572893075617,673.843017578125,443.8558654785156,0.6833333333333333,0.6833333333333333,0.0,0,7,nearest,gnn,nolag_recover,61,31,2.0496886333332895,7.7891285847189895,False,True,False
False,False,True,28.188232421875,1.6371135599870987,726.6424560546875,443.8558654785156,0.75,0.6833333333333333,0.06666666666666665,0,7,oracle,gnn,nolag_recover,61,31,2.0496886333332895,7.7891285847189895,False,True,False
False,False,False,-64.042236328125,1.6805835693874822,412.35919189453125,245.36666870117188,0.6833333333333333,0.6833333333333333,0.0,0,6,nearest,gnn,nolag_recover,61,32,-56.851441466666756,3.3109342752800313,False,False,False
False,False,True,7.8472900390625,2.732526344264895,670.4708862304688,245.36666870117188,0.6833333333333333,0.6833333333333333,0.0,0,6,oracle,gnn,nolag_recover,61,32,-56.851441466666756,3.3109342752800313,False,False,False
False,True,False,-0.2569580078125,1.2886119008522297,37.720726013183594,29.272371292114258,0.6833333333333333,0.6833333333333333,0.0,0,7,nearest,gnn,nolag_recover,61,33,-11.821652166666809,1.0841453968101904,True,False,False
True,True,True,3.9327392578125,1.3054723569902509,38.214271545410156,29.272371292114258,0.6833333333333333,0.6833333333333333,0.0,0,7,oracle,gnn,nolag_recover,61,33,-11.821652166666809,1.0841453968101904,True,False,False
False,False,False,-72.9708251953125,1.8212176597937164,92.05506896972656,50.54589080810547,0.6833333333333333,0.6833333333333333,0.0,0,6,nearest,gnn,nolag_recover,61,34,-8.682782800000268,1.0177546226018037,True,False,False
False,False,False,-106.751953125,1.9956577593476736,100.87229919433594,50.54589080810547,0.6833333333333333,0.6833333333333333,0.0,0,6,oracle,gnn,nolag_recover,61,34,-8.682782800000268,1.0177546226018037,True,False,False
False,True,False,-17.021728515625,1.2089304940405974,515.9187622070312,426.75634765625,0.6833333333333333,0.6833333333333333,0.0,0,7,nearest,gnn,nolag_recover,61,35,-16.628457000000026,3.3767118378265164,False,False,False
False,True,False,-76.8878173828125,0.6706474678974871,286.20306396484375,426.75634765625,0.6833333333333333,0.6833333333333333,0.0,0,7,oracle,gnn,nolag_recover,61,35,-16.628457000000026,3.3767118378265164,False,False,False
False,True,False,-8.9891357421875,1.2581295705688422,139.9628448486328,111.24676513671875,0.6833333333333333,0.6833333333333333,0.0,0,7,nearest,gnn,nolag_recover,61,36,-44.98465003333331,1.1140342012415587,True,False,False
False,True,False,-19.0172119140625,1.2784474618786645,142.22314453125,111.24676513671875,0.6833333333333333,0.6833333333333333,0.0,0,7,oracle,gnn,nolag_recover,61,36,-44.98465003333331,1.1140342012415587,True,False,False
True,True,True,52.51220703125,1.3749054153885114,1188.9886474609375,864.7785034179688,0.8,0.7333333333333333,0.06666666666666676,0,8,nearest,gnn,nolag_recover,61,37,0.09917043333325637,2.5722847242774254,False,True,False
True,True,True,52.513916015625,1.247843266179112,1079.1080322265625,864.7785034179688,0.7833333333333333,0.7333333333333333,0.050000000000000044,0,8,oracle,gnn,nolag_recover,61,37,0.09917043333325637,2.5722847242774254,False,True,False
False,False,False,-66.4189453125,2.1790686621127344,196.50909423828125,90.18031311035156,0.6833333333333333,0.6833333333333333,0.0,0,8,nearest,gnn,nolag_recover,61,38,-68.57255936666684,4.023732566543321,False,False,False
False,False,False,-80.62890625,1.8907871785331343,170.51177978515625,90.18031311035156,0.6833333333333333,0.6833333333333333,0.0,0,8,oracle,gnn,nolag_recover,61,38,-68.57255936666684,4.023732566543321,False,False,False
False,True,False,-17.9140625,1.3314224844995788,38.296878814697266,28.76388168334961,0.6833333333333333,0.6833333333333333,0.0,0,8,nearest,gnn,nolag_recover,61,39,-18.17676173333325,1.051860044920582,True,False,False
False,True,False,-7.9227294921875,1.2522165293883687,36.01860809326172,28.76388168334961,0.6833333333333333,0.6833333333333333,0.0,0,8,oracle,gnn,nolag_recover,61,39,-18.17676173333325,1.051860044920582,True,False,False
True,True,True,24.114990234375,0.9688472707898085,259.6522216796875,268.0011901855469,0.6833333333333333,0.6833333333333333,0.0,1,14,nearest,gnn,nolag_recover,61,0,3.4481281000000763,0.9786908847684882,True,True,True
True,True,True,9.451171875,0.850665969168501,227.9794921875,268.0011901855469,0.6833333333333333,0.6833333333333333,0.0,1,14,oracle,gnn,nolag_recover,61,0,3.4481281000000763,0.9786908847684882,True,True,True
True,True,True,31.2752685546875,1.0990687601709297,37.57344055175781,34.186614990234375,0.6833333333333333,0.6833333333333333,0.0,1,14,nearest,gnn,nolag_recover,61,1,-6.319989299999861,1.1073857394131859,True,False,False
True,True,True,37.65478515625,1.1296127927643236,38.617637634277344,34.186614990234375,0.6833333333333333,0.6833333333333333,0.0,1,14,oracle,gnn,nolag_recover,61,1,-6.319989299999861,1.1073857394131859,True,False,False
True,True,True,18.59716796875,0.9995667472618861,330.6348571777344,330.7781677246094,0.6833333333333333,0.6833333333333333,0.0,1,15,nearest,gnn,nolag_recover,61,2,-19.635116200000084,1.0788918502212181,True,False,False
True,True,True,21.4283447265625,1.0786140599185954,356.781982421875,330.7781677246094,0.6833333333333333,0.6833333333333333,0.0,1,15,oracle,gnn,nolag_recover,61,2,-19.635116200000084,1.0788918502212181,True,False,False
True,True,True,39.6070556640625,1.3622892772856852,443.60467529296875,325.63177490234375,0.6833333333333333,0.6833333333333333,0.0,1,14,nearest,gnn,nolag_recover,61,3,24.516336533333288,1.787761589033308,False,True,False
True,True,True,53.2755126953125,1.0348531840991941,336.9810791015625,325.63177490234375,0.6833333333333333,0.6833333333333333,0.0,1,14,oracle,gnn,nolag_recover,61,3,24.516336533333288,1.787761589033308,False,True,False
True,True,True,31.5634765625,1.040621816512736,267.68951416015625,257.2399597167969,0.6833333333333333,0.6833333333333333,0.0,1,13,nearest,gnn,nolag_recover,61,4,-33.48885016666668,1.7026352756453578,False,False,False
True,True,True,17.61767578125,1.1156539754063208,286.99078369140625,257.2399597167969,0.6833333333333333,0.6833333333333333,0.0,1,13,oracle,gnn,nolag_recover,61,4,-33.48885016666668,1.7026352756453578,False,False,False
True,True,True,4.971435546875,1.339440739531655,452.39794921875,337.7513732910156,0.6833333333333333,0.6833333333333333,0.0,1,12,nearest,gnn,nolag_recover,61,5,22.7442529333332,1.1989609283232059,True,True,True
False,True,False,-3.4981689453125,1.3672524180621042,461.7913818359375,337.7513732910156,0.6833333333333333,0.6833333333333333,0.0,1,12,oracle,gnn,nolag_recover,61,5,22.7442529333332,1.1989609283232059,True,True,True
False,False,False,-6.6392822265625,1.9059612091409852,71.57444763183594,37.552940368652344,0.6833333333333333,0.6833333333333333,0.0,1,11,nearest,gnn,nolag_recover,61,6,-19.056073166666692,2.0080631313398576,False,False,False
False,False,False,-2.90625,1.9632113193065048,73.72435760498047,37.552940368652344,0.6833333333333333,0.6833333333333333,0.0,1,11,oracle,gnn,nolag_recover,61,6,-19.056073166666692,2.0080631313398576,False,False,False
True,True,True,4.491455078125,1.080116757680808,30.899473190307617,28.60753059387207,0.6833333333333333,0.6833333333333333,0.0,1,11,nearest,gnn,nolag_recover,61,7,-0.8344759666665595,1.0314626403969775,True,False,False
True,True,True,6.6446533203125,1.0405598261435995,29.767847061157227,28.60753059387207,0.6833333333333333,0.6833333333333333,0.0,1,11,oracle,gnn,nolag_recover,61,7,-0.8344759666665595,1.0314626403969775,True,False,False
True,True,True,39.3494873046875,0.9145287516453413,318.7689208984375,348.56085205078125,0.6833333333333333,0.6833333333333333,0.0,1,11,nearest,gnn,nolag_recover,61,8,-50.92870333333349,1.3329097552970448,True,False,False
True,True,True,30.8782958984375,0.9109101826164749,317.50762939453125,348.56085205078125,0.6833333333333333,0.6833333333333333,0.0,1,11,oracle,gnn,nolag_recover,61,8,-50.92870333333349,1.3329097552970448,True,False,False
True,True,True,43.56884765625,1.155415323867319,297.4699401855469,257.4571533203125,0.6833333333333333,0.6833333333333333,0.0,1,11,nearest,gnn,nolag_recover,61,9,-33.293167766666784,1.0196318536143703,True,False,False
True,True,True,78.69140625,1.0853772647811448,279.4381408691406,257.4571533203125,0.6833333333333333,0.6833333333333333,0.0,1,11,oracle,gnn,nolag_recover,61,9,-33.293167766666784,1.0196318536143703,True,False,False
True,True,True,34.4139404296875,1.0209455326109664,236.679931640625,231.82424926757812,0.6833333333333333,0.6833333333333333,0.0,1,13,nearest,gnn,nolag_recover,61,10,-11.779157099999793,1.336734935304769,True,False,False
True,True,True,36.1260986328125,1.0565412614920955,244.931884765625,231.82424926757812,0.6833333333333333,0.6833333333333333,0.0,1,13,oracle,gnn,nolag_recover,61,10,-11.779157099999793,1.336734935304769,True,False,False
False,True,False,-106.51123046875,1.4671698368982864,1167.9068603515625,796.0270385742188,0.8666666666666667,0.8166666666666667,0.050000000000000044,1,13,nearest,gnn,nolag_recover,61,11,31.105822466666268,1.5061699189261621,False,True,False
False,False,False,-104.8486328125,1.5299940416069275,1217.9166259765625,796.0270385742188,0.8833333333333333,0.8166666666666667,0.06666666666666665,1,13,oracle,gnn,nolag_recover,61,11,31.105822466666268,1.5061699189261621,False,True,False
True,True,True,9.3414306640625,0.9152769526458485,40.23991394042969,43.96474075317383,0.6833333333333333,0.6833333333333333,0.0,1,14,nearest,gnn,nolag_recover,61,12,-85.55362049999985,3.3584002352671476,False,False,False
True,True,True,12.1331787109375,0.7726405331392987,33.96894073486328,43.96474075317383,0.6833333333333333,0.6833333333333333,0.0,1,14,oracle,gnn,nolag_recover,61,12,-85.55362049999985,3.3584002352671476,False,False,False
False,False,True,101.732177734375,1.6933778813531648,610.8342895507812,360.71942138671875,0.6833333333333333,0.6833333333333333,0.0,1,14,nearest,gnn,nolag_recover,61,13,-29.91805033333344,1.2880424811320659,True,False,False
False,False,True,101.732177734375,1.6933778813531648,610.8342895507812,360.71942138671875,0.6833333333333333,0.6833333333333333,0.0,1,14,oracle,gnn,nolag_recover,61,13,-29.91805033333344,1.2880424811320659,True,False,False
False,False,False,-22.83056640625,1.508342193222814,99.64405059814453,66.06196594238281,0.6833333333333333,0.6833333333333333,0.0,1,14,nearest,gnn,nolag_recover,61,14,-35.370481000000154,3.8046501973316538,False,False,False
False,False,False,-188.6273193359375,4.931679107468246,325.7964172363281,66.06196594238281,0.6833333333333333,0.6833333333333333,0.0,1,14,oracle,gnn,nolag_recover,61,14,-35.370481000000154,3.8046501973316538,False,False,False
False,True,False,-32.7977294921875,1.337858762721808,41.72953796386719,31.191287994384766,0.6833333333333333,0.6833333333333333,0.0,1,13,nearest,gnn,nolag_recover,61,15,-11.390547266666772,1.100018360625012,True,False,False
False,True,False,-32.0816650390625,1.3279886564222405,41.42167663574219,31.191287994384766,0.6833333333333333,0.6833333333333333,0.0,1,13,oracle,gnn,nolag_recover,61,15,-11.390547266666772,1.100018360625012,True,False,False
False,True,False,-21.316650390625,0.8593712485755534,583.9607543945312,679.5209350585938,0.6833333333333333,0.7333333333333333,-0.04999999999999993,1,12,nearest,gnn,nolag_recover,61,16,-0.68732910000017,0.9093997365983538,True,False,False
True,True,True,40.2047119140625,1.37679366647951,935.5601196289062,679.5209350585938,0.7333333333333333,0.7333333333333333,0.0,1,12,oracle,gnn,nolag_recover,61,16,-0.68732910000017,0.9093997365983538,True,False,False
True,True,True,39.9385986328125,0.9463655991504191,740.2567138671875,782.2100830078125,0.6833333333333333,0.7666666666666667,-0.08333333333333337,1,11,nearest,gnn,nolag_recover,61,17,-20.935927999999876,1.7353209830302878,False,False,False
True,True,True,39.9385986328125,0.9463655991504191,740.2567138671875,782.2100830078125,0.6833333333333333,0.7666666666666667,-0.08333333333333337,1,11,oracle,gnn,nolag_recover,61,17,-20.935927999999876,1.7353209830302878,False,False,False
True,True,True,27.323486328125,1.0167622826476173,701.381103515625,689.8181762695312,0.7333333333333333,0.7333333333333333,0.0,1,12,nearest,gnn,nolag_recover,61,18,-0.9273000333332675,1.2569709600724137,True,False,False
False,True,False,-0.089111328125,1.25352095353903,864.7015380859375,689.8181762695312,0.7333333333333333,0.7333333333333333,0.0,1,12,oracle,gnn,nolag_recover,61,18,-0.9273000333332675,1.2569709600724137,True,False,False
True,True,True,118.98779296875,1.1551515569876143,1092.867919921875,946.0818481445312,0.8666666666666667,0.7666666666666667,0.09999999999999998,1,13,nearest,gnn,nolag_recover,61,19,-6.1899474333336,1.3813967551739297,True,False,False
True,True,True,133.074951171875,1.0661198708050428,1008.6366577148438,946.0818481445312,0.8833333333333333,0.7666666666666667,0.11666666666666659,1,13,oracle,gnn,nolag_recover,61,19,-6.1899474333336,1.3813967551739297,True,False,False
True,True,True,148.1937255859375,0.5620407966714804,100.26654815673828,178.39727783203125,0.6833333333333333,0.6833333333333333,0.0,1,15,nearest,gnn,nolag_recover,61,20,-42.50288106666676,1.5399084752861967,False,False,False
True,True,True,140.1953125,0.5768054399439453,102.90052032470703,178.39727783203125,0.6833333333333333,0.6833333333333333,0.0,1,15,oracle,gnn,nolag_recover,61,20,-42.50288106666676,1.5399084752861967,False,False,False
False,True,False,-29.83251953125,1.2593646019346394,35.951507568359375,28.547338485717773,0.6833333333333333,0.6833333333333333,0.0,1,15,nearest,gnn,nolag_recover,61,21,-9.65271843333312,1.0379183110557608,True,False,False
False,True,False,-32.81005859375,1.2446811247150151,35.53233337402344,28.547338485717773,0.6833333333333333,0.6833333333333333,0.0,1,15,oracle,gnn,nolag_recover,61,21,-9.65271843333312,1.0379183110557608,True,False,False
True,True,True,53.864013671875,1.2006351920940683,58.650299072265625,48.84939193725586,0.6833333333333333,0.6833333333333333,0.0,1,15,nearest,gnn,nolag_recover,61,22,-7.396650433333207,1.3626024051621788,True,False,False
True,True,True,28.54296875,1.375208688403293,67.17810821533203,48.84939193725586,0.6833333333333333,0.6833333333333333,0.0,1,15,oracle,gnn,nolag_recover,61,22,-7.396650433333207,1.3626024051621788,True,False,False
False,True,False,-26.6217041015625,1.2431255612395797,36.34833908081055,29.23947525024414,0.6833333333333333,0.6833333333333333,0.0,1,15,nearest,gnn,nolag_recover,61,23,-9.766937199999802,1.0666916247028768,True,False,False
False,True,False,-25.54833984375,1.2897503742032077,37.71162414550781,29.23947525024414,0.6833333333333333,0.6833333333333333,0.0,1,15,oracle,gnn,nolag_recover,61,23,-9.766937199999802,1.0666916247028768,True,False,False
False,False,False,-69.853515625,1.6570142363113975,119.62054443359375,72.19041442871094,0.6833333333333333,0.6833333333333333,0.0,1,13,nearest,gnn,nolag_recover,61,24,2.6033596666663925,0.9892806298684983,True,True,True
False,True,False,-40.397216796875,1.163997855876608,84.02948760986328,72.19041442871094,0.6833333333333333,0.6833333333333333,0.0,1,13,oracle,gnn,nolag_recover,61,24,2.6033596666663925,0.9892806298684983,True,True,True
False,True,False,-40.7794189453125,1.2110514851718281,35.904483795166016,29.647363662719727,0.6833333333333333,0.6833333333333333,0.0,1,14,nearest,gnn,nolag_recover,61,25,2.7125330333333295,0.864369958726694,True,True,True
False,True,False,-45.21923828125,1.0747517475987305,31.863555908203125,29.647363662719727,0.6833333333333333,0.6833333333333333,0.0,1,14,oracle,gnn,nolag_recover,61,25,2.7125330333333295,0.864369958726694,True,True,True
False,True,False,-35.0540771484375,1.0255966813128934,96.50611877441406,94.0975341796875,0.6833333333333333,0.6833333333333333,0.0,1,14,nearest,gnn,nolag_recover,61,26,6.041002800000115,1.0058314150685175,True,True,True
False,True,False,-34.401611328125,0.9693099765582535,91.20967864990234,94.0975341796875,0.6833333333333333,0.6833333333333333,0.0,1,14,oracle,gnn,nolag_recover,61,26,6.041002800000115,1.0058314150685175,True,True,True
False,True,False,-1.039306640625,1.1378056938484964,37.70349884033203,33.137027740478516,0.6833333333333333,0.6833333333333333,0.0,1,14,nearest,gnn,nolag_recover,61,27,-8.084932066666624,1.3697800725153892,True,False,False
True,True,True,10.8963623046875,1.1083567897628932,36.7276496887207,33.137027740478516,0.6833333333333333,0.6833333333333333,0.0,1,14,oracle,gnn,nolag_recover,61,27,-8.084932066666624,1.3697800725153892,True,False,False
True,True,True,48.478515625,0.9473086109268548,67.69523620605469,71.4605941772461,0.6833333333333333,0.6833333333333333,0.0,1,14,nearest,gnn,nolag_recover,61,28,-14.90404036666655,1.4842478424253867,True,False,False
True,True,True,66.12060546875,0.9199621672296848,65.74104309082031,71.4605941772461,0.6833333333333333,0.6833333333333333,0.0,1,14,oracle,gnn,nolag_recover,61,28,-14.90404036666655,1.4842478424253867,True,False,False
False,True,False,-18.3836669921875,0.8310490608431085,56.528499603271484,68.0206527709961,0.6833333333333333,0.6833333333333333,0.0,1,15,nearest,gnn,nolag_recover,61,29,-20.467024966666713,1.0243031494338513,True,False,False
True,True,True,2.7353515625,0.8131065279600269,55.30803680419922,68.0206527709961,0.6833333333333333,0.6833333333333333,0.0,1,15,oracle,gnn,nolag_recover,61,29,-20.467024966666713,1.0243031494338513,True,False,False
True,True,True,47.12548828125,0.6371489946201989,30.674158096313477,48.1428337097168,0.6833333333333333,0.6833333333333333,0.0,1,15,nearest,gnn,nolag_recover,61,30,-6.901203199999827,1.2699463911228557,True,False,False
True,True,True,22.6185302734375,0.6331272377044861,30.480539321899414,48.1428337097168,0.6833333333333333,0.6833333333333333,0.0,1,15,oracle,gnn,nolag_recover,61,30,-6.901203199999827,1.2699463911228557,True,False,False
False,True,False,-82.50634765625,1.122853682092926,498.38519287109375,443.8558654785156,0.6833333333333333,0.6833333333333333,0.0,1,16,nearest,gnn,nolag_recover,61,31,2.4200235666664867,3.878668320885857,False,True,False
False,True,False,-34.62109375,0.7923637138449515,351.6952819824219,443.8558654785156,0.6833333333333333,0.6833333333333333,0.0,1,16,oracle,gnn,nolag_recover,61,31,2.4200235666664867,3.878668320885857,False,True,False
False,False,False,-48.401611328125,1.9896024651204731,488.18212890625,245.36666870117188,0.6833333333333333,0.6833333333333333,0.0,1,17,nearest,gnn,nolag_recover,61,32,-1.505666066666663,1.820547511130409,False,False,False
False,False,False,-117.56982421875,1.585912371310326,389.1300354003906,245.36666870117188,0.6833333333333333,0.6833333333333333,0.0,1,17,oracle,gnn,nolag_recover,61,32,-1.505666066666663,1.820547511130409,False,False,False
False,True,False,-22.3681640625,1.1167924109442318,32.691162109375,29.272371292114258,0.6833333333333333,0.6833333333333333,0.0,1,18,nearest,gnn,nolag_recover,61,33,-1.225533866666865,1.000398478862571,True,False,False
False,True,False,-31.663818359375,1.032469605274672,30.22283363342285,29.272371292114258,0.6833333333333333,0.6833333333333333,0.0,1,18,oracle,gnn,nolag_recover,61,33,-1.225533866666865,1.000398478862571,True,False,False
True,True,True,11.8284912109375,1.2529972524399822,63.3338623046875,50.54589080810547,0.6833333333333333,0.6833333333333333,0.0,1,18,nearest,gnn,nolag_recover,61,34,-4.953867833333334,1.014918728519014,True,False,False
False,True,False,-5.66748046875,1.3875191674876541,70.13339233398438,50.54589080810547,0.6833333333333333,0.6833333333333333,0.0,1,18,oracle,gnn,nolag_recover,61,34,-4.953867833333334,1.014918728519014,True,False,False
False,True,False,-35.21484375,0.4223354027530987,180.23431396484375,426.75634765625,0.6833333333333333,0.6833333333333333,0.0,1,19,nearest,gnn,nolag_recover,61,35,-30.082883033333474,1.7228744587620148,False,False,False
True,True,True,28.9578857421875,0.2839419428785225,121.17402648925781,426.75634765625,0.6833333333333333,0.6833333333333333,0.0,1,19,oracle,gnn,nolag_recover,61,35,-30.082883033333474,1.7228744587620148,False,False,False
True,True,True,85.5130615234375,0.4908856774166647,54.60944366455078,111.24676513671875,0.6833333333333333,0.6833333333333333,0.0,1,19,nearest,gnn,nolag_recover,61,36,-40.450298200000134,1.2156721488898028,True,False,False
True,True,True,79.6719970703125,0.5434488993326811,60.456932067871094,111.24676513671875,0.6833333333333333,0.6833333333333333,0.0,1,19,oracle,gnn,nolag_recover,61,36,-40.450298200000134,1.2156721488898028,True,False,False
False,True,False,-31.61083984375,0.9633330371370187,833.0697021484375,864.7785034179688,0.85,0.7333333333333333,0.1166666666666667,1,19,nearest,gnn,nolag_recover,61,37,-36.545801799999936,1.8283143453535877,False,False,False
False,True,False,-44.41748046875,0.9340763696673988,807.7691650390625,864.7785034179688,0.8333333333333334,0.7333333333333333,0.10000000000000009,1,19,oracle,gnn,nolag_recover,61,37,-36.545801799999936,1.8283143453535877,False,False,False
False,False,True,11.14501953125,1.801769762965061,162.48416137695312,90.18031311035156,0.6833333333333333,0.6833333333333333,0.0,1,19,nearest,gnn,nolag_recover,61,38,-30.054339400000117,0.9975625999799427,True,False,False
True,True,True,28.2373046875,1.447727153900546,130.55648803710938,90.18031311035156,0.6833333333333333,0.6833333333333333,0.0,1,19,oracle,gnn,nolag_recover,61,38,-30.054339400000117,0.9975625999799427,True,False,False
False,True,False,-38.5238037109375,1.2066078722020763,34.70672607421875,28.76388168334961,0.6833333333333333,0.6833333333333333,0.0,1,19,nearest,gnn,nolag_recover,61,39,-25.037725733333218,1.0068100884229216,True,False,False
False,True,False,-19.5579833984375,1.2639127809461692,36.355037689208984,28.76388168334961,0.6833333333333333,0.6833333333333333,0.0,1,19,oracle,gnn,nolag_recover,61,39,-25.037725733333218,1.0068100884229216,True,False,False
False,True,False,-21.4644775390625,1.138679457878129,305.1674499511719,268.0011901855469,0.6833333333333333,0.6833333333333333,0.0,2,10,nearest,gnn,nolag_recover,61,0,14.864857233333396,0.9888759534831284,True,True,True
False,True,False,-25.7186279296875,1.168543849978074,313.171142578125,268.0011901855469,0.6833333333333333,0.6833333333333333,0.0,2,10,oracle,gnn,nolag_recover,61,0,14.864857233333396,0.9888759534831284,True,True,True
False,True,False,-12.7777099609375,1.4638289828757922,50.043357849121094,34.186614990234375,0.6833333333333333,0.6833333333333333,0.0,2,10,nearest,gnn,nolag_recover,61,1,-8.178946266666571,1.4590337275020342,True,False,False
True,True,True,24.0294189453125,0.9853304285649248,33.68511199951172,34.186614990234375,0.6833333333333333,0.6833333333333333,0.0,2,10,oracle,gnn,nolag_recover,61,1,-8.178946266666571,1.4590337275020342,True,False,False
False,True,False,-38.8948974609375,1.2925312154630633,427.5411071777344,330.7781677246094,0.6833333333333333,0.6833333333333333,0.0,2,10,nearest,gnn,nolag_recover,61,2,8.658684666666659,1.0096476911659797,True,True,True
False,True,False,-19.5233154296875,1.1828619941490583,391.2649230957031,330.7781677246094,0.6833333333333333,0.6833333333333333,0.0,2,10,oracle,gnn,nolag_recover,61,2,8.658684666666659,1.0096476911659797,True,True,True
False,False,True,36.66845703125,1.8422541367620149,599.896484375,325.63177490234375,0.7,0.6833333333333333,0.016666666666666607,2,10,nearest,gnn,nolag_recover,61,3,-38.467573999999786,0.7331626511156996,True,False,False
True,True,True,12.8837890625,1.3409569850975165,436.658203125,325.63177490234375,0.6833333333333333,0.6833333333333333,0.0,2,10,oracle,gnn,nolag_recover,61,3,-38.467573999999786,0.7331626511156996,True,False,False
False,False,False,-137.219482421875,1.845501236825768,474.7366638183594,257.2399597167969,0.6833333333333333,0.6833333333333333,0.0,2,9,nearest,gnn,nolag_recover,61,4,-1.006126466666501,0.9554225889021297,True,False,False
False,False,False,-133.13818359375,1.5398511063691516,396.1112365722656,257.2399597167969,0.6833333333333333,0.6833333333333333,0.0,2,9,oracle,gnn,nolag_recover,61,4,-1.006126466666501,0.9554225889021297,True,False,False
False,True,False,-139.8118896484375,1.3214653943817345,446.3267517089844,337.7513732910156,0.6833333333333333,0.6833333333333333,0.0,2,9,nearest,gnn,nolag_recover,61,5,6.722084966666671,0.7334992043767363,True,True,True
False,True,False,-142.9615478515625,1.3192413022093552,445.5755615234375,337.7513732910156,0.6833333333333333,0.6833333333333333,0.0,2,9,oracle,gnn,nolag_recover,61,5,6.722084966666671,0.7334992043767363,True,True,True
False,False,False,-144.0762939453125,6.74382905480727,253.2506103515625,37.552940368652344,0.6833333333333333,0.6833333333333333,0.0,2,9,nearest,gnn,nolag_recover,61,6,-1.052608699999837,0.9756900079793124,True,False,False
False,False,False,-65.384521484375,2.9992031919456155,112.62889862060547,37.552940368652344,0.6833333333333333,0.6833333333333333,0.0,2,9,oracle,gnn,nolag_recover,61,6,-1.052608699999837,0.9756900079793124,True,False,False
False,True,False,-5.080322265625,1.2713753997460426,36.37091064453125,28.60753059387207,0.6833333333333333,0.6833333333333333,0.0,2,9,nearest,gnn,nolag_recover,61,7,-0.5745735000000423,1.0216392303745232,True,False,False
False,True,False,-2.8028564453125,1.1622856422789216,33.2501220703125,28.60753059387207,0.6833333333333333,0.6833333333333333,0.0,2,9,oracle,gnn,nolag_recover,61,7,-0.5745735000000423,1.0216392303745232,True,False,False
False,False,False,-133.329833984375,1.6605027543325206,578.7862548828125,348.56085205078125,0.6833333333333333,0.6833333333333333,0.0,2,8,nearest,gnn,nolag_recover,61,8,1.1110168666666596,0.7688685333342811,True,True,True
False,False,False,-142.5902099609375,1.595424720893896,556.1026000976562,348.56085205078125,0.6833333333333333,0.6833333333333333,0.0,2,8,oracle,gnn,nolag_recover,61,8,1.1110168666666596,0.7688685333342811,True,True,True
False,False,True,19.9346923828125,2.613135576545134,672.7704467773438,257.4571533203125,0.75,0.6833333333333333,0.06666666666666665,2,8,nearest,gnn,nolag_recover,61,9,-29.776920333333237,1.076111669234759,True,False,False
False,False,True,22.5234375,2.422883292265049,623.7886352539062,257.4571533203125,0.75,0.6833333333333333,0.06666666666666665,2,8,oracle,gnn,nolag_recover,61,9,-29.776920333333237,1.076111669234759,True,False,False
False,False,False,-21.6944580078125,2.120898049698957,491.67559814453125,231.82424926757812,0.6833333333333333,0.6833333333333333,0.0,2,8,nearest,gnn,nolag_recover,61,10,-1.1674140666664243,1.4028551350186098,True,False,False
False,False,False,-10.796142578125,1.9538724638207723,452.95501708984375,231.82424926757812,0.6833333333333333,0.6833333333333333,0.0,2,8,oracle,gnn,nolag_recover,61,10,-1.1674140666664243,1.4028551350186098,True,False,False
False,False,False,-24.7177734375,1.516389951408925,1207.08740234375,796.0270385742188,0.8,0.8166666666666667,-0.016666666666666607,2,7,nearest,gnn,nolag_recover,61,11,38.19397696666647,1.7871974332038971,False,True,False
False,False,False,-29.145751953125,1.5161570135868383,1206.9019775390625,796.0270385742188,0.8166666666666667,0.8166666666666667,0.0,2,7,oracle,gnn,nolag_recover,61,11,38.19397696666647,1.7871974332038971,False,True,False
False,False,False,-110.9141845703125,4.650135491314473,204.44200134277344,43.96474075317383,0.6833333333333333,0.6833333333333333,0.0,2,7,nearest,gnn,nolag_recover,61,12,-86.21341653333343,8.740349515850887,False,False,False
False,False,False,-83.5733642578125,3.3403871014316326,146.8592529296875,43.96474075317383,0.6833333333333333,0.6833333333333333,0.0,2,7,oracle,gnn,nolag_recover,61,12,-86.21341653333343,8.740349515850887,False,False,False
False,False,True,18.402099609375,2.252998336555823,812.7002563476562,360.71942138671875,0.7666666666666667,0.6833333333333333,0.08333333333333337,2,8,nearest,gnn,nolag_recover,61,13,-44.29535916666646,1.1049882170238865,True,False,False
False,False,True,9.126708984375,2.2486758520730956,811.1410522460938,360.71942138671875,0.75,0.6833333333333333,0.06666666666666665,2,8,oracle,gnn,nolag_recover,61,13,-44.29535916666646,1.1049882170238865,True,False,False
False,False,False,-100.29443359375,11.686965302878873,772.0639038085938,66.06196594238281,0.7666666666666667,0.6833333333333333,0.08333333333333337,2,9,nearest,gnn,nolag_recover,61,14,-10.156326333333482,1.9781608549217324,False,False,False
False,False,False,-149.309326171875,13.0750571032677,863.7639770507812,66.06196594238281,0.75,0.6833333333333333,0.06666666666666665,2,9,oracle,gnn,nolag_recover,61,14,-10.156326333333482,1.9781608549217324,False,False,False
True,True,True,28.363037109375,1.0685282859923961,33.328773498535156,31.191287994384766,0.6833333333333333,0.6833333333333333,0.0,2,9,nearest,gnn,nolag_recover,61,15,-15.659811333333437,1.2021197043840604,True,False,False
True,True,True,27.3309326171875,1.057364856262541,32.98057174682617,31.191287994384766,0.6833333333333333,0.6833333333333333,0.0,2,9,oracle,gnn,nolag_recover,61,15,-15.659811333333437,1.2021197043840604,True,False,False
False,True,False,-232.525146484375,0.8776892253857829,596.408203125,679.5209350585938,0.7,0.7333333333333333,-0.033333333333333326,2,9,nearest,gnn,nolag_recover,61,16,2.4453411999998025,0.7025707477495011,True,True,True
False,True,False,-159.8651123046875,0.7720312386180126,524.6113891601562,679.5209350585938,0.6833333333333333,0.7333333333333333,-0.04999999999999993,2,9,oracle,gnn,nolag_recover,61,16,2.4453411999998025,0.7025707477495011,True,True,True
False,True,False,-83.67041015625,1.1355966456846391,888.275146484375,782.2100830078125,0.7833333333333333,0.7666666666666667,0.016666666666666607,2,9,nearest,gnn,nolag_recover,61,17,-28.864946633333375,0.37000520117784774,True,False,False
False,True,False,-52.0137939453125,1.0216496446164205,799.1446533203125,782.2100830078125,0.7833333333333333,0.7666666666666667,0.016666666666666607,2,9,oracle,gnn,nolag_recover,61,17,-28.864946633333375,0.37000520117784774,True,False,False
True,True,True,1.076171875,1.4908074964911018,1028.3861083984375,689.8181762695312,0.7666666666666667,0.7333333333333333,0.03333333333333344,2,9,nearest,gnn,nolag_recover,61,18,18.83853453333336,3.162165578699149,False,True,False
False,False,False,-0.03173828125,1.5254792942936286,1052.3033447265625,689.8181762695312,0.7833333333333333,0.7333333333333333,0.050000000000000044,2,9,oracle,gnn,nolag_recover,61,18,18.83853453333336,3.162165578699149,False,True,False
True,True,True,177.66552734375,1.3852029646584763,1310.515380859375,946.0818481445312,0.8666666666666667,0.7666666666666667,0.09999999999999998,2,8,nearest,gnn,nolag_recover,61,19,4.171389033333071,1.8535000314014007,False,True,False
True,True,True,172.373046875,1.3745651863265982,1300.451171875,946.0818481445312,0.85,0.7666666666666667,0.08333333333333326,2,8,oracle,gnn,nolag_recover,61,19,4.171389033333071,1.8535000314014007,False,True,False
False,False,False,-44.2918701171875,3.614813020530227,644.872802734375,178.39727783203125,0.7666666666666667,0.6833333333333333,0.08333333333333337,2,8,nearest,gnn,nolag_recover,61,20,-89.13107366666691,22.15800149968234,False,False,False
False,False,False,-40.420166015625,3.325130069476448,593.1941528320312,178.39727783203125,0.7666666666666667,0.6833333333333333,0.08333333333333337,2,8,oracle,gnn,nolag_recover,61,20,-89.13107366666691,22.15800149968234,False,False,False
True,True,True,18.257080078125,1.1297307073742835,32.25080490112305,28.547338485717773,0.6833333333333333,0.6833333333333333,0.0,2,8,nearest,gnn,nolag_recover,61,21,-14.673009099999945,1.067307704305657,True,False,False
True,True,True,12.908447265625,1.0896187332327254,31.105714797973633,28.547338485717773,0.6833333333333333,0.6833333333333333,0.0,2,8,oracle,gnn,nolag_recover,61,21,-14.673009099999945,1.067307704305657,True,False,False
True,True,True,40.961181640625,1.0541506336107516,51.4946174621582,48.84939193725586,0.6833333333333333,0.6833333333333333,0.0,2,7,nearest,gnn,nolag_recover,61,22,-21.724714733333258,1.1555041282029777,True,False,False
True,True,True,48.0892333984375,1.0417453335754154,50.88862609863281,48.84939193725586,0.6833333333333333,0.6833333333333333,0.0,2,7,oracle,gnn,nolag_recover,61,22,-21.724714733333258,1.1555041282029777,True,False,False
True,True,True,32.1190185546875,1.1496998089877395,33.61661911010742,29.23947525024414,0.6833333333333333,0.6833333333333333,0.0,2,7,nearest,gnn,nolag_recover,61,23,-19.39406096666653,1.0506975933694493,True,False,False
True,True,True,12.5142822265625,1.1451759717248102,33.484344482421875,29.23947525024414,0.6833333333333333,0.6833333333333333,0.0,2,7,oracle,gnn,nolag_recover,61,23,-19.39406096666653,1.0506975933694493,True,False,False
False,False,False,-28.480712890625,2.641099869353049,190.66209411621094,72.19041442871094,0.6833333333333333,0.6833333333333333,0.0,2,8,nearest,gnn,nolag_recover,61,24,-42.98126326666693,11.363455098026014,False,False,False
False,False,False,-35.946533203125,2.5575200625820242,184.62843322753906,72.19041442871094,0.6833333333333333,0.6833333333333333,0.0,2,8,oracle,gnn,nolag_recover,61,24,-42.98126326666693,11.363455098026014,False,False,False
True,True,True,18.85546875,1.1003164807581591,32.621482849121094,29.647363662719727,0.6833333333333333,0.6833333333333333,0.0,2,6,nearest,gnn,nolag_recover,61,25,-27.826190100000076,1.0064872103530509,True,False,False
True,True,True,19.92138671875,1.0792614037906023,31.997255325317383,29.647363662719727,0.6833333333333333,0.6833333333333333,0.0,2,6,oracle,gnn,nolag_recover,61,25,-27.826190100000076,1.0064872103530509,True,False,False
False,True,False,-16.0982666015625,0.9894818621594168,93.10780334472656,94.0975341796875,0.6833333333333333,0.6833333333333333,0.0,2,6,nearest,gnn,nolag_recover,61,26,-45.50270499999988,1.021390187391,True,False,False
True,True,True,7.1207275390625,0.9972535892336611,93.83910369873047,94.0975341796875,0.6833333333333333,0.6833333333333333,0.0,2,6,oracle,gnn,nolag_recover,61,26,-45.50270499999988,1.021390187391,True,False,False
True,True,True,16.1224365234375,1.2321764615751047,40.830665588378906,33.137027740478516,0.6833333333333333,0.6833333333333333,0.0,2,6,nearest,gnn,nolag_recover,61,27,-17.631678899999997,1.6497134422268718,False,False,False
True,True,True,20.0025634765625,1.1474622102155796,38.02348709106445,33.137027740478516,0.6833333333333333,0.6833333333333333,0.0,2,6,oracle,gnn,nolag_recover,61,27,-17.631678899999997,1.6497134422268718,False,False,False
True,True,True,6.6666259765625,1.2478951811475023,89.17533111572266,71.4605941772461,0.6833333333333333,0.6833333333333333,0.0,2,5,nearest,gnn,nolag_recover,61,28,-24.5313662333333,1.0645985642535187,True,False,False
False,True,False,-8.236328125,1.2855916142697317,91.869140625,71.4605941772461,0.6833333333333333,0.6833333333333333,0.0,2,5,oracle,gnn,nolag_recover,61,28,-24.5313662333333,1.0645985642535187,True,False,False
False,True,False,-52.239013671875,1.4517683212229167,98.75022888183594,68.0206527709961,0.6833333333333333,0.6833333333333333,0.0,2,5,nearest,gnn,nolag_recover,61,29,-45.07626736666657,9.305726041134806,False,False,False
False,True,False,-52.239013671875,1.4517683212229167,98.75022888183594,68.0206527709961,0.6833333333333333,0.6833333333333333,0.0,2,5,oracle,gnn,nolag_recover,61,29,-45.07626736666657,9.305726041134806,False,False,False
False,False,False,-120.5335693359375,8.05015579989628,387.55731201171875,48.1428337097168,0.6833333333333333,0.6833333333333333,0.0,2,6,nearest,gnn,nolag_recover,61,30,-12.067986766666536,12.60799169563128,False,False,False
False,False,False,-120.5335693359375,8.05015579989628,387.55731201171875,48.1428337097168,0.6833333333333333,0.6833333333333333,0.0,2,6,oracle,gnn,nolag_recover,61,30,-12.067986766666536,12.60799169563128,False,False,False
False,False,True,69.5106201171875,2.370806260527772,1052.2962646484375,443.8558654785156,0.7666666666666667,0.6833333333333333,0.08333333333333337,2,6,nearest,gnn,nolag_recover,61,31,-8.633197599999903,4.366150633090896,False,False,False
False,False,True,80.0050048828125,2.175986706516498,965.824462890625,443.8558654785156,0.7666666666666667,0.6833333333333333,0.08333333333333337,2,6,oracle,gnn,nolag_recover,61,31,-8.633197599999903,4.366150633090896,False,False,False
False,False,True,18.1240234375,2.7494162751432647,674.6151123046875,245.36666870117188,0.6833333333333333,0.6833333333333333,0.0,2,6,nearest,gnn,nolag_recover,61,32,12.766447666666636,0.9289147841604405,True,True,True
False,False,True,28.8701171875,2.7927337402481913,685.2437744140625,245.36666870117188,0.6833333333333333,0.6833333333333333,0.0,2,6,oracle,gnn,nolag_recover,61,32,12.766447666666636,0.9289147841604405,True,True,True
True,True,True,29.31982421875,1.1390717222927276,33.34333038330078,29.272371292114258,0.6833333333333333,0.6833333333333333,0.0,2,6,nearest,gnn,nolag_recover,61,33,-7.500190633333432,1.036624119007333,True,False,False
True,True,True,30.165771484375,1.143179063895434,33.46356201171875,29.272371292114258,0.6833333333333333,0.6833333333333333,0.0,2,6,oracle,gnn,nolag_recover,61,33,-7.500190633333432,1.036624119007333,True,False,False
False,False,False,-64.5234375,3.78516082124015,191.32432556152344,50.54589080810547,0.6833333333333333,0.6833333333333333,0.0,2,6,nearest,gnn,nolag_recover,61,34,-9.860398600000053,1.0946524696915816,True,False,False
False,False,False,-28.0753173828125,2.1380359481617854,108.06893157958984,50.54589080810547,0.6833333333333333,0.6833333333333333,0.0,2,6,oracle,gnn,nolag_recover,61,34,-9.860398600000053,1.0946524696915816,True,False,False
False,True,False,-29.879638671875,1.100371268436848,469.5904235839844,426.75634765625,0.6833333333333333,0.6833333333333333,0.0,2,5,nearest,gnn,nolag_recover,61,35,-14.078193633333512,1.826340975315445,False,False,False
False,True,False,-15.2664794921875,0.34580431912237686,147.57418823242188,426.75634765625,0.6833333333333333,0.6833333333333333,0.0,2,5,oracle,gnn,nolag_recover,61,35,-14.078193633333512,1.826340975315445,False,False,False
False,False,False,-13.413330078125,4.4785429812467115,498.2234191894531,111.24676513671875,0.6833333333333333,0.6833333333333333,0.0,2,5,nearest,gnn,nolag_recover,61,36,-23.22838569999999,2.573781231312626,False,False,False
False,False,False,-3.3255615234375,4.295119733884467,477.81817626953125,111.24676513671875,0.6833333333333333,0.6833333333333333,0.0,2,5,oracle,gnn,nolag_recover,61,36,-23.22838569999999,2.573781231312626,False,False,False
True,True,True,49.185791015625,1.1007788316234055,951.9298706054688,864.7785034179688,0.8,0.7333333333333333,0.06666666666666676,2,5,nearest,gnn,nolag_recover,61,37,-3.164002966666885,2.213693869180355,False,False,False
True,True,True,22.154541015625,1.0561615032638176,913.3457641601562,864.7785034179688,0.8,0.7333333333333333,0.06666666666666676,2,5,oracle,gnn,nolag_recover,61,37,-3.164002966666885,2.213693869180355,False,False,False
True,True,True,14.940185546875,1.2802747926119833,115.45558166503906,90.18031311035156,0.6833333333333333,0.6833333333333333,0.0,2,4,nearest,gnn,nolag_recover,61,38,-72.95921653333335,1.0346444077483639,True,False,False
True,True,True,10.9559326171875,1.279817944226257,115.41438293457031,90.18031311035156,0.6833333333333333,0.6833333333333333,0.0,2,4,oracle,gnn,nolag_recover,61,38,-72.95921653333335,1.0346444077483639,True,False,False
True,True,True,28.70556640625,1.0585320516654622,30.447490692138672,28.76388168334961,0.6833333333333333,0.6833333333333333,0.0,2,4,nearest,gnn,nolag_recover,61,39,-24.06741783333314,1.0546426384497067,True,False,False
True,True,True,26.8004150390625,1.0378761846875957,29.853347778320312,28.76388168334961,0.6833333333333333,0.6833333333333333,0.0,2,4,oracle,gnn,nolag_recover,61,39,-24.06741783333314,1.0546426384497067,True,False,False
True,True,True,10.6087646484375,1.0713549049899775,287.1243896484375,268.0011901855469,0.6833333333333333,0.6833333333333333,0.0,3,7,nearest,gnn,nolag_recover,61,0,6.520652366666809,1.0508762286389612,True,True,True
True,True,True,16.2333984375,0.933282664509797,250.12086486816406,268.0011901855469,0.6833333333333333,0.6833333333333333,0.0,3,7,oracle,gnn,nolag_recover,61,0,6.520652366666809,1.0508762286389612,True,True,True
False,False,True,11.6552734375,2.2853856852227272,78.12960052490234,34.186614990234375,0.6833333333333333,0.6833333333333333,0.0,3,7,nearest,gnn,nolag_recover,61,1,0.29075673333341,1.0023046444548163,True,True,True
False,False,True,18.0787353515625,1.8496622782703862,63.23369216918945,34.186614990234375,0.6833333333333333,0.6833333333333333,0.0,3,7,oracle,gnn,nolag_recover,61,1,0.29075673333341,1.0023046444548163,True,True,True
True,True,True,15.6800537109375,0.9069598970895583,300.0025329589844,330.7781677246094,0.6833333333333333,0.6833333333333333,0.0,3,7,nearest,gnn,nolag_recover,61,2,12.621657799999866,0.9497429526478286,True,True,True
True,True,True,12.57958984375,0.9706473115126859,321.0689392089844,330.7781677246094,0.6833333333333333,0.6833333333333333,0.0,3,7,oracle,gnn,nolag_recover,61,2,12.621657799999866,0.9497429526478286,True,True,True
True,True,True,40.20263671875,1.1687801338706252,380.5919494628906,325.63177490234375,0.6833333333333333,0.6833333333333333,0.0,3,6,nearest,gnn,nolag_recover,61,3,-3.254433199999994,1.1539617222030372,True,False,False
True,True,True,39.623046875,1.0542914343005474,343.310791015625,325.63177490234375,0.6833333333333333,0.6833333333333333,0.0,3,6,oracle,gnn,nolag_recover,61,3,-3.254433199999994,1.1539617222030372,True,False,False
False,False,False,-59.9085693359375,1.7371966793206362,446.87640380859375,257.2399597167969,0.6833333333333333,0.6833333333333333,0.0,3,5,nearest,gnn,nolag_recover,61,4,-19.99570093333341,1.0901231770026032,True,False,False
False,False,False,-59.9085693359375,1.7371966793206362,446.87640380859375,257.2399597167969,0.6833333333333333,0.6833333333333333,0.0,3,5,oracle,gnn,nolag_recover,61,4,-19.99570093333341,1.0901231770026032,True,False,False
False,True,False,-50.341064453125,1.3935017655849318,470.6571350097656,337.7513732910156,0.6833333333333333,0.6833333333333333,0.0,3,4,nearest,gnn,nolag_recover,61,5,3.3277532666666048,0.8371502810063084,True,True,True
False,True,False,-50.341064453125,1.3935017655849318,470.6571350097656,337.7513732910156,0.6833333333333333,0.6833333333333333,0.0,3,4,oracle,gnn,nolag_recover,61,5,3.3277532666666048,0.8371502810063084,True,True,True
False,False,False,-18.666748046875,1.6785517434595,63.03455352783203,37.552940368652344,0.6833333333333333,0.6833333333333333,0.0,3,4,nearest,gnn,nolag_recover,61,6,-1.8871341999999913,1.0051582606606795,True,False,False
False,False,False,-18.666748046875,1.6785517434595,63.03455352783203,37.552940368652344,0.6833333333333333,0.6833333333333333,0.0,3,4,oracle,gnn,nolag_recover,61,6,-1.8871341999999913,1.0051582606606795,True,False,False
False,True,False,-4.305419921875,1.3275444316913896,37.97776794433594,28.60753059387207,0.6833333333333333,0.6833333333333333,0.0,3,4,nearest,gnn,nolag_recover,61,7,-0.8070668000000296,0.9931772391523623,True,False,False
False,True,False,-2.1986083984375,1.1955766493972597,34.20249557495117,28.60753059387207,0.6833333333333333,0.6833333333333333,0.0,3,4,oracle,gnn,nolag_recover,61,7,-0.8070668000000296,0.9931772391523623,True,False,False
False,False,False,-3.1912841796875,1.9583865437211216,682.6168823242188,348.56085205078125,0.75,0.6833333333333333,0.06666666666666665,3,4,nearest,gnn,nolag_recover,61,8,6.381240733333243,0.873970676041242,True,True,True
False,False,False,-3.218505859375,1.9473884753172968,678.7833862304688,348.56085205078125,0.75,0.6833333333333333,0.06666666666666665,3,4,oracle,gnn,nolag_recover,61,8,6.381240733333243,0.873970676041242,True,True,True
False,True,False,-48.064208984375,1.3077080910288754,336.6788024902344,257.4571533203125,0.6833333333333333,0.6833333333333333,0.0,3,4,nearest,gnn,nolag_recover,61,9,-15.466190333333316,0.9601287930471871,True,False,False
False,True,False,-46.6990966796875,1.346192716381338,346.5869445800781,257.4571533203125,0.6833333333333333,0.6833333333333333,0.0,3,4,oracle,gnn,nolag_recover,61,9,-15.466190333333316,0.9601287930471871,True,False,False
True,True,True,0.0904541015625,1.174064430638813,272.1766052246094,231.82424926757812,0.6833333333333333,0.6833333333333333,0.0,3,4,nearest,gnn,nolag_recover,61,10,2.2381830333335984,1.2621237654172879,True,True,True
True,True,True,0.0904541015625,1.174064430638813,272.1766052246094,231.82424926757812,0.6833333333333333,0.6833333333333333,0.0,3,4,oracle,gnn,nolag_recover,61,10,2.2381830333335984,1.2621237654172879,True,True,True
False,False,False,-90.58544921875,1.7017422108252906,1354.6328125,796.0270385742188,0.9166666666666666,0.8166666666666667,0.09999999999999998,3,4,nearest,gnn,nolag_recover,61,11,27.00026949999983,1.6140110014926514,False,True,False
False,False,False,-88.5673828125,1.6840228346539405,1340.5277099609375,796.0270385742188,0.9166666666666666,0.8166666666666667,0.09999999999999998,3,4,oracle,gnn,nolag_recover,61,11,27.00026949999983,1.6140110014926514,False,True,False
False,True,False,-20.4232177734375,1.2205907579227344,53.66295623779297,43.96474075317383,0.6833333333333333,0.6833333333333333,0.0,3,4,nearest,gnn,nolag_recover,61,12,-62.29991323333343,4.342624535128006,False,False,False
False,True,False,-20.2874755859375,1.2499637963875867,54.9543342590332,43.96474075317383,0.6833333333333333,0.6833333333333333,0.0,3,4,oracle,gnn,nolag_recover,61,12,-62.29991323333343,4.342624535128006,False,False,False
False,False,False,-24.781494140625,1.747472558077992,630.3472900390625,360.71942138671875,0.75,0.6833333333333333,0.06666666666666665,3,5,nearest,gnn,nolag_recover,61,13,-6.58969263333347,0.6357676430500306,True,False,False
False,False,False,-35.31591796875,1.7935202326486834,646.9575805664062,360.71942138671875,0.75,0.6833333333333333,0.06666666666666665,3,5,oracle,gnn,nolag_recover,61,13,-6.58969263333347,0.6357676430500306,True,False,False
False,False,False,-122.6904296875,2.4050686036082753,158.88356018066406,66.06196594238281,0.6833333333333333,0.6833333333333333,0.0,3,5,nearest,gnn,nolag_recover,61,14,-14.776954933333627,6.87986470907451,False,False,False
False,False,False,-209.908203125,7.364537236596814,486.51580810546875,66.06196594238281,0.6833333333333333,0.6833333333333333,0.0,3,5,oracle,gnn,nolag_recover,61,14,-14.776954933333627,6.87986470907451,False,False,False
False,True,False,-35.1732177734375,1.2559059629731593,39.17332458496094,31.191287994384766,0.6833333333333333,0.6833333333333333,0.0,3,5,nearest,gnn,nolag_recover,61,15,3.6805031333331044,1.0122646991772664,True,True,True
False,True,False,-35.1732177734375,1.2559059629731593,39.17332458496094,31.191287994384766,0.6833333333333333,0.6833333333333333,0.0,3,5,oracle,gnn,nolag_recover,61,15,3.6805031333331044,1.0122646991772664,True,True,True
False,False,True,5.6275634765625,1.979001319558286,1344.7728271484375,679.5209350585938,0.75,0.7333333333333333,0.01666666666666672,3,5,nearest,gnn,nolag_recover,61,16,-17.03120110000009,1.8712589986632386,False,False,False
False,False,False,-48.7589111328125,1.9748490807418593,1341.9512939453125,679.5209350585938,0.75,0.7333333333333333,0.01666666666666672,3,5,oracle,gnn,nolag_recover,61,16,-17.03120110000009,1.8712589986632386,False,False,False
True,True,True,38.916748046875,1.3246113955272154,1036.1243896484375,782.2100830078125,0.85,0.7666666666666667,0.08333333333333326,3,6,nearest,gnn,nolag_recover,61,17,-12.644774433333396,0.9655348297933251,True,False,False
False,False,True,41.9295654296875,1.685011934552304,1318.0333251953125,782.2100830078125,0.75,0.7666666666666667,-0.01666666666666672,3,6,oracle,gnn,nolag_recover,61,17,-12.644774433333396,0.9655348297933251,True,False,False
False,False,True,3.895263671875,1.795342427137331,1238.4598388671875,689.8181762695312,0.75,0.7333333333333333,0.01666666666666672,3,6,nearest,gnn,nolag_recover,61,18,2.115690633333543,0.6103568862407378,True,True,True
False,False,True,1.634765625,1.8203369834014054,1255.7015380859375,689.8181762695312,0.75,0.7333333333333333,0.01666666666666672,3,6,oracle,gnn,nolag_recover,61,18,2.115690633333543,0.6103568862407378,True,True,True
True,True,True,20.32080078125,1.4763406976695426,1396.7391357421875,946.0818481445312,0.8333333333333334,0.7666666666666667,0.06666666666666665,3,6,nearest,gnn,nolag_recover,61,19,40.68051859999969,1.257015561923831,True,True,True
False,False,True,113.0595703125,1.6123099711269335,1525.377197265625,946.0818481445312,0.8333333333333334,0.7666666666666667,0.06666666666666665,3,6,oracle,gnn,nolag_recover,61,19,40.68051859999969,1.257015561923831,True,True,True
False,False,False,-41.94921875,3.28165109459533,585.4376220703125,178.39727783203125,0.7,0.6833333333333333,0.016666666666666607,3,6,nearest,gnn,nolag_recover,61,20,-39.98266666666677,1.8389205966549216,False,False,False
False,False,False,-39.425537109375,3.1087622709393297,554.5947265625,178.39727783203125,0.6833333333333333,0.6833333333333333,0.0,3,6,oracle,gnn,nolag_recover,61,20,-39.98266666666677,1.8389205966549216,False,False,False
True,True,True,2.1990966796875,1.183851542460637,33.79581069946289,28.547338485717773,0.6833333333333333,0.6833333333333333,0.0,3,8,nearest,gnn,nolag_recover,61,21,-5.281077933333108,1.0159880124725968,True,False,False
False,True,False,-9.1197509765625,1.2496831869148095,35.67512893676758,28.547338485717773,0.6833333333333333,0.6833333333333333,0.0,3,8,oracle,gnn,nolag_recover,61,21,-5.281077933333108,1.0159880124725968,True,False,False
True,True,True,36.5784912109375,1.3890882681956882,67.85611724853516,48.84939193725586,0.6833333333333333,0.6833333333333333,0.0,3,8,nearest,gnn,nolag_recover,61,22,-2.7483766666666725,1.06144767711277,True,False,False
True,True,True,35.2427978515625,1.361560101752557,66.51138305664062,48.84939193725586,0.6833333333333333,0.6833333333333333,0.0,3,8,oracle,gnn,nolag_recover,61,22,-2.7483766666666725,1.06144767711277,True,False,False
False,True,False,-16.10595703125,1.2290886845620579,35.93790817260742,29.23947525024414,0.6833333333333333,0.6833333333333333,0.0,3,9,nearest,gnn,nolag_recover,61,23,-19.72016606666648,0.9990774433561979,True,False,False
False,True,False,-10.8916015625,1.2779209474604736,37.36573791503906,29.23947525024414,0.6833333333333333,0.6833333333333333,0.0,3,9,oracle,gnn,nolag_recover,61,23,-19.72016606666648,0.9990774433561979,True,False,False
False,True,False,-20.066162109375,0.9440404720199718,68.15067291259766,72.19041442871094,0.6833333333333333,0.6833333333333333,0.0,3,9,nearest,gnn,nolag_recover,61,24,7.082139666666535,1.0418341960635213,True,True,True
False,False,False,-56.2911376953125,1.58100375158183,114.13331604003906,72.19041442871094,0.6833333333333333,0.6833333333333333,0.0,3,9,oracle,gnn,nolag_recover,61,24,7.082139666666535,1.0418341960635213,True,True,True
False,False,False,-72.67724609375,1.555585821368669,46.1190185546875,29.647363662719727,0.6833333333333333,0.6833333333333333,0.0,3,8,nearest,gnn,nolag_recover,61,25,-3.267896900000096,0.865005268792262,True,False,False
False,False,False,-77.8345947265625,1.579590056638173,46.83068084716797,29.647363662719727,0.6833333333333333,0.6833333333333333,0.0,3,8,oracle,gnn,nolag_recover,61,25,-3.267896900000096,0.865005268792262,True,False,False
False,False,False,-43.4910888671875,6.3159972082657125,594.3197631835938,94.0975341796875,0.6833333333333333,0.6833333333333333,0.0,3,9,nearest,gnn,nolag_recover,61,26,3.4722998000002008,20.097426654453756,False,True,False
False,False,False,-43.4910888671875,6.3159972082657125,594.3197631835938,94.0975341796875,0.6833333333333333,0.6833333333333333,0.0,3,9,oracle,gnn,nolag_recover,61,26,3.4722998000002008,20.097426654453756,False,True,False
True,True,True,1.9886474609375,1.2155056371984994,40.27824401855469,33.137027740478516,0.6833333333333333,0.6833333333333333,0.0,3,10,nearest,gnn,nolag_recover,61,27,5.216848566666613,0.8748319793327064,True,True,True
False,True,False,-6.2388916015625,1.2510016205283656,41.45447540283203,33.137027740478516,0.6833333333333333,0.6833333333333333,0.0,3,10,oracle,gnn,nolag_recover,61,27,5.216848566666613,0.8748319793327064,True,True,True
False,False,False,-49.032958984375,2.6827442061230453,191.7104949951172,71.4605941772461,0.6833333333333333,0.6833333333333333,0.0,3,10,nearest,gnn,nolag_recover,61,28,-7.904399600000033,1.1713500376574482,True,False,False
False,False,False,-41.3272705078125,2.6278657634888143,187.78884887695312,71.4605941772461,0.6833333333333333,0.6833333333333333,0.0,3,10,oracle,gnn,nolag_recover,61,28,-7.904399600000033,1.1713500376574482,True,False,False
False,True,False,-48.3114013671875,1.2019770283625235,81.75926208496094,68.0206527709961,0.6833333333333333,0.6833333333333333,0.0,3,10,nearest,gnn,nolag_recover,61,29,-47.583690199999864,2.7681152800109965,False,False,False
False,True,False,-21.0843505859375,1.0835141492953422,73.70133972167969,68.0206527709961,0.6833333333333333,0.6833333333333333,0.0,3,10,oracle,gnn,nolag_recover,61,29,-47.583690199999864,2.7681152800109965,False,False,False
False,False,False,-58.7137451171875,4.141170672298838,199.36769104003906,48.1428337097168,0.6833333333333333,0.6833333333333333,0.0,3,10,nearest,gnn,nolag_recover,61,30,-5.588850866666462,10.629709330952833,False,False,False
False,False,False,-83.037109375,2.8011842773044022,134.85694885253906,48.1428337097168,0.6833333333333333,0.6833333333333333,0.0,3,10,oracle,gnn,nolag_recover,61,30,-5.588850866666462,10.629709330952833,False,False,False
False,False,False,-55.73388671875,2.090540129586437,927.8984985351562,443.8558654785156,0.7833333333333333,0.6833333333333333,0.09999999999999998,3,10,nearest,gnn,nolag_recover,61,31,-6.416819400000122,2.589210838659513,False,False,False
False,True,False,-31.935546875,1.2827374136163185,569.3505249023438,443.8558654785156,0.6833333333333333,0.6833333333333333,0.0,3,10,oracle,gnn,nolag_recover,61,31,-6.416819400000122,2.589210838659513,False,False,False
False,False,True,59.438720703125,2.427417064927069,595.6072387695312,245.36666870117188,0.6833333333333333,0.6833333333333333,0.0,3,11,nearest,gnn,nolag_recover,61,32,-4.2974644666667245,3.3059719949073743,False,False,False
False,False,True,56.9322509765625,2.3062037828778603,565.8655395507812,245.36666870117188,0.6833333333333333,0.6833333333333333,0.0,3,11,oracle,gnn,nolag_recover,61,32,-4.2974644666667245,3.3059719949073743,False,False,False
False,True,False,-7.3365478515625,1.1354584136875419,33.2375602722168,29.272371292114258,0.6833333333333333,0.6833333333333333,0.0,3,10,nearest,gnn,nolag_recover,61,33,-2.5762052000002313,1.0019574874983512,True,False,False
True,True,True,5.743896484375,1.0013500223787435,29.3118896484375,29.272371292114258,0.6833333333333333,0.6833333333333333,0.0,3,10,oracle,gnn,nolag_recover,61,33,-2.5762052000002313,1.0019574874983512,True,False,False
False,False,False,-101.7154541015625,2.8201657592408083,142.54779052734375,50.54589080810547,0.6833333333333333,0.6833333333333333,0.0,3,10,nearest,gnn,nolag_recover,61,34,-35.24921160000031,4.122834988179906,False,False,False
False,False,False,-92.0994873046875,2.361063317651175,119.34204864501953,50.54589080810547,0.6833333333333333,0.6833333333333333,0.0,3,10,oracle,gnn,nolag_recover,61,34,-35.24921160000031,4.122834988179906,False,False,False
False,True,False,-20.9351806640625,1.3118417454522155,559.8367919921875,426.75634765625,0.6833333333333333,0.6833333333333333,0.0,3,10,nearest,gnn,nolag_recover,61,35,30.88746083333308,11.844307956870596,False,True,False
False,True,False,-20.9351806640625,1.3118417454522155,559.8367919921875,426.75634765625,0.6833333333333333,0.6833333333333333,0.0,3,10,oracle,gnn,nolag_recover,61,35,30.88746083333308,11.844307956870596,False,True,False
False,False,False,-88.4754638671875,1.6947060269374494,188.5305633544922,111.24676513671875,0.6833333333333333,0.6833333333333333,0.0,3,9,nearest,gnn,nolag_recover,61,36,-53.57331450000015,1.1560085683439654,True,False,False
False,False,False,-96.4609375,1.8019440742604107,200.46044921875,111.24676513671875,0.6833333333333333,0.6833333333333333,0.0,3,9,oracle,gnn,nolag_recover,61,36,-53.57331450000015,1.1560085683439654,True,False,False
True,True,True,85.130126953125,1.4516093446808283,1255.320556640625,864.7785034179688,0.8,0.7333333333333333,0.06666666666666676,3,9,nearest,gnn,nolag_recover,61,37,58.098749566666356,4.17500831744961,False,True,False
True,True,True,84.572021484375,1.3753054568607006,1189.3345947265625,864.7785034179688,0.8166666666666667,0.7333333333333333,0.08333333333333337,3,9,oracle,gnn,nolag_recover,61,37,58.098749566666356,4.17500831744961,False,True,False
False,False,False,-34.5382080078125,3.3007299252782163,297.6608581542969,90.18031311035156,0.6833333333333333,0.6833333333333333,0.0,3,9,nearest,gnn,nolag_recover,61,38,-99.28486810000004,21.45485537228427,False,False,False
False,False,False,-43.7088623046875,3.407423312499355,307.2825012207031,90.18031311035156,0.6833333333333333,0.6833333333333333,0.0,3,9,oracle,gnn,nolag_recover,61,38,-99.28486810000004,21.45485537228427,False,False,False
True,True,True,5.196533203125,1.3043874105984672,37.51924514770508,28.76388168334961,0.6833333333333333,0.6833333333333333,0.0,3,9,nearest,gnn,nolag_recover,61,39,-9.270024766666438,1.0184595581769809,True,False,False
True,True,True,3.4488525390625,1.2696478472480925,36.52000045776367,28.76388168334961,0.6833333333333333,0.6833333333333333,0.0,3,9,oracle,gnn,nolag_recover,61,39,-9.270024766666438,1.0184595581769809,True,False,False
True,True,True,130.71142578125,0.14537009402219098,38.95935821533203,268.0011901855469,0.6833333333333333,0.6833333333333333,0.0,4,12,nearest,gnn,nolag_recover,61,0,9.70355890000019,0.9891706650867147,True,True,True
True,True,True,128.323974609375,0.1485966018827668,39.824066162109375,268.0011901855469,0.6833333333333333,0.6833333333333333,0.0,4,12,oracle,gnn,nolag_recover,61,0,9.70355890000019,0.9891706650867147,True,True,True
False,False,False,-25.656982421875,2.673241003832259,91.3890609741211,34.186614990234375,0.6833333333333333,0.6833333333333333,0.0,4,13,nearest,gnn,nolag_recover,61,1,-4.564158933333374,1.0514611212804694,True,False,False
True,True,True,33.6103515625,0.8271489282975683,28.277421951293945,34.186614990234375,0.6833333333333333,0.6833333333333333,0.0,4,13,oracle,gnn,nolag_recover,61,1,-4.564158933333374,1.0514611212804694,True,False,False
True,True,True,24.506591796875,0.5613778248959608,185.6915283203125,330.7781677246094,0.6833333333333333,0.6833333333333333,0.0,4,13,nearest,gnn,nolag_recover,61,2,6.437456533333261,0.950851322590534,True,True,True
True,True,True,145.098876953125,0.11064505483424161,36.598968505859375,330.7781677246094,0.6833333333333333,0.6833333333333333,0.0,4,13,oracle,gnn,nolag_recover,61,2,6.437456533333261,0.950851322590534,True,True,True
True,True,True,59.407470703125,0.9485366955874351,308.8736877441406,325.63177490234375,0.6833333333333333,0.6833333333333333,0.0,4,13,nearest,gnn,nolag_recover,61,3,2.073887133333301,0.9339094361139124,True,True,True
True,True,True,133.447021484375,0.8144868814397194,265.2228088378906,325.63177490234375,0.6833333333333333,0.6833333333333333,0.0,4,13,oracle,gnn,nolag_recover,61,3,2.073887133333301,0.9339094361139124,True,True,True
False,False,False,-101.677490234375,1.752078687055854,450.70465087890625,257.2399597167969,0.7,0.6833333333333333,0.016666666666666607,4,13,nearest,gnn,nolag_recover,61,4,-3.34094836666668,1.1079364272889105,True,False,False
True,True,True,7.066162109375,0.6444726504966819,165.78411865234375,257.2399597167969,0.6833333333333333,0.6833333333333333,0.0,4,13,oracle,gnn,nolag_recover,61,4,-3.34094836666668,1.1079364272889105,True,False,False
False,True,False,-137.931884765625,1.2333661352669096,416.57110595703125,337.7513732910156,0.6833333333333333,0.6833333333333333,0.0,4,14,nearest,gnn,nolag_recover,61,5,-54.30783263333342,0.1931019612476346,True,False,False
False,True,False,-127.685302734375,1.0503477905498806,354.75640869140625,337.7513732910156,0.6833333333333333,0.6833333333333333,0.0,4,14,oracle,gnn,nolag_recover,61,5,-54.30783263333342,0.1931019612476346,True,False,False
False,False,False,-98.6033935546875,3.675126200214988,138.0117950439453,37.552940368652344,0.6833333333333333,0.6833333333333333,0.0,4,14,nearest,gnn,nolag_recover,61,6,-8.09107076666669,1.057512957012577,True,False,False
False,False,False,-37.9102783203125,1.6660456967997044,62.56491470336914,37.552940368652344,0.6833333333333333,0.6833333333333333,0.0,4,14,oracle,gnn,nolag_recover,61,6,-8.09107076666669,1.057512957012577,True,False,False
True,True,True,1.1552734375,0.9473629679066392,27.101715087890625,28.60753059387207,0.6833333333333333,0.6833333333333333,0.0,4,14,nearest,gnn,nolag_recover,61,7,-0.5768266333332122,1.020073546961594,True,False,False
True,True,True,7.2928466796875,0.8271481609765188,23.66266632080078,28.60753059387207,0.6833333333333333,0.6833333333333333,0.0,4,14,oracle,gnn,nolag_recover,61,7,-0.5768266333332122,1.020073546961594,True,False,False
False,True,False,-66.9107666015625,0.854816146399966,297.9554443359375,348.56085205078125,0.6833333333333333,0.6833333333333333,0.0,4,13,nearest,gnn,nolag_recover,61,8,-8.44530786666678,1.0038294640724634,True,False,False
False,True,False,-66.610107421875,0.8742374345124808,304.7249450683594,348.56085205078125,0.6833333333333333,0.6833333333333333,0.0,4,13,oracle,gnn,nolag_recover,61,8,-8.44530786666678,1.0038294640724634,True,False,False
True,True,True,102.63525390625,0.7533407788860499,193.95297241210938,257.4571533203125,0.6833333333333333,0.6833333333333333,0.0,4,14,nearest,gnn,nolag_recover,61,9,4.74318930000004,0.7575791532895725,True,True,True
True,True,True,102.63525390625,0.7533407788860499,193.95297241210938,257.4571533203125,0.6833333333333333,0.6833333333333333,0.0,4,14,oracle,gnn,nolag_recover,61,9,4.74318930000004,0.7575791532895725,True,True,True
True,True,True,46.286376953125,1.3429318058763757,311.32415771484375,231.82424926757812,0.6833333333333333,0.6833333333333333,0.0,4,12,nearest,gnn,nolag_recover,61,10,-52.77160439999966,1.3431286984268311,True,False,False
True,True,True,46.286376953125,1.3429318058763757,311.32415771484375,231.82424926757812,0.6833333333333333,0.6833333333333333,0.0,4,12,oracle,gnn,nolag_recover,61,10,-52.77160439999966,1.3431286984268311,True,False,False
False,True,False,-106.560546875,1.039309369260657,827.318359375,796.0270385742188,0.8833333333333333,0.8166666666666667,0.06666666666666665,4,12,nearest,gnn,nolag_recover,61,11,-35.36827746666677,1.7282828843666336,False,False,False
False,True,False,-106.560546875,1.039309369260657,827.318359375,796.0270385742188,0.8833333333333333,0.8166666666666667,0.06666666666666665,4,12,oracle,gnn,nolag_recover,61,11,-35.36827746666677,1.7282828843666336,False,False,False
False,False,False,-31.44580078125,2.6088077553907807,114.695556640625,43.96474075317383,0.6833333333333333,0.6833333333333333,0.0,4,11,nearest,gnn,nolag_recover,61,12,-2.60722039999996,1.0429211248812944,True,False,False
False,False,False,-31.44580078125,2.6088077553907807,114.695556640625,43.96474075317383,0.6833333333333333,0.6833333333333333,0.0,4,11,oracle,gnn,nolag_recover,61,12,-2.60722039999996,1.0429211248812944,True,False,False
True,True,True,49.802490234375,0.9469342525846328,341.57757568359375,360.71942138671875,0.6833333333333333,0.6833333333333333,0.0,4,10,nearest,gnn,nolag_recover,61,13,-34.679685800000016,0.6553859495487728,True,False,False
True,True,True,49.802490234375,0.9469342525846328,341.57757568359375,360.71942138671875,0.6833333333333333,0.6833333333333333,0.0,4,10,oracle,gnn,nolag_recover,61,13,-34.679685800000016,0.6553859495487728,True,False,False
False,False,False,-140.83154296875,3.3811920579973793,223.36819458007812,66.06196594238281,0.6833333333333333,0.6833333333333333,0.0,4,11,nearest,gnn,nolag_recover,61,14,-4.902121866666903,1.2057428888304358,True,False,False
False,False,False,-116.1573486328125,4.884921988701995,322.7075500488281,66.06196594238281,0.6833333333333333,0.6833333333333333,0.0,4,11,oracle,gnn,nolag_recover,61,14,-4.902121866666903,1.2057428888304358,True,False,False
True,True,True,15.9805908203125,1.0038171080456457,31.310348510742188,31.191287994384766,0.6833333333333333,0.6833333333333333,0.0,4,11,nearest,gnn,nolag_recover,61,15,-14.864381366666748,1.0518443151444175,True,False,False
True,True,True,13.623291015625,1.0104918187967653,31.51854133605957,31.191287994384766,0.6833333333333333,0.6833333333333333,0.0,4,11,oracle,gnn,nolag_recover,61,15,-14.864381366666748,1.0518443151444175,True,False,False
False,True,False,-61.7255859375,0.7977783887592425,542.1071166992188,679.5209350585938,0.6833333333333333,0.7333333333333333,-0.04999999999999993,4,12,nearest,gnn,nolag_recover,61,16,1.7115879000000405,0.8051629536396647,True,True,True
True,True,True,14.8846435546875,1.2897459336074726,876.4093627929688,679.5209350585938,0.7333333333333333,0.7333333333333333,0.0,4,12,oracle,gnn,nolag_recover,61,16,1.7115879000000405,0.8051629536396647,True,True,True
False,True,False,-22.655029296875,0.7900645534823221,617.9964599609375,782.2100830078125,0.7333333333333333,0.7666666666666667,-0.03333333333333344,4,13,nearest,gnn,nolag_recover,61,17,-50.00219579999998,0.26650789559915367,True,False,False
True,True,True,44.011962890625,1.128398226242282,882.6444702148438,782.2100830078125,0.7333333333333333,0.7666666666666667,-0.03333333333333344,4,13,oracle,gnn,nolag_recover,61,17,-50.00219579999998,0.26650789559915367,True,False,False
False,True,False,-80.986572265625,0.8873636400556681,612.1195678710938,689.8181762695312,0.6833333333333333,0.7333333333333333,-0.04999999999999993,4,11,nearest,gnn,nolag_recover,61,18,-21.29756793333354,2.0784104576233275,False,False,False
False,True,False,-82.042724609375,0.8630175541792187,595.3251953125,689.8181762695312,0.6833333333333333,0.7333333333333333,-0.04999999999999993,4,11,oracle,gnn,nolag_recover,61,18,-21.29756793333354,2.0784104576233275,False,False,False
True,True,True,20.01318359375,0.9330934502233945,882.7827758789062,946.0818481445312,0.9,0.7666666666666667,0.1333333333333333,4,11,nearest,gnn,nolag_recover,61,19,-44.17344233333324,0.9783901537557101,True,False,False
False,True,False,-43.630126953125,1.0044249240594156,950.2681884765625,946.0818481445312,0.8666666666666667,0.7666666666666667,0.09999999999999998,4,11,oracle,gnn,nolag_recover,61,19,-44.17344233333324,0.9783901537557101,True,False,False
False,False,True,8.39013671875,2.3729015851249855,423.3191833496094,178.39727783203125,0.6833333333333333,0.6833333333333333,0.0,4,11,nearest,gnn,nolag_recover,61,20,-4.2913000333333,0.9055905652569832,True,False,False
False,False,True,17.02880859375,1.8220346434537942,325.0460205078125,178.39727783203125,0.6833333333333333,0.6833333333333333,0.0,4,11,oracle,gnn,nolag_recover,61,20,-4.2913000333333,0.9055905652569832,True,False,False
False,True,False,-21.4010009765625,1.0942870618192913,31.238983154296875,28.547338485717773,0.6833333333333333,0.6833333333333333,0.0,4,9,nearest,gnn,nolag_recover,61,21,-40.5414594333331,1.0867953504182348,True,False,False
False,True,False,-35.8509521484375,1.1788508165315663,33.653053283691406,28.547338485717773,0.6833333333333333,0.6833333333333333,0.0,4,9,oracle,gnn,nolag_recover,61,21,-40.5414594333331,1.0867953504182348,True,False,False
False,True,False,-19.8828125,0.8862317389105917,43.2918815612793,48.84939193725586,0.6833333333333333,0.6833333333333333,0.0,4,9,nearest,gnn,nolag_recover,61,22,-6.85482583333328,1.0708764778721944,True,False,False
True,True,True,7.0205078125,0.9160755374124161,44.749732971191406,48.84939193725586,0.6833333333333333,0.6833333333333333,0.0,4,9,oracle,gnn,nolag_recover,61,22,-6.85482583333328,1.0708764778721944,True,False,False
False,True,False,-34.59326171875,1.1937493941580595,34.904605865478516,29.23947525024414,0.6833333333333333,0.6833333333333333,0.0,4,8,nearest,gnn,nolag_recover,61,23,-23.241722699999855,1.0862913330644095,True,False,False
False,True,False,-29.471435546875,1.1936289759376215,34.901084899902344,29.23947525024414,0.6833333333333333,0.6833333333333333,0.0,4,8,oracle,gnn,nolag_recover,61,23,-23.241722699999855,1.0862913330644095,True,False,False
False,True,False,-24.4656982421875,0.9817723090606757,70.87454986572266,72.19041442871094,0.6833333333333333,0.6833333333333333,0.0,4,9,nearest,gnn,nolag_recover,61,24,-35.671961333333456,1.406808281218942,True,False,False
False,True,False,-5.346923828125,0.9384815827113987,67.74937438964844,72.19041442871094,0.6833333333333333,0.6833333333333333,0.0,4,9,oracle,gnn,nolag_recover,61,24,-35.671961333333456,1.406808281218942,True,False,False
False,True,False,-71.5924072265625,1.4744114952388925,43.7124137878418,29.647363662719727,0.6833333333333333,0.6833333333333333,0.0,4,10,nearest,gnn,nolag_recover,61,25,-22.91091930000016,1.0400081619463724,True,False,False
False,True,False,-29.631103515625,1.199862684420504,35.5727653503418,29.647363662719727,0.6833333333333333,0.6833333333333333,0.0,4,10,oracle,gnn,nolag_recover,61,25,-22.91091930000016,1.0400081619463724,True,False,False
False,True,False,-44.88623046875,0.8912010911374112,83.85982513427734,94.0975341796875,0.6833333333333333,0.6833333333333333,0.0,4,10,nearest,gnn,nolag_recover,61,26,-28.971422766666592,1.4650209870304676,True,False,False
False,True,False,-29.2818603515625,1.0170542922266026,95.70230102539062,94.0975341796875,0.6833333333333333,0.6833333333333333,0.0,4,10,oracle,gnn,nolag_recover,61,26,-28.971422766666592,1.4650209870304676,True,False,False
False,True,False,-14.8441162109375,1.2684687221448303,42.03328323364258,33.137027740478516,0.6833333333333333,0.6833333333333333,0.0,4,9,nearest,gnn,nolag_recover,61,27,-13.17687039999987,0.9279803455734223,True,False,False
False,True,False,-14.9595947265625,1.248796979004505,41.38142013549805,33.137027740478516,0.6833333333333333,0.6833333333333333,0.0,4,9,oracle,gnn,nolag_recover,61,27,-13.17687039999987,0.9279803455734223,True,False,False
False,True,False,-16.3427734375,1.0137923700923814,72.44620513916016,71.4605941772461,0.6833333333333333,0.6833333333333333,0.0,4,10,nearest,gnn,nolag_recover,61,28,-21.047346166666784,1.495229712430905,True,False,False
True,True,True,1.386962890625,0.9890835225986104,70.68049621582031,71.4605941772461,0.6833333333333333,0.6833333333333333,0.0,4,10,oracle,gnn,nolag_recover,61,28,-21.047346166666784,1.495229712430905,True,False,False
False,False,False,-42.5604248046875,1.7699595865809636,120.39380645751953,68.0206527709961,0.6833333333333333,0.6833333333333333,0.0,4,10,nearest,gnn,nolag_recover,61,29,-50.34729853333329,4.791505670881415,False,False,False
False,False,False,-37.1142578125,1.7708981658335392,120.45764923095703,68.0206527709961,0.6833333333333333,0.6833333333333333,0.0,4,10,oracle,gnn,nolag_recover,61,29,-50.34729853333329,4.791505670881415,False,False,False
False,False,False,-49.593994140625,2.7331066360653087,131.57949829101562,48.1428337097168,0.6833333333333333,0.6833333333333333,0.0,4,10,nearest,gnn,nolag_recover,61,30,-24.5204539333331,4.042213495532783,False,False,False
False,False,False,-36.3720703125,2.5608829545603116,123.28816223144531,48.1428337097168,0.6833333333333333,0.6833333333333333,0.0,4,10,oracle,gnn,nolag_recover,61,30,-24.5204539333331,4.042213495532783,False,False,False
True,True,True,135.8662109375,1.4387452542303776,638.5955200195312,443.8558654785156,0.6833333333333333,0.6833333333333333,0.0,4,10,nearest,gnn,nolag_recover,61,31,6.1626547999999275,1.013009697670062,True,True,True
True,True,True,167.939453125,1.477852616724842,655.9535522460938,443.8558654785156,0.6833333333333333,0.6833333333333333,0.0,4,10,oracle,gnn,nolag_recover,61,31,6.1626547999999275,1.013009697670062,True,True,True
False,False,True,33.274658203125,2.272676900689351,557.63916015625,245.36666870117188,0.6833333333333333,0.6833333333333333,0.0,4,9,nearest,gnn,nolag_recover,61,32,-43.717285533333325,4.582926936161971,False,False,False
False,False,True,35.52978515625,2.3189204215082384,568.9857788085938,245.36666870117188,0.6833333333333333,0.6833333333333333,0.0,4,9,oracle,gnn,nolag_recover,61,32,-43.717285533333325,4.582926936161971,False,False,False
True,True,True,7.982666015625,1.1674180872504496,34.173095703125,29.272371292114258,0.6833333333333333,0.6833333333333333,0.0,4,8,nearest,gnn,nolag_recover,61,33,-42.57816563333358,1.0934640246234495,True,False,False
True,True,True,9.289306640625,1.2055312148122848,35.28875732421875,29.272371292114258,0.6833333333333333,0.6833333333333333,0.0,4,8,oracle,gnn,nolag_recover,61,33,-42.57816563333358,1.0934640246234495,True,False,False
False,False,False,-38.5010986328125,2.922225923605364,147.70651245117188,50.54589080810547,0.6833333333333333,0.6833333333333333,0.0,4,9,nearest,gnn,nolag_recover,61,34,-36.33475520000002,1.7994659799368702,False,False,False
False,False,False,-42.7857666015625,1.6541283360937735,83.60939025878906,50.54589080810547,0.6833333333333333,0.6833333333333333,0.0,4,9,oracle,gnn,nolag_recover,61,34,-36.33475520000002,1.7994659799368702,False,False,False
False,True,False,-58.6343994140625,1.4587502874723826,622.5309448242188,426.75634765625,0.6833333333333333,0.6833333333333333,0.0,4,9,nearest,gnn,nolag_recover,61,35,-8.309164000000237,8.207325833980887,False,False,False
False,True,False,-61.1302490234375,1.4530092780638835,620.0809326171875,426.75634765625,0.6833333333333333,0.6833333333333333,0.0,4,9,oracle,gnn,nolag_recover,61,35,-8.309164000000237,8.207325833980887,False,False,False
False,False,True,60.01708984375,2.0067172171329157,223.2407989501953,111.24676513671875,0.6833333333333333,0.6833333333333333,0.0,4,10,nearest,gnn,nolag_recover,61,36,-27.703856466666593,1.922529519776395,False,False,False
False,False,True,71.151123046875,1.683738581979045,187.3104705810547,111.24676513671875,0.6833333333333333,0.6833333333333333,0.0,4,10,oracle,gnn,nolag_recover,61,36,-27.703856466666593,1.922529519776395,False,False,False
True,True,True,155.172607421875,1.0283332831046492,889.280517578125,864.7785034179688,0.7833333333333333,0.7333333333333333,0.050000000000000044,4,9,nearest,gnn,nolag_recover,61,37,12.559847099999843,2.9351231327670257,False,True,False
True,True,True,121.288330078125,1.0660101601217515,921.8626708984375,864.7785034179688,0.8,0.7333333333333333,0.06666666666666676,4,9,oracle,gnn,nolag_recover,61,37,12.559847099999843,2.9351231327670257,False,True,False
False,False,True,62.157470703125,1.5278607296004083,137.782958984375,90.18031311035156,0.6833333333333333,0.6833333333333333,0.0,4,9,nearest,gnn,nolag_recover,61,38,-83.5816304,1.657536107547187,False,False,False
False,False,True,85.365966796875,1.9641236962689193,177.1252899169922,90.18031311035156,0.6833333333333333,0.6833333333333333,0.0,4,9,oracle,gnn,nolag_recover,61,38,-83.5816304,1.657536107547187,False,False,False
True,True,True,8.1156005859375,1.1196368198046782,32.205101013183594,28.76388168334961,0.6833333333333333,0.6833333333333333,0.0,4,9,nearest,gnn,nolag_recover,61,39,-30.377666066666507,1.0881745585157203,True,False,False
True,True,True,7.7039794921875,1.261258767745862,36.2786979675293,28.76388168334961,0.6833333333333333,0.6833333333333333,0.0,4,9,oracle,gnn,nolag_recover,61,39,-30.377666066666507,1.0881745585157203,True,False,False
True,True,True,24.23779296875,1.1929704437429733,319.7174987792969,268.0011901855469,0.6833333333333333,0.6833333333333333,0.0,5,8,nearest,gnn,nolag_recover,61,0,10.358159533333492,1.0101921359863364,True,True,True
True,True,True,1.4345703125,0.8398803875669661,225.0889434814453,268.0011901855469,0.6833333333333333,0.6833333333333333,0.0,5,8,oracle,gnn,nolag_recover,61,0,10.358159533333492,1.0101921359863364,True,True,True
False,False,False,-113.647216796875,4.7324435136807095,161.78622436523438,34.186614990234375,0.6833333333333333,0.6833333333333333,0.0,5,8,nearest,gnn,nolag_recover,61,1,1.1676817000000028,1.52894944454844,False,True,False
True,True,True,2.8895263671875,1.3421319964614316,45.88294982910156,34.186614990234375,0.6833333333333333,0.6833333333333333,0.0,5,8,oracle,gnn,nolag_recover,61,1,1.1676817000000028,1.52894944454844,False,True,False
True,True,True,23.334228515625,1.1553732334871523,382.1722412109375,330.7781677246094,0.6833333333333333,0.6833333333333333,0.0,5,7,nearest,gnn,nolag_recover,61,2,4.586766033333333,0.9715874892944493,True,True,True
True,True,True,2.9144287109375,1.1306520868878402,373.9950256347656,330.7781677246094,0.6833333333333333,0.6833333333333333,0.0,5,7,oracle,gnn,nolag_recover,61,2,4.586766033333333,0.9715874892944493,True,True,True
True,True,True,34.3795166015625,1.179469709479638,384.07281494140625,325.63177490234375,0.6833333333333333,0.6833333333333333,0.0,5,7,nearest,gnn,nolag_recover,61,3,2.937068100000033,0.985430258148574,True,True,True
True,True,True,7.454833984375,0.6521631252798655,212.3650360107422,325.63177490234375,0.6833333333333333,0.6833333333333333,0.0,5,7,oracle,gnn,nolag_recover,61,3,2.937068100000033,0.985430258148574,True,True,True
False,False,True,39.8543701171875,2.6738520523620224,687.8215942382812,257.2399597167969,0.6833333333333333,0.6833333333333333,0.0,5,8,nearest,gnn,nolag_recover,61,4,-5.3782341666667435,0.961279101538153,True,False,False
False,True,False,-11.435302734375,1.011740798902487,260.2601623535156,257.2399597167969,0.6833333333333333,0.6833333333333333,0.0,5,8,oracle,gnn,nolag_recover,61,4,-5.3782341666667435,0.961279101538153,True,False,False
False,False,True,34.452880859375,2.292392719289931,774.2587890625,337.7513732910156,0.7666666666666667,0.6833333333333333,0.08333333333333337,5,8,nearest,gnn,nolag_recover,61,5,6.876818133333245,0.7528070997822272,True,True,True
False,True,False,-12.1148681640625,0.9502450296306182,320.9465637207031,337.7513732910156,0.6833333333333333,0.6833333333333333,0.0,5,8,oracle,gnn,nolag_recover,61,5,6.876818133333245,0.7528070997822272,True,True,True
False,False,False,-102.3302001953125,5.912714370723785,222.03981018066406,37.552940368652344,0.6833333333333333,0.6833333333333333,0.0,5,8,nearest,gnn,nolag_recover,61,6,-46.433630900000026,1.8857215794092748,False,False,False
True,True,True,5.2855224609375,1.0036908750443658,37.69154357910156,37.552940368652344,0.6833333333333333,0.6833333333333333,0.0,5,8,oracle,gnn,nolag_recover,61,6,-46.433630900000026,1.8857215794092748,False,False,False
False,False,False,-11.0892333984375,2.5986934100783508,74.34220123291016,28.60753059387207,0.6833333333333333,0.6833333333333333,0.0,5,8,nearest,gnn,nolag_recover,61,7,-0.2159790000000612,0.9853661390429498,True,False,False
True,True,True,5.218505859375,0.9289543646950695,26.575090408325195,28.60753059387207,0.6833333333333333,0.6833333333333333,0.0,5,8,oracle,gnn,nolag_recover,61,7,-0.2159790000000612,0.9853661390429498,True,False,False
False,True,False,-80.7344970703125,0.8958862482294577,312.2708740234375,348.56085205078125,0.6833333333333333,0.6833333333333333,0.0,5,10,nearest,gnn,nolag_recover,61,8,3.8440655999997944,1.016232300870289,True,True,True
True,True,True,6.0484619140625,0.7311827844017524,254.8616943359375,348.56085205078125,0.6833333333333333,0.6833333333333333,0.0,5,10,oracle,gnn,nolag_recover,61,8,3.8440655999997944,1.016232300870289,True,True,True
False,False,True,40.8455810546875,1.6483772140483404,424.3865051269531,257.4571533203125,0.6833333333333333,0.6833333333333333,0.0,5,10,nearest,gnn,nolag_recover,61,9,-7.170035299999881,1.9207614151897112,False,False,False
True,True,True,20.5628662109375,0.923865410610932,237.8557586669922,257.4571533203125,0.6833333333333333,0.6833333333333333,0.0,5,10,oracle,gnn,nolag_recover,61,9,-7.170035299999881,1.9207614151897112,False,False,False
False,False,True,162.3695068359375,3.0134870163130856,698.599365234375,231.82424926757812,0.7,0.6833333333333333,0.016666666666666607,5,11,nearest,gnn,nolag_recover,61,10,-47.837620866666384,2.329466824990565,False,False,False
False,False,True,123.8035888671875,1.9633125722297762,455.1434631347656,231.82424926757812,0.6833333333333333,0.6833333333333333,0.0,5,11,oracle,gnn,nolag_recover,61,10,-47.837620866666384,2.329466824990565,False,False,False
True,True,True,106.806396484375,1.220951108590046,971.9100952148438,796.0270385742188,0.7666666666666667,0.8166666666666667,-0.04999999999999993,5,12,nearest,gnn,nolag_recover,61,11,68.0745165999997,3.34548452977546,False,True,False
True,True,True,56.3115234375,0.8967220557230515,713.8150024414062,796.0270385742188,0.6833333333333333,0.8166666666666667,-0.1333333333333333,5,12,oracle,gnn,nolag_recover,61,11,68.0745165999997,3.34548452977546,False,True,False
True,True,True,26.260009765625,0.872319815553766,38.351314544677734,43.96474075317383,0.6833333333333333,0.6833333333333333,0.0,5,12,nearest,gnn,nolag_recover,61,12,-169.04426336666666,13.630636800760838,False,False,False
True,True,True,25.3179931640625,0.8081848016324034,35.53163528442383,43.96474075317383,0.6833333333333333,0.6833333333333333,0.0,5,12,oracle,gnn,nolag_recover,61,12,-169.04426336666666,13.630636800760838,False,False,False
False,False,True,144.91064453125,2.2594159045297086,815.0151977539062,360.71942138671875,0.7166666666666667,0.6833333333333333,0.033333333333333326,5,12,nearest,gnn,nolag_recover,61,13,-10.553793400000131,1.6789297320737735,False,False,False
False,False,True,189.48193359375,2.3710742776640443,855.2925415039062,360.71942138671875,0.7166666666666667,0.6833333333333333,0.033333333333333326,5,12,oracle,gnn,nolag_recover,61,13,-10.553793400000131,1.6789297320737735,False,False,False
False,False,False,-48.34716796875,2.048403060259336,135.321533203125,66.06196594238281,0.6833333333333333,0.6833333333333333,0.0,5,11,nearest,gnn,nolag_recover,61,14,-63.0910844,3.2305540070854177,False,False,False
False,False,False,-65.4573974609375,2.4444688766691836,161.48641967773438,66.06196594238281,0.6833333333333333,0.6833333333333333,0.0,5,11,oracle,gnn,nolag_recover,61,14,-63.0910844,3.2305540070854177,False,False,False
True,True,True,39.0723876953125,1.0269164148609773,32.030845642089844,31.191287994384766,0.6833333333333333,0.6833333333333333,0.0,5,11,nearest,gnn,nolag_recover,61,15,-14.218723000000182,1.0950187712597867,True,False,False
True,True,True,40.90771484375,1.028589480064413,32.083030700683594,31.191287994384766,0.6833333333333333,0.6833333333333333,0.0,5,11,oracle,gnn,nolag_recover,61,15,-14.218723000000182,1.0950187712597867,True,False,False
False,True,False,-76.3414306640625,1.0543691067970948,716.4658813476562,679.5209350585938,0.7333333333333333,0.7333333333333333,0.0,5,11,nearest,gnn,nolag_recover,61,16,-2.3767571333335127,1.2171868766129346,True,False,False
True,True,True,22.909912109375,1.4450236592642,981.923828125,679.5209350585938,0.7333333333333333,0.7333333333333333,0.0,5,11,oracle,gnn,nolag_recover,61,16,-2.3767571333335127,1.2171868766129346,True,False,False
True,True,True,23.343994140625,1.0541440869930936,824.5621337890625,782.2100830078125,0.7333333333333333,0.7666666666666667,-0.03333333333333344,5,10,nearest,gnn,nolag_recover,61,17,-13.031297666666433,0.8438415151281472,True,False,False
False,True,False,-12.2470703125,1.3792968484822947,1078.89990234375,782.2100830078125,0.7333333333333333,0.7666666666666667,-0.03333333333333344,5,10,oracle,gnn,nolag_recover,61,17,-13.031297666666433,0.8438415151281472,True,False,False
True,True,True,69.470703125,1.2504067207332945,862.5532836914062,689.8181762695312,0.8,0.7333333333333333,0.06666666666666676,5,10,nearest,gnn,nolag_recover,61,18,21.261369166666782,3.522139973323637,False,True,False
True,True,True,52.48583984375,0.9813291138960506,676.9386596679688,689.8181762695312,0.7333333333333333,0.7333333333333333,0.0,5,10,oracle,gnn,nolag_recover,61,18,21.261369166666782,3.522139973323637,False,True,False
True,True,True,249.1767578125,1.2929442431440579,1223.2310791015625,946.0818481445312,0.7833333333333333,0.7666666666666667,0.016666666666666607,5,11,nearest,gnn,nolag_recover,61,19,91.58255556666654,1.9305594615874493,False,True,False
True,True,True,198.64794921875,1.0176847935935405,962.8131103515625,946.0818481445312,0.7833333333333333,0.7666666666666667,0.016666666666666607,5,11,oracle,gnn,nolag_recover,61,19,91.58255556666654,1.9305594615874493,False,True,False
False,False,False,-38.8839111328125,1.7623838424064642,314.40447998046875,178.39727783203125,0.6833333333333333,0.6833333333333333,0.0,5,11,nearest,gnn,nolag_recover,61,20,-177.1502144333333,13.057928800727968,False,False,False
False,True,False,-47.8143310546875,1.325220734068435,236.415771484375,178.39727783203125,0.6833333333333333,0.6833333333333333,0.0,5,11,oracle,gnn,nolag_recover,61,20,-177.1502144333333,13.057928800727968,False,False,False
True,True,True,41.22314453125,1.0767732963934655,30.739011764526367,28.547338485717773,0.6833333333333333,0.6833333333333333,0.0,5,11,nearest,gnn,nolag_recover,61,21,-73.86984206666648,1.5059389716489209,False,False,False
True,True,True,13.7998046875,1.1087357562727722,31.65145492553711,28.547338485717773,0.6833333333333333,0.6833333333333333,0.0,5,11,oracle,gnn,nolag_recover,61,21,-73.86984206666648,1.5059389716489209,False,False,False
True,True,True,28.7236328125,0.8708379748664156,42.5399055480957,48.84939193725586,0.6833333333333333,0.6833333333333333,0.0,5,12,nearest,gnn,nolag_recover,61,22,-98.77908943333341,1.4359654229862806,True,False,False
True,True,True,25.7119140625,0.8728615466310572,42.638755798339844,48.84939193725586,0.6833333333333333,0.6833333333333333,0.0,5,12,oracle,gnn,nolag_recover,61,22,-98.77908943333341,1.4359654229862806,True,False,False
True,True,True,46.7943115234375,1.0937846585621596,31.981689453125,29.23947525024414,0.6833333333333333,0.6833333333333333,0.0,5,12,nearest,gnn,nolag_recover,61,23,-44.63783156666659,1.2169881773612927,True,False,False
True,True,True,50.392578125,1.0865792001594792,31.771005630493164,29.23947525024414,0.6833333333333333,0.6833333333333333,0.0,5,12,oracle,gnn,nolag_recover,61,23,-44.63783156666659,1.2169881773612927,True,False,False
False,False,False,-43.129150390625,2.655288622808662,191.68638610839844,72.19041442871094,0.6833333333333333,0.6833333333333333,0.0,5,12,nearest,gnn,nolag_recover,61,24,-40.45295050000027,17.38422593364399,False,False,False
False,False,False,-45.314453125,2.722160373412278,196.51388549804688,72.19041442871094,0.6833333333333333,0.6833333333333333,0.0,5,12,oracle,gnn,nolag_recover,61,24,-40.45295050000027,17.38422593364399,False,False,False
True,True,True,26.5087890625,1.3582693038755045,40.26910400390625,29.647363662719727,0.6833333333333333,0.6833333333333333,0.0,5,13,nearest,gnn,nolag_recover,61,25,-38.92732893333323,1.1230725766257124,True,False,False
True,True,True,19.601806640625,1.2657986096926246,37.527591705322266,29.647363662719727,0.6833333333333333,0.6833333333333333,0.0,5,13,oracle,gnn,nolag_recover,61,25,-38.92732893333323,1.1230725766257124,True,False,False
True,True,True,19.137451171875,1.1938747248156898,112.34066772460938,94.0975341796875,0.6833333333333333,0.6833333333333333,0.0,5,13,nearest,gnn,nolag_recover,61,26,-17.588635699999713,6.582272981838261,False,False,False
True,True,True,4.9530029296875,1.0562795697460066,99.39330291748047,94.0975341796875,0.6833333333333333,0.6833333333333333,0.0,5,13,oracle,gnn,nolag_recover,61,26,-17.588635699999713,6.582272981838261,False,False,False
True,True,True,16.518310546875,1.1453967474083575,37.95504379272461,33.137027740478516,0.6833333333333333,0.6833333333333333,0.0,5,13,nearest,gnn,nolag_recover,61,27,-38.38878839999984,1.0716273853628824,True,False,False
True,True,True,16.518310546875,1.1453967474083575,37.95504379272461,33.137027740478516,0.6833333333333333,0.6833333333333333,0.0,5,13,oracle,gnn,nolag_recover,61,27,-38.38878839999984,1.0716273853628824,True,False,False
False,False,False,-83.346923828125,1.8081617187582575,129.21231079101562,71.4605941772461,0.6833333333333333,0.6833333333333333,0.0,5,13,nearest,gnn,nolag_recover,61,28,-24.08931819999998,1.1366021453771404,True,False,False
False,False,False,-68.24853515625,1.7945929117684833,128.24267578125,71.4605941772461,0.6833333333333333,0.6833333333333333,0.0,5,13,oracle,gnn,nolag_recover,61,28,-24.08931819999998,1.1366021453771404,True,False,False
False,False,False,-65.3751220703125,1.844854240369384,125.48818969726562,68.0206527709961,0.6833333333333333,0.6833333333333333,0.0,5,13,nearest,gnn,nolag_recover,61,29,-66.30922296666654,13.740217730441543,False,False,False
False,False,False,-42.6636962890625,1.688768331205416,114.87112426757812,68.0206527709961,0.6833333333333333,0.6833333333333333,0.0,5,13,oracle,gnn,nolag_recover,61,29,-66.30922296666654,13.740217730441543,False,False,False
False,False,False,-104.026611328125,6.965716574533759,335.3493347167969,48.1428337097168,0.6833333333333333,0.6833333333333333,0.0,5,12,nearest,gnn,nolag_recover,61,30,-28.89872463333313,11.004355237600238,False,False,False
False,False,False,-88.3792724609375,7.567377621310969,364.31500244140625,48.1428337097168,0.6833333333333333,0.6833333333333333,0.0,5,12,oracle,gnn,nolag_recover,61,30,-28.89872463333313,11.004355237600238,False,False,False
False,False,False,-73.752197265625,1.828649483861994,811.6567993164062,443.8558654785156,0.8166666666666667,0.6833333333333333,0.1333333333333333,5,11,nearest,gnn,nolag_recover,61,31,-29.930995233333533,7.233008156816719,False,False,False
False,False,False,-81.849365234375,1.810148313400969,803.4449462890625,443.8558654785156,0.7666666666666667,0.6833333333333333,0.08333333333333337,5,11,oracle,gnn,nolag_recover,61,31,-29.930995233333533,7.233008156816719,False,False,False
False,False,False,-3.8375244140625,2.2809913963315473,559.6792602539062,245.36666870117188,0.6833333333333333,0.6833333333333333,0.0,5,11,nearest,gnn,nolag_recover,61,32,-70.47462870000004,3.5493889520825457,False,False,False
False,False,True,8.861083984375,2.1570674767651203,529.2724609375,245.36666870117188,0.6833333333333333,0.6833333333333333,0.0,5,11,oracle,gnn,nolag_recover,61,32,-70.47462870000004,3.5493889520825457,False,False,False
True,True,True,31.592529296875,1.064358255892803,31.15629005432129,29.272371292114258,0.6833333333333333,0.6833333333333333,0.0,5,11,nearest,gnn,nolag_recover,61,33,-23.640904600000113,1.0485702340273968,True,False,False
True,True,True,13.909423828125,1.0915053104637713,31.95094871520996,29.272371292114258,0.6833333333333333,0.6833333333333333,0.0,5,11,oracle,gnn,nolag_recover,61,33,-23.640904600000113,1.0485702340273968,True,False,False
False,False,False,-114.4564208984375,2.48001185180534,125.35440826416016,50.54589080810547,0.6833333333333333,0.6833333333333333,0.0,5,11,nearest,gnn,nolag_recover,61,34,-27.281965966666803,1.280712284788171,True,False,False
False,False,False,-68.3895263671875,1.510143995208562,76.33157348632812,50.54589080810547,0.6833333333333333,0.6833333333333333,0.0,5,11,oracle,gnn,nolag_recover,61,34,-27.281965966666803,1.280712284788171,True,False,False
False,True,False,-29.73583984375,1.0182368331927913,434.5390319824219,426.75634765625,0.6833333333333333,0.6833333333333333,0.0,5,10,nearest,gnn,nolag_recover,61,35,15.529500266666446,0.8234962464296507,True,True,True
False,True,False,-15.7879638671875,0.3704317634957557,158.0841064453125,426.75634765625,0.6833333333333333,0.6833333333333333,0.0,5,10,oracle,gnn,nolag_recover,61,35,15.529500266666446,0.8234962464296507,True,True,True
False,False,False,-81.7276611328125,2.078712266146257,231.25001525878906,111.24676513671875,0.6833333333333333,0.6833333333333333,0.0,5,10,nearest,gnn,nolag_recover,61,36,-42.31854483333336,2.9507447013138832,False,False,False
False,True,False,-46.653564453125,1.3177242469414325,146.59255981445312,111.24676513671875,0.6833333333333333,0.6833333333333333,0.0,5,10,oracle,gnn,nolag_recover,61,36,-42.31854483333336,2.9507447013138832,False,False,False
True,True,True,62.83984375,1.0630092138698077,919.2675170898438,864.7785034179688,0.8166666666666667,0.7333333333333333,0.08333333333333337,5,10,nearest,gnn,nolag_recover,61,37,-3.2705997666671465,3.2174143423309545,False,False,False
True,True,True,60.50830078125,0.9202701395084643,795.829833984375,864.7785034179688,0.8166666666666667,0.7333333333333333,0.08333333333333337,5,10,oracle,gnn,nolag_recover,61,37,-3.2705997666671465,3.2174143423309545,False,False,False
False,False,True,37.789306640625,1.7103873955868785,154.24327087402344,90.18031311035156,0.6833333333333333,0.6833333333333333,0.0,5,11,nearest,gnn,nolag_recover,61,38,-120.06233753333345,2.0132393697734945,False,False,False
True,True,True,59.1329345703125,1.3984307596356516,126.11092376708984,90.18031311035156,0.6833333333333333,0.6833333333333333,0.0,5,11,oracle,gnn,nolag_recover,61,38,-120.06233753333345,2.0132393697734945,False,False,False
True,True,True,38.862548828125,1.0414308276921849,29.95559310913086,28.76388168334961,0.6833333333333333,0.6833333333333333,0.0,5,11,nearest,gnn,nolag_recover,61,39,-21.750783333333175,1.0226570402319173,True,False,False
True,True,True,36.3974609375,1.0379625873260128,29.855833053588867,28.76388168334961,0.6833333333333333,0.6833333333333333,0.0,5,11,oracle,gnn,nolag_recover,61,39,-21.750783333333175,1.0226570402319173,True,False,False
False,False,True,85.52392578125,3.1006699211579494,1249.53515625,402.98876953125,0.7333333333333333,0.7,0.033333333333333326,0,18,nearest,gnn,nolag_recover,62,0,12.779539533333491,0.9477886052941774,True,True,True
False,False,True,86.0699462890625,3.4121205567288366,1375.0462646484375,402.98876953125,0.7666666666666667,0.7,0.06666666666666676,0,18,oracle,gnn,nolag_recover,62,0,12.779539533333491,0.9477886052941774,True,True,True
False,False,False,-6.2235107421875,2.6629797516326184,791.7114868164062,297.3028564453125,0.7166666666666667,0.7,0.01666666666666672,0,18,nearest,gnn,nolag_recover,62,1,17.171154200000046,2.5625786200411045,False,True,False
False,False,False,-9.05810546875,3.0395716699411417,903.67333984375,297.3028564453125,0.7166666666666667,0.7,0.01666666666666672,0,18,oracle,gnn,nolag_recover,62,1,17.171154200000046,2.5625786200411045,False,True,False
False,False,True,108.8818359375,2.321509443633894,1039.3524169921875,447.7054443359375,0.7333333333333333,0.7333333333333333,0.0,0,17,nearest,gnn,nolag_recover,62,2,-25.170744299999797,40.67323224001521,False,False,False
False,False,True,118.5126953125,2.57584258710662,1153.21875,447.7054443359375,0.7333333333333333,0.7333333333333333,0.0,0,17,oracle,gnn,nolag_recover,62,2,-25.170744299999797,40.67323224001521,False,False,False
False,False,True,97.282958984375,2.7359628356887375,1042.155029296875,380.9097900390625,0.75,0.7333333333333333,0.01666666666666672,0,16,nearest,gnn,nolag_recover,62,3,-46.97626593333348,0.8384138268166655,True,False,False
False,False,True,78.8123779296875,2.8380932267619703,1081.0574951171875,380.9097900390625,0.7666666666666667,0.7333333333333333,0.03333333333333344,0,16,oracle,gnn,nolag_recover,62,3,-46.97626593333348,0.8384138268166655,True,False,False
False,False,False,-20.1102294921875,1.7887636520950914,150.97816467285156,84.40364074707031,0.7333333333333333,0.7,0.033333333333333326,0,15,nearest,gnn,nolag_recover,62,4,2.909559766666689,1.4445715105105974,True,True,True
False,True,False,-35.579345703125,1.2549595704727687,105.92315673828125,84.40364074707031,0.7333333333333333,0.7,0.033333333333333326,0,15,oracle,gnn,nolag_recover,62,4,2.909559766666689,1.4445715105105974,True,True,True
False,False,True,1.9735107421875,2.265825509490921,624.49658203125,275.615478515625,0.7333333333333333,0.7333333333333333,0.0,0,16,nearest,gnn,nolag_recover,62,5,14.620953466666833,1.1853910737318005,True,True,True
False,False,False,-6.1929931640625,1.7005617532139095,468.7011413574219,275.615478515625,0.7333333333333333,0.7333333333333333,0.0,0,16,oracle,gnn,nolag_recover,62,5,14.620953466666833,1.1853910737318005,True,True,True
False,False,False,-108.111083984375,2.539703844970019,226.1246337890625,89.03582763671875,0.7333333333333333,0.7333333333333333,0.0,0,16,nearest,gnn,nolag_recover,62,6,-4.213010166666663,0.9874777870849318,True,False,False
False,False,False,-68.4234619140625,2.5258868301430732,224.89442443847656,89.03582763671875,0.7333333333333333,0.7333333333333333,0.0,0,16,oracle,gnn,nolag_recover,62,6,-4.213010166666663,0.9874777870849318,True,False,False
False,True,False,-29.6890869140625,1.2961679748307713,156.78260803222656,120.95855712890625,0.7333333333333333,0.7333333333333333,0.0,0,17,nearest,gnn,nolag_recover,62,7,-2.9362022666668963,1.0987773951089754,True,False,False
False,False,False,-39.4693603515625,1.5798930005020726,191.10157775878906,120.95855712890625,0.7333333333333333,0.7333333333333333,0.0,0,17,oracle,gnn,nolag_recover,62,7,-2.9362022666668963,1.0987773951089754,True,False,False
True,True,True,146.6141357421875,1.3339453546451119,1173.0638427734375,879.3942260742188,0.85,0.8,0.04999999999999993,0,16,nearest,gnn,nolag_recover,62,8,23.00823953333338,1.6302527848215878,False,True,False
True,True,True,155.9139404296875,1.3515000525749765,1188.5013427734375,879.3942260742188,0.8333333333333334,0.8,0.033333333333333326,0,16,oracle,gnn,nolag_recover,62,8,23.00823953333338,1.6302527848215878,False,True,False
False,False,False,-104.684326171875,4.66518282280247,996.5675048828125,213.61810302734375,0.75,0.7333333333333333,0.01666666666666672,0,16,nearest,gnn,nolag_recover,62,9,-35.83143250000012,3.135072646590578,False,False,False
False,False,False,-102.9107666015625,4.7127950675429915,1006.7383422851562,213.61810302734375,0.75,0.7333333333333333,0.01666666666666672,0,16,oracle,gnn,nolag_recover,62,9,-35.83143250000012,3.135072646590578,False,False,False
False,False,False,-40.3968505859375,1.9631026788739816,391.1620178222656,199.2570343017578,0.7333333333333333,0.7333333333333333,0.0,0,15,nearest,gnn,nolag_recover,62,10,-51.42675343333349,1.2272094079627334,True,False,False
False,False,False,-33.802490234375,2.2957708265162586,457.448486328125,199.2570343017578,0.7333333333333333,0.7333333333333333,0.0,0,15,oracle,gnn,nolag_recover,62,10,-51.42675343333349,1.2272094079627334,True,False,False
False,False,True,113.419677734375,1.8595646571047137,2301.403076171875,1237.6031494140625,0.9333333333333333,0.9166666666666666,0.01666666666666672,0,15,nearest,gnn,nolag_recover,62,11,89.84110766666663,1.927326189394728,False,True,False
False,False,True,119.051513671875,2.007009950737021,2483.8818359375,1237.6031494140625,0.8666666666666667,0.9166666666666666,-0.04999999999999993,0,15,oracle,gnn,nolag_recover,62,11,89.84110766666663,1.927326189394728,False,True,False
False,True,False,-2.1336669921875,1.3118787297596062,224.6901397705078,171.2735595703125,0.7333333333333333,0.7166666666666667,0.016666666666666607,0,15,nearest,gnn,nolag_recover,62,12,-78.64348769999992,5.9452907845671294,False,False,False
False,True,False,-6.338134765625,1.3759898807831097,235.67068481445312,171.2735595703125,0.7333333333333333,0.7166666666666667,0.016666666666666607,0,15,oracle,gnn,nolag_recover,62,12,-78.64348769999992,5.9452907845671294,False,False,False
False,False,True,95.004638671875,1.5787604294056021,1846.9261474609375,1169.8583984375,0.9333333333333333,0.8166666666666667,0.1166666666666667,0,15,nearest,gnn,nolag_recover,62,13,-28.451137933333484,2.7718171668161675,False,False,False
False,False,True,98.141845703125,1.6706059802910842,1954.3724365234375,1169.8583984375,0.9333333333333333,0.8166666666666667,0.1166666666666667,0,15,oracle,gnn,nolag_recover,62,13,-28.451137933333484,2.7718171668161675,False,False,False
False,False,False,-71.2557373046875,6.80099827200282,729.9694213867188,107.33268737792969,0.7333333333333333,0.7333333333333333,0.0,0,15,nearest,gnn,nolag_recover,62,14,16.154781933333425,9.330427532082737,False,True,False
False,False,False,-65.6541748046875,6.872784577536321,737.6744384765625,107.33268737792969,0.7333333333333333,0.7333333333333333,0.0,0,15,oracle,gnn,nolag_recover,62,14,16.154781933333425,9.330427532082737,False,True,False
True,True,True,2.933349609375,1.0920927181626479,27.722532272338867,25.38477897644043,0.7333333333333333,0.7333333333333333,0.0,0,16,nearest,gnn,nolag_recover,62,15,-67.50732156666686,25.986549331593164,False,False,False
False,True,False,-16.9932861328125,1.0168773083646439,25.81320571899414,25.38477897644043,0.7333333333333333,0.7333333333333333,0.0,0,16,oracle,gnn,nolag_recover,62,15,-67.50732156666686,25.986549331593164,False,False,False
False,False,True,7.9107666015625,2.095265423570943,670.292724609375,319.90826416015625,0.7333333333333333,0.7333333333333333,0.0,0,16,nearest,gnn,nolag_recover,62,16,-21.763644399999976,1.394600211297318,True,False,False
False,False,False,-125.18701171875,1.9815275642259658,633.9070434570312,319.90826416015625,0.7333333333333333,0.7333333333333333,0.0,0,16,oracle,gnn,nolag_recover,62,16,-21.763644399999976,1.394600211297318,True,False,False
False,False,False,-86.6292724609375,1.8234277861688268,549.17529296875,301.17742919921875,0.7333333333333333,0.7166666666666667,0.016666666666666607,0,14,nearest,gnn,nolag_recover,62,17,-51.792296033333514,3.4304516668291125,False,False,False
False,False,True,36.2913818359375,2.754544693667493,829.606689453125,301.17742919921875,0.7333333333333333,0.7166666666666667,0.016666666666666607,0,14,oracle,gnn,nolag_recover,62,17,-51.792296033333514,3.4304516668291125,False,False,False
False,False,False,-1.3997802734375,3.328980663759016,824.8213500976562,247.7699432373047,0.75,0.7333333333333333,0.01666666666666672,0,14,nearest,gnn,nolag_recover,62,18,-7.6278168666667625,1.4247584853724204,True,False,False
False,False,False,-51.372314453125,2.5808119559663405,639.4476318359375,247.7699432373047,0.7333333333333333,0.7333333333333333,0.0,0,14,oracle,gnn,nolag_recover,62,18,-7.6278168666667625,1.4247584853724204,True,False,False
False,False,True,137.177490234375,1.534670363717351,1746.2315673828125,1137.8544921875,0.9166666666666666,0.9166666666666666,0.0,0,14,nearest,gnn,nolag_recover,62,19,152.68152456666667,2.5051316873797798,False,True,False
False,False,True,140.0478515625,1.8764932460093566,2135.17626953125,1137.8544921875,0.9166666666666666,0.9166666666666666,0.0,0,14,oracle,gnn,nolag_recover,62,19,152.68152456666667,2.5051316873797798,False,True,False
False,False,False,-179.5428466796875,3.515265366626376,361.1986389160156,102.75145721435547,0.7,0.7,0.0,0,13,nearest,gnn,nolag_recover,62,20,-205.81054696666683,22.19934591722191,False,False,False
False,False,False,-165.64453125,5.174890492825167,531.7275390625,102.75145721435547,0.7,0.7,0.0,0,13,oracle,gnn,nolag_recover,62,20,-205.81054696666683,22.19934591722191,False,False,False
False,True,False,-1.703369140625,1.1591518556896112,28.8238582611084,24.866334915161133,0.7333333333333333,0.7333333333333333,0.0,0,13,nearest,gnn,nolag_recover,62,21,-28.551240166666503,1.2989943817549394,True,False,False
True,True,True,1.9107666015625,1.1220195010846337,27.9005126953125,24.866334915161133,0.7333333333333333,0.7333333333333333,0.0,0,13,oracle,gnn,nolag_recover,62,21,-28.551240166666503,1.2989943817549394,True,False,False
False,False,True,53.840087890625,2.4028420397656953,749.2861938476562,311.83331298828125,0.7333333333333333,0.7333333333333333,0.0,0,13,nearest,gnn,nolag_recover,62,22,9.16330159999984,1.2634624020098926,True,True,True
False,False,True,40.406005859375,3.377671935654914,1053.2706298828125,311.83331298828125,0.7333333333333333,0.7333333333333333,0.0,0,13,oracle,gnn,nolag_recover,62,22,9.16330159999984,1.2634624020098926,True,True,True
False,False,True,47.564697265625,2.8838964137974226,600.0347900390625,208.0639190673828,0.7333333333333333,0.7333333333333333,0.0,0,13,nearest,gnn,nolag_recover,62,23,5.548359200000277,10.98276702195685,False,True,False
False,False,True,47.302490234375,3.072447374633471,639.2654418945312,208.0639190673828,0.7333333333333333,0.7333333333333333,0.0,0,13,oracle,gnn,nolag_recover,62,23,5.548359200000277,10.98276702195685,False,True,False
True,True,True,31.04296875,1.4056486950485598,138.426025390625,98.4783935546875,0.7333333333333333,0.7333333333333333,0.0,0,13,nearest,gnn,nolag_recover,62,24,9.551722633333384,1.1288787164111775,True,True,True
True,True,True,19.47119140625,1.4150907671044395,139.35586547851562,98.4783935546875,0.7333333333333333,0.7333333333333333,0.0,0,13,oracle,gnn,nolag_recover,62,24,9.551722633333384,1.1288787164111775,True,True,True
False,False,True,84.87158203125,3.8640309593133724,118.20724487304688,30.591691970825195,0.7333333333333333,0.7333333333333333,0.0,0,12,nearest,gnn,nolag_recover,62,25,-4.214334166666504,17.182201858490654,False,False,False
False,False,True,72.967529296875,1.8329365989110071,56.0726318359375,30.591691970825195,0.7333333333333333,0.7333333333333333,0.0,0,12,oracle,gnn,nolag_recover,62,25,-4.214334166666504,17.182201858490654,False,False,False
False,True,False,-22.236083984375,1.1188549465660587,102.31404876708984,91.44532012939453,0.7333333333333333,0.7333333333333333,0.0,0,11,nearest,gnn,nolag_recover,62,26,6.842726833333472,1.1310822049441598,True,True,True
False,True,False,-25.7723388671875,1.2391201310270608,113.31173706054688,91.44532012939453,0.7333333333333333,0.7333333333333333,0.0,0,11,oracle,gnn,nolag_recover,62,26,6.842726833333472,1.1310822049441598,True,True,True
False,False,True,12.3509521484375,7.373400260931755,202.4077606201172,27.451074600219727,0.7333333333333333,0.7333333333333333,0.0,0,10,nearest,gnn,nolag_recover,62,27,-16.15054013333338,1.4774577584012034,True,False,False
False,False,True,14.71923828125,5.317254701117663,145.96435546875,27.451074600219727,0.7333333333333333,0.7333333333333333,0.0,0,10,oracle,gnn,nolag_recover,62,27,-16.15054013333338,1.4774577584012034,True,False,False
False,False,False,-23.171142578125,3.637560674436779,858.4566040039062,235.9978790283203,0.7333333333333333,0.7333333333333333,0.0,0,10,nearest,gnn,nolag_recover,62,28,21.96438076666641,3.500228759053287,False,True,False
False,False,True,62.328125,3.3661043773915216,794.3934936523438,235.9978790283203,0.7333333333333333,0.7333333333333333,0.0,0,10,oracle,gnn,nolag_recover,62,28,21.96438076666641,3.500228759053287,False,True,False
False,False,True,48.866455078125,2.0586609859010903,618.6725463867188,300.5218200683594,0.7333333333333333,0.7333333333333333,0.0,0,9,nearest,gnn,nolag_recover,62,29,-13.48440933333336,1.1707053558192577,True,False,False
False,False,True,33.09228515625,1.94475693777679,584.44189453125,300.5218200683594,0.7333333333333333,0.7333333333333333,0.0,0,9,oracle,gnn,nolag_recover,62,29,-13.48440933333336,1.1707053558192577,True,False,False
False,False,False,-24.480224609375,2.785401388147063,370.33929443359375,132.95724487304688,0.7333333333333333,0.7333333333333333,0.0,0,9,nearest,gnn,nolag_recover,62,30,-3.0086544333332768,0.8294583041820935,True,False,False
False,False,False,-26.495361328125,2.3400120227426773,311.1215515136719,132.95724487304688,0.7333333333333333,0.7333333333333333,0.0,0,9,oracle,gnn,nolag_recover,62,30,-3.0086544333332768,0.8294583041820935,True,False,False
False,False,False,-37.76904296875,1.5838074236711055,759.4837036132812,479.53033447265625,0.7333333333333333,0.7333333333333333,0.0,0,8,nearest,gnn,nolag_recover,62,31,33.801845666666395,2.5786684502293076,False,True,False
False,False,True,65.315673828125,1.7277719122396704,828.51904296875,479.53033447265625,0.7333333333333333,0.7333333333333333,0.0,0,8,oracle,gnn,nolag_recover,62,31,33.801845666666395,2.5786684502293076,False,True,False
False,True,False,-59.8521728515625,1.3761948653947789,735.2258911132812,534.2454833984375,0.75,0.7333333333333333,0.01666666666666672,0,8,nearest,gnn,nolag_recover,62,32,0.2679314333331604,1.2881613987668454,True,True,True
False,True,False,-85.2232666015625,1.3831256844735076,738.9286499023438,534.2454833984375,0.75,0.7333333333333333,0.01666666666666672,0,8,oracle,gnn,nolag_recover,62,32,0.2679314333331604,1.2881613987668454,True,True,True
True,True,True,33.4150390625,0.9904668531435004,27.73957061767578,28.006561279296875,0.7333333333333333,0.7333333333333333,0.0,0,9,nearest,gnn,nolag_recover,62,33,-19.792232433333538,1.1595395463029021,True,False,False
True,True,True,42.916748046875,0.976469512999077,27.347553253173828,28.006561279296875,0.7333333333333333,0.7333333333333333,0.0,0,9,oracle,gnn,nolag_recover,62,33,-19.792232433333538,1.1595395463029021,True,False,False
False,False,True,30.433349609375,1.895662610521561,606.558349609375,319.9716796875,0.7333333333333333,0.7333333333333333,0.0,0,10,nearest,gnn,nolag_recover,62,34,0.5441230999999789,1.1857169044874423,True,True,True
False,False,True,34.9228515625,1.9772337792346124,632.6588134765625,319.9716796875,0.7333333333333333,0.7333333333333333,0.0,0,10,oracle,gnn,nolag_recover,62,34,0.5441230999999789,1.1857169044874423,True,True,True
False,False,True,31.037841796875,1.7423033290973913,758.87109375,435.5562438964844,0.7333333333333333,0.7333333333333333,0.0,0,8,nearest,gnn,nolag_recover,62,35,-10.719512900000154,0.7894824328763675,True,False,False
True,True,True,6.9119873046875,1.473245355498589,641.6812133789062,435.5562438964844,0.7333333333333333,0.7333333333333333,0.0,0,8,oracle,gnn,nolag_recover,62,35,-10.719512900000154,0.7894824328763675,True,False,False
False,True,False,-79.369384765625,1.4384047457544886,376.3798828125,261.664794921875,0.7333333333333333,0.7333333333333333,0.0,0,9,nearest,gnn,nolag_recover,62,36,-1.9022718333335433,0.8603736853795632,True,False,False
False,True,False,-60.98291015625,1.4983051543275245,392.0537109375,261.664794921875,0.7333333333333333,0.7333333333333333,0.0,0,9,oracle,gnn,nolag_recover,62,36,-1.9022718333335433,0.8603736853795632,True,False,False
True,True,True,50.595703125,1.175131272006081,1157.5184326171875,985.0120239257812,0.9166666666666666,0.8166666666666667,0.09999999999999998,0,8,nearest,gnn,nolag_recover,62,37,100.90276403333337,1.5223855233705987,False,True,False
True,True,True,49.81494140625,1.2950986517467584,1275.687744140625,985.0120239257812,0.9166666666666666,0.8166666666666667,0.09999999999999998,0,8,oracle,gnn,nolag_recover,62,37,100.90276403333337,1.5223855233705987,False,True,False
False,True,False,-27.918701171875,1.2325126197231675,162.4940643310547,131.8396759033203,0.7333333333333333,0.7333333333333333,0.0,0,8,nearest,gnn,nolag_recover,62,38,-131.34375646666672,13.900926648203365,False,False,False
True,True,True,18.986083984375,1.1250746940624947,148.32948303222656,131.8396759033203,0.7333333333333333,0.7333333333333333,0.0,0,8,oracle,gnn,nolag_recover,62,38,-131.34375646666672,13.900926648203365,False,False,False
True,True,True,14.277099609375,0.9925368748199168,27.056386947631836,27.259830474853516,0.7333333333333333,0.7333333333333333,0.0,0,7,nearest,gnn,nolag_recover,62,39,-8.752121266666563,0.968012403918855,True,False,False
True,True,True,14.524658203125,0.9817616174416992,26.76265525817871,27.259830474853516,0.7333333333333333,0.7333333333333333,0.0,0,7,oracle,gnn,nolag_recover,62,39,-8.752121266666563,0.968012403918855,True,False,False
True,True,True,98.3321533203125,0.6610654369633149,266.4019470214844,402.98876953125,0.7333333333333333,0.7,0.033333333333333326,1,12,nearest,gnn,nolag_recover,62,0,18.72706556666685,0.9495772791613498,True,True,True
True,True,True,71.5433349609375,1.0422163012936785,420.00146484375,402.98876953125,0.7333333333333333,0.7,0.033333333333333326,1,12,oracle,gnn,nolag_recover,62,0,18.72706556666685,0.9495772791613498,True,True,True
False,False,True,11.6614990234375,1.6085666011771687,478.2314453125,297.3028564453125,0.7333333333333333,0.7,0.033333333333333326,1,11,nearest,gnn,nolag_recover,62,1,5.6697555333335,0.8966641551412599,True,True,True
False,True,False,-7.29833984375,1.3752400426194977,408.86279296875,297.3028564453125,0.7333333333333333,0.7,0.033333333333333326,1,11,oracle,gnn,nolag_recover,62,1,5.6697555333335,0.8966641551412599,True,True,True
True,True,True,45.9058837890625,1.4389197794854023,644.2122192382812,447.7054443359375,0.75,0.7333333333333333,0.01666666666666672,1,13,nearest,gnn,nolag_recover,62,2,-54.54698200000007,7.548189272211579,False,False,False
True,True,True,76.05712890625,1.438717331183337,644.12158203125,447.7054443359375,0.75,0.7333333333333333,0.01666666666666672,1,13,oracle,gnn,nolag_recover,62,2,-54.54698200000007,7.548189272211579,False,False,False
False,False,True,155.3978271484375,1.7059504623266215,649.813232421875,380.9097900390625,0.7333333333333333,0.7333333333333333,0.0,1,12,nearest,gnn,nolag_recover,62,3,-2.2729858666666587,1.9345765328498585,False,False,False
False,False,True,154.31640625,1.7731220194249928,675.3995361328125,380.9097900390625,0.7333333333333333,0.7333333333333333,0.0,1,12,oracle,gnn,nolag_recover,62,3,-2.2729858666666587,1.9345765328498585,False,False,False
True,True,True,6.31884765625,1.2151935188377354,102.56675720214844,84.40364074707031,0.7333333333333333,0.7,0.033333333333333326,1,12,nearest,gnn,nolag_recover,62,4,0.7504206000000977,1.4221064796559881,True,True,True
False,True,False,-5.68212890625,1.4017394449981442,118.3119125366211,84.40364074707031,0.7333333333333333,0.7,0.033333333333333326,1,12,oracle,gnn,nolag_recover,62,4,0.7504206000000977,1.4221064796559881,True,True,True
True,True,True,41.5767822265625,0.7964447357255291,219.5124969482422,275.615478515625,0.7333333333333333,0.7333333333333333,0.0,1,12,nearest,gnn,nolag_recover,62,5,4.31254233333334,9.222609972055324,False,True,False
True,True,True,61.0128173828125,0.6358292010689853,175.24436950683594,275.615478515625,0.7333333333333333,0.7333333333333333,0.0,1,12,oracle,gnn,nolag_recover,62,5,4.31254233333334,9.222609972055324,False,True,False
False,False,False,-73.19482421875,5.536501131438075,492.94696044921875,89.03582763671875,0.7333333333333333,0.7333333333333333,0.0,1,12,nearest,gnn,nolag_recover,62,6,-6.241225033333194,1.1379871930399925,True,False,False
False,False,False,-70.5853271484375,5.536970364617145,492.9887390136719,89.03582763671875,0.7333333333333333,0.7333333333333333,0.0,1,12,oracle,gnn,nolag_recover,62,6,-6.241225033333194,1.1379871930399925,True,False,False
False,False,False,-42.603515625,2.085583577431457,252.26918029785156,120.95855712890625,0.7333333333333333,0.7333333333333333,0.0,1,11,nearest,gnn,nolag_recover,62,7,-1.7549422000001869,1.0323545274288017,True,False,False
False,False,False,-42.7540283203125,2.1053464427271376,254.65966796875,120.95855712890625,0.7333333333333333,0.7333333333333333,0.0,1,11,oracle,gnn,nolag_recover,62,7,-1.7549422000001869,1.0323545274288017,True,False,False
True,True,True,160.451904296875,1.1048861413402766,971.6304931640625,879.3942260742188,0.8,0.8,0.0,1,12,nearest,gnn,nolag_recover,62,8,-36.817784100000154,0.9157033858150655,True,False,False
True,True,True,166.490966796875,1.1270353022748827,991.1083374023438,879.3942260742188,0.8166666666666667,0.8,0.016666666666666607,1,12,oracle,gnn,nolag_recover,62,8,-36.817784100000154,0.9157033858150655,True,False,False
False,False,False,-64.23388671875,3.131740763143376,668.9965209960938,213.61810302734375,0.7333333333333333,0.7333333333333333,0.0,1,13,nearest,gnn,nolag_recover,62,9,-11.388467700000092,1.6642160916497464,False,False,False
False,False,False,-63.0487060546875,3.4630038580892872,739.7603149414062,213.61810302734375,0.7333333333333333,0.7333333333333333,0.0,1,13,oracle,gnn,nolag_recover,62,9,-11.388467700000092,1.6642160916497464,False,False,False
False,False,False,-60.881591796875,3.1151002001836505,620.7056274414062,199.2570343017578,0.7333333333333333,0.7333333333333333,0.0,1,14,nearest,gnn,nolag_recover,62,10,-17.45837396666684,1.7283014225133566,False,False,False
False,False,False,-60.881591796875,3.1151002001836505,620.7056274414062,199.2570343017578,0.7333333333333333,0.7333333333333333,0.0,1,14,oracle,gnn,nolag_recover,62,10,-17.45837396666684,1.7283014225133566,False,False,False
True,True,True,177.384521484375,1.2319192933433085,1524.627197265625,1237.6031494140625,0.9666666666666667,0.9166666666666666,0.050000000000000044,1,15,nearest,gnn,nolag_recover,62,11,109.63422716666719,1.4934501646893137,True,True,True
True,True,True,174.144287109375,1.4309049366051698,1770.8924560546875,1237.6031494140625,0.9666666666666667,0.9166666666666666,0.050000000000000044,1,15,oracle,gnn,nolag_recover,62,11,109.63422716666719,1.4934501646893137,True,True,True
True,True,True,26.5303955078125,1.16264406769997,199.13018798828125,171.2735595703125,0.7333333333333333,0.7166666666666667,0.016666666666666607,1,15,nearest,gnn,nolag_recover,62,12,-158.5757423,3.1280358816753373,False,False,False
True,True,True,26.5303955078125,1.16264406769997,199.13018798828125,171.2735595703125,0.7333333333333333,0.7166666666666667,0.016666666666666607,1,15,oracle,gnn,nolag_recover,62,12,-158.5757423,3.1280358816753373,False,False,False
True,True,True,208.340576171875,1.3613173920120876,1592.548583984375,1169.8583984375,0.9666666666666667,0.8166666666666667,0.15000000000000002,1,16,nearest,gnn,nolag_recover,62,13,32.48159463333309,1.333933911540505,True,True,True
True,True,True,123.920166015625,1.3569238940343173,1587.4088134765625,1169.8583984375,0.9666666666666667,0.8166666666666667,0.15000000000000002,1,16,oracle,gnn,nolag_recover,62,13,32.48159463333309,1.333933911540505,True,True,True
False,False,False,-116.4857177734375,7.688611354171183,825.2393188476562,107.33268737792969,0.7333333333333333,0.7333333333333333,0.0,1,14,nearest,gnn,nolag_recover,62,14,-60.02494300000012,2.433134846445171,False,False,False
False,False,False,-141.0955810546875,6.495324598334839,697.16064453125,107.33268737792969,0.7333333333333333,0.7333333333333333,0.0,1,14,oracle,gnn,nolag_recover,62,14,-60.02494300000012,2.433134846445171,False,False,False
False,True,False,-7.5120849609375,1.1217833733503093,28.47622299194336,25.38477897644043,0.7333333333333333,0.7333333333333333,0.0,1,13,nearest,gnn,nolag_recover,62,15,-5.5865040000001045,1.0699814069186802,True,False,False
False,True,False,-6.4339599609375,1.101711895053962,27.966712951660156,25.38477897644043,0.7333333333333333,0.7333333333333333,0.0,1,13,oracle,gnn,nolag_recover,62,15,-5.5865040000001045,1.0699814069186802,True,False,False
False,True,False,-60.607666015625,1.3704011369531328,438.40264892578125,319.90826416015625,0.7333333333333333,0.7333333333333333,0.0,1,12,nearest,gnn,nolag_recover,62,16,-8.918044433333534,0.6639998232869415,True,False,False
False,True,False,-56.6162109375,1.179145861860347,377.218505859375,319.90826416015625,0.7333333333333333,0.7333333333333333,0.0,1,12,oracle,gnn,nolag_recover,62,16,-8.918044433333534,0.6639998232869415,True,False,False
True,True,True,52.1597900390625,1.427376704101801,429.8936462402344,301.17742919921875,0.7333333333333333,0.7166666666666667,0.016666666666666607,1,14,nearest,gnn,nolag_recover,62,17,-8.783500033333667,2.044632840051186,False,False,False
True,True,True,52.1597900390625,1.427376704101801,429.8936462402344,301.17742919921875,0.7333333333333333,0.7166666666666667,0.016666666666666607,1,14,oracle,gnn,nolag_recover,62,17,-8.783500033333667,2.044632840051186,False,False,False
False,False,True,72.03515625,2.821633478469534,699.115966796875,247.7699432373047,0.7333333333333333,0.7333333333333333,0.0,1,14,nearest,gnn,nolag_recover,62,18,-0.5214885666669034,7.150313371606714,False,False,False
False,False,True,72.03515625,2.821633478469534,699.115966796875,247.7699432373047,0.7333333333333333,0.7333333333333333,0.0,1,14,oracle,gnn,nolag_recover,62,18,-0.5214885666669034,7.150313371606714,False,False,False
True,True,True,140.033935546875,1.1993906646537866,1364.7320556640625,1137.8544921875,0.9666666666666667,0.9166666666666666,0.050000000000000044,1,14,nearest,gnn,nolag_recover,62,19,66.59968103333313,1.8561027532616605,False,True,False
True,True,True,140.033935546875,1.1993906646537866,1364.7320556640625,1137.8544921875,0.9666666666666667,0.9166666666666666,0.050000000000000044,1,14,oracle,gnn,nolag_recover,62,19,66.59968103333313,1.8561027532616605,False,True,False
False,False,False,-31.7728271484375,1.968932506543923,202.31068420410156,102.75145721435547,0.7333333333333333,0.7,0.033333333333333326,1,15,nearest,gnn,nolag_recover,62,20,-110.27342310000017,5.214936996242609,False,False,False
True,True,True,20.4088134765625,1.3396842656048977,137.65451049804688,102.75145721435547,0.7333333333333333,0.7,0.033333333333333326,1,15,oracle,gnn,nolag_recover,62,20,-110.27342310000017,5.214936996242609,False,False,False
False,True,False,-18.066162109375,1.0983786987940052,27.312652587890625,24.866334915161133,0.7333333333333333,0.7333333333333333,0.0,1,15,nearest,gnn,nolag_recover,62,21,-9.010450433333062,1.0666483153435755,True,False,False
False,True,False,-12.4229736328125,1.0768542379870525,26.77741813659668,24.866334915161133,0.7333333333333333,0.7333333333333333,0.0,1,15,oracle,gnn,nolag_recover,62,21,-9.010450433333062,1.0666483153435755,True,False,False
False,False,True,22.3193359375,2.911542339252276,907.9158935546875,311.83331298828125,0.75,0.7333333333333333,0.01666666666666672,1,15,nearest,gnn,nolag_recover,62,22,20.406603633333134,1.9726817898880378,False,True,False
False,False,True,33.121826171875,3.3521733964862928,1045.3193359375,311.83331298828125,0.7333333333333333,0.7333333333333333,0.0,1,15,oracle,gnn,nolag_recover,62,22,20.406603633333134,1.9726817898880378,False,True,False
False,False,True,9.4617919921875,2.091551449920675,435.1763916015625,208.0639190673828,0.7333333333333333,0.7333333333333333,0.0,1,16,nearest,gnn,nolag_recover,62,23,-43.32004889999985,12.422437216792112,False,False,False
False,False,True,5.1573486328125,1.7944754778218932,373.3656005859375,208.0639190673828,0.7333333333333333,0.7333333333333333,0.0,1,16,oracle,gnn,nolag_recover,62,23,-43.32004889999985,12.422437216792112,False,False,False
False,False,True,71.164306640625,4.945976064011107,487.07177734375,98.4783935546875,0.7333333333333333,0.7333333333333333,0.0,1,15,nearest,gnn,nolag_recover,62,24,-31.431483166666567,6.6740069343243995,False,False,False
False,False,True,68.4622802734375,4.588291074516415,451.8475341796875,98.4783935546875,0.7333333333333333,0.7333333333333333,0.0,1,15,oracle,gnn,nolag_recover,62,24,-31.431483166666567,6.6740069343243995,False,False,False
False,False,True,0.2086181640625,2.601828047971249,79.59432220458984,30.591691970825195,0.7333333333333333,0.7333333333333333,0.0,1,16,nearest,gnn,nolag_recover,62,25,-7.832004733333406,0.9410480159759715,True,False,False
True,True,True,36.79248046875,1.0611323487702398,32.46183395385742,30.591691970825195,0.7333333333333333,0.7333333333333333,0.0,1,16,oracle,gnn,nolag_recover,62,25,-7.832004733333406,0.9410480159759715,True,False,False
False,False,False,-91.633056640625,3.6972391191298524,338.09521484375,91.44532012939453,0.7333333333333333,0.7333333333333333,0.0,1,15,nearest,gnn,nolag_recover,62,26,3.794414133333248,2.98106580016373,False,True,False
False,False,False,-91.633056640625,3.6972391191298524,338.09521484375,91.44532012939453,0.7333333333333333,0.7333333333333333,0.0,1,15,oracle,gnn,nolag_recover,62,26,3.794414133333248,2.98106580016373,False,True,False
False,True,False,-8.753662109375,1.0206594943438037,28.018199920654297,27.451074600219727,0.7333333333333333,0.7333333333333333,0.0,1,15,nearest,gnn,nolag_recover,62,27,-19.79155056666673,1.114276950707128,True,False,False
False,True,False,-8.753662109375,1.0206594943438037,28.018199920654297,27.451074600219727,0.7333333333333333,0.7333333333333333,0.0,1,15,oracle,gnn,nolag_recover,62,27,-19.79155056666673,1.114276950707128,True,False,False
False,False,True,23.679931640625,2.016282696694509,475.83843994140625,235.9978790283203,0.7333333333333333,0.7333333333333333,0.0,1,15,nearest,gnn,nolag_recover,62,28,-3.5103413000001638,3.263280008798295,False,False,False
False,False,True,23.679931640625,2.016282696694509,475.83843994140625,235.9978790283203,0.7333333333333333,0.7333333333333333,0.0,1,15,oracle,gnn,nolag_recover,62,28,-3.5103413000001638,3.263280008798295,False,False,False
False,False,True,59.8623046875,1.6097129839769468,483.7538757324219,300.5218200683594,0.7333333333333333,0.7333333333333333,0.0,1,16,nearest,gnn,nolag_recover,62,29,-30.569590366666716,1.876622138585856,False,False,False
False,False,True,93.160400390625,1.9484362476198271,585.547607421875,300.5218200683594,0.7333333333333333,0.7333333333333333,0.0,1,16,oracle,gnn,nolag_recover,62,29,-30.569590366666716,1.876622138585856,False,False,False
False,False,False,-58.609619140625,2.71986550503438,361.6258239746094,132.95724487304688,0.7333333333333333,0.7333333333333333,0.0,1,15,nearest,gnn,nolag_recover,62,30,-43.01109496666663,1.8130152717946224,False,False,False
False,False,False,-39.1044921875,3.195260312577538,424.8330078125,132.95724487304688,0.7333333333333333,0.7333333333333333,0.0,1,15,oracle,gnn,nolag_recover,62,30,-43.01109496666663,1.8130152717946224,False,False,False
True,True,True,97.90966796875,1.4745384945825974,707.0859375,479.53033447265625,0.7333333333333333,0.7333333333333333,0.0,1,15,nearest,gnn,nolag_recover,62,31,5.865168799999992,3.7628664323849694,False,True,False
True,True,True,70.780029296875,1.4950786119994273,716.935546875,479.53033447265625,0.7333333333333333,0.7333333333333333,0.0,1,15,oracle,gnn,nolag_recover,62,31,5.865168799999992,3.7628664323849694,False,True,False
False,True,False,-16.8157958984375,1.1644650030537829,622.1101684570312,534.2454833984375,0.7333333333333333,0.7333333333333333,0.0,1,15,nearest,gnn,nolag_recover,62,32,-73.27006476666656,1.1693589739466987,True,False,False
True,True,True,32.4210205078125,1.2075560162950678,645.13134765625,534.2454833984375,0.7333333333333333,0.7333333333333333,0.0,1,15,oracle,gnn,nolag_recover,62,32,-73.27006476666656,1.1693589739466987,True,False,False
True,True,True,4.443115234375,1.011421320142658,28.326433181762695,28.006561279296875,0.7333333333333333,0.7333333333333333,0.0,1,15,nearest,gnn,nolag_recover,62,33,-35.108968800000184,1.078578076753348,True,False,False
True,True,True,12.489013671875,1.0318857133828547,28.89957046508789,28.006561279296875,0.7333333333333333,0.7333333333333333,0.0,1,15,oracle,gnn,nolag_recover,62,33,-35.108968800000184,1.078578076753348,True,False,False
False,False,True,50.031982421875,1.7829165026201659,570.4827880859375,319.9716796875,0.7333333333333333,0.7333333333333333,0.0,1,16,nearest,gnn,nolag_recover,62,34,-15.788262533333409,1.4478142227788524,True,False,False
False,False,True,90.635498046875,1.5023830615502471,480.72003173828125,319.9716796875,0.7333333333333333,0.7333333333333333,0.0,1,16,oracle,gnn,nolag_recover,62,34,-15.788262533333409,1.4478142227788524,True,False,False
False,True,False,-132.0228271484375,0.8104054235940973,352.9771423339844,435.5562438964844,0.7333333333333333,0.7333333333333333,0.0,1,16,nearest,gnn,nolag_recover,62,35,-131.06721073333324,1.1963414097578846,True,False,False
False,True,False,-135.7803955078125,0.7457415258794531,324.8123779296875,435.5562438964844,0.7333333333333333,0.7333333333333333,0.0,1,16,oracle,gnn,nolag_recover,62,35,-131.06721073333324,1.1963414097578846,True,False,False
False,False,True,45.220947265625,2.3993059669950614,627.8139038085938,261.664794921875,0.7333333333333333,0.7333333333333333,0.0,1,17,nearest,gnn,nolag_recover,62,36,-17.00381900000002,2.774557541741526,False,False,False
False,False,True,59.5914306640625,2.4485707874477853,640.7047729492188,261.664794921875,0.7333333333333333,0.7333333333333333,0.0,1,17,oracle,gnn,nolag_recover,62,36,-17.00381900000002,2.774557541741526,False,False,False
True,True,True,78.510986328125,1.3781505606769726,1357.494873046875,985.0120239257812,0.9666666666666667,0.8166666666666667,0.15000000000000002,1,15,nearest,gnn,nolag_recover,62,37,85.86767529999997,1.273235101357509,True,True,True
True,True,True,70.281982421875,1.2710048686870978,1251.955078125,985.0120239257812,0.9666666666666667,0.8166666666666667,0.15000000000000002,1,15,oracle,gnn,nolag_recover,62,37,85.86767529999997,1.273235101357509,True,True,True
False,False,False,-46.643798828125,5.0858979114596865,670.5231323242188,131.8396759033203,0.7333333333333333,0.7333333333333333,0.0,1,16,nearest,gnn,nolag_recover,62,38,-196.83066910000002,9.641902879766,False,False,False
False,False,False,-20.1417236328125,2.2598292062319993,297.9351501464844,131.8396759033203,0.7333333333333333,0.7333333333333333,0.0,1,16,oracle,gnn,nolag_recover,62,38,-196.83066910000002,9.641902879766,False,False,False
True,True,True,21.6043701171875,1.0804951608598992,29.45411491394043,27.259830474853516,0.7333333333333333,0.7333333333333333,0.0,1,17,nearest,gnn,nolag_recover,62,39,-21.693746133333207,1.0197710662206159,True,False,False
True,True,True,4.01806640625,1.0683315045715778,29.122535705566406,27.259830474853516,0.75,0.7333333333333333,0.01666666666666672,1,17,oracle,gnn,nolag_recover,62,39,-21.693746133333207,1.0197710662206159,True,False,False
True,True,True,28.10595703125,1.286234083465706,518.337890625,402.98876953125,0.7333333333333333,0.7,0.033333333333333326,2,11,nearest,gnn,nolag_recover,62,0,14.768594800000074,0.9483688168250687,True,True,True
True,True,True,37.3192138671875,0.9063181931636297,365.2360534667969,402.98876953125,0.7333333333333333,0.7,0.033333333333333326,2,11,oracle,gnn,nolag_recover,62,0,14.768594800000074,0.9483688168250687,True,True,True
False,True,False,-40.3819580078125,1.0268383764352773,305.281982421875,297.3028564453125,0.7333333333333333,0.7,0.033333333333333326,2,10,nearest,gnn,nolag_recover,62,1,2.6823399333334237,0.9273186282409611,True,True,True
True,True,True,9.6578369140625,0.9368997394790813,278.54296875,297.3028564453125,0.7333333333333333,0.7,0.033333333333333326,2,10,oracle,gnn,nolag_recover,62,1,2.6823399333334237,0.9273186282409611,True,True,True
True,True,True,26.8798828125,1.1868348346317745,531.3524169921875,447.7054443359375,0.7333333333333333,0.7333333333333333,0.0,2,10,nearest,gnn,nolag_recover,62,2,0.13034123333318348,2.0881845880649434,False,True,False
True,True,True,18.524658203125,1.2043581325459707,539.1976928710938,447.7054443359375,0.7333333333333333,0.7333333333333333,0.0,2,10,oracle,gnn,nolag_recover,62,2,0.13034123333318348,2.0881845880649434,False,True,False
False,False,True,180.493896484375,2.0406928505938158,777.3198852539062,380.9097900390625,0.7333333333333333,0.7333333333333333,0.0,2,11,nearest,gnn,nolag_recover,62,3,-55.576019433333386,1.8232571678324219,False,False,False
False,False,True,163.8857421875,2.131279577414913,811.8252563476562,380.9097900390625,0.7333333333333333,0.7333333333333333,0.0,2,11,oracle,gnn,nolag_recover,62,3,-55.576019433333386,1.8232571678324219,False,False,False
True,True,True,6.610107421875,1.0205083560864485,86.1346206665039,84.40364074707031,0.7333333333333333,0.7,0.033333333333333326,2,12,nearest,gnn,nolag_recover,62,4,-26.48847703333331,1.351181864645245,True,False,False
True,True,True,4.849609375,1.028619119269591,86.81919860839844,84.40364074707031,0.7333333333333333,0.7,0.033333333333333326,2,12,oracle,gnn,nolag_recover,62,4,-26.48847703333331,1.351181864645245,True,False,False
True,True,True,19.379638671875,1.4978985464881953,412.8440246582031,275.615478515625,0.7333333333333333,0.7333333333333333,0.0,2,12,nearest,gnn,nolag_recover,62,5,1.7479988000002322,1.0210561449749778,True,True,True
True,True,True,32.63037109375,1.4174125115929281,390.66082763671875,275.615478515625,0.7333333333333333,0.7333333333333333,0.0,2,12,oracle,gnn,nolag_recover,62,5,1.7479988000002322,1.0210561449749778,True,True,True
True,True,True,2.518798828125,1.16145203161857,103.41084289550781,89.03582763671875,0.7333333333333333,0.7333333333333333,0.0,2,11,nearest,gnn,nolag_recover,62,6,-19.447796299999936,1.071527032533578,True,False,False
False,False,False,-52.36669921875,2.884839415312837,256.85406494140625,89.03582763671875,0.7333333333333333,0.7333333333333333,0.0,2,11,oracle,gnn,nolag_recover,62,6,-19.447796299999936,1.071527032533578,True,False,False
True,True,True,9.7681884765625,0.817642428416806,98.90084838867188,120.95855712890625,0.7333333333333333,0.7333333333333333,0.0,2,11,nearest,gnn,nolag_recover,62,7,-2.5914484000002176,1.1191268029143153,True,False,False
False,False,False,-63.1221923828125,1.5939487633623224,192.80174255371094,120.95855712890625,0.7333333333333333,0.7333333333333333,0.0,2,11,oracle,gnn,nolag_recover,62,7,-2.5914484000002176,1.1191268029143153,True,False,False
True,True,True,138.0048828125,0.9828659712888573,864.32666015625,879.3942260742188,0.8,0.8,0.0,2,11,nearest,gnn,nolag_recover,62,8,5.281910733333234,1.1649217900510924,True,True,True
True,True,True,142.564453125,0.9767745616235985,858.9699096679688,879.3942260742188,0.8166666666666667,0.8,0.016666666666666607,2,11,oracle,gnn,nolag_recover,62,8,5.281910733333234,1.1649217900510924,True,True,True
True,True,True,32.3592529296875,1.0284915879481782,219.7044219970703,213.61810302734375,0.7333333333333333,0.7333333333333333,0.0,2,11,nearest,gnn,nolag_recover,62,9,-34.290314966666756,2.391979208760095,False,False,False
False,False,False,-37.429931640625,2.471456625139039,527.9478759765625,213.61810302734375,0.7333333333333333,0.7333333333333333,0.0,2,11,oracle,gnn,nolag_recover,62,9,-34.290314966666756,2.391979208760095,False,False,False
False,False,False,-34.7308349609375,1.950853500962476,388.7212829589844,199.2570343017578,0.7333333333333333,0.7333333333333333,0.0,2,11,nearest,gnn,nolag_recover,62,10,-37.500049033333426,1.0342235560213047,True,False,False
False,False,False,-23.6556396484375,2.3857039115261935,475.3682861328125,199.2570343017578,0.7333333333333333,0.7333333333333333,0.0,2,11,oracle,gnn,nolag_recover,62,10,-37.500049033333426,1.0342235560213047,True,False,False
True,True,True,30.99658203125,1.0671320897829992,1320.68603515625,1237.6031494140625,0.95,0.9166666666666666,0.033333333333333326,2,11,nearest,gnn,nolag_recover,62,11,80.52500143333327,1.8686971585587187,False,True,False
True,True,True,66.30322265625,1.1940560904556863,1477.767578125,1237.6031494140625,0.9333333333333333,0.9166666666666666,0.01666666666666672,2,11,oracle,gnn,nolag_recover,62,11,80.52500143333327,1.8686971585587187,False,True,False
True,True,True,6.7530517578125,0.9221449097801754,157.9390411376953,171.2735595703125,0.7333333333333333,0.7166666666666667,0.016666666666666607,2,11,nearest,gnn,nolag_recover,62,12,-136.33609279999996,5.214265456631638,False,False,False
False,True,False,-1.026123046875,0.97490481607158,166.9754180908203,171.2735595703125,0.7333333333333333,0.7166666666666667,0.016666666666666607,2,11,oracle,gnn,nolag_recover,62,12,-136.33609279999996,5.214265456631638,False,False,False
True,True,True,54.587158203125,1.0141785656149958,1186.4453125,1169.8583984375,0.9333333333333333,0.8166666666666667,0.1166666666666667,2,10,nearest,gnn,nolag_recover,62,13,-19.648349666666945,1.397675693833393,True,False,False
True,True,True,74.121337890625,1.337810377858565,1565.0487060546875,1169.8583984375,0.9333333333333333,0.8166666666666667,0.1166666666666667,2,10,oracle,gnn,nolag_recover,62,13,-19.648349666666945,1.397675693833393,True,False,False
False,False,False,-31.1593017578125,1.5744650210295337,168.99156188964844,107.33268737792969,0.7333333333333333,0.7333333333333333,0.0,2,11,nearest,gnn,nolag_recover,62,14,-16.49777816666665,1.9380852050899344,False,False,False
False,False,False,-52.6961669921875,2.04901555339625,219.9263458251953,107.33268737792969,0.7333333333333333,0.7333333333333333,0.0,2,11,oracle,gnn,nolag_recover,62,14,-16.49777816666665,1.9380852050899344,False,False,False
False,True,False,-6.004638671875,1.0044753393115227,25.498384475708008,25.38477897644043,0.7333333333333333,0.7333333333333333,0.0,2,10,nearest,gnn,nolag_recover,62,15,-9.914027666666698,1.0120206528263118,True,False,False
True,True,True,4.91748046875,1.00935927630573,25.62236213684082,25.38477897644043,0.7333333333333333,0.7333333333333333,0.0,2,10,oracle,gnn,nolag_recover,62,15,-9.914027666666698,1.0120206528263118,True,False,False
True,True,True,52.16845703125,0.8663926483441279,277.1661682128906,319.90826416015625,0.7333333333333333,0.7333333333333333,0.0,2,11,nearest,gnn,nolag_recover,62,16,1.2589064999999664,0.789697198678068,True,True,True
True,True,True,20.5172119140625,0.850496730153164,272.0809326171875,319.90826416015625,0.7333333333333333,0.7333333333333333,0.0,2,11,oracle,gnn,nolag_recover,62,16,1.2589064999999664,0.789697198678068,True,True,True
True,True,True,69.5399169921875,0.9018626237235006,271.62066650390625,301.17742919921875,0.7166666666666667,0.7166666666666667,0.0,2,8,nearest,gnn,nolag_recover,62,17,-11.890593566666894,1.6443266634126905,False,False,False
False,False,False,-46.25927734375,1.6784062429134028,505.4980773925781,301.17742919921875,0.7333333333333333,0.7166666666666667,0.016666666666666607,2,8,oracle,gnn,nolag_recover,62,17,-11.890593566666894,1.6443266634126905,False,False,False
True,True,True,99.026611328125,1.312224012894317,325.1296691894531,247.7699432373047,0.7333333333333333,0.7333333333333333,0.0,2,8,nearest,gnn,nolag_recover,62,18,-56.748517966666896,8.025051377057453,False,False,False
False,False,True,88.78759765625,1.7058168596324723,422.650146484375,247.7699432373047,0.7333333333333333,0.7333333333333333,0.0,2,8,oracle,gnn,nolag_recover,62,18,-56.748517966666896,8.025051377057453,False,False,False
True,True,True,33.1279296875,0.9837879979024394,1119.4075927734375,1137.8544921875,0.95,0.9166666666666666,0.033333333333333326,2,8,nearest,gnn,nolag_recover,62,19,37.807527700000264,1.584380085575503,False,True,False
True,True,True,51.918212890625,1.0566216915573186,1202.28173828125,1137.8544921875,0.9333333333333333,0.9166666666666666,0.01666666666666672,2,8,oracle,gnn,nolag_recover,62,19,37.807527700000264,1.584380085575503,False,True,False
False,True,False,-42.1353759765625,1.4201956230691501,145.9271697998047,102.75145721435547,0.7333333333333333,0.7,0.033333333333333326,2,8,nearest,gnn,nolag_recover,62,20,-101.25730540000018,12.07996023070583,False,False,False
False,False,False,-35.6676025390625,1.5344145411895702,157.663330078125,102.75145721435547,0.7333333333333333,0.7,0.033333333333333326,2,8,oracle,gnn,nolag_recover,62,20,-101.25730540000018,12.07996023070583,False,False,False
True,True,True,0.7896728515625,1.0346407769015873,25.727724075317383,24.866334915161133,0.7333333333333333,0.7333333333333333,0.0,2,8,nearest,gnn,nolag_recover,62,21,-18.265982199999826,1.078230582781586,True,False,False
True,True,True,9.0762939453125,1.0383021680937072,25.818769454956055,24.866334915161133,0.7333333333333333,0.7333333333333333,0.0,2,8,oracle,gnn,nolag_recover,62,21,-18.265982199999826,1.078230582781586,True,False,False
True,True,True,10.4364013671875,1.3031535833184742,406.36669921875,311.83331298828125,0.7333333333333333,0.7333333333333333,0.0,2,8,nearest,gnn,nolag_recover,62,22,-10.10978950000026,0.917682100314543,True,False,False
True,True,True,19.2384033203125,1.3884967871887623,432.97955322265625,311.83331298828125,0.7333333333333333,0.7333333333333333,0.0,2,8,oracle,gnn,nolag_recover,62,22,-10.10978950000026,0.917682100314543,True,False,False
True,True,True,12.4715576171875,0.9814279115001038,204.19973754882812,208.0639190673828,0.7333333333333333,0.7333333333333333,0.0,2,7,nearest,gnn,nolag_recover,62,23,-6.317396533333067,4.907422997437625,False,False,False
False,True,False,-9.9351806640625,0.9893529305512296,205.84864807128906,208.0639190673828,0.7333333333333333,0.7333333333333333,0.0,2,7,oracle,gnn,nolag_recover,62,23,-6.317396533333067,4.907422997437625,False,False,False
True,True,True,87.572509765625,1.1367499085821242,111.94530487060547,98.4783935546875,0.7333333333333333,0.7333333333333333,0.0,2,7,nearest,gnn,nolag_recover,62,24,-19.414420899999868,0.5692464093824104,True,False,False
True,True,True,68.49951171875,0.9378260829144639,92.35560607910156,98.4783935546875,0.7333333333333333,0.7333333333333333,0.0,2,7,oracle,gnn,nolag_recover,62,24,-19.414420899999868,0.5692464093824104,True,False,False
False,False,True,26.7601318359375,3.056465682062007,93.50245666503906,30.591691970825195,0.7333333333333333,0.7333333333333333,0.0,2,6,nearest,gnn,nolag_recover,62,25,-19.335988633333272,2.132881434966157,False,False,False
True,True,True,52.7584228515625,1.0669739121684294,32.64053726196289,30.591691970825195,0.7333333333333333,0.7333333333333333,0.0,2,6,oracle,gnn,nolag_recover,62,25,-19.335988633333272,2.132881434966157,False,False,False
True,True,True,13.80029296875,1.1133225390022177,101.80813598632812,91.44532012939453,0.7333333333333333,0.7333333333333333,0.0,2,7,nearest,gnn,nolag_recover,62,26,-19.82901066666659,0.9856360840704168,True,False,False
False,True,False,-16.589111328125,1.1017246818162743,100.74756622314453,91.44532012939453,0.7333333333333333,0.7333333333333333,0.0,2,7,oracle,gnn,nolag_recover,62,26,-19.82901066666659,0.9856360840704168,True,False,False
False,True,False,-4.626953125,1.0440472589832777,28.660219192504883,27.451074600219727,0.7333333333333333,0.7333333333333333,0.0,2,7,nearest,gnn,nolag_recover,62,27,-28.578075633333356,1.2027480918715185,True,False,False
False,True,False,-29.289306640625,1.0148640217883642,27.859107971191406,27.451074600219727,0.7333333333333333,0.7333333333333333,0.0,2,7,oracle,gnn,nolag_recover,62,27,-28.578075633333356,1.2027480918715185,True,False,False
True,True,True,15.590576171875,1.0226950018029455,241.35385131835938,235.9978790283203,0.7333333333333333,0.7333333333333333,0.0,2,7,nearest,gnn,nolag_recover,62,28,-30.1054903666668,1.915208660953367,False,False,False
True,True,True,0.382568359375,1.024060998979915,241.6762237548828,235.9978790283203,0.7333333333333333,0.7333333333333333,0.0,2,7,oracle,gnn,nolag_recover,62,28,-30.1054903666668,1.915208660953367,False,False,False
True,True,True,37.09716796875,0.8090842151900701,243.1474609375,300.5218200683594,0.7333333333333333,0.7333333333333333,0.0,2,7,nearest,gnn,nolag_recover,62,29,-5.072412433333511,1.4205256508730637,True,False,False
True,True,True,73.77392578125,0.6409892501639248,192.63125610351562,300.5218200683594,0.7333333333333333,0.7333333333333333,0.0,2,7,oracle,gnn,nolag_recover,62,29,-5.072412433333511,1.4205256508730637,True,False,False
False,False,True,15.144775390625,2.342054833163214,311.3931579589844,132.95724487304688,0.7333333333333333,0.7333333333333333,0.0,2,7,nearest,gnn,nolag_recover,62,30,-29.10181426666645,0.938884912099977,True,False,False
False,False,True,32.051025390625,1.571726516803952,208.97242736816406,132.95724487304688,0.7333333333333333,0.7333333333333333,0.0,2,7,oracle,gnn,nolag_recover,62,30,-29.10181426666645,0.938884912099977,True,False,False
True,True,True,53.519287109375,1.0014281577649435,480.2151794433594,479.53033447265625,0.7333333333333333,0.7333333333333333,0.0,2,8,nearest,gnn,nolag_recover,62,31,9.845495233333168,2.2754320738340805,False,True,False
True,True,True,261.8084716796875,1.468243170572606,704.067138671875,479.53033447265625,0.7333333333333333,0.7333333333333333,0.0,2,8,oracle,gnn,nolag_recover,62,31,9.845495233333168,2.2754320738340805,False,True,False
True,True,True,40.5230712890625,1.0048472091760179,536.8350830078125,534.2454833984375,0.7333333333333333,0.7333333333333333,0.0,2,8,nearest,gnn,nolag_recover,62,32,-18.389803533333406,1.0737661842589477,True,False,False
False,True,False,-39.7833251953125,1.1032900655060998,589.427734375,534.2454833984375,0.7333333333333333,0.7333333333333333,0.0,2,8,oracle,gnn,nolag_recover,62,32,-18.389803533333406,1.0737661842589477,True,False,False
True,True,True,24.20361328125,0.9905594740873841,27.742164611816406,28.006561279296875,0.7333333333333333,0.7333333333333333,0.0,2,9,nearest,gnn,nolag_recover,62,33,-29.992881900000157,1.0546219640231227,True,False,False
True,True,True,12.6556396484375,1.0015215033141953,28.04917335510254,28.006561279296875,0.7333333333333333,0.7333333333333333,0.0,2,9,oracle,gnn,nolag_recover,62,33,-29.992881900000157,1.0546219640231227,True,False,False
True,True,True,89.9056396484375,0.9839325990154157,314.83056640625,319.9716796875,0.7333333333333333,0.7333333333333333,0.0,2,10,nearest,gnn,nolag_recover,62,34,-25.233919433333313,0.7026394925209132,True,False,False
True,True,True,103.68994140625,1.031479378973359,330.044189453125,319.9716796875,0.7333333333333333,0.7333333333333333,0.0,2,10,oracle,gnn,nolag_recover,62,34,-25.233919433333313,0.7026394925209132,True,False,False
True,True,True,22.5472412109375,1.4398487924902401,627.1351318359375,435.5562438964844,0.7333333333333333,0.7333333333333333,0.0,2,9,nearest,gnn,nolag_recover,62,35,0.15501999999992222,0.788799427945216,True,True,True
False,True,False,-108.1956787109375,1.083935624422877,472.11492919921875,435.5562438964844,0.7333333333333333,0.7333333333333333,0.0,2,9,oracle,gnn,nolag_recover,62,35,0.15501999999992222,0.788799427945216,True,True,True
False,False,True,107.932861328125,1.6422413109419012,429.71673583984375,261.664794921875,0.7333333333333333,0.7333333333333333,0.0,2,9,nearest,gnn,nolag_recover,62,36,-40.231951699999854,1.7212548340709453,False,False,False
True,True,True,72.3870849609375,1.4756652257601615,386.129638671875,261.664794921875,0.7333333333333333,0.7333333333333333,0.0,2,9,oracle,gnn,nolag_recover,62,36,-40.231951699999854,1.7212548340709453,False,False,False
True,True,True,23.639892578125,1.1731450821414737,1155.56201171875,985.0120239257812,0.8333333333333334,0.8166666666666667,0.01666666666666672,2,10,nearest,gnn,nolag_recover,62,37,52.581156633333194,1.7867317201652058,False,True,False
True,True,True,23.639892578125,1.1731450821414737,1155.56201171875,985.0120239257812,0.8333333333333334,0.8166666666666667,0.01666666666666672,2,10,oracle,gnn,nolag_recover,62,37,52.581156633333194,1.7867317201652058,False,True,False
False,False,False,-54.473388671875,2.1067460471317654,277.7527160644531,131.8396759033203,0.7333333333333333,0.7333333333333333,0.0,2,10,nearest,gnn,nolag_recover,62,38,-156.76538199999982,18.302379069111307,False,False,False
False,False,False,-54.473388671875,2.1067460471317654,277.7527160644531,131.8396759033203,0.7333333333333333,0.7333333333333333,0.0,2,10,oracle,gnn,nolag_recover,62,38,-156.76538199999982,18.302379069111307,False,False,False
True,True,True,36.5968017578125,0.9973508959766448,27.1876163482666,27.259830474853516,0.75,0.7333333333333333,0.01666666666666672,2,10,nearest,gnn,nolag_recover,62,39,-22.37306046666663,1.0646953681608173,True,False,False
False,True,False,-6.2763671875,0.9964749515148402,27.163738250732422,27.259830474853516,0.7333333333333333,0.7333333333333333,0.0,2,10,oracle,gnn,nolag_recover,62,39,-22.37306046666663,1.0646953681608173,True,False,False
False,True,False,-7.570556640625,0.8966360513060979,361.3342590332031,402.98876953125,0.7333333333333333,0.7,0.033333333333333326,5,6,nearest,gnn,nolag_recover,62,0,13.3473045333335,0.9704659905067647,True,True,True
True,True,True,4.32080078125,1.1607276895898686,467.7602233886719,402.98876953125,0.7333333333333333,0.7,0.033333333333333326,5,6,oracle,gnn,nolag_recover,62,0,13.3473045333335,0.9704659905067647,True,True,True
False,True,False,-4.735595703125,1.0415226000357216,309.64764404296875,297.3028564453125,0.7,0.7,0.0,5,7,nearest,gnn,nolag_recover,62,1,3.3252081000000544,0.9420700980139742,True,True,True
False,True,False,-1.841796875,1.088525172397511,323.62164306640625,297.3028564453125,0.7166666666666667,0.7,0.01666666666666672,5,7,oracle,gnn,nolag_recover,62,1,3.3252081000000544,0.9420700980139742,True,True,True
False,True,False,-53.75390625,0.985832913213344,441.3627624511719,447.7054443359375,0.7333333333333333,0.7333333333333333,0.0,5,7,nearest,gnn,nolag_recover,62,2,-18.845238999999992,3.2973286921601397,False,False,False
False,True,False,-39.139404296875,0.9679518203033426,433.3572998046875,447.7054443359375,0.7333333333333333,0.7333333333333333,0.0,5,7,oracle,gnn,nolag_recover,62,2,-18.845238999999992,3.2973286921601397,False,False,False
True,True,True,12.669189453125,1.2085898565350164,460.36370849609375,380.9097900390625,0.7333333333333333,0.7333333333333333,0.0,5,8,nearest,gnn,nolag_recover,62,3,-9.26335620000009,1.074133994719162,True,False,False
True,True,True,11.040283203125,1.2053455744479977,459.1279296875,380.9097900390625,0.7333333333333333,0.7333333333333333,0.0,5,8,oracle,gnn,nolag_recover,62,3,-9.26335620000009,1.074133994719162,True,False,False
True,True,True,2.8973388671875,1.0673163786091853,90.08538818359375,84.40364074707031,0.7166666666666667,0.7,0.01666666666666672,5,7,nearest,gnn,nolag_recover,62,4,2.350205066666831,0.8729296766390969,True,True,True
True,True,True,2.796875,1.168998623694901,98.66773986816406,84.40364074707031,0.7166666666666667,0.7,0.01666666666666672,5,7,oracle,gnn,nolag_recover,62,4,2.350205066666831,0.8729296766390969,True,True,True
False,True,False,-57.312744140625,0.9411888652970403,259.4062194824219,275.615478515625,0.7333333333333333,0.7333333333333333,0.0,5,7,nearest,gnn,nolag_recover,62,5,0.8653949666668268,0.8988846708080834,True,True,True
False,True,False,-88.52001953125,0.9456422327160182,260.6336364746094,275.615478515625,0.7333333333333333,0.7333333333333333,0.0,5,7,oracle,gnn,nolag_recover,62,5,0.8653949666668268,0.8988846708080834,True,True,True
False,True,False,-38.984130859375,1.3608390293694042,121.1634292602539,89.03582763671875,0.7333333333333333,0.7333333333333333,0.0,5,5,nearest,gnn,nolag_recover,62,6,-21.01102406666655,1.144697025146817,True,False,False
False,True,False,-68.82080078125,1.3957711944983524,124.27364349365234,89.03582763671875,0.7333333333333333,0.7333333333333333,0.0,5,5,oracle,gnn,nolag_recover,62,6,-21.01102406666655,1.144697025146817,True,False,False
False,True,False,-1.012939453125,0.9942056025249965,120.25767517089844,120.95855712890625,0.7333333333333333,0.7333333333333333,0.0,5,5,nearest,gnn,nolag_recover,62,7,-0.484175633333507,1.0972293403021627,True,False,False
True,True,True,5.0882568359375,0.829227249676428,100.30213165283203,120.95855712890625,0.7333333333333333,0.7333333333333333,0.0,5,5,oracle,gnn,nolag_recover,62,7,-0.484175633333507,1.0972293403021627,True,False,False
True,True,True,24.5992431640625,0.991232714891975,871.684326171875,879.3942260742188,0.8,0.8,0.0,5,4,nearest,gnn,nolag_recover,62,8,-2.1927924666665604,0.9932948758017908,True,False,False
True,True,True,30.19140625,0.989809546713474,870.4328002929688,879.3942260742188,0.8166666666666667,0.8,0.016666666666666607,5,4,oracle,gnn,nolag_recover,62,8,-2.1927924666665604,0.9932948758017908,True,False,False
True,True,True,4.118896484375,1.0702204822454462,228.61846923828125,213.61810302734375,0.7333333333333333,0.7333333333333333,0.0,5,5,nearest,gnn,nolag_recover,62,9,-26.794813500000146,1.4367099728513775,True,False,False
True,True,True,4.118896484375,1.0702204822454462,228.61846923828125,213.61810302734375,0.7333333333333333,0.7333333333333333,0.0,5,5,oracle,gnn,nolag_recover,62,9,-26.794813500000146,1.4367099728513775,True,False,False
False,True,False,-57.4307861328125,1.1667010376146312,232.473388671875,199.2570343017578,0.7333333333333333,0.7333333333333333,0.0,5,5,nearest,gnn,nolag_recover,62,10,-31.787659133333364,2.043542248711771,False,False,False
False,True,False,-57.4307861328125,1.1667010376146312,232.473388671875,199.2570343017578,0.7333333333333333,0.7333333333333333,0.0,5,5,oracle,gnn,nolag_recover,62,10,-31.787659133333364,2.043542248711771,False,False,False
True,True,True,47.065185546875,0.9733673161909938,1204.6424560546875,1237.6031494140625,0.95,0.9166666666666666,0.033333333333333326,5,5,nearest,gnn,nolag_recover,62,11,-22.403558366666402,1.0875607122198734,True,False,False
True,True,True,36.311279296875,0.8957591622778444,1108.5943603515625,1237.6031494140625,0.9333333333333333,0.9166666666666666,0.01666666666666672,5,5,oracle,gnn,nolag_recover,62,11,-22.403558366666402,1.0875607122198734,True,False,False
False,True,False,-3.6878662109375,1.0192907817340937,174.5775604248047,171.2735595703125,0.7333333333333333,0.7166666666666667,0.016666666666666607,5,5,nearest,gnn,nolag_recover,62,12,-1.210080299999845,1.0742572997229898,True,False,False
False,True,False,-5.407958984375,1.057878403333255,181.1865997314453,171.2735595703125,0.7333333333333333,0.7166666666666667,0.016666666666666607,5,5,oracle,gnn,nolag_recover,62,12,-1.210080299999845,1.0742572997229898,True,False,False
True,True,True,77.681396484375,0.9959817310622029,1165.1575927734375,1169.8583984375,0.8333333333333334,0.8166666666666667,0.01666666666666672,5,5,nearest,gnn,nolag_recover,62,13,4.62865069999998,0.9901217694367158,True,True,True
True,True,True,98.8642578125,1.0621678137795456,1242.5859375,1169.8583984375,0.8333333333333334,0.8166666666666667,0.01666666666666672,5,5,oracle,gnn,nolag_recover,62,13,4.62865069999998,0.9901217694367158,True,True,True
True,True,True,61.616455078125,0.9636944309586581,103.4359130859375,107.33268737792969,0.7333333333333333,0.7333333333333333,0.0,5,4,nearest,gnn,nolag_recover,62,14,-13.20142143333328,0.842551807862076,True,False,False
True,True,True,55.793212890625,0.9771876650429228,104.8841781616211,107.33268737792969,0.7333333333333333,0.7333333333333333,0.0,5,4,oracle,gnn,nolag_recover,62,14,-13.20142143333328,0.842551807862076,True,False,False
True,True,True,4.08349609375,1.0305484247988288,26.16024398803711,25.38477897644043,0.7333333333333333,0.7333333333333333,0.0,5,4,nearest,gnn,nolag_recover,62,15,-7.655597133333458,1.0433885195640122,True,False,False
True,True,True,6.786376953125,1.015265534019063,25.77229118347168,25.38477897644043,0.7333333333333333,0.7333333333333333,0.0,5,4,oracle,gnn,nolag_recover,62,15,-7.655597133333458,1.0433885195640122,True,False,False
True,True,True,8.114013671875,1.0129088214795463,324.03790283203125,319.90826416015625,0.7333333333333333,0.7333333333333333,0.0,5,4,nearest,gnn,nolag_recover,62,16,-4.02132030000007,0.6539386885826429,True,False,False
True,True,True,57.8594970703125,0.8647750390784712,276.648681640625,319.90826416015625,0.7333333333333333,0.7333333333333333,0.0,5,4,oracle,gnn,nolag_recover,62,16,-4.02132030000007,0.6539386885826429,True,False,False
True,True,True,17.7115478515625,0.7167541697816452,215.87017822265625,301.17742919921875,0.7333333333333333,0.7166666666666667,0.016666666666666607,5,6,nearest,gnn,nolag_recover,62,17,0.13575769999988552,0.7857258109763648,True,True,True
False,True,False,-20.84228515625,0.8628054038400313,259.8575134277344,301.17742919921875,0.7333333333333333,0.7166666666666667,0.016666666666666607,5,6,oracle,gnn,nolag_recover,62,17,0.13575769999988552,0.7857258109763648,True,True,True
True,True,True,9.75146484375,1.1157861960920814,276.4582824707031,247.7699432373047,0.7333333333333333,0.7333333333333333,0.0,5,6,nearest,gnn,nolag_recover,62,18,-18.36624330000018,6.486719249757702,False,False,False
True,True,True,30.9456787109375,1.015521819974823,251.61578369140625,247.7699432373047,0.7333333333333333,0.7333333333333333,0.0,5,6,oracle,gnn,nolag_recover,62,18,-18.36624330000018,6.486719249757702,False,False,False
True,True,True,3.494140625,1.0024642474915526,1140.658447265625,1137.8544921875,0.9666666666666667,0.9166666666666666,0.050000000000000044,5,7,nearest,gnn,nolag_recover,62,19,-33.49386996666681,1.0455987117837293,True,False,False
True,True,True,6.767578125,1.0016368954386639,1139.717041015625,1137.8544921875,0.9666666666666667,0.9166666666666666,0.050000000000000044,5,7,oracle,gnn,nolag_recover,62,19,-33.49386996666681,1.0455987117837293,True,False,False
True,True,True,46.2711181640625,0.926406827405644,95.18965148925781,102.75145721435547,0.7166666666666667,0.7,0.01666666666666672,5,7,nearest,gnn,nolag_recover,62,20,-9.941659633333302,1.2986966507988968,True,False,False
True,True,True,44.6104736328125,0.9348676502592583,96.05901336669922,102.75145721435547,0.7333333333333333,0.7,0.033333333333333326,5,7,oracle,gnn,nolag_recover,62,20,-9.941659633333302,1.2986966507988968,True,False,False
True,True,True,2.2462158203125,1.0577705000973758,26.302875518798828,24.866334915161133,0.7333333333333333,0.7333333333333333,0.0,5,7,nearest,gnn,nolag_recover,62,21,-1.909318966666433,1.0114121649227068,True,False,False
True,True,True,5.992431640625,1.05680817106783,26.278945922851562,24.866334915161133,0.7333333333333333,0.7333333333333333,0.0,5,7,oracle,gnn,nolag_recover,62,21,-1.909318966666433,1.0114121649227068,True,False,False
True,True,True,5.5439453125,1.0018613929678493,312.41375732421875,311.83331298828125,0.7333333333333333,0.7333333333333333,0.0,5,7,nearest,gnn,nolag_recover,62,22,6.858160399999861,0.8322471387823595,True,True,True
True,True,True,10.9202880859375,1.003876531905861,313.0421447753906,311.83331298828125,0.7333333333333333,0.7333333333333333,0.0,5,7,oracle,gnn,nolag_recover,62,22,6.858160399999861,0.8322471387823595,True,True,True
True,True,True,20.6905517578125,0.9664194891093416,201.0770263671875,208.0639190673828,0.7333333333333333,0.7333333333333333,0.0,5,7,nearest,gnn,nolag_recover,62,23,-22.835088999999698,0.9526434006840487,True,False,False
True,True,True,19.6441650390625,0.9737387443249059,202.5998992919922,208.0639190673828,0.7333333333333333,0.7333333333333333,0.0,5,7,oracle,gnn,nolag_recover,62,23,-22.835088999999698,0.9526434006840487,True,False,False
False,True,False,-43.124755859375,1.3416769447216248,132.12619018554688,98.4783935546875,0.7333333333333333,0.7333333333333333,0.0,5,7,nearest,gnn,nolag_recover,62,24,-27.856779966666636,3.5984628934744975,False,False,False
False,False,False,-22.880859375,3.566321964461688,351.2056579589844,98.4783935546875,0.7333333333333333,0.7333333333333333,0.0,5,7,oracle,gnn,nolag_recover,62,24,-27.856779966666636,3.5984628934744975,False,False,False
True,True,True,29.9715576171875,1.0162456713717194,31.088674545288086,30.591691970825195,0.7333333333333333,0.7333333333333333,0.0,5,7,nearest,gnn,nolag_recover,62,25,-44.0325289333332,2.007958379892395,False,False,False
True,True,True,76.7813720703125,0.8563681938183001,26.197751998901367,30.591691970825195,0.7333333333333333,0.7333333333333333,0.0,5,7,oracle,gnn,nolag_recover,62,25,-44.0325289333332,2.007958379892395,False,False,False
False,False,False,-62.27294921875,3.617258615337111,330.7813720703125,91.44532012939453,0.7333333333333333,0.7333333333333333,0.0,5,7,nearest,gnn,nolag_recover,62,26,4.443997666666746,2.3270396136380302,False,True,False
False,False,False,-75.752197265625,2.784206236633797,254.60263061523438,91.44532012939453,0.7333333333333333,0.7333333333333333,0.0,5,7,oracle,gnn,nolag_recover,62,26,4.443997666666746,2.3270396136380302,False,True,False
False,True,False,-14.8079833984375,1.0186193017932057,27.962194442749023,27.451074600219727,0.7333333333333333,0.7333333333333333,0.0,5,7,nearest,gnn,nolag_recover,62,27,-10.74282733333348,1.128957531252182,True,False,False
False,True,False,-14.8079833984375,1.0186193017932057,27.962194442749023,27.451074600219727,0.7333333333333333,0.7333333333333333,0.0,5,7,oracle,gnn,nolag_recover,62,27,-10.74282733333348,1.128957531252182,True,False,False
False,True,False,-72.710205078125,1.021289499524678,241.02215576171875,235.9978790283203,0.7333333333333333,0.7333333333333333,0.0,5,7,nearest,gnn,nolag_recover,62,28,-9.27497563333327,1.951311215029413,False,False,False
False,True,False,-72.710205078125,1.021289499524678,241.02215576171875,235.9978790283203,0.7333333333333333,0.7333333333333333,0.0,5,7,oracle,gnn,nolag_recover,62,28,-9.27497563333327,1.951311215029413,False,False,False
False,False,True,2.639404296875,1.513483169686029,454.834716796875,300.5218200683594,0.7333333333333333,0.7333333333333333,0.0,5,7,nearest,gnn,nolag_recover,62,29,7.813186133333147,1.3014817818001727,True,True,True
False,False,True,0.5390625,1.5156875872746978,455.4971923828125,300.5218200683594,0.7333333333333333,0.7333333333333333,0.0,5,7,oracle,gnn,nolag_recover,62,29,7.813186133333147,1.3014817818001727,True,True,True
False,False,False,-124.08203125,2.241508622381444,298.0248107910156,132.95724487304688,0.7333333333333333,0.7333333333333333,0.0,5,7,nearest,gnn,nolag_recover,62,30,-8.476232699999855,2.4789952948156806,False,False,False
False,False,False,-147.34228515625,2.3255000352327415,309.19207763671875,132.95724487304688,0.7333333333333333,0.7333333333333333,0.0,5,7,oracle,gnn,nolag_recover,62,30,-8.476232699999855,2.4789952948156806,False,False,False
True,True,True,4.560302734375,0.9704016673826229,465.3370361328125,479.53033447265625,0.7333333333333333,0.7333333333333333,0.0,5,6,nearest,gnn,nolag_recover,62,31,11.82771433333346,1.493777973208824,True,True,True
True,True,True,83.5301513671875,0.9735219003070656,466.8332824707031,479.53033447265625,0.7333333333333333,0.7333333333333333,0.0,5,6,oracle,gnn,nolag_recover,62,31,11.82771433333346,1.493777973208824,True,True,True
False,True,False,-48.4400634765625,0.9336661343586793,498.8069152832031,534.2454833984375,0.7333333333333333,0.7333333333333333,0.0,5,6,nearest,gnn,nolag_recover,62,32,6.5577189666669256,1.1237523293220069,True,True,True
False,True,False,-57.4434814453125,1.0284598172208679,549.4500122070312,534.2454833984375,0.7333333333333333,0.7333333333333333,0.0,5,6,oracle,gnn,nolag_recover,62,32,6.5577189666669256,1.1237523293220069,True,True,True
True,True,True,29.70263671875,0.9851583109862605,27.590896606445312,28.006561279296875,0.7333333333333333,0.7333333333333333,0.0,5,5,nearest,gnn,nolag_recover,62,33,-6.926185066666903,1.0573869204931485,True,False,False
True,True,True,34.2080078125,0.9956410268284737,27.88448143005371,28.006561279296875,0.7333333333333333,0.7333333333333333,0.0,5,5,oracle,gnn,nolag_recover,62,33,-6.926185066666903,1.0573869204931485,True,False,False
True,True,True,1.947998046875,0.9352541843302783,299.2548522949219,319.9716796875,0.7333333333333333,0.7333333333333333,0.0,5,4,nearest,gnn,nolag_recover,62,34,-6.736180266666679,0.6472252025817352,True,False,False
False,True,False,-6.74169921875,0.9355808466935855,299.359375,319.9716796875,0.7333333333333333,0.7333333333333333,0.0,5,4,oracle,gnn,nolag_recover,62,34,-6.736180266666679,0.6472252025817352,True,False,False
False,True,False,-36.5013427734375,0.9878787640988944,430.2767639160156,435.5562438964844,0.7333333333333333,0.7333333333333333,0.0,5,5,nearest,gnn,nolag_recover,62,35,-5.791637033333473,0.8318046997818237,True,False,False
False,True,False,-102.6842041015625,1.0064602029650849,438.3700256347656,435.5562438964844,0.7333333333333333,0.7333333333333333,0.0,5,5,oracle,gnn,nolag_recover,62,35,-5.791637033333473,0.8318046997818237,True,False,False
False,True,False,-9.86865234375,0.6275871121751779,164.2174530029297,261.664794921875,0.7333333333333333,0.7333333333333333,0.0,5,4,nearest,gnn,nolag_recover,62,36,-33.18429190000006,1.3713615502857015,True,False,False
False,True,False,-40.69091796875,0.6228426056117913,162.97598266601562,261.664794921875,0.7333333333333333,0.7333333333333333,0.0,5,4,oracle,gnn,nolag_recover,62,36,-33.18429190000006,1.3713615502857015,True,False,False
True,True,True,28.23486328125,1.1789444045913493,1161.2744140625,985.0120239257812,0.8833333333333333,0.8166666666666667,0.06666666666666665,5,4,nearest,gnn,nolag_recover,62,37,40.98335760000009,1.2556626276546545,True,True,True
True,True,True,23.3701171875,1.081922617413322,1065.706787109375,985.0120239257812,0.8833333333333333,0.8166666666666667,0.06666666666666665,5,4,oracle,gnn,nolag_recover,62,37,40.98335760000009,1.2556626276546545,True,True,True
False,True,False,-37.2166748046875,1.3334535073947555,175.8020782470703,131.8396759033203,0.7333333333333333,0.7333333333333333,0.0,5,4,nearest,gnn,nolag_recover,62,38,-63.89541356666655,5.709797079319204,False,False,False
False,False,False,-60.2408447265625,1.9036063213485266,250.97084045410156,131.8396759033203,0.7333333333333333,0.7333333333333333,0.0,5,4,oracle,gnn,nolag_recover,62,38,-63.89541356666655,5.709797079319204,False,False,False
True,True,True,45.490478515625,1.0240848692856326,27.916379928588867,27.259830474853516,0.7333333333333333,0.7333333333333333,0.0,5,4,nearest,gnn,nolag_recover,62,39,-10.009482766666451,1.0161964744581722,True,False,False
True,True,True,32.4415283203125,0.9925724191754242,27.057355880737305,27.259830474853516,0.7333333333333333,0.7333333333333333,0.0,5,4,oracle,gnn,nolag_recover,62,39,-10.009482766666451,1.0161964744581722,True,False,False
False,True,False,-6.398193359375,1.259120331454079,53.02614974975586,42.1136474609375,0.7166666666666667,0.7166666666666667,0.0,0,10,nearest,gnn,nolag_recover,63,0,12.954174100000046,1.0466252182086921,True,True,True
False,True,False,-6.398193359375,1.259120331454079,53.02614974975586,42.1136474609375,0.7166666666666667,0.7166666666666667,0.0,0,10,oracle,gnn,nolag_recover,63,0,12.954174100000046,1.0466252182086921,True,True,True
False,False,False,-7.4259033203125,1.6370713376632986,84.22985076904297,51.45154571533203,0.7166666666666667,0.7166666666666667,0.0,0,10,nearest,gnn,nolag_recover,63,1,-26.994391266666298,0.9753126192180266,True,False,False
False,False,False,-8.9644775390625,2.0055727753420634,103.1898193359375,51.45154571533203,0.7166666666666667,0.7166666666666667,0.0,0,10,oracle,gnn,nolag_recover,63,1,-26.994391266666298,0.9753126192180266,True,False,False
False,True,False,-43.437255859375,1.3271890676677451,151.42442321777344,114.09408569335938,0.7166666666666667,0.7166666666666667,0.0,0,10,nearest,gnn,nolag_recover,63,2,-2.8661634333334405,1.1218063284866846,True,False,False
False,True,False,-43.437255859375,1.3271890676677451,151.42442321777344,114.09408569335938,0.7166666666666667,0.7166666666666667,0.0,0,10,oracle,gnn,nolag_recover,63,2,-2.8661634333334405,1.1218063284866846,True,False,False
False,True,False,-18.1571044921875,1.1725312575663727,152.88584899902344,130.3895721435547,0.7166666666666667,0.7166666666666667,0.0,0,10,nearest,gnn,nolag_recover,63,3,3.0462916999999834,0.8927186375688857,True,True,True
False,True,False,-18.1571044921875,1.1725312575663727,152.88584899902344,130.3895721435547,0.7166666666666667,0.7166666666666667,0.0,0,10,oracle,gnn,nolag_recover,63,3,3.0462916999999834,0.8927186375688857,True,True,True
False,True,False,-23.7652587890625,1.1514340240782115,152.069091796875,132.06930541992188,0.7166666666666667,0.7166666666666667,0.0,0,10,nearest,gnn,nolag_recover,63,4,2.813345133333314,1.051048594502166,True,True,True
False,True,False,-27.90087890625,1.2537035714789122,165.5757598876953,132.06930541992188,0.7166666666666667,0.7166666666666667,0.0,0,10,oracle,gnn,nolag_recover,63,4,2.813345133333314,1.051048594502166,True,True,True
False,False,False,-6.6331787109375,1.5391706172882715,120.1183090209961,78.04093170166016,0.7166666666666667,0.7166666666666667,0.0,0,10,nearest,gnn,nolag_recover,63,5,2.285624199999802,1.003657739076402,True,True,True
False,True,False,-6.4600830078125,1.3621915027508604,106.30669403076172,78.04093170166016,0.7166666666666667,0.7166666666666667,0.0,0,10,oracle,gnn,nolag_recover,63,5,2.285624199999802,1.003657739076402,True,True,True
False,False,False,-40.10888671875,1.5331783684648297,138.32522583007812,90.22122192382812,0.7166666666666667,0.7166666666666667,0.0,0,10,nearest,gnn,nolag_recover,63,6,-9.482441599999902,1.0307033737750788,True,False,False
False,True,False,-32.4560546875,1.4387880876845887,129.80921936035156,90.22122192382812,0.7166666666666667,0.7166666666666667,0.0,0,10,oracle,gnn,nolag_recover,63,6,-9.482441599999902,1.0307033737750788,True,False,False
False,False,False,-14.0909423828125,1.548141680778568,107.4543228149414,69.40858459472656,0.7166666666666667,0.7166666666666667,0.0,0,10,nearest,gnn,nolag_recover,63,7,-0.3888261333331684,1.091147026684883,True,False,False
False,True,False,-15.950439453125,1.4000747676125433,97.17720794677734,69.40858459472656,0.7166666666666667,0.7166666666666667,0.0,0,10,oracle,gnn,nolag_recover,63,7,-0.3888261333331684,1.091147026684883,True,False,False
False,False,False,-61.453369140625,1.7063092829063786,236.13650512695312,138.3902130126953,0.7166666666666667,0.7166666666666667,0.0,0,11,nearest,gnn,nolag_recover,63,8,-29.794029100000216,2.7557325077319574,False,False,False
False,True,False,-55.5001220703125,1.438641823219058,199.0939483642578,138.3902130126953,0.7166666666666667,0.7166666666666667,0.0,0,11,oracle,gnn,nolag_recover,63,8,-29.794029100000216,2.7557325077319574,False,False,False
False,False,False,-83.7060546875,1.5793019486064717,257.5000305175781,163.04673767089844,0.7166666666666667,0.7166666666666667,0.0,0,11,nearest,gnn,nolag_recover,63,9,-4.002453766666804,1.0856809774601945,True,False,False
False,False,False,-102.9730224609375,1.509179180512232,246.06674194335938,163.04673767089844,0.7166666666666667,0.7166666666666667,0.0,0,11,oracle,gnn,nolag_recover,63,9,-4.002453766666804,1.0856809774601945,True,False,False
False,False,False,-7.2379150390625,1.581702339671675,82.58040618896484,52.2098274230957,0.7166666666666667,0.7166666666666667,0.0,0,11,nearest,gnn,nolag_recover,63,10,-0.1652116999998725,1.0354473052496123,True,False,False
False,False,False,-11.57666015625,1.5389632683843846,80.34900665283203,52.2098274230957,0.7166666666666667,0.7166666666666667,0.0,0,11,oracle,gnn,nolag_recover,63,10,-0.1652116999998725,1.0354473052496123,True,False,False
False,False,False,-15.717041015625,1.8828213645082983,1015.435302734375,539.3157958984375,0.8666666666666667,0.7333333333333333,0.13333333333333341,0,11,nearest,gnn,nolag_recover,63,11,57.488783266666815,3.3252544886344717,False,True,False
False,False,False,-65.939453125,1.860277609592413,1003.277099609375,539.3157958984375,0.85,0.7333333333333333,0.1166666666666667,0,11,oracle,gnn,nolag_recover,63,11,57.488783266666815,3.3252544886344717,False,True,False
False,True,False,-16.5555419921875,1.0529527516905803,84.04129791259766,79.81488037109375,0.7166666666666667,0.7166666666666667,0.0,0,11,nearest,gnn,nolag_recover,63,12,-109.89202483333338,11.232045159252701,False,False,False
False,True,False,-18.62939453125,1.0638144869529176,84.9082260131836,79.81488037109375,0.7166666666666667,0.7166666666666667,0.0,0,11,oracle,gnn,nolag_recover,63,12,-109.89202483333338,11.232045159252701,False,False,False
False,True,False,-3.1070556640625,1.0740681913177494,99.4166259765625,92.5608139038086,0.7166666666666667,0.7166666666666667,0.0,0,11,nearest,gnn,nolag_recover,63,13,-29.982227400000056,0.8240233358457383,True,False,False
False,True,False,-3.5435791015625,1.1382983747867543,105.36182403564453,92.5608139038086,0.7166666666666667,0.7166666666666667,0.0,0,11,oracle,gnn,nolag_recover,63,13,-29.982227400000056,0.8240233358457383,True,False,False
False,False,False,-125.146240234375,2.5405155354407336,333.01934814453125,131.0833740234375,0.7166666666666667,0.7166666666666667,0.0,0,11,nearest,gnn,nolag_recover,63,14,-63.23959290000016,3.307600080710403,False,False,False
False,False,False,-126.67724609375,2.5418171786168267,333.1899719238281,131.0833740234375,0.7166666666666667,0.7166666666666667,0.0,0,11,oracle,gnn,nolag_recover,63,14,-63.23959290000016,3.307600080710403,False,False,False
False,True,False,-50.9443359375,1.4133548837101488,31.981626510620117,22.628164291381836,0.7166666666666667,0.7166666666666667,0.0,0,11,nearest,gnn,nolag_recover,63,15,-28.934249099999988,1.121880210124218,True,False,False
False,True,False,-46.7076416015625,1.4581800327470198,32.99593734741211,22.628164291381836,0.7166666666666667,0.7166666666666667,0.0,0,11,oracle,gnn,nolag_recover,63,15,-28.934249099999988,1.121880210124218,True,False,False
False,False,False,-7.4847412109375,1.5434351552484196,530.272705078125,343.5665588378906,0.7333333333333333,0.7333333333333333,0.0,0,11,nearest,gnn,nolag_recover,63,16,21.08802680000008,3.7662499200027826,False,True,False
False,True,False,-84.9893798828125,1.3825184941999855,474.98712158203125,343.5665588378906,0.7333333333333333,0.7333333333333333,0.0,0,11,oracle,gnn,nolag_recover,63,16,21.08802680000008,3.7662499200027826,False,True,False
True,True,True,32.2327880859375,0.6166453272016481,74.3081283569336,120.50383758544922,0.7166666666666667,0.7166666666666667,0.0,0,11,nearest,gnn,nolag_recover,63,17,-81.71247656666674,14.185323975989512,False,False,False
True,True,True,30.955810546875,0.970751479026576,116.97927856445312,120.50383758544922,0.7166666666666667,0.7166666666666667,0.0,0,11,oracle,gnn,nolag_recover,63,17,-81.71247656666674,14.185323975989512,False,False,False
True,True,True,10.8333740234375,1.2959954109347072,141.34262084960938,109.06105041503906,0.7166666666666667,0.7166666666666667,0.0,0,11,nearest,gnn,nolag_recover,63,18,-8.763469966666662,1.0624800005529922,True,False,False
True,True,True,11.86962890625,1.2672779357600814,138.21066284179688,109.06105041503906,0.7166666666666667,0.7166666666666667,0.0,0,11,oracle,gnn,nolag_recover,63,18,-8.763469966666662,1.0624800005529922,True,False,False
False,False,True,43.049560546875,2.1378385722760647,1376.65673828125,643.9479370117188,0.7833333333333333,0.75,0.033333333333333326,0,11,nearest,gnn,nolag_recover,63,19,58.01158396666642,1.9728585778428331,False,True,False
False,False,True,69.094970703125,2.136741556728945,1375.9503173828125,643.9479370117188,0.7833333333333333,0.75,0.033333333333333326,0,11,oracle,gnn,nolag_recover,63,19,58.01158396666642,1.9728585778428331,False,True,False
False,True,False,-1.7222900390625,1.4193268447364806,88.24467468261719,62.17361068725586,0.7166666666666667,0.7166666666666667,0.0,0,11,nearest,gnn,nolag_recover,63,20,-48.828660433333425,3.486709502309199,False,False,False
False,False,False,-3.108154296875,1.6645257867946741,103.48957824707031,62.17361068725586,0.7166666666666667,0.7166666666666667,0.0,0,11,oracle,gnn,nolag_recover,63,20,-48.828660433333425,3.486709502309199,False,False,False
False,True,False,-58.03515625,1.4724041375953663,33.57010269165039,22.799516677856445,0.7166666666666667,0.7166666666666667,0.0,0,11,nearest,gnn,nolag_recover,63,21,-25.245410900000024,1.04886526677428,True,False,False
False,True,False,-58.5103759765625,1.4417405159470693,32.87098693847656,22.799516677856445,0.7166666666666667,0.7166666666666667,0.0,0,11,oracle,gnn,nolag_recover,63,21,-25.245410900000024,1.04886526677428,True,False,False
False,True,False,-59.4923095703125,1.3739133822012728,34.44425964355469,25.07018280029297,0.7166666666666667,0.7166666666666667,0.0,0,11,nearest,gnn,nolag_recover,63,22,-43.21145640000009,1.5781218930610448,False,False,False
False,True,False,-49.0897216796875,1.3476977625373592,33.78702926635742,25.07018280029297,0.7166666666666667,0.7166666666666667,0.0,0,11,oracle,gnn,nolag_recover,63,22,-43.21145640000009,1.5781218930610448,False,False,False
False,False,False,-76.4874267578125,1.5638839876142623,40.86520004272461,26.130582809448242,0.7166666666666667,0.7166666666666667,0.0,0,11,nearest,gnn,nolag_recover,63,23,-49.28956599999992,1.978088265654754,False,False,False
False,True,False,-69.61181640625,1.3909236609678386,36.345645904541016,26.130582809448242,0.7166666666666667,0.7166666666666667,0.0,0,11,oracle,gnn,nolag_recover,63,23,-49.28956599999992,1.978088265654754,False,False,False
False,True,False,-55.029296875,1.2984786456274762,37.35226058959961,28.766172409057617,0.7166666666666667,0.7166666666666667,0.0,0,11,nearest,gnn,nolag_recover,63,24,-11.217587366666521,1.2048270875121019,True,False,False
False,True,False,-56.82861328125,1.090258636277108,31.362567901611328,28.766172409057617,0.7166666666666667,0.7166666666666667,0.0,0,11,oracle,gnn,nolag_recover,63,24,-11.217587366666521,1.2048270875121019,True,False,False
False,False,False,-75.377197265625,3.5938150977763854,180.45425415039062,50.21244812011719,0.7166666666666667,0.7166666666666667,0.0,0,10,nearest,gnn,nolag_recover,63,25,-2.4405343333332894,7.712131694308852,False,False,False
False,False,False,-77.115234375,2.683403616773578,134.74026489257812,50.21244812011719,0.7166666666666667,0.7166666666666667,0.0,0,10,oracle,gnn,nolag_recover,63,25,-2.4405343333332894,7.712131694308852,False,False,False
False,True,False,-76.9488525390625,1.484177877412455,33.251163482666016,22.403759002685547,0.7166666666666667,0.7166666666666667,0.0,0,10,nearest,gnn,nolag_recover,63,26,-34.51450276666674,1.417209357264147,True,False,False
False,True,False,-82.849365234375,1.4316862338585779,32.07515335083008,22.403759002685547,0.7166666666666667,0.7166666666666667,0.0,0,10,oracle,gnn,nolag_recover,63,26,-34.51450276666674,1.417209357264147,True,False,False
False,True,False,-64.6939697265625,1.3217812402663116,29.713008880615234,22.479520797729492,0.7166666666666667,0.7166666666666667,0.0,0,10,nearest,gnn,nolag_recover,63,27,-27.88592963333349,1.1848992137319436,True,False,False
False,True,False,-59.6864013671875,1.3411268173758752,30.14788818359375,22.479520797729492,0.7166666666666667,0.7166666666666667,0.0,0,10,oracle,gnn,nolag_recover,63,27,-27.88592963333349,1.1848992137319436,True,False,False
False,True,False,-0.3701171875,1.2670171140634714,74.15737915039062,58.52910614013672,0.7166666666666667,0.7166666666666667,0.0,0,11,nearest,gnn,nolag_recover,63,28,-48.657563900000014,4.112331290729349,False,False,False
True,True,True,3.4432373046875,1.2895630817697703,75.47697448730469,58.52910614013672,0.7166666666666667,0.7166666666666667,0.0,0,11,oracle,gnn,nolag_recover,63,28,-48.657563900000014,4.112331290729349,False,False,False
False,False,False,-136.2220458984375,3.526051837238512,265.64813232421875,75.33869171142578,0.7166666666666667,0.7166666666666667,0.0,0,11,nearest,gnn,nolag_recover,63,29,-18.03406843333346,2.154555552971401,False,False,False
False,False,False,-100.626220703125,3.0704769203769637,231.32571411132812,75.33869171142578,0.7166666666666667,0.7166666666666667,0.0,0,11,oracle,gnn,nolag_recover,63,29,-18.03406843333346,2.154555552971401,False,False,False
False,False,False,-85.1771240234375,1.5661445921381754,92.57269287109375,59.10865020751953,0.7166666666666667,0.7166666666666667,0.0,0,11,nearest,gnn,nolag_recover,63,30,-20.189823066666577,0.9395124975081818,True,False,False
False,False,False,-86.86865234375,2.234789103927737,132.09536743164062,59.10865020751953,0.7166666666666667,0.7166666666666667,0.0,0,11,oracle,gnn,nolag_recover,63,30,-20.189823066666577,0.9395124975081818,True,False,False
True,True,True,84.24560546875,0.47206856537580477,159.61851501464844,338.1257019042969,0.7166666666666667,0.7166666666666667,0.0,0,12,nearest,gnn,nolag_recover,63,31,-13.909533033333219,1.4597823416991855,True,False,False
True,True,True,72.633544921875,0.5796855294767378,196.00657653808594,338.1257019042969,0.7166666666666667,0.7166666666666667,0.0,0,12,oracle,gnn,nolag_recover,63,31,-13.909533033333219,1.4597823416991855,True,False,False
False,False,False,-52.8944091796875,1.9623985787738338,290.65118408203125,148.11016845703125,0.7333333333333333,0.7166666666666667,0.016666666666666607,0,10,nearest,gnn,nolag_recover,63,32,-31.577409333333208,2.1375861456097587,False,False,False
False,True,False,-12.5732421875,1.4112402267005737,209.01902770996094,148.11016845703125,0.7166666666666667,0.7166666666666667,0.0,0,10,oracle,gnn,nolag_recover,63,32,-31.577409333333208,2.1375861456097587,False,False,False
False,False,False,-77.2060546875,1.6689381793783369,37.42332077026367,22.423431396484375,0.7166666666666667,0.7166666666666667,0.0,0,11,nearest,gnn,nolag_recover,63,33,-27.853849899999886,1.12526235423446,True,False,False
False,False,False,-75.4013671875,1.5010865630243981,33.65951156616211,22.423431396484375,0.7166666666666667,0.7166666666666667,0.0,0,11,oracle,gnn,nolag_recover,63,33,-27.853849899999886,1.12526235423446,True,False,False
False,False,False,-102.85400390625,4.76661190962044,244.95709228515625,51.39019012451172,0.7166666666666667,0.7166666666666667,0.0,0,12,nearest,gnn,nolag_recover,63,34,-28.661509066666667,1.6476689507468143,False,False,False
False,False,False,-110.735107421875,4.436089174064311,227.97146606445312,51.39019012451172,0.7166666666666667,0.7166666666666667,0.0,0,12,oracle,gnn,nolag_recover,63,34,-28.661509066666667,1.6476689507468143,False,False,False
False,True,False,-20.3875732421875,0.8341878381829217,244.44320678710938,293.0313720703125,0.7166666666666667,0.7333333333333333,-0.016666666666666607,0,12,nearest,gnn,nolag_recover,63,35,-24.763681099999985,2.187073839464607,False,False,False
False,True,False,-19.3907470703125,0.6371514651243296,186.7053680419922,293.0313720703125,0.7166666666666667,0.7333333333333333,-0.016666666666666607,0,12,oracle,gnn,nolag_recover,63,35,-24.763681099999985,2.187073839464607,False,False,False
False,False,False,-131.23388671875,1.9656166607894676,108.65711212158203,55.278892517089844,0.7166666666666667,0.7166666666666667,0.0,0,12,nearest,gnn,nolag_recover,63,36,-3.3719171666666625,0.4774937145772917,True,False,False
False,True,False,-54.97802734375,1.2124799962459536,67.02455139160156,55.278892517089844,0.7166666666666667,0.7166666666666667,0.0,0,12,oracle,gnn,nolag_recover,63,36,-3.3719171666666625,0.4774937145772917,True,False,False
False,True,False,-37.429443359375,1.1085378618086128,1139.1229248046875,1027.5904541015625,0.9,0.7833333333333333,0.1166666666666667,0,13,nearest,gnn,nolag_recover,63,37,80.17076253333289,2.145269383794934,False,True,False
False,True,False,-49.0751953125,1.2840459770770352,1319.473388671875,1027.5904541015625,0.9,0.7833333333333333,0.1166666666666667,0,13,oracle,gnn,nolag_recover,63,37,80.17076253333289,2.145269383794934,False,True,False
True,True,True,8.7208251953125,0.7507856807158527,77.08839416503906,102.67696380615234,0.7166666666666667,0.7166666666666667,0.0,0,14,nearest,gnn,nolag_recover,63,38,-155.46449766666638,17.641663732881526,False,False,False
True,True,True,11.8350830078125,1.3320566277123587,136.7715301513672,102.67696380615234,0.7166666666666667,0.7166666666666667,0.0,0,14,oracle,gnn,nolag_recover,63,38,-155.46449766666638,17.641663732881526,False,False,False
False,False,False,-70.7808837890625,1.6067087572327237,40.0932502746582,24.953651428222656,0.7166666666666667,0.7166666666666667,0.0,0,14,nearest,gnn,nolag_recover,63,39,-35.25739616666647,1.0720772704029768,True,False,False
False,True,False,-68.22900390625,1.149504085485634,28.684324264526367,24.953651428222656,0.7166666666666667,0.7166666666666667,0.0,0,14,oracle,gnn,nolag_recover,63,39,-35.25739616666647,1.0720772704029768,True,False,False
False,True,False,-5.024658203125,1.1210638922303222,47.21208953857422,42.1136474609375,0.7166666666666667,0.7166666666666667,0.0,1,16,nearest,gnn,nolag_recover,63,0,13.160502400000041,1.0219346546081447,True,True,True
False,True,False,-6.19677734375,1.2006768214032086,50.56488037109375,42.1136474609375,0.7166666666666667,0.7166666666666667,0.0,1,16,oracle,gnn,nolag_recover,63,0,13.160502400000041,1.0219346546081447,True,True,True
False,False,False,-9.09130859375,1.916452113382594,98.60442352294922,51.45154571533203,0.7166666666666667,0.7166666666666667,0.0,1,15,nearest,gnn,nolag_recover,63,1,-3.746132466666495,1.0766557459264756,True,False,False
False,False,False,-5.9425048828125,1.8740478927711546,96.42266082763672,51.45154571533203,0.7166666666666667,0.7166666666666667,0.0,1,15,oracle,gnn,nolag_recover,63,1,-3.746132466666495,1.0766557459264756,True,False,False
False,True,False,-58.0054931640625,1.3498934771647941,154.01486206054688,114.09408569335938,0.7166666666666667,0.7166666666666667,0.0,1,15,nearest,gnn,nolag_recover,63,2,-55.70577943333319,0.13017401860911013,True,False,False
False,True,False,-54.763671875,1.3317765708607554,151.9478302001953,114.09408569335938,0.7166666666666667,0.7166666666666667,0.0,1,15,oracle,gnn,nolag_recover,63,2,-55.70577943333319,0.13017401860911013,True,False,False
True,True,True,9.0572509765625,0.9797736416338929,127.75226593017578,130.3895721435547,0.7166666666666667,0.7166666666666667,0.0,1,15,nearest,gnn,nolag_recover,63,3,3.248421633333237,0.8363527173247786,True,True,True
True,True,True,9.0572509765625,0.9797736416338929,127.75226593017578,130.3895721435547,0.7166666666666667,0.7166666666666667,0.0,1,15,oracle,gnn,nolag_recover,63,3,3.248421633333237,0.8363527173247786,True,True,True
True,True,True,5.325439453125,0.9459142577941315,124.92623901367188,132.06930541992188,0.7166666666666667,0.7166666666666667,0.0,1,15,nearest,gnn,nolag_recover,63,4,0.8074828666665326,0.9838470244728311,True,True,True
True,True,True,5.9610595703125,1.0390886779813604,137.23171997070312,132.06930541992188,0.7166666666666667,0.7166666666666667,0.0,1,15,oracle,gnn,nolag_recover,63,4,0.8074828666665326,0.9838470244728311,True,True,True
False,False,False,-25.3302001953125,2.7071474665951576,211.268310546875,78.04093170166016,0.7166666666666667,0.7166666666666667,0.0,1,15,nearest,gnn,nolag_recover,63,5,-2.4399545000001126,1.0093718710014015,True,False,False
False,False,False,-25.0184326171875,2.680615791543654,209.19775390625,78.04093170166016,0.7166666666666667,0.7166666666666667,0.0,1,15,oracle,gnn,nolag_recover,63,5,-2.4399545000001126,1.0093718710014015,True,False,False
False,True,False,-12.416015625,1.124857553302717,101.48602294921875,90.22122192382812,0.7166666666666667,0.7166666666666667,0.0,1,16,nearest,gnn,nolag_recover,63,6,-8.108328266666604,1.046481014994576,True,False,False
False,True,False,-9.1722412109375,1.355892735311458,122.3302993774414,90.22122192382812,0.7166666666666667,0.7166666666666667,0.0,1,16,oracle,gnn,nolag_recover,63,6,-8.108328266666604,1.046481014994576,True,False,False
False,False,False,-9.2333984375,1.5198031947600676,105.48738861083984,69.40858459472656,0.7166666666666667,0.7166666666666667,0.0,1,14,nearest,gnn,nolag_recover,63,7,-1.2281797666664716,1.0162557448477394,True,False,False
False,False,False,-10.5638427734375,1.5270088931909152,105.9875259399414,69.40858459472656,0.7166666666666667,0.7166666666666667,0.0,1,14,oracle,gnn,nolag_recover,63,7,-1.2281797666664716,1.0162557448477394,True,False,False
False,False,False,-144.888916015625,5.845199442838397,808.9183959960938,138.3902130126953,0.7666666666666667,0.7166666666666667,0.050000000000000044,1,14,nearest,gnn,nolag_recover,63,8,-16.08491026666661,3.91227515549901,False,False,False
False,False,False,-128.9593505859375,3.3895490411256755,469.0804138183594,138.3902130126953,0.7166666666666667,0.7166666666666667,0.0,1,14,oracle,gnn,nolag_recover,63,8,-16.08491026666661,3.91227515549901,False,False,False
False,False,False,-65.00537109375,1.5008035707684604,244.7011260986328,163.04673767089844,0.7166666666666667,0.7166666666666667,0.0,1,13,nearest,gnn,nolag_recover,63,9,-9.430569999999989,1.5969900455865536,False,False,False
False,False,False,-122.51513671875,1.988103427929112,324.1537780761719,163.04673767089844,0.7166666666666667,0.7166666666666667,0.0,1,13,oracle,gnn,nolag_recover,63,9,-9.430569999999989,1.5969900455865536,False,False,False
False,False,False,-6.2115478515625,1.7479981175601376,91.26268005371094,52.2098274230957,0.7166666666666667,0.7166666666666667,0.0,1,13,nearest,gnn,nolag_recover,63,10,2.359498600000279,0.961379837980631,True,True,True
False,False,False,-11.188720703125,2.6889529699098227,140.3897705078125,52.2098274230957,0.7166666666666667,0.7166666666666667,0.0,1,13,oracle,gnn,nolag_recover,63,10,2.359498600000279,0.961379837980631,True,True,True
False,False,False,-259.439208984375,1.7036098300730522,918.78369140625,539.3157958984375,0.8666666666666667,0.7333333333333333,0.13333333333333341,1,13,nearest,gnn,nolag_recover,63,11,15.954055166666876,2.4070974757780923,False,True,False
False,False,False,-54.298095703125,1.9626359896561285,1058.4805908203125,539.3157958984375,0.8666666666666667,0.7333333333333333,0.13333333333333341,1,13,oracle,gnn,nolag_recover,63,11,15.954055166666876,2.4070974757780923,False,True,False
False,True,False,-4.9332275390625,1.258459210805032,100.44377136230469,79.81488037109375,0.7166666666666667,0.7166666666666667,0.0,1,13,nearest,gnn,nolag_recover,63,12,-49.5370597000001,2.1780588019746534,False,False,False
False,False,False,-5.889404296875,1.5301478870708358,122.12857055664062,79.81488037109375,0.7166666666666667,0.7166666666666667,0.0,1,13,oracle,gnn,nolag_recover,63,12,-49.5370597000001,2.1780588019746534,False,False,False
False,False,False,-27.8184814453125,1.913779203340287,177.14096069335938,92.5608139038086,0.7166666666666667,0.7166666666666667,0.0,1,13,nearest,gnn,nolag_recover,63,13,-4.967957566666655,0.9827787368255801,True,False,False
False,False,False,-22.4212646484375,1.9791246896361405,183.18939208984375,92.5608139038086,0.7166666666666667,0.7166666666666667,0.0,1,13,oracle,gnn,nolag_recover,63,13,-4.967957566666655,0.9827787368255801,True,False,False
False,False,False,-162.701171875,3.500208830965651,458.8191833496094,131.0833740234375,0.75,0.7166666666666667,0.033333333333333326,1,13,nearest,gnn,nolag_recover,63,14,-24.633589433333327,1.4474104521405033,True,False,False
False,False,False,-160.1844482421875,3.8164129032858867,500.2682800292969,131.0833740234375,0.75,0.7166666666666667,0.033333333333333326,1,13,oracle,gnn,nolag_recover,63,14,-24.633589433333327,1.4474104521405033,True,False,False
False,True,False,-65.6617431640625,1.2511276649099035,28.31072235107422,22.628164291381836,0.7166666666666667,0.7166666666666667,0.0,1,14,nearest,gnn,nolag_recover,63,15,-8.843294966666463,1.032560284108761,True,False,False
False,True,False,-68.455322265625,1.2678700318408924,28.689571380615234,22.628164291381836,0.7166666666666667,0.7166666666666667,0.0,1,14,oracle,gnn,nolag_recover,63,15,-8.843294966666463,1.032560284108761,True,False,False
False,False,False,-64.6363525390625,2.638598776388927,906.5343017578125,343.5665588378906,0.7666666666666667,0.7333333333333333,0.03333333333333344,1,14,nearest,gnn,nolag_recover,63,16,15.305301999999983,0.8430622105075481,True,True,True
False,False,False,-46.06787109375,2.582252656313663,887.1756591796875,343.5665588378906,0.7666666666666667,0.7333333333333333,0.03333333333333344,1,14,oracle,gnn,nolag_recover,63,16,15.305301999999983,0.8430622105075481,True,True,True
False,False,False,-71.5352783203125,3.0384128730947935,366.1404113769531,120.50383758544922,0.7333333333333333,0.7166666666666667,0.016666666666666607,1,15,nearest,gnn,nolag_recover,63,17,3.298708499999975,1.0428749832634034,True,True,True
False,False,False,-83.5426025390625,3.973215283450838,478.7876892089844,120.50383758544922,0.75,0.7166666666666667,0.033333333333333326,1,15,oracle,gnn,nolag_recover,63,17,3.298708499999975,1.0428749832634034,True,True,True
False,False,False,-59.4561767578125,2.1622019118773546,235.81201171875,109.06105041503906,0.7166666666666667,0.7166666666666667,0.0,1,13,nearest,gnn,nolag_recover,63,18,2.044729566666774,6.397354257197489,False,True,False
False,False,False,-84.61572265625,2.6622701182593733,290.3499755859375,109.06105041503906,0.7166666666666667,0.7166666666666667,0.0,1,13,oracle,gnn,nolag_recover,63,18,2.044729566666774,6.397354257197489,False,True,False
False,False,False,-112.109375,1.8330001877646276,1180.356689453125,643.9479370117188,0.8666666666666667,0.75,0.1166666666666667,1,13,nearest,gnn,nolag_recover,63,19,26.06472459999941,2.1251980671829496,False,True,False
False,False,False,-38.064697265625,1.8249294366122826,1175.1595458984375,643.9479370117188,0.8666666666666667,0.75,0.1166666666666667,1,13,oracle,gnn,nolag_recover,63,19,26.06472459999941,2.1251980671829496,False,True,False
False,False,False,-13.3736572265625,1.7398815923414506,108.17472076416016,62.17361068725586,0.7166666666666667,0.7166666666666667,0.0,1,13,nearest,gnn,nolag_recover,63,20,-21.630932466666536,3.429833269010219,False,False,False
False,False,False,-21.7327880859375,2.276312473851023,141.5265655517578,62.17361068725586,0.7166666666666667,0.7166666666666667,0.0,1,13,oracle,gnn,nolag_recover,63,20,-21.630932466666536,3.429833269010219,False,False,False
False,True,False,-59.30126953125,1.1060014742109705,25.216299057006836,22.799516677856445,0.7166666666666667,0.7166666666666667,0.0,1,13,nearest,gnn,nolag_recover,63,21,-8.259725099999969,1.0127562764318705,True,False,False
False,True,False,-68.1387939453125,1.1746597841153474,26.781675338745117,22.799516677856445,0.7166666666666667,0.7166666666666667,0.0,1,13,oracle,gnn,nolag_recover,63,21,-8.259725099999969,1.0127562764318705,True,False,False
False,True,False,-70.9862060546875,1.2171663016330803,30.51458168029785,25.07018280029297,0.7166666666666667,0.7166666666666667,0.0,1,13,nearest,gnn,nolag_recover,63,22,-2.9777112666668017,1.399186976911328,True,False,False
False,True,False,-65.9869384765625,1.3640693439042435,34.19746780395508,25.07018280029297,0.7166666666666667,0.7166666666666667,0.0,1,13,oracle,gnn,nolag_recover,63,22,-2.9777112666668017,1.399186976911328,True,False,False
False,True,False,-86.0635986328125,1.1030866460763253,28.824296951293945,26.130582809448242,0.7166666666666667,0.7166666666666667,0.0,1,13,nearest,gnn,nolag_recover,63,23,-16.169080699999768,1.3905714324153562,True,False,False
False,False,False,-99.11279296875,1.600284847734127,41.816375732421875,26.130582809448242,0.7166666666666667,0.7166666666666667,0.0,1,13,oracle,gnn,nolag_recover,63,23,-16.169080699999768,1.3905714324153562,True,False,False
False,False,False,-96.4462890625,9.82752635153499,282.7003173828125,28.766172409057617,0.7166666666666667,0.7166666666666667,0.0,1,14,nearest,gnn,nolag_recover,63,24,2.982131766666953,6.451625370558881,False,True,False
False,False,False,-82.7197265625,4.811394745135498,138.40541076660156,28.766172409057617,0.7166666666666667,0.7166666666666667,0.0,1,14,oracle,gnn,nolag_recover,63,24,2.982131766666953,6.451625370558881,False,True,False
False,True,False,-92.5732421875,1.3731290965541616,68.94817352294922,50.21244812011719,0.7166666666666667,0.7166666666666667,0.0,1,16,nearest,gnn,nolag_recover,63,25,8.850584566666612,0.7713043955344678,True,True,True
False,True,False,-85.5247802734375,1.3818142699947702,69.38427734375,50.21244812011719,0.7166666666666667,0.7166666666666667,0.0,1,16,oracle,gnn,nolag_recover,63,25,8.850584566666612,0.7713043955344678,True,True,True
False,True,False,-103.2491455078125,1.3145389136849905,29.450613021850586,22.403759002685547,0.7166666666666667,0.7166666666666667,0.0,1,16,nearest,gnn,nolag_recover,63,26,-1.3864141000001382,1.0025584124069644,True,False,False
False,True,False,-85.5950927734375,1.281296340156693,28.705854415893555,22.403759002685547,0.7166666666666667,0.7166666666666667,0.0,1,16,oracle,gnn,nolag_recover,63,26,-1.3864141000001382,1.0025584124069644,True,False,False
False,True,False,-76.4736328125,1.2216410115170506,27.461904525756836,22.479520797729492,0.7166666666666667,0.7166666666666667,0.0,1,15,nearest,gnn,nolag_recover,63,27,-3.2096221666668043,1.0441201709915378,True,False,False
False,True,False,-74.5447998046875,1.2368849380136662,27.804580688476562,22.479520797729492,0.7166666666666667,0.7166666666666667,0.0,1,15,oracle,gnn,nolag_recover,63,27,-3.2096221666668043,1.0441201709915378,True,False,False
False,False,False,-19.8472900390625,2.0306339272481213,118.85118865966797,58.52910614013672,0.7166666666666667,0.7166666666666667,0.0,1,14,nearest,gnn,nolag_recover,63,28,-18.0991128666667,6.5506411226236425,False,False,False
False,False,False,-10.95751953125,1.9793854600264067,115.8516616821289,58.52910614013672,0.7,0.7166666666666667,-0.01666666666666672,1,14,oracle,gnn,nolag_recover,63,28,-18.0991128666667,6.5506411226236425,False,False,False
False,True,False,-72.53759765625,1.4820100026400553,111.65269470214844,75.33869171142578,0.7166666666666667,0.7166666666666667,0.0,1,14,nearest,gnn,nolag_recover,63,29,2.4926711333332605,1.910614115375131,False,True,False
False,False,False,-80.124755859375,1.544151457149532,116.3343505859375,75.33869171142578,0.7166666666666667,0.7166666666666667,0.0,1,14,oracle,gnn,nolag_recover,63,29,2.4926711333332605,1.910614115375131,False,True,False
False,False,False,-104.7977294921875,1.982469416865258,117.18109130859375,59.10865020751953,0.7166666666666667,0.7166666666666667,0.0,1,14,nearest,gnn,nolag_recover,63,30,1.6024617666666927,0.9914394109734298,True,True,True
False,True,False,-71.69189453125,1.3035131769790187,77.04890441894531,59.10865020751953,0.7166666666666667,0.7166666666666667,0.0,1,14,oracle,gnn,nolag_recover,63,30,1.6024617666666927,0.9914394109734298,True,True,True
False,True,False,-38.0299072265625,1.457785375654925,492.9147033691406,338.1257019042969,0.75,0.7166666666666667,0.033333333333333326,1,14,nearest,gnn,nolag_recover,63,31,-20.986949333333314,1.4460783925839338,True,False,False
True,True,True,13.8299560546875,1.1638582730963096,393.5303955078125,338.1257019042969,0.7333333333333333,0.7166666666666667,0.016666666666666607,1,14,oracle,gnn,nolag_recover,63,31,-20.986949333333314,1.4460783925839338,True,False,False
False,False,False,-41.4935302734375,2.1355334563842883,316.2942199707031,148.11016845703125,0.7166666666666667,0.7166666666666667,0.0,1,15,nearest,gnn,nolag_recover,63,32,13.745268533333274,1.1172017866968909,True,True,True
False,False,False,-46.2508544921875,2.4759976461250695,366.7204284667969,148.11016845703125,0.75,0.7166666666666667,0.033333333333333326,1,15,oracle,gnn,nolag_recover,63,32,13.745268533333274,1.1172017866968909,True,True,True
False,True,False,-67.8701171875,1.1539659975693106,25.875877380371094,22.423431396484375,0.7166666666666667,0.7166666666666667,0.0,1,14,nearest,gnn,nolag_recover,63,33,-2.662215033333041,1.0560581346673765,True,False,False
False,True,False,-57.9664306640625,1.2448135201307617,27.91299057006836,22.423431396484375,0.7166666666666667,0.7166666666666667,0.0,1,14,oracle,gnn,nolag_recover,63,33,-2.662215033333041,1.0560581346673765,True,False,False
False,True,False,-62.5821533203125,1.1684346289201826,60.046077728271484,51.39019012451172,0.7,0.7166666666666667,-0.01666666666666672,1,14,nearest,gnn,nolag_recover,63,34,4.731555566666657,0.8965890329238587,True,True,True
False,True,False,-38.4010009765625,1.1820341710691282,60.74496078491211,51.39019012451172,0.7,0.7166666666666667,-0.01666666666666672,1,14,oracle,gnn,nolag_recover,63,34,4.731555566666657,0.8965890329238587,True,True,True
True,True,True,4.50537109375,1.433148664472969,419.95751953125,293.0313720703125,0.7333333333333333,0.7333333333333333,0.0,1,14,nearest,gnn,nolag_recover,63,35,-17.41411476666667,1.44680765819697,True,False,False
False,True,False,-5.2103271484375,1.1312686080017063,331.4971923828125,293.0313720703125,0.7166666666666667,0.7333333333333333,-0.016666666666666607,1,14,oracle,gnn,nolag_recover,63,35,-17.41411476666667,1.44680765819697,True,False,False
False,False,False,-68.532470703125,1.9311264968742732,106.75053405761719,55.278892517089844,0.7166666666666667,0.7166666666666667,0.0,1,14,nearest,gnn,nolag_recover,63,36,5.7928749333332235,1.0348816801753031,True,True,True
False,False,False,-63.052490234375,1.8001595469749216,99.51082611083984,55.278892517089844,0.7166666666666667,0.7166666666666667,0.0,1,14,oracle,gnn,nolag_recover,63,36,5.7928749333332235,1.0348816801753031,True,True,True
False,True,False,-161.708740234375,1.1560669663332985,1187.96337890625,1027.5904541015625,0.8833333333333333,0.7833333333333333,0.09999999999999998,1,13,nearest,gnn,nolag_recover,63,37,11.20278473333292,1.627922609739101,False,True,False
False,True,False,-30.2373046875,1.1914219505986028,1224.2938232421875,1027.5904541015625,0.8666666666666667,0.7833333333333333,0.08333333333333337,1,13,oracle,gnn,nolag_recover,63,37,11.20278473333292,1.627922609739101,False,True,False
True,True,True,9.5364990234375,1.283913635493932,131.82835388183594,102.67696380615234,0.7166666666666667,0.7166666666666667,0.0,1,13,nearest,gnn,nolag_recover,63,38,-25.65303139999969,3.5702550921486345,False,False,False
True,True,True,7.5540771484375,1.4516119132936918,149.04710388183594,102.67696380615234,0.7166666666666667,0.7166666666666667,0.0,1,13,oracle,gnn,nolag_recover,63,38,-25.65303139999969,3.5702550921486345,False,False,False
False,True,False,-45.45263671875,1.1544852440972568,28.808622360229492,24.953651428222656,0.7166666666666667,0.7166666666666667,0.0,1,12,nearest,gnn,nolag_recover,63,39,-4.43460059999984,0.9969264862939392,True,False,False
False,True,False,-50.1939697265625,1.1634782808093007,29.033031463623047,24.953651428222656,0.7166666666666667,0.7166666666666667,0.0,1,12,oracle,gnn,nolag_recover,63,39,-4.43460059999984,0.9969264862939392,True,False,False
False,True,False,-5.28125,1.3902581921477122,58.54884338378906,42.1136474609375,0.7166666666666667,0.7166666666666667,0.0,2,8,nearest,gnn,nolag_recover,63,0,12.131606033333128,1.0030017880349653,True,True,True
False,True,False,-5.07470703125,1.3680152973231496,57.61211395263672,42.1136474609375,0.7166666666666667,0.7166666666666667,0.0,2,8,oracle,gnn,nolag_recover,63,0,12.131606033333128,1.0030017880349653,True,True,True
False,True,False,-6.7410888671875,1.4893210220797979,76.62786865234375,51.45154571533203,0.7166666666666667,0.7166666666666667,0.0,2,9,nearest,gnn,nolag_recover,63,1,-4.1561371999998755,1.4042455095874147,True,False,False
False,True,False,-6.7410888671875,1.4893210220797979,76.62786865234375,51.45154571533203,0.7166666666666667,0.7166666666666667,0.0,2,9,oracle,gnn,nolag_recover,63,1,-4.1561371999998755,1.4042455095874147,True,False,False
False,True,False,-10.06103515625,1.2006151977927773,136.98309326171875,114.09408569335938,0.7166666666666667,0.7166666666666667,0.0,2,9,nearest,gnn,nolag_recover,63,2,-0.5199999000001299,0.9871094808489714,True,False,False
False,True,False,-10.06103515625,1.2006151977927773,136.98309326171875,114.09408569335938,0.7166666666666667,0.7166666666666667,0.0,2,9,oracle,gnn,nolag_recover,63,2,-0.5199999000001299,0.9871094808489714,True,False,False
True,True,True,34.9482421875,0.8681836528085731,113.20209503173828,130.3895721435547,0.7166666666666667,0.7166666666666667,0.0,2,9,nearest,gnn,nolag_recover,63,3,-22.768579600000066,0.23047024594582585,True,False,False
True,True,True,35.1900634765625,1.0027092367877166,130.74282836914062,130.3895721435547,0.7166666666666667,0.7166666666666667,0.0,2,9,oracle,gnn,nolag_recover,63,3,-22.768579600000066,0.23047024594582585,True,False,False
True,True,True,28.22509765625,0.7242903014039731,95.6565170288086,132.06930541992188,0.7166666666666667,0.7166666666666667,0.0,2,9,nearest,gnn,nolag_recover,63,4,2.8580804999999145,0.8165524235713452,True,True,True
True,True,True,25.5867919921875,0.897977526817691,118.59526824951172,132.06930541992188,0.7166666666666667,0.7166666666666667,0.0,2,9,oracle,gnn,nolag_recover,63,4,2.8580804999999145,0.8165524235713452,True,True,True
False,True,False,-5.8929443359375,1.365712479082716,106.58147430419922,78.04093170166016,0.7166666666666667,0.7166666666666667,0.0,2,9,nearest,gnn,nolag_recover,63,5,-4.4255741333333845,0.9962409625497797,True,False,False
False,False,False,-12.7320556640625,1.596119789449213,124.56267547607422,78.04093170166016,0.7166666666666667,0.7166666666666667,0.0,2,9,oracle,gnn,nolag_recover,63,5,-4.4255741333333845,0.9962409625497797,True,False,False
False,True,False,-8.4208984375,1.3366814156148978,120.59703063964844,90.22122192382812,0.7166666666666667,0.7166666666666667,0.0,2,8,nearest,gnn,nolag_recover,63,6,-4.957508899999766,1.013764245550162,True,False,False
False,True,False,-7.21240234375,1.2590715164446658,113.594970703125,90.22122192382812,0.7166666666666667,0.7166666666666667,0.0,2,8,oracle,gnn,nolag_recover,63,6,-4.957508899999766,1.013764245550162,True,False,False
False,False,False,-6.818115234375,1.5907498767246728,110.41169738769531,69.40858459472656,0.7166666666666667,0.7166666666666667,0.0,2,8,nearest,gnn,nolag_recover,63,7,-0.5063356666664731,0.9880883343861075,True,False,False
False,False,False,-7.680419921875,1.6219898121708307,112.58001708984375,69.40858459472656,0.7166666666666667,0.7166666666666667,0.0,2,8,oracle,gnn,nolag_recover,63,7,-0.5063356666664731,0.9880883343861075,True,False,False
False,False,False,-39.430419921875,1.7168048526380773,237.5889892578125,138.3902130126953,0.7166666666666667,0.7166666666666667,0.0,2,8,nearest,gnn,nolag_recover,63,8,-0.6829712666667547,0.9406535064788225,True,False,False
False,False,False,-35.8385009765625,1.9448267558413375,269.1449890136719,138.3902130126953,0.7166666666666667,0.7166666666666667,0.0,2,8,oracle,gnn,nolag_recover,63,8,-0.6829712666667547,0.9406535064788225,True,False,False
False,False,False,-22.195556640625,1.5001865624325308,244.60052490234375,163.04673767089844,0.7166666666666667,0.7166666666666667,0.0,2,8,nearest,gnn,nolag_recover,63,9,-42.35036156666661,1.8482342666665583,False,False,False
False,False,True,3.913330078125,1.5533944302293468,253.27589416503906,163.04673767089844,0.7166666666666667,0.7166666666666667,0.0,2,8,oracle,gnn,nolag_recover,63,9,-42.35036156666661,1.8482342666665583,False,False,False
False,False,False,-11.051025390625,1.905137276583563,99.46688842773438,52.2098274230957,0.7166666666666667,0.7166666666666667,0.0,2,8,nearest,gnn,nolag_recover,63,10,-3.3390587999999752,1.0067702414644029,True,False,False
False,False,False,-13.1474609375,2.2863012460533167,119.36739349365234,52.2098274230957,0.7166666666666667,0.7166666666666667,0.0,2,8,oracle,gnn,nolag_recover,63,10,-3.3390587999999752,1.0067702414644029,True,False,False
False,True,False,-154.478271484375,1.3381987630359375,721.7117309570312,539.3157958984375,0.8333333333333334,0.7333333333333333,0.10000000000000009,2,9,nearest,gnn,nolag_recover,63,11,5.4966762000003655,2.25800861416897,False,True,False
False,False,False,-33.05517578125,1.813256904873729,977.9180908203125,539.3157958984375,0.8333333333333334,0.7333333333333333,0.10000000000000009,2,9,oracle,gnn,nolag_recover,63,11,5.4966762000003655,2.25800861416897,False,True,False
False,True,False,-5.7655029296875,1.055833601618736,84.27123260498047,79.81488037109375,0.7166666666666667,0.7166666666666667,0.0,2,9,nearest,gnn,nolag_recover,63,12,-65.28377756666669,1.5062833050770188,False,False,False
False,True,False,-6.684326171875,0.9194293053307099,73.38414001464844,79.81488037109375,0.7166666666666667,0.7166666666666667,0.0,2,9,oracle,gnn,nolag_recover,63,12,-65.28377756666669,1.5062833050770188,False,False,False
False,True,False,-3.6239013671875,1.094139356062014,101.27442932128906,92.5608139038086,0.7166666666666667,0.7166666666666667,0.0,2,9,nearest,gnn,nolag_recover,63,13,-54.03364236666653,1.2152186566550685,True,False,False
False,True,False,-2.3216552734375,1.4921787441958878,138.11727905273438,92.5608139038086,0.7166666666666667,0.7166666666666667,0.0,2,9,oracle,gnn,nolag_recover,63,13,-54.03364236666653,1.2152186566550685,True,False,False
False,False,False,-84.1588134765625,2.4525353057033903,321.4866027832031,131.0833740234375,0.7166666666666667,0.7166666666666667,0.0,2,10,nearest,gnn,nolag_recover,63,14,-20.563789499999984,1.6958009186629721,False,False,False
False,False,False,-89.68505859375,2.5173453091024225,329.98211669921875,131.0833740234375,0.7166666666666667,0.7166666666666667,0.0,2,10,oracle,gnn,nolag_recover,63,14,-20.563789499999984,1.6958009186629721,False,False,False
False,True,False,-62.86962890625,1.1490702501543577,26.00135040283203,22.628164291381836,0.7166666666666667,0.7166666666666667,0.0,2,9,nearest,gnn,nolag_recover,63,15,-23.74860396666668,1.0705247888902134,True,False,False
False,True,False,-79.2061767578125,1.3163017361820852,29.785491943359375,22.628164291381836,0.7166666666666667,0.7166666666666667,0.0,2,9,oracle,gnn,nolag_recover,63,15,-23.74860396666668,1.0705247888902134,True,False,False
False,True,False,-17.9150390625,0.9736576399213038,334.5162048339844,343.5665588378906,0.7166666666666667,0.7333333333333333,-0.016666666666666607,2,10,nearest,gnn,nolag_recover,63,16,10.268215300000065,0.8656969776862233,True,True,True
False,True,False,-54.7393798828125,1.0975015164786535,377.0648193359375,343.5665588378906,0.7333333333333333,0.7333333333333333,0.0,2,10,oracle,gnn,nolag_recover,63,16,10.268215300000065,0.8656969776862233,True,True,True
False,True,False,-14.3165283203125,1.1846685836413642,142.75711059570312,120.50383758544922,0.7166666666666667,0.7166666666666667,0.0,2,9,nearest,gnn,nolag_recover,63,17,-12.959618399999954,1.0568229473368873,True,False,False
False,True,False,-13.7264404296875,1.212801728987338,146.1472625732422,120.50383758544922,0.7166666666666667,0.7166666666666667,0.0,2,9,oracle,gnn,nolag_recover,63,17,-12.959618399999954,1.0568229473368873,True,False,False
False,False,False,-73.869873046875,2.312882611569901,252.2454071044922,109.06105041503906,0.7166666666666667,0.7166666666666667,0.0,2,9,nearest,gnn,nolag_recover,63,18,-37.76934860000006,12.214361561244544,False,False,False
False,False,False,-36.5904541015625,2.2442893769434447,244.76455688476562,109.06105041503906,0.7166666666666667,0.7166666666666667,0.0,2,9,oracle,gnn,nolag_recover,63,18,-37.76934860000006,12.214361561244544,False,False,False
False,True,False,-69.467529296875,1.2389829507632997,797.8405151367188,643.9479370117188,0.7833333333333333,0.75,0.033333333333333326,2,10,nearest,gnn,nolag_recover,63,19,-7.271376533333751,1.4197555579824666,True,False,False
False,True,False,-72.458740234375,1.288660485630793,829.8302612304688,643.9479370117188,0.8,0.75,0.050000000000000044,2,10,oracle,gnn,nolag_recover,63,19,-7.271376533333751,1.4197555579824666,True,False,False
False,False,False,-8.1744384765625,1.5344727185223075,95.4037094116211,62.17361068725586,0.7166666666666667,0.7166666666666667,0.0,2,9,nearest,gnn,nolag_recover,63,20,-32.714236633333485,1.0482042932653748,True,False,False
False,False,False,-6.1717529296875,1.5881262003066674,98.73954010009766,62.17361068725586,0.7166666666666667,0.7166666666666667,0.0,2,9,oracle,gnn,nolag_recover,63,20,-32.714236633333485,1.0482042932653748,True,False,False
False,True,False,-51.4505615234375,1.1524217190377424,26.274658203125,22.799516677856445,0.7166666666666667,0.7166666666666667,0.0,2,9,nearest,gnn,nolag_recover,63,21,-13.1416330666666,1.0376121988585039,True,False,False
False,True,False,-49.6915283203125,1.1416514960915674,26.029102325439453,22.799516677856445,0.7166666666666667,0.7166666666666667,0.0,2,9,oracle,gnn,nolag_recover,63,21,-13.1416330666666,1.0376121988585039,True,False,False
False,True,False,-35.5157470703125,1.2266859332580442,30.75324058532715,25.07018280029297,0.7166666666666667,0.7166666666666667,0.0,2,9,nearest,gnn,nolag_recover,63,22,4.698237733333372,1.0713701443805672,True,True,True
False,True,False,-45.5416259765625,1.2309369235961423,30.859813690185547,25.07018280029297,0.7166666666666667,0.7166666666666667,0.0,2,9,oracle,gnn,nolag_recover,63,22,4.698237733333372,1.0713701443805672,True,True,True
False,False,False,-45.2115478515625,1.5424747139606558,40.305763244628906,26.130582809448242,0.7166666666666667,0.7166666666666667,0.0,2,8,nearest,gnn,nolag_recover,63,23,-13.47291610000002,1.0660973337841813,True,False,False
False,False,False,-45.2115478515625,1.5424747139606558,40.305763244628906,26.130582809448242,0.7166666666666667,0.7166666666666667,0.0,2,8,oracle,gnn,nolag_recover,63,23,-13.47291610000002,1.0660973337841813,True,False,False
False,False,False,-36.5313720703125,3.371248141546354,96.9779052734375,28.766172409057617,0.7166666666666667,0.7166666666666667,0.0,2,7,nearest,gnn,nolag_recover,63,24,-7.21626973333332,1.1125502899815327,True,False,False
False,False,False,-35.930908203125,3.3400586761796154,96.08070373535156,28.766172409057617,0.7166666666666667,0.7166666666666667,0.0,2,7,oracle,gnn,nolag_recover,63,24,-7.21626973333332,1.1125502899815327,True,False,False
False,True,False,-41.699462890625,1.0184021110254495,51.1364631652832,50.21244812011719,0.7166666666666667,0.7166666666666667,0.0,2,8,nearest,gnn,nolag_recover,63,25,4.302289400000063,0.8674704633688386,True,True,True
False,True,False,-58.9296875,1.0638460757711907,53.41831588745117,50.21244812011719,0.7166666666666667,0.7166666666666667,0.0,2,8,oracle,gnn,nolag_recover,63,25,4.302289400000063,0.8674704633688386,True,True,True
False,True,False,-48.576416015625,1.1099403695991716,24.866836547851562,22.403759002685547,0.7166666666666667,0.7166666666666667,0.0,2,8,nearest,gnn,nolag_recover,63,26,1.6385079333333579,1.121366126142733,True,True,True
False,True,False,-48.9525146484375,1.2334054882580674,27.632919311523438,22.403759002685547,0.7166666666666667,0.7166666666666667,0.0,2,8,oracle,gnn,nolag_recover,63,26,1.6385079333333579,1.121366126142733,True,True,True
False,False,False,-110.345947265625,1.6235107112042066,36.49574279785156,22.479520797729492,0.7166666666666667,0.7166666666666667,0.0,2,8,nearest,gnn,nolag_recover,63,27,-9.650312166666708,1.1421111502863939,True,False,False
False,False,False,-91.0643310546875,1.5261815907575789,34.307830810546875,22.479520797729492,0.7166666666666667,0.7166666666666667,0.0,2,8,oracle,gnn,nolag_recover,63,27,-9.650312166666708,1.1421111502863939,True,False,False
False,True,False,-61.759033203125,1.102957338219627,64.55510711669922,58.52910614013672,0.7166666666666667,0.7166666666666667,0.0,2,7,nearest,gnn,nolag_recover,63,28,2.664665500000183,2.708102900618581,False,True,False
False,True,False,-8.603271484375,0.6010901089183418,35.18126678466797,58.52910614013672,0.7166666666666667,0.7166666666666667,0.0,2,7,oracle,gnn,nolag_recover,63,28,2.664665500000183,2.708102900618581,False,True,False
False,True,False,-24.171630859375,1.048512105519579,78.9935302734375,75.33869171142578,0.7166666666666667,0.7166666666666667,0.0,2,6,nearest,gnn,nolag_recover,63,29,-20.977173600000015,1.8008694063953747,False,False,False
False,False,False,-28.3282470703125,1.5265232395251223,115.00626373291016,75.33869171142578,0.7166666666666667,0.7166666666666667,0.0,2,6,oracle,gnn,nolag_recover,63,29,-20.977173600000015,1.8008694063953747,False,False,False
False,True,False,-86.4100341796875,1.329887786868752,78.60787200927734,59.10865020751953,0.7166666666666667,0.7166666666666667,0.0,2,7,nearest,gnn,nolag_recover,63,30,-3.6166094000000157,1.1223183655863023,True,False,False
False,True,False,-33.166015625,1.1613118779516822,68.6435775756836,59.10865020751953,0.7166666666666667,0.7166666666666667,0.0,2,7,oracle,gnn,nolag_recover,63,30,-3.6166094000000157,1.1223183655863023,True,False,False
False,True,False,-1.18212890625,1.0084699021264378,340.9895935058594,338.1257019042969,0.7166666666666667,0.7166666666666667,0.0,2,7,nearest,gnn,nolag_recover,63,31,-10.999240600000121,1.5451214395065802,False,False,False
True,True,True,84.8636474609375,0.4615705854209269,156.06887817382812,338.1257019042969,0.7166666666666667,0.7166666666666667,0.0,2,7,oracle,gnn,nolag_recover,63,31,-10.999240600000121,1.5451214395065802,False,False,False
False,True,False,-2.9632568359375,0.9738985476608162,144.24427795410156,148.11016845703125,0.7166666666666667,0.7166666666666667,0.0,2,7,nearest,gnn,nolag_recover,63,32,-11.495344966666607,0.5633980664675138,True,False,False
True,True,True,21.624755859375,0.9680927761342137,143.38438415527344,148.11016845703125,0.7166666666666667,0.7166666666666667,0.0,2,7,oracle,gnn,nolag_recover,63,32,-11.495344966666607,0.5633980664675138,True,False,False
False,True,False,-43.7269287109375,1.0514473216825377,23.577056884765625,22.423431396484375,0.7166666666666667,0.7166666666666667,0.0,2,7,nearest,gnn,nolag_recover,63,33,-9.13139853333314,1.014321728453166,True,False,False
False,True,False,-51.5723876953125,1.1760075588176453,26.37012481689453,22.423431396484375,0.7166666666666667,0.7166666666666667,0.0,2,7,oracle,gnn,nolag_recover,63,33,-9.13139853333314,1.014321728453166,True,False,False
False,True,False,-46.7086181640625,0.9875080446835313,50.748226165771484,51.39019012451172,0.7166666666666667,0.7166666666666667,0.0,2,6,nearest,gnn,nolag_recover,63,34,-5.183429799999885,0.6083811681241181,True,False,False
False,True,False,-32.62109375,1.0026387304283149,51.525794982910156,51.39019012451172,0.7166666666666667,0.7166666666666667,0.0,2,6,oracle,gnn,nolag_recover,63,34,-5.183429799999885,0.6083811681241181,True,False,False
False,True,False,-67.4432373046875,1.1574913362268815,339.1812744140625,293.0313720703125,0.75,0.7333333333333333,0.01666666666666672,2,6,nearest,gnn,nolag_recover,63,35,-3.4205675333332692,1.0301818418948794,True,False,False
False,False,False,-75.0609130859375,2.6861762464939787,787.1339111328125,293.0313720703125,0.7666666666666667,0.7333333333333333,0.03333333333333344,2,6,oracle,gnn,nolag_recover,63,35,-3.4205675333332692,1.0301818418948794,True,False,False
False,False,False,-98.2994384765625,3.8824685339827467,214.61856079101562,55.278892517089844,0.7166666666666667,0.7166666666666667,0.0,2,6,nearest,gnn,nolag_recover,63,36,-8.436170533333552,1.0353471679255617,True,False,False
False,False,False,-114.144775390625,2.6530050658924864,146.65518188476562,55.278892517089844,0.7166666666666667,0.7166666666666667,0.0,2,6,oracle,gnn,nolag_recover,63,36,-8.436170533333552,1.0353471679255617,True,False,False
False,True,False,-85.00048828125,0.9920245506633922,1019.3949584960938,1027.5904541015625,0.8,0.7833333333333333,0.01666666666666672,2,6,nearest,gnn,nolag_recover,63,37,24.095910833333164,1.6052451618941077,False,True,False
True,True,True,16.615234375,1.1759805540993542,1208.4263916015625,1027.5904541015625,0.8666666666666667,0.7833333333333333,0.08333333333333337,2,6,oracle,gnn,nolag_recover,63,37,24.095910833333164,1.6052451618941077,False,True,False
False,True,False,-4.644287109375,1.0459771549794454,107.39775848388672,102.67696380615234,0.7166666666666667,0.7166666666666667,0.0,2,6,nearest,gnn,nolag_recover,63,38,-75.77160163333315,8.13262219653909,False,False,False
False,True,False,-6.4100341796875,1.1188102310322985,114.87603759765625,102.67696380615234,0.7166666666666667,0.7166666666666667,0.0,2,6,oracle,gnn,nolag_recover,63,38,-75.77160163333315,8.13262219653909,False,False,False
False,True,False,-20.4749755859375,0.970684557705096,24.222124099731445,24.953651428222656,0.7166666666666667,0.7166666666666667,0.0,2,6,nearest,gnn,nolag_recover,63,39,-22.225997766666524,1.0572715757466593,True,False,False
False,True,False,-33.0159912109375,0.9702962645896552,24.212434768676758,24.953651428222656,0.7166666666666667,0.7166666666666667,0.0,2,6,oracle,gnn,nolag_recover,63,39,-22.225997766666524,1.0572715757466593,True,False,False
False,True,False,-3.113525390625,1.4948960311019,62.95552444458008,42.1136474609375,0.7166666666666667,0.7166666666666667,0.0,3,12,nearest,gnn,nolag_recover,63,0,12.320336800000177,1.043770184929961,True,True,True
False,True,False,-3.2069091796875,1.371172770619864,57.745086669921875,42.1136474609375,0.7166666666666667,0.7166666666666667,0.0,3,12,oracle,gnn,nolag_recover,63,0,12.320336800000177,1.043770184929961,True,True,True
False,True,False,-4.1356201171875,1.2331871805704064,63.44938659667969,51.45154571533203,0.7166666666666667,0.7166666666666667,0.0,3,12,nearest,gnn,nolag_recover,63,1,-2.8419093999998495,0.9969618154689869,True,False,False
False,True,False,-4.283447265625,1.4060677739756344,72.3443603515625,51.45154571533203,0.7166666666666667,0.7166666666666667,0.0,3,12,oracle,gnn,nolag_recover,63,1,-2.8419093999998495,0.9969618154689869,True,False,False
False,False,False,-41.9285888671875,1.7031645239505862,194.3209991455078,114.09408569335938,0.7333333333333333,0.7166666666666667,0.016666666666666607,3,12,nearest,gnn,nolag_recover,63,2,-5.625351666666575,1.0231019184085337,True,False,False
False,False,False,-41.9285888671875,1.7031645239505862,194.3209991455078,114.09408569335938,0.7333333333333333,0.7166666666666667,0.016666666666666607,3,12,oracle,gnn,nolag_recover,63,2,-5.625351666666575,1.0231019184085337,True,False,False
False,True,False,-3.0399169921875,0.9902369877115966,129.1165771484375,130.3895721435547,0.7166666666666667,0.7166666666666667,0.0,3,12,nearest,gnn,nolag_recover,63,3,-9.3384285333334,1.0616895853984636,True,False,False
False,True,False,-3.2386474609375,1.0956246721116658,142.8580322265625,130.3895721435547,0.7166666666666667,0.7166666666666667,0.0,3,12,oracle,gnn,nolag_recover,63,3,-9.3384285333334,1.0616895853984636,True,False,False
False,True,False,-0.3387451171875,1.0396640483847226,137.30770874023438,132.06930541992188,0.7166666666666667,0.7166666666666667,0.0,3,12,nearest,gnn,nolag_recover,63,4,-33.06077110000001,1.6730972988458537,False,False,False
False,True,False,-2.062255859375,1.1428978611240703,150.9417266845703,132.06930541992188,0.7166666666666667,0.7166666666666667,0.0,3,12,oracle,gnn,nolag_recover,63,4,-33.06077110000001,1.6730972988458537,False,False,False
False,True,False,-3.0438232421875,1.1585955629402382,90.41787719726562,78.04093170166016,0.7166666666666667,0.7166666666666667,0.0,3,12,nearest,gnn,nolag_recover,63,5,1.3837798333333922,1.0168453014634122,True,True,True
False,True,False,-3.1258544921875,1.142369215467308,89.15155792236328,78.04093170166016,0.7166666666666667,0.7166666666666667,0.0,3,12,oracle,gnn,nolag_recover,63,5,1.3837798333333922,1.0168453014634122,True,True,True
False,False,False,-22.01953125,2.0361505955447377,183.70399475097656,90.22122192382812,0.7166666666666667,0.7166666666666667,0.0,3,12,nearest,gnn,nolag_recover,63,6,-7.455960033333213,1.4787119360100955,True,False,False
False,True,False,-4.005126953125,1.491882948305844,134.59950256347656,90.22122192382812,0.7166666666666667,0.7166666666666667,0.0,3,12,oracle,gnn,nolag_recover,63,6,-7.455960033333213,1.4787119360100955,True,False,False
False,True,False,-4.4471435546875,1.3517508394044004,93.82311248779297,69.40858459472656,0.7166666666666667,0.7166666666666667,0.0,3,12,nearest,gnn,nolag_recover,63,7,0.14548800000011397,0.9921612591804292,True,True,True
False,False,False,-4.597900390625,1.885322838460847,130.8575897216797,69.40858459472656,0.7166666666666667,0.7166666666666667,0.0,3,12,oracle,gnn,nolag_recover,63,7,0.14548800000011397,0.9921612591804292,True,True,True
False,False,False,-59.946533203125,2.3800421653091375,329.3745422363281,138.3902130126953,0.7166666666666667,0.7166666666666667,0.0,3,11,nearest,gnn,nolag_recover,63,8,10.896690533333185,0.9922444651167703,True,True,True
False,False,False,-63.399169921875,2.6734717887046324,369.9823303222656,138.3902130126953,0.7166666666666667,0.7166666666666667,0.0,3,11,oracle,gnn,nolag_recover,63,8,10.896690533333185,0.9922444651167703,True,True,True
False,False,False,-99.05322265625,3.389722698129818,552.6832275390625,163.04673767089844,0.7666666666666667,0.7166666666666667,0.050000000000000044,3,12,nearest,gnn,nolag_recover,63,9,-31.223604366666677,1.156083121760985,True,False,False
False,False,False,-62.347412109375,2.466605418162356,402.1719665527344,163.04673767089844,0.75,0.7166666666666667,0.033333333333333326,3,12,oracle,gnn,nolag_recover,63,9,-31.223604366666677,1.156083121760985,True,False,False
False,False,False,-5.8958740234375,1.692956405998235,88.38896179199219,52.2098274230957,0.7166666666666667,0.7166666666666667,0.0,3,12,nearest,gnn,nolag_recover,63,10,2.1471656666667513,0.9901513457970097,True,True,True
False,False,False,-6.36767578125,1.6395278176812715,85.5994644165039,52.2098274230957,0.7166666666666667,0.7166666666666667,0.0,3,12,oracle,gnn,nolag_recover,63,10,2.1471656666667513,0.9901513457970097,True,True,True
False,False,True,70.990478515625,2.611505463352252,1408.4261474609375,539.3157958984375,0.7833333333333333,0.7333333333333333,0.050000000000000044,3,12,nearest,gnn,nolag_recover,63,11,73.05658733333348,3.3795194707093223,False,True,False
False,False,True,32.859375,2.605929052811462,1405.418701171875,539.3157958984375,0.7833333333333333,0.7333333333333333,0.050000000000000044,3,12,oracle,gnn,nolag_recover,63,11,73.05658733333348,3.3795194707093223,False,True,False
False,False,False,-48.0755615234375,3.750923577278049,299.3795166015625,79.81488037109375,0.7166666666666667,0.7166666666666667,0.0,3,12,nearest,gnn,nolag_recover,63,12,-126.14401343333361,23.341187137207648,False,False,False
False,False,False,-44.9246826171875,3.5193436961597078,280.89599609375,79.81488037109375,0.7166666666666667,0.7166666666666667,0.0,3,12,oracle,gnn,nolag_recover,63,12,-126.14401343333361,23.341187137207648,False,False,False
True,True,True,2.9029541015625,0.9656367871398686,89.380126953125,92.5608139038086,0.7166666666666667,0.7166666666666667,0.0,3,12,nearest,gnn,nolag_recover,63,13,2.4841152333335685,0.922699162334029,True,True,True
True,True,True,3.9141845703125,0.9390171438142235,86.91619110107422,92.5608139038086,0.7166666666666667,0.7166666666666667,0.0,3,12,oracle,gnn,nolag_recover,63,13,2.4841152333335685,0.922699162334029,True,True,True
False,False,False,-123.7767333984375,7.275556300548967,953.7044677734375,131.0833740234375,0.7833333333333333,0.7166666666666667,0.06666666666666665,3,11,nearest,gnn,nolag_recover,63,14,-28.280023366666683,5.408429581327414,False,False,False
False,False,False,-123.6370849609375,7.921378982804621,1038.361083984375,131.0833740234375,0.7833333333333333,0.7166666666666667,0.06666666666666665,3,11,oracle,gnn,nolag_recover,63,14,-28.280023366666683,5.408429581327414,False,False,False
False,True,False,-29.2587890625,1.3435727967935736,30.402585983276367,22.628164291381836,0.7166666666666667,0.7166666666666667,0.0,3,12,nearest,gnn,nolag_recover,63,15,-53.88535713333317,2.850651546088366,False,False,False
False,True,False,-39.2010498046875,1.4734216842588828,33.34082794189453,22.628164291381836,0.7166666666666667,0.7166666666666667,0.0,3,12,oracle,gnn,nolag_recover,63,15,-53.88535713333317,2.850651546088366,False,False,False
False,False,False,-11.35546875,3.662985280941383,1258.479248046875,343.5665588378906,0.7833333333333333,0.7333333333333333,0.050000000000000044,3,13,nearest,gnn,nolag_recover,63,16,55.764320433333296,4.4726829182547165,False,True,False
False,False,False,-13.8404541015625,3.788980785111799,1301.76708984375,343.5665588378906,0.7833333333333333,0.7333333333333333,0.050000000000000044,3,13,oracle,gnn,nolag_recover,63,16,55.764320433333296,4.4726829182547165,False,True,False
True,True,True,31.4986572265625,0.89756733897536,108.16030883789062,120.50383758544922,0.7166666666666667,0.7166666666666667,0.0,3,13,nearest,gnn,nolag_recover,63,17,-51.66782950000015,12.778804608970963,False,False,False
True,True,True,30.1649169921875,0.8059670601726062,97.12212371826172,120.50383758544922,0.7166666666666667,0.7166666666666667,0.0,3,13,oracle,gnn,nolag_recover,63,17,-51.66782950000015,12.778804608970963,False,False,False
False,False,False,-11.028564453125,1.822612339408948,198.77601623535156,109.06105041503906,0.7166666666666667,0.7166666666666667,0.0,3,13,nearest,gnn,nolag_recover,63,18,-7.213513300000159,4.352721867828735,False,False,False
False,False,False,-46.2401123046875,2.0408582111739544,222.57814025878906,109.06105041503906,0.7166666666666667,0.7166666666666667,0.0,3,13,oracle,gnn,nolag_recover,63,18,-7.213513300000159,4.352721867828735,False,False,False
False,False,False,-29.13818359375,2.2975469371286117,1479.5006103515625,643.9479370117188,0.8166666666666667,0.75,0.06666666666666665,3,13,nearest,gnn,nolag_recover,63,19,99.59976806666646,2.8917868802215994,False,True,False
False,False,False,-52.1025390625,2.3009752291917978,1481.708251953125,643.9479370117188,0.8,0.75,0.050000000000000044,3,13,oracle,gnn,nolag_recover,63,19,99.59976806666646,2.8917868802215994,False,True,False
False,False,False,-2.97412109375,1.5726773588562684,97.7790298461914,62.17361068725586,0.7166666666666667,0.7166666666666667,0.0,3,13,nearest,gnn,nolag_recover,63,20,-102.58979799999997,18.18683362043013,False,False,False
False,False,False,-4.5758056640625,1.781565584286937,110.76636505126953,62.17361068725586,0.7166666666666667,0.7166666666666667,0.0,3,13,oracle,gnn,nolag_recover,63,20,-102.58979799999997,18.18683362043013,False,False,False
False,True,False,-33.3154296875,1.2867065941200717,29.336288452148438,22.799516677856445,0.7166666666666667,0.7166666666666667,0.0,3,14,nearest,gnn,nolag_recover,63,21,-20.962325133333252,1.0823720354496358,True,False,False
False,True,False,-45.7718505859375,1.2400526104752636,28.272600173950195,22.799516677856445,0.7166666666666667,0.7166666666666667,0.0,3,14,oracle,gnn,nolag_recover,63,21,-20.962325133333252,1.0823720354496358,True,False,False
False,True,False,-45.58349609375,1.2842847791493546,32.1972541809082,25.07018280029297,0.7166666666666667,0.7166666666666667,0.0,3,14,nearest,gnn,nolag_recover,63,22,-32.83853446666649,22.760238239997552,False,False,False
False,True,False,-53.5291748046875,1.418778733651471,35.56904220581055,25.07018280029297,0.7166666666666667,0.7166666666666667,0.0,3,14,oracle,gnn,nolag_recover,63,22,-32.83853446666649,22.760238239997552,False,False,False
False,True,False,-36.60546875,1.4558929444346187,38.043331146240234,26.130582809448242,0.7166666666666667,0.7166666666666667,0.0,3,14,nearest,gnn,nolag_recover,63,23,-18.586780399999725,1.1664151618510272,True,False,False
False,True,False,-46.8387451171875,1.4283648167792717,37.324005126953125,26.130582809448242,0.7166666666666667,0.7166666666666667,0.0,3,14,oracle,gnn,nolag_recover,63,23,-18.586780399999725,1.1664151618510272,True,False,False
False,True,False,-39.382568359375,1.227611845541359,35.31369400024414,28.766172409057617,0.7166666666666667,0.7166666666666667,0.0,3,13,nearest,gnn,nolag_recover,63,24,0.1306944000000385,0.9939638696884856,True,True,True
False,True,False,-39.382568359375,1.227611845541359,35.31369400024414,28.766172409057617,0.7166666666666667,0.7166666666666667,0.0,3,13,oracle,gnn,nolag_recover,63,24,0.1306944000000385,0.9939638696884856,True,True,True
False,False,False,-49.51220703125,2.666248116295416,133.87884521484375,50.21244812011719,0.7166666666666667,0.7166666666666667,0.0,3,12,nearest,gnn,nolag_recover,63,25,13.978897266666763,22.935969888252462,False,True,False
False,False,False,-52.601318359375,2.6238115453655624,131.7480010986328,50.21244812011719,0.7166666666666667,0.7166666666666667,0.0,3,12,oracle,gnn,nolag_recover,63,25,13.978897266666763,22.935969888252462,False,True,False
False,False,False,-66.281005859375,1.5725637156136776,35.23133850097656,22.403759002685547,0.7166666666666667,0.7166666666666667,0.0,3,12,nearest,gnn,nolag_recover,63,26,-59.44368683333323,28.358198257442616,False,False,False
False,False,False,-66.635986328125,1.565134477016985,35.06489562988281,22.403759002685547,0.7166666666666667,0.7166666666666667,0.0,3,12,oracle,gnn,nolag_recover,63,26,-59.44368683333323,28.358198257442616,False,False,False
False,True,False,-51.3265380859375,1.2742943741434036,28.645526885986328,22.479520797729492,0.7166666666666667,0.7166666666666667,0.0,3,12,nearest,gnn,nolag_recover,63,27,-71.6556297333334,1.5120180443129845,False,False,False
False,True,False,-51.3265380859375,1.2742943741434036,28.645526885986328,22.479520797729492,0.7166666666666667,0.7166666666666667,0.0,3,12,oracle,gnn,nolag_recover,63,27,-71.6556297333334,1.5120180443129845,False,False,False
False,False,True,15.8031005859375,1.828879830573496,107.0427017211914,58.52910614013672,0.7166666666666667,0.7166666666666667,0.0,3,13,nearest,gnn,nolag_recover,63,28,-18.777340666666532,4.810843997961585,False,False,False
True,True,True,41.17333984375,0.9517650788428431,55.70595932006836,58.52910614013672,0.7,0.7166666666666667,-0.01666666666666672,3,13,oracle,gnn,nolag_recover,63,28,-18.777340666666532,4.810843997961585,False,False,False
False,False,False,-87.8731689453125,6.455974520174752,486.3846740722656,75.33869171142578,0.7166666666666667,0.7166666666666667,0.0,3,13,nearest,gnn,nolag_recover,63,29,-24.664687766666702,2.9476442792634847,False,False,False
False,False,False,-79.72412109375,1.874310681753025,141.20811462402344,75.33869171142578,0.7166666666666667,0.7166666666666667,0.0,3,13,oracle,gnn,nolag_recover,63,29,-24.664687766666702,2.9476442792634847,False,False,False
False,True,False,-62.1588134765625,1.1885434106456945,70.2531967163086,59.10865020751953,0.7166666666666667,0.7166666666666667,0.0,3,13,nearest,gnn,nolag_recover,63,30,-10.434985433333395,1.0963103522455644,True,False,False
False,True,False,-49.1429443359375,0.8451817098417307,49.957550048828125,59.10865020751953,0.7166666666666667,0.7166666666666667,0.0,3,13,oracle,gnn,nolag_recover,63,30,-10.434985433333395,1.0963103522455644,True,False,False
False,False,False,-14.6484375,1.8262967879193153,617.5178833007812,338.1257019042969,0.75,0.7166666666666667,0.033333333333333326,3,12,nearest,gnn,nolag_recover,63,31,-52.20096990000002,0.9177004311118329,True,False,False
False,False,False,-36.4505615234375,2.378901311704835,804.36767578125,338.1257019042969,0.7833333333333333,0.7166666666666667,0.06666666666666665,3,12,oracle,gnn,nolag_recover,63,31,-52.20096990000002,0.9177004311118329,True,False,False
False,False,False,-121.3974609375,6.270696029113543,928.7538452148438,148.11016845703125,0.7833333333333333,0.7166666666666667,0.06666666666666665,3,14,nearest,gnn,nolag_recover,63,32,21.554892699999982,12.15903390869932,False,True,False
False,False,False,-123.5081787109375,6.8889722690291135,1020.3268432617188,148.11016845703125,0.7833333333333333,0.7166666666666667,0.06666666666666665,3,14,oracle,gnn,nolag_recover,63,32,21.554892699999982,12.15903390869932,False,True,False
False,True,False,-46.5240478515625,1.3594827504079503,30.484268188476562,22.423431396484375,0.7166666666666667,0.7166666666666667,0.0,3,14,nearest,gnn,nolag_recover,63,33,-59.06589989999998,3.6498787528401846,False,False,False
False,True,False,-52.0447998046875,1.3037472729598745,29.234487533569336,22.423431396484375,0.7166666666666667,0.7166666666666667,0.0,3,14,oracle,gnn,nolag_recover,63,33,-59.06589989999998,3.6498787528401846,False,False,False
False,False,False,-58.4249267578125,2.4858190137347895,127.74671173095703,51.39019012451172,0.7166666666666667,0.7166666666666667,0.0,3,13,nearest,gnn,nolag_recover,63,34,56.048252866666644,4.003933473806334,False,True,False
False,False,False,-58.4249267578125,2.4858190137347895,127.74671173095703,51.39019012451172,0.7166666666666667,0.7166666666666667,0.0,3,13,oracle,gnn,nolag_recover,63,34,56.048252866666644,4.003933473806334,False,True,False
False,False,False,-16.0994873046875,4.33428729609046,1270.0821533203125,293.0313720703125,0.8,0.7333333333333333,0.06666666666666676,3,12,nearest,gnn,nolag_recover,63,35,-81.15524140000002,19.578340576584345,False,False,False
False,False,False,-13.111328125,4.33500464275761,1270.2923583984375,293.0313720703125,0.8,0.7333333333333333,0.06666666666666676,3,12,oracle,gnn,nolag_recover,63,35,-81.15524140000002,19.578340576584345,False,False,False
False,False,False,-102.743896484375,1.556698592163566,86.05257415771484,55.278892517089844,0.7166666666666667,0.7166666666666667,0.0,3,12,nearest,gnn,nolag_recover,63,36,-34.42861916666675,0.7570819593898439,True,False,False
False,False,False,-51.290771484375,1.7203915801706298,95.1013412475586,55.278892517089844,0.7166666666666667,0.7166666666666667,0.0,3,12,oracle,gnn,nolag_recover,63,36,-34.42861916666675,0.7570819593898439,True,False,False
False,False,True,63.111572265625,1.601130360686912,1645.3062744140625,1027.5904541015625,0.8333333333333334,0.7833333333333333,0.050000000000000044,3,11,nearest,gnn,nolag_recover,63,37,68.1309405333327,3.771264178857945,False,True,False
False,False,True,119.7900390625,1.672710248643951,1718.861083984375,1027.5904541015625,0.8,0.7833333333333333,0.01666666666666672,3,11,oracle,gnn,nolag_recover,63,37,68.1309405333327,3.771264178857945,False,True,False
False,False,False,-10.0303955078125,2.404142642985717,246.85006713867188,102.67696380615234,0.7166666666666667,0.7166666666666667,0.0,3,10,nearest,gnn,nolag_recover,63,38,-118.68867946666637,50.27481446051203,False,False,False
False,False,False,-36.7845458984375,3.423938713374684,351.55963134765625,102.67696380615234,0.7333333333333333,0.7166666666666667,0.016666666666666607,3,10,oracle,gnn,nolag_recover,63,38,-118.68867946666637,50.27481446051203,False,False,False
False,True,False,-24.689697265625,1.346306399957196,33.59526062011719,24.953651428222656,0.7166666666666667,0.7166666666666667,0.0,3,11,nearest,gnn,nolag_recover,63,39,-12.261831233333169,1.0337921736400713,True,False,False
False,True,False,-25.10400390625,1.3461785995459723,33.592071533203125,24.953651428222656,0.7166666666666667,0.7166666666666667,0.0,3,11,oracle,gnn,nolag_recover,63,39,-12.261831233333169,1.0337921736400713,True,False,False
False,True,False,-5.972900390625,1.4430887585327323,60.77373123168945,42.1136474609375,0.7166666666666667,0.7166666666666667,0.0,4,5,nearest,gnn,nolag_recover,63,0,13.644819533333475,1.0467961164251254,True,True,True
False,True,False,-5.884765625,1.3810201053638458,58.159793853759766,42.1136474609375,0.7166666666666667,0.7166666666666667,0.0,4,5,oracle,gnn,nolag_recover,63,0,13.644819533333475,1.0467961164251254,True,True,True
False,True,False,-4.7655029296875,1.2000604401902353,61.744964599609375,51.45154571533203,0.7166666666666667,0.7166666666666667,0.0,4,5,nearest,gnn,nolag_recover,63,1,-3.3189111666665667,1.0413799147023053,True,False,False
False,False,False,-7.5689697265625,2.0695213436465214,106.48007202148438,51.45154571533203,0.7166666666666667,0.7166666666666667,0.0,4,5,oracle,gnn,nolag_recover,63,1,-3.3189111666665667,1.0413799147023053,True,False,False
False,True,False,-12.7183837890625,1.0098411586046778,115.21690368652344,114.09408569335938,0.7166666666666667,0.7166666666666667,0.0,4,5,nearest,gnn,nolag_recover,63,2,-4.607251566666491,0.9835277510928967,True,False,False
False,False,False,-42.6832275390625,2.1531929434138397,245.6665802001953,114.09408569335938,0.7166666666666667,0.7166666666666667,0.0,4,5,oracle,gnn,nolag_recover,63,2,-4.607251566666491,0.9835277510928967,True,False,False
False,True,False,-6.406982421875,1.0344615247066455,134.88299560546875,130.3895721435547,0.7166666666666667,0.7166666666666667,0.0,4,5,nearest,gnn,nolag_recover,63,3,-2.6565064000001257,1.0294173958787625,True,False,False
False,True,False,-11.755615234375,1.111166359730614,144.88450622558594,130.3895721435547,0.7166666666666667,0.7166666666666667,0.0,4,5,oracle,gnn,nolag_recover,63,3,-2.6565064000001257,1.0294173958787625,True,False,False
False,True,False,-13.8189697265625,0.9920962823446552,131.0254669189453,132.06930541992188,0.7166666666666667,0.7166666666666667,0.0,4,5,nearest,gnn,nolag_recover,63,4,4.174373033333495,0.8766889337883879,True,True,True
False,True,False,-15.9871826171875,1.1256159525025955,148.65931701660156,132.06930541992188,0.7166666666666667,0.7166666666666667,0.0,4,5,oracle,gnn,nolag_recover,63,4,4.174373033333495,0.8766889337883879,True,True,True
False,True,False,-5.4849853515625,1.1811792396525127,92.18032836914062,78.04093170166016,0.7166666666666667,0.7166666666666667,0.0,4,5,nearest,gnn,nolag_recover,63,5,-5.95578433333344,1.1169135744244258,True,False,False
False,True,False,-6.1141357421875,1.298910126042858,101.36815643310547,78.04093170166016,0.7166666666666667,0.7166666666666667,0.0,4,5,oracle,gnn,nolag_recover,63,5,-5.95578433333344,1.1169135744244258,True,False,False
False,True,False,-7.39013671875,0.9017052675088935,81.35295104980469,90.22122192382812,0.7166666666666667,0.7166666666666667,0.0,4,6,nearest,gnn,nolag_recover,63,6,-8.554473200000075,1.099445397159593,True,False,False
False,True,False,-8.755126953125,0.97020162232793,87.53277587890625,90.22122192382812,0.7166666666666667,0.7166666666666667,0.0,4,6,oracle,gnn,nolag_recover,63,6,-8.554473200000075,1.099445397159593,True,False,False
False,True,False,-8.0289306640625,1.27910501343113,88.78086853027344,69.40858459472656,0.7166666666666667,0.7166666666666667,0.0,4,8,nearest,gnn,nolag_recover,63,7,0.3536922666667124,0.9860884031679349,True,True,True
False,False,False,-8.3214111328125,1.7145884340812807,119.00715637207031,69.40858459472656,0.7166666666666667,0.7166666666666667,0.0,4,8,oracle,gnn,nolag_recover,63,7,0.3536922666667124,0.9860884031679349,True,True,True
True,True,True,1.084716796875,1.0784396917109698,149.24549865722656,138.3902130126953,0.7166666666666667,0.7166666666666667,0.0,4,7,nearest,gnn,nolag_recover,63,8,9.829894333333186,1.1529295547647977,True,True,True
True,True,True,9.9100341796875,0.8761410858609052,121.24935150146484,138.3902130126953,0.7166666666666667,0.7166666666666667,0.0,4,7,oracle,gnn,nolag_recover,63,8,9.829894333333186,1.1529295547647977,True,True,True
False,True,False,-36.29931640625,0.9773668465034308,159.35647583007812,163.04673767089844,0.7166666666666667,0.7166666666666667,0.0,4,8,nearest,gnn,nolag_recover,63,9,-8.797167633333174,1.1385482217456218,True,False,False
True,True,True,32.221923828125,0.8408184003059868,137.0926971435547,163.04673767089844,0.7166666666666667,0.7166666666666667,0.0,4,8,oracle,gnn,nolag_recover,63,9,-8.797167633333174,1.1385482217456218,True,False,False
False,True,False,-8.955078125,1.3862337123176842,72.3750228881836,52.2098274230957,0.7166666666666667,0.7166666666666667,0.0,4,8,nearest,gnn,nolag_recover,63,10,-32.66188006666653,1.8434194826454489,False,False,False
False,True,False,-7.369384765625,1.2613760150244477,65.8562240600586,52.2098274230957,0.7166666666666667,0.7166666666666667,0.0,4,8,oracle,gnn,nolag_recover,63,10,-32.66188006666653,1.8434194826454489,False,False,False
False,False,False,-27.1650390625,1.6809156702862673,906.5443725585938,539.3157958984375,0.7833333333333333,0.7333333333333333,0.050000000000000044,4,8,nearest,gnn,nolag_recover,63,11,-37.025790133332976,1.5150218919619831,False,False,False
True,True,True,16.40185546875,0.8555375361441352,461.4049072265625,539.3157958984375,0.7333333333333333,0.7333333333333333,0.0,4,8,oracle,gnn,nolag_recover,63,11,-37.025790133332976,1.5150218919619831,False,False,False
False,True,False,-7.7745361328125,1.0251760360086168,81.82430267333984,79.81488037109375,0.7166666666666667,0.7166666666666667,0.0,4,8,nearest,gnn,nolag_recover,63,12,-0.778394900000194,1.0244250523260614,True,False,False
False,True,False,-7.694091796875,0.9333301852813403,74.49363708496094,79.81488037109375,0.7166666666666667,0.7166666666666667,0.0,4,8,oracle,gnn,nolag_recover,63,12,-0.778394900000194,1.0244250523260614,True,False,False
False,True,False,-9.254150390625,1.0564576000704247,97.78657531738281,92.5608139038086,0.7166666666666667,0.7166666666666667,0.0,4,8,nearest,gnn,nolag_recover,63,13,-13.956443399999898,1.0263463089676321,True,False,False
False,True,False,-7.03662109375,0.8723926571514931,80.74937438964844,92.5608139038086,0.7166666666666667,0.7166666666666667,0.0,4,8,oracle,gnn,nolag_recover,63,13,-13.956443399999898,1.0263463089676321,True,False,False
False,False,False,-45.66455078125,1.6626842112615066,217.95025634765625,131.0833740234375,0.7166666666666667,0.7166666666666667,0.0,4,8,nearest,gnn,nolag_recover,63,14,-36.45852076666665,2.268452822150669,False,False,False
False,True,False,-8.164306640625,1.1222061583017875,147.10256958007812,131.0833740234375,0.7166666666666667,0.7166666666666667,0.0,4,8,oracle,gnn,nolag_recover,63,14,-36.45852076666665,2.268452822150669,False,False,False
False,True,False,-31.42822265625,1.243807757714199,28.14508628845215,22.628164291381836,0.7166666666666667,0.7166666666666667,0.0,4,7,nearest,gnn,nolag_recover,63,15,-6.000090266666575,1.041926726930526,True,False,False
False,True,False,-31.42822265625,1.243807757714199,28.14508628845215,22.628164291381836,0.7166666666666667,0.7166666666666667,0.0,4,7,oracle,gnn,nolag_recover,63,15,-6.000090266666575,1.041926726930526,True,False,False
False,True,False,-16.9403076171875,0.7465032165158448,256.4735412597656,343.5665588378906,0.7166666666666667,0.7333333333333333,-0.016666666666666607,4,6,nearest,gnn,nolag_recover,63,16,8.336959166666702,0.7396750184116943,True,True,True
False,True,False,-12.82666015625,0.7407322035933771,254.49081420898438,343.5665588378906,0.7166666666666667,0.7333333333333333,-0.016666666666666607,4,6,oracle,gnn,nolag_recover,63,16,8.336959166666702,0.7396750184116943,True,True,True
False,True,False,-10.5770263671875,1.1247485308185117,135.53651428222656,120.50383758544922,0.7166666666666667,0.7166666666666667,0.0,4,6,nearest,gnn,nolag_recover,63,17,-7.910300333333225,1.2498902442476305,True,False,False
False,True,False,-10.8890380859375,1.129082268781784,136.05874633789062,120.50383758544922,0.7166666666666667,0.7166666666666667,0.0,4,6,oracle,gnn,nolag_recover,63,17,-7.910300333333225,1.2498902442476305,True,False,False
False,True,False,-0.9207763671875,1.0401205329191983,113.43663787841797,109.06105041503906,0.7166666666666667,0.7166666666666667,0.0,4,7,nearest,gnn,nolag_recover,63,18,-1.3911729000001287,3.7144171381276925,False,False,False
False,False,False,-33.89208984375,1.6439134373568103,179.28692626953125,109.06105041503906,0.7166666666666667,0.7166666666666667,0.0,4,7,oracle,gnn,nolag_recover,63,18,-1.3911729000001287,3.7144171381276925,False,False,False
False,True,False,-55.476806640625,1.0202882476119723,657.0125122070312,643.9479370117188,0.7333333333333333,0.75,-0.01666666666666672,4,7,nearest,gnn,nolag_recover,63,19,16.010408233332782,1.2850676379066273,True,True,True
False,True,False,-35.157470703125,1.0314075911314815,664.1727905273438,643.9479370117188,0.7333333333333333,0.75,-0.01666666666666672,4,7,oracle,gnn,nolag_recover,63,19,16.010408233332782,1.2850676379066273,True,True,True
False,True,False,-8.2083740234375,1.4181086912679184,88.16893768310547,62.17361068725586,0.7166666666666667,0.7166666666666667,0.0,4,7,nearest,gnn,nolag_recover,63,20,2.5040466333334734,0.9708429341793113,True,True,True
False,False,False,-7.690185546875,1.642389188314292,102.11326599121094,62.17361068725586,0.7166666666666667,0.7166666666666667,0.0,4,7,oracle,gnn,nolag_recover,63,20,2.5040466333334734,0.9708429341793113,True,True,True
False,True,False,-44.70703125,1.1941289560650497,27.225563049316406,22.799516677856445,0.7166666666666667,0.7166666666666667,0.0,4,6,nearest,gnn,nolag_recover,63,21,-8.715184766666653,1.0341118359290984,True,False,False
False,True,False,-21.3094482421875,1.1564418761246171,26.366315841674805,22.799516677856445,0.7166666666666667,0.7166666666666667,0.0,4,6,oracle,gnn,nolag_recover,63,21,-8.715184766666653,1.0341118359290984,True,False,False
False,True,False,-36.54736328125,1.0707945285436788,26.845014572143555,25.07018280029297,0.7166666666666667,0.7166666666666667,0.0,4,6,nearest,gnn,nolag_recover,63,22,-1.4411523999999645,1.066294398736432,True,False,False
False,True,False,-32.1270751953125,1.1074911313119693,27.765005111694336,25.07018280029297,0.7166666666666667,0.7166666666666667,0.0,4,6,oracle,gnn,nolag_recover,63,22,-1.4411523999999645,1.066294398736432,True,False,False
False,True,False,-46.9520263671875,1.212654775188612,31.687376022338867,26.130582809448242,0.7166666666666667,0.7166666666666667,0.0,4,6,nearest,gnn,nolag_recover,63,23,-8.059924499999852,1.0084572149712496,True,False,False
False,True,False,-35.7955322265625,1.1840910963842133,30.940990447998047,26.130582809448242,0.7166666666666667,0.7166666666666667,0.0,4,6,oracle,gnn,nolag_recover,63,23,-8.059924499999852,1.0084572149712496,True,False,False
False,False,False,-51.1259765625,2.1432927021310975,61.654327392578125,28.766172409057617,0.7166666666666667,0.7166666666666667,0.0,4,7,nearest,gnn,nolag_recover,63,24,-24.331055166666374,1.5329927224585136,False,False,False
False,False,False,-63.8594970703125,1.7759928400924587,51.08851623535156,28.766172409057617,0.7166666666666667,0.7166666666666667,0.0,4,7,oracle,gnn,nolag_recover,63,24,-24.331055166666374,1.5329927224585136,False,False,False
False,False,False,-52.809814453125,3.314004247698758,166.40426635742188,50.21244812011719,0.7166666666666667,0.7166666666666667,0.0,4,7,nearest,gnn,nolag_recover,63,25,-12.10979139999995,10.754728579597705,False,False,False
False,False,False,-50.02294921875,3.3025474948818236,165.82899475097656,50.21244812011719,0.7166666666666667,0.7166666666666667,0.0,4,7,oracle,gnn,nolag_recover,63,25,-12.10979139999995,10.754728579597705,False,False,False
False,True,False,-59.6868896484375,1.4304029057667353,32.04640197753906,22.403759002685547,0.7166666666666667,0.7166666666666667,0.0,4,8,nearest,gnn,nolag_recover,63,26,-16.68718630000012,1.1165809812912042,True,False,False
False,True,False,-47.6800537109375,1.4265971917982105,31.961139678955078,22.403759002685547,0.7166666666666667,0.7166666666666667,0.0,4,8,oracle,gnn,nolag_recover,63,26,-16.68718630000012,1.1165809812912042,True,False,False
False,True,False,-58.8563232421875,1.2444561195675148,27.974777221679688,22.479520797729492,0.7166666666666667,0.7166666666666667,0.0,4,9,nearest,gnn,nolag_recover,63,27,-20.93463613333347,1.146621193849759,True,False,False
False,True,False,-58.8563232421875,1.2444561195675148,27.974777221679688,22.479520797729492,0.7166666666666667,0.7166666666666667,0.0,4,9,oracle,gnn,nolag_recover,63,27,-20.93463613333347,1.146621193849759,True,False,False
False,True,False,-54.8355712890625,1.2713715274677388,74.41223907470703,58.52910614013672,0.7166666666666667,0.7166666666666667,0.0,4,8,nearest,gnn,nolag_recover,63,28,-24.80301079999981,1.4417538193029085,True,False,False
True,True,True,13.07958984375,0.6370962391190176,37.288673400878906,58.52910614013672,0.7166666666666667,0.7166666666666667,0.0,4,8,oracle,gnn,nolag_recover,63,28,-24.80301079999981,1.4417538193029085,True,False,False
False,True,False,-68.691162109375,1.133958251074225,85.4309310913086,75.33869171142578,0.7166666666666667,0.7166666666666667,0.0,4,9,nearest,gnn,nolag_recover,63,29,-1.0151694000001044,3.547900121112106,False,False,False
False,True,False,-66.0791015625,1.3627704398461822,102.66934204101562,75.33869171142578,0.7166666666666667,0.7166666666666667,0.0,4,9,oracle,gnn,nolag_recover,63,29,-1.0151694000001044,3.547900121112106,False,False,False
False,False,False,-85.783935546875,4.049100553740702,239.3368682861328,59.10865020751953,0.7166666666666667,0.7166666666666667,0.0,4,9,nearest,gnn,nolag_recover,63,30,-21.50263016666645,1.012111610819516,True,False,False
False,False,False,-93.2647705078125,3.795596224789735,224.35256958007812,59.10865020751953,0.7166666666666667,0.7166666666666667,0.0,4,9,oracle,gnn,nolag_recover,63,30,-21.50263016666645,1.012111610819516,True,False,False
True,True,True,3.474609375,1.0137163423965425,342.7635498046875,338.1257019042969,0.7166666666666667,0.7166666666666667,0.0,4,9,nearest,gnn,nolag_recover,63,31,-19.931161833333363,1.2462960584910447,True,False,False
True,True,True,86.197998046875,0.38903493171251974,131.54270935058594,338.1257019042969,0.7166666666666667,0.7166666666666667,0.0,4,9,oracle,gnn,nolag_recover,63,31,-19.931161833333363,1.2462960584910447,True,False,False
False,True,False,-14.88720703125,1.0076220712038924,149.23907470703125,148.11016845703125,0.7166666666666667,0.7166666666666667,0.0,4,8,nearest,gnn,nolag_recover,63,32,15.996682166666687,8.466379998591448,False,True,False
True,True,True,10.959716796875,0.8764269233511234,129.8077392578125,148.11016845703125,0.7166666666666667,0.7166666666666667,0.0,4,8,oracle,gnn,nolag_recover,63,32,15.996682166666687,8.466379998591448,False,True,False
False,True,False,-52.6759033203125,1.3908022023188178,31.18655776977539,22.423431396484375,0.7166666666666667,0.7166666666666667,0.0,4,8,nearest,gnn,nolag_recover,63,33,-19.70847089999984,1.0633882606717757,True,False,False
False,True,False,-53.81005859375,1.3124101760956814,29.428739547729492,22.423431396484375,0.7166666666666667,0.7166666666666667,0.0,4,8,oracle,gnn,nolag_recover,63,33,-19.70847089999984,1.0633882606717757,True,False,False
False,False,False,-76.4161376953125,1.9942983885394714,102.48737335205078,51.39019012451172,0.7166666666666667,0.7166666666666667,0.0,4,8,nearest,gnn,nolag_recover,63,34,-34.16579003333345,1.1143463088267027,True,False,False
False,True,False,-60.533935546875,1.4404014955873936,74.02250671386719,51.39019012451172,0.7166666666666667,0.7166666666666667,0.0,4,8,oracle,gnn,nolag_recover,63,34,-34.16579003333345,1.1143463088267027,True,False,False
False,True,False,-92.0103759765625,1.2860752055914715,376.8603820800781,293.0313720703125,0.7666666666666667,0.7333333333333333,0.03333333333333344,4,9,nearest,gnn,nolag_recover,63,35,-5.053517899999861,1.2440507518939343,True,False,False
False,False,False,-77.935302734375,2.3041333248351497,675.183349609375,293.0313720703125,0.7833333333333333,0.7333333333333333,0.050000000000000044,4,9,oracle,gnn,nolag_recover,63,35,-5.053517899999861,1.2440507518939343,True,False,False
False,True,False,-95.7598876953125,1.0231806848788527,56.56029510498047,55.278892517089844,0.7166666666666667,0.7166666666666667,0.0,4,9,nearest,gnn,nolag_recover,63,36,-6.358393433333504,0.8235509668115802,True,False,False
False,True,False,-102.0858154296875,0.9853896513912399,54.471248626708984,55.278892517089844,0.7166666666666667,0.7166666666666667,0.0,4,9,oracle,gnn,nolag_recover,63,36,-6.358393433333504,0.8235509668115802,True,False,False
True,True,True,42.48876953125,0.9231649576545367,948.635498046875,1027.5904541015625,0.8,0.7833333333333333,0.01666666666666672,4,10,nearest,gnn,nolag_recover,63,37,6.643046833332846,1.7664653411983429,False,True,False
True,True,True,68.476318359375,1.0572718932395155,1086.4425048828125,1027.5904541015625,0.7833333333333333,0.7833333333333333,0.0,4,10,oracle,gnn,nolag_recover,63,37,6.643046833332846,1.7664653411983429,False,True,False
False,True,False,-9.082763671875,1.2882487279941597,132.27346801757812,102.67696380615234,0.7166666666666667,0.7166666666666667,0.0,4,11,nearest,gnn,nolag_recover,63,38,-73.03764840000008,7.695810463547207,False,False,False
False,True,False,-8.5894775390625,1.293357482403687,132.7980194091797,102.67696380615234,0.7166666666666667,0.7166666666666667,0.0,4,11,oracle,gnn,nolag_recover,63,38,-73.03764840000008,7.695810463547207,False,False,False
False,True,False,-38.0823974609375,1.0516326655405148,26.242074966430664,24.953651428222656,0.7166666666666667,0.7166666666666667,0.0,4,11,nearest,gnn,nolag_recover,63,39,-27.928972666666596,1.0474615030190717,True,False,False
False,True,False,-38.9290771484375,1.0558043705906184,26.346174240112305,24.953651428222656,0.7166666666666667,0.7166666666666667,0.0,4,11,oracle,gnn,nolag_recover,63,39,-27.928972666666596,1.0474615030190717,True,False,False
False,True,False,-5.7655029296875,1.3105200800011594,55.19078063964844,42.1136474609375,0.7166666666666667,0.7166666666666667,0.0,5,9,nearest,gnn,nolag_recover,63,0,12.947287199999892,1.0533089222593885,True,True,True
False,True,False,-5.930908203125,1.3933876759083466,58.68063735961914,42.1136474609375,0.7166666666666667,0.7166666666666667,0.0,5,9,oracle,gnn,nolag_recover,63,0,12.947287199999892,1.0533089222593885,True,True,True
False,True,False,-5.1710205078125,1.0700521229913387,55.05583572387695,51.45154571533203,0.7166666666666667,0.7166666666666667,0.0,5,9,nearest,gnn,nolag_recover,63,1,-2.0313576666665085,0.9987752671207003,True,False,False
False,True,False,-6.4979248046875,1.1960725145862374,61.53977966308594,51.45154571533203,0.7166666666666667,0.7166666666666667,0.0,5,9,oracle,gnn,nolag_recover,63,1,-2.0313576666665085,0.9987752671207003,True,False,False
False,True,False,-9.4638671875,1.1694740192610404,133.43006896972656,114.09408569335938,0.7166666666666667,0.7166666666666667,0.0,5,9,nearest,gnn,nolag_recover,63,2,-4.745751533333532,1.0310306108093419,True,False,False
False,True,False,-13.0469970703125,1.1623288981138837,132.61485290527344,114.09408569335938,0.7166666666666667,0.7166666666666667,0.0,5,9,oracle,gnn,nolag_recover,63,2,-4.745751533333532,1.0310306108093419,True,False,False
False,False,False,-57.520263671875,2.466427101683036,321.59637451171875,130.3895721435547,0.7166666666666667,0.7166666666666667,0.0,5,9,nearest,gnn,nolag_recover,63,3,-1.465351099999907,1.0259683792195478,True,False,False
False,False,False,-61.9146728515625,2.9064267693331387,378.9677429199219,130.3895721435547,0.7166666666666667,0.7166666666666667,0.0,5,9,oracle,gnn,nolag_recover,63,3,-1.465351099999907,1.0259683792195478,True,False,False
True,True,True,9.06396484375,1.2731426569680937,168.14306640625,132.06930541992188,0.7166666666666667,0.7166666666666667,0.0,5,9,nearest,gnn,nolag_recover,63,4,10.208404333333192,0.9158833342193341,True,True,True
True,True,True,10.7823486328125,1.3288030423923207,175.4940948486328,132.06930541992188,0.7166666666666667,0.7166666666666667,0.0,5,9,oracle,gnn,nolag_recover,63,4,10.208404333333192,0.9158833342193341,True,True,True
False,True,False,-5.4066162109375,1.0502081292359424,81.95922088623047,78.04093170166016,0.7166666666666667,0.7166666666666667,0.0,5,9,nearest,gnn,nolag_recover,63,5,-1.1954528666667557,0.9680334290986765,True,False,False
False,True,False,-5.4066162109375,1.0502081292359424,81.95922088623047,78.04093170166016,0.7166666666666667,0.7166666666666667,0.0,5,9,oracle,gnn,nolag_recover,63,5,-1.1954528666667557,0.9680334290986765,True,False,False
False,False,False,-25.578125,1.5220980533891406,137.32554626464844,90.22122192382812,0.7166666666666667,0.7166666666666667,0.0,5,8,nearest,gnn,nolag_recover,63,6,-52.91477696666652,1.14374830993631,True,False,False
False,True,False,-4.2098388671875,1.0681607235091424,96.37076568603516,90.22122192382812,0.7166666666666667,0.7166666666666667,0.0,5,8,oracle,gnn,nolag_recover,63,6,-52.91477696666652,1.14374830993631,True,False,False
False,False,False,-15.121337890625,1.9336133509762328,134.20936584472656,69.40858459472656,0.7166666666666667,0.7166666666666667,0.0,5,8,nearest,gnn,nolag_recover,63,7,-0.35086956666646074,1.022839166762313,True,False,False
False,True,False,-8.3720703125,1.3056503738050866,90.62334442138672,69.40858459472656,0.7166666666666667,0.7166666666666667,0.0,5,8,oracle,gnn,nolag_recover,63,7,-0.35086956666646074,1.022839166762313,True,False,False
False,True,False,-64.17724609375,1.435519393980357,198.66183471679688,138.3902130126953,0.7166666666666667,0.7166666666666667,0.0,5,9,nearest,gnn,nolag_recover,63,8,1.4315061333331869,0.9498774220981038,True,True,True
False,True,False,-52.3294677734375,1.2687980571453394,175.5892333984375,138.3902130126953,0.7166666666666667,0.7166666666666667,0.0,5,9,oracle,gnn,nolag_recover,63,8,1.4315061333331869,0.9498774220981038,True,True,True
False,True,False,-13.5909423828125,1.2288727520677454,200.3636932373047,163.04673767089844,0.7166666666666667,0.7166666666666667,0.0,5,8,nearest,gnn,nolag_recover,63,9,2.551188966666814,1.0408706621998567,True,True,True
True,True,True,14.3077392578125,0.9763787721805512,159.19537353515625,163.04673767089844,0.7166666666666667,0.7166666666666667,0.0,5,8,oracle,gnn,nolag_recover,63,9,2.551188966666814,1.0408706621998567,True,True,True
False,False,False,-21.6859130859375,2.4475337838553677,127.78531646728516,52.2098274230957,0.7166666666666667,0.7166666666666667,0.0,5,8,nearest,gnn,nolag_recover,63,10,-38.638157599999886,1.03969178334539,True,False,False
False,False,False,-33.072998046875,2.32097280143277,121.1775894165039,52.2098274230957,0.7166666666666667,0.7166666666666667,0.0,5,8,oracle,gnn,nolag_recover,63,10,-38.638157599999886,1.03969178334539,True,False,False
False,True,False,-153.083251953125,1.2085618736666988,651.7965087890625,539.3157958984375,0.7833333333333333,0.7333333333333333,0.050000000000000044,5,7,nearest,gnn,nolag_recover,63,11,15.767144466667105,2.4496612037134735,False,True,False
False,False,True,81.353759765625,1.6470048607142251,888.2557373046875,539.3157958984375,0.8,0.7333333333333333,0.06666666666666676,5,7,oracle,gnn,nolag_recover,63,11,15.767144466667105,2.4496612037134735,False,True,False
False,True,False,-4.4554443359375,1.069828349597419,85.38822174072266,79.81488037109375,0.7166666666666667,0.7166666666666667,0.0,5,7,nearest,gnn,nolag_recover,63,12,-79.17391410000005,3.055326138239531,False,False,False
False,True,False,-5.58837890625,0.9936645772268135,79.30921936035156,79.81488037109375,0.7166666666666667,0.7166666666666667,0.0,5,7,oracle,gnn,nolag_recover,63,12,-79.17391410000005,3.055326138239531,False,False,False
False,True,False,-11.6097412109375,1.2733519774885385,117.86249542236328,92.5608139038086,0.7166666666666667,0.7166666666666667,0.0,5,7,nearest,gnn,nolag_recover,63,13,4.304274433333603,0.7959803195740522,True,True,True
False,True,False,-12.0284423828125,1.2469804356711942,115.42152404785156,92.5608139038086,0.7166666666666667,0.7166666666666667,0.0,5,7,oracle,gnn,nolag_recover,63,13,4.304274433333603,0.7959803195740522,True,True,True
False,True,False,-83.9627685546875,1.4529542480921185,190.45814514160156,131.0833740234375,0.7166666666666667,0.7166666666666667,0.0,5,7,nearest,gnn,nolag_recover,63,14,-50.62809570000013,2.758496824007535,False,False,False
False,True,False,-64.2371826171875,1.37190350472838,179.833740234375,131.0833740234375,0.7166666666666667,0.7166666666666667,0.0,5,7,oracle,gnn,nolag_recover,63,14,-50.62809570000013,2.758496824007535,False,False,False
False,True,False,-29.50537109375,1.0367029609290543,23.45868492126465,22.628164291381836,0.7166666666666667,0.7166666666666667,0.0,5,7,nearest,gnn,nolag_recover,63,15,-9.517006066666454,1.0507380807896032,True,False,False
False,True,False,-42.43798828125,1.0519585204416,23.803890228271484,22.628164291381836,0.7166666666666667,0.7166666666666667,0.0,5,7,oracle,gnn,nolag_recover,63,15,-9.517006066666454,1.0507380807896032,True,False,False
False,True,False,-31.57568359375,1.0312045961316891,354.28741455078125,343.5665588378906,0.7333333333333333,0.7333333333333333,0.0,5,6,nearest,gnn,nolag_recover,63,16,22.73432333333335,0.6455664897844909,True,True,True
False,True,False,-26.7061767578125,0.951099170553462,326.765869140625,343.5665588378906,0.7166666666666667,0.7333333333333333,-0.016666666666666607,5,6,oracle,gnn,nolag_recover,63,16,22.73432333333335,0.6455664897844909,True,True,True
False,True,False,-8.8099365234375,1.0086824809798287,121.55010986328125,120.50383758544922,0.7166666666666667,0.7166666666666667,0.0,5,6,nearest,gnn,nolag_recover,63,17,-11.434668999999985,1.0729414550852407,True,False,False
False,True,False,-5.1663818359375,0.9669172130690342,116.5172348022461,120.50383758544922,0.7166666666666667,0.7166666666666667,0.0,5,6,oracle,gnn,nolag_recover,63,17,-11.434668999999985,1.0729414550852407,True,False,False
False,False,False,-78.909423828125,2.15440539774814,234.9617156982422,109.06105041503906,0.7166666666666667,0.7166666666666667,0.0,5,7,nearest,gnn,nolag_recover,63,18,-0.7063200000000052,20.24297470807032,False,False,False
False,False,False,-85.089599609375,3.156586882688521,344.26068115234375,109.06105041503906,0.7166666666666667,0.7166666666666667,0.0,5,7,oracle,gnn,nolag_recover,63,18,-0.7063200000000052,20.24297470807032,False,False,False
False,True,False,-80.745361328125,1.3631101556588667,877.77197265625,643.9479370117188,0.85,0.75,0.09999999999999998,5,6,nearest,gnn,nolag_recover,63,19,12.977692766666223,1.6562453759832876,False,True,False
False,True,False,-151.6181640625,1.1587595895262408,746.1808471679688,643.9479370117188,0.8,0.75,0.050000000000000044,5,6,oracle,gnn,nolag_recover,63,19,12.977692766666223,1.6562453759832876,False,True,False
False,True,False,-13.0115966796875,1.4424327384972266,89.6812515258789,62.17361068725586,0.7166666666666667,0.7166666666666667,0.0,5,7,nearest,gnn,nolag_recover,63,20,4.552935600000183,0.9881482270292132,True,True,True
False,False,False,-19.88720703125,1.8183024766973082,113.05043029785156,62.17361068725586,0.7166666666666667,0.7166666666666667,0.0,5,7,oracle,gnn,nolag_recover,63,20,4.552935600000183,0.9881482270292132,True,True,True
False,True,False,-37.7252197265625,0.9996702224693277,22.7919979095459,22.799516677856445,0.7166666666666667,0.7166666666666667,0.0,5,7,nearest,gnn,nolag_recover,63,21,-21.60077363333312,1.0677860379117612,True,False,False
False,True,False,-32.242431640625,0.9810504242560325,22.367475509643555,22.799516677856445,0.7166666666666667,0.7166666666666667,0.0,5,7,oracle,gnn,nolag_recover,63,21,-21.60077363333312,1.0677860379117612,True,False,False
False,True,False,-39.6746826171875,0.9895987491170873,24.80942153930664,25.07018280029297,0.7166666666666667,0.7166666666666667,0.0,5,7,nearest,gnn,nolag_recover,63,22,-18.738213366666514,1.1501171794435407,True,False,False
False,True,False,-31.1612548828125,0.962250521074413,24.123796463012695,25.07018280029297,0.7166666666666667,0.7166666666666667,0.0,5,7,oracle,gnn,nolag_recover,63,22,-18.738213366666514,1.1501171794435407,True,False,False
False,True,False,-42.6214599609375,1.1936424444145821,31.19057273864746,26.130582809448242,0.7166666666666667,0.7166666666666667,0.0,5,8,nearest,gnn,nolag_recover,63,23,-18.605270366666446,0.9867929956313481,True,False,False
False,True,False,-36.6639404296875,1.1306011970407777,29.54326820373535,26.130582809448242,0.7166666666666667,0.7166666666666667,0.0,5,8,oracle,gnn,nolag_recover,63,23,-18.605270366666446,0.9867929956313481,True,False,False
False,False,False,-13.9320068359375,1.6670856496248216,47.95567321777344,28.766172409057617,0.7166666666666667,0.7166666666666667,0.0,5,8,nearest,gnn,nolag_recover,63,24,-16.885122799999863,1.0153065077884482,True,False,False
False,True,False,-15.177001953125,1.4113957131923405,40.6004524230957,28.766172409057617,0.7166666666666667,0.7166666666666667,0.0,5,8,oracle,gnn,nolag_recover,63,24,-16.885122799999863,1.0153065077884482,True,False,False
False,True,False,-77.624267578125,1.2044511191005745,60.47843933105469,50.21244812011719,0.7166666666666667,0.7166666666666667,0.0,5,7,nearest,gnn,nolag_recover,63,25,-21.82772460000001,0.9695960275053727,True,False,False
False,True,False,-77.21337890625,1.2277449362951547,61.64807891845703,50.21244812011719,0.7166666666666667,0.7166666666666667,0.0,5,7,oracle,gnn,nolag_recover,63,25,-21.82772460000001,0.9695960275053727,True,False,False
False,True,False,-55.2242431640625,1.2515111073348917,28.03855323791504,22.403759002685547,0.7166666666666667,0.7166666666666667,0.0,5,6,nearest,gnn,nolag_recover,63,26,-26.114832766666723,1.0531172567028741,True,False,False
False,True,False,-58.6229248046875,1.2389947847875646,27.758140563964844,22.403759002685547,0.7166666666666667,0.7166666666666667,0.0,5,6,oracle,gnn,nolag_recover,63,26,-26.114832766666723,1.0531172567028741,True,False,False
False,True,False,-75.1851806640625,1.276412102317181,28.693132400512695,22.479520797729492,0.7166666666666667,0.7166666666666667,0.0,5,6,nearest,gnn,nolag_recover,63,27,-60.107870300000286,1.0308421603631737,True,False,False
False,True,False,-61.2821044921875,1.0936166688854492,24.5839786529541,22.479520797729492,0.7166666666666667,0.7166666666666667,0.0,5,6,oracle,gnn,nolag_recover,63,27,-60.107870300000286,1.0308421603631737,True,False,False
False,True,False,-39.4149169921875,1.006172434770809,58.89037322998047,58.52910614013672,0.7166666666666667,0.7166666666666667,0.0,5,7,nearest,gnn,nolag_recover,63,28,-14.644242300000087,1.9293446209307756,False,False,False
True,True,True,10.898681640625,0.6110416479013892,35.76372146606445,58.52910614013672,0.7166666666666667,0.7166666666666667,0.0,5,7,oracle,gnn,nolag_recover,63,28,-14.644242300000087,1.9293446209307756,False,False,False
False,True,False,-32.9210205078125,1.160022088564287,87.39454650878906,75.33869171142578,0.7166666666666667,0.7166666666666667,0.0,5,7,nearest,gnn,nolag_recover,63,29,-10.452212733333226,0.9725738839101894,True,False,False
False,True,False,-13.521484375,1.1935857288350247,89.92318725585938,75.33869171142578,0.7166666666666667,0.7166666666666667,0.0,5,7,oracle,gnn,nolag_recover,63,29,-10.452212733333226,0.9725738839101894,True,False,False
False,True,False,-43.69677734375,0.9637288933227269,56.96471405029297,59.10865020751953,0.7166666666666667,0.7166666666666667,0.0,5,6,nearest,gnn,nolag_recover,63,30,-25.895172900000034,1.3498563505609955,True,False,False
False,True,False,-28.110595703125,0.8254065284894241,48.788665771484375,59.10865020751953,0.7166666666666667,0.7166666666666667,0.0,5,6,oracle,gnn,nolag_recover,63,30,-25.895172900000034,1.3498563505609955,True,False,False
False,True,False,-1.082275390625,0.9858920406079477,333.3554382324219,338.1257019042969,0.7166666666666667,0.7166666666666667,0.0,5,6,nearest,gnn,nolag_recover,63,31,-11.93087586666661,0.7960698585150021,True,False,False
True,True,True,31.949951171875,0.7780681485776288,263.0848388671875,338.1257019042969,0.7166666666666667,0.7166666666666667,0.0,5,6,oracle,gnn,nolag_recover,63,31,-11.93087586666661,0.7960698585150021,True,False,False
False,False,False,-78.1080322265625,1.9530407720643836,289.26519775390625,148.11016845703125,0.7166666666666667,0.7166666666666667,0.0,5,6,nearest,gnn,nolag_recover,63,32,-37.842719966666664,3.120664400388434,False,False,False
False,True,False,-35.5540771484375,1.2278005527814833,181.84974670410156,148.11016845703125,0.7166666666666667,0.7166666666666667,0.0,5,6,oracle,gnn,nolag_recover,63,32,-37.842719966666664,3.120664400388434,False,False,False
False,True,False,-21.887939453125,1.0263262295327387,23.013755798339844,22.423431396484375,0.7166666666666667,0.7166666666666667,0.0,5,6,nearest,gnn,nolag_recover,63,33,-10.410306799999944,1.0280804430600141,True,False,False
False,True,False,-30.1304931640625,1.0127952280370347,22.710344314575195,22.423431396484375,0.7166666666666667,0.7166666666666667,0.0,5,6,oracle,gnn,nolag_recover,63,33,-10.410306799999944,1.0280804430600141,True,False,False
False,True,False,-36.8955078125,1.0873150465088486,55.87732696533203,51.39019012451172,0.7166666666666667,0.7166666666666667,0.0,5,7,nearest,gnn,nolag_recover,63,34,4.994334333333427,0.7444210427060115,True,True,True
False,True,False,-70.5712890625,0.8860296786654621,45.533233642578125,51.39019012451172,0.7166666666666667,0.7166666666666667,0.0,5,7,oracle,gnn,nolag_recover,63,34,4.994334333333427,0.7444210427060115,True,True,True
False,True,False,-15.6439208984375,1.0110092092815162,296.2574157714844,293.0313720703125,0.7333333333333333,0.7333333333333333,0.0,5,7,nearest,gnn,nolag_recover,63,35,-3.505339499999991,1.0297327395701301,True,False,False
False,False,False,-53.6951904296875,1.901590826627475,557.2257690429688,293.0313720703125,0.7666666666666667,0.7333333333333333,0.03333333333333344,5,7,oracle,gnn,nolag_recover,63,35,-3.505339499999991,1.0297327395701301,True,False,False
False,True,False,-69.001220703125,1.3622204908829807,75.30204010009766,55.278892517089844,0.7166666666666667,0.7166666666666667,0.0,5,7,nearest,gnn,nolag_recover,63,36,-36.91659153333353,0.5528659079177881,True,False,False
False,False,False,-98.2178955078125,1.5862325866415292,87.6851806640625,55.278892517089844,0.7166666666666667,0.7166666666666667,0.0,5,7,oracle,gnn,nolag_recover,63,36,-36.91659153333353,0.5528659079177881,True,False,False
True,True,True,18.19775390625,0.9887331594919994,1016.0127563476562,1027.5904541015625,0.85,0.7833333333333333,0.06666666666666665,5,7,nearest,gnn,nolag_recover,63,37,2.3443194999999832,1.3146202501090387,True,True,True
True,True,True,152.468505859375,1.1474674391997834,1179.1265869140625,1027.5904541015625,0.85,0.7833333333333333,0.06666666666666665,5,7,oracle,gnn,nolag_recover,63,37,2.3443194999999832,1.3146202501090387,True,True,True
False,True,False,-4.0390625,1.3078702563330937,134.28814697265625,102.67696380615234,0.7166666666666667,0.7166666666666667,0.0,5,6,nearest,gnn,nolag_recover,63,38,-32.48807880000004,2.1310345995580855,False,False,False
True,True,True,0.408447265625,1.0242129725090698,105.16307830810547,102.67696380615234,0.7166666666666667,0.7166666666666667,0.0,5,6,oracle,gnn,nolag_recover,63,38,-32.48807880000004,2.1310345995580855,False,False,False
False,True,False,-18.44873046875,1.1456100711615926,28.587154388427734,24.953651428222656,0.7166666666666667,0.7166666666666667,0.0,5,6,nearest,gnn,nolag_recover,63,39,-15.870231233333243,1.0465741164664162,True,False,False
False,True,False,-22.69580078125,1.1470152641998335,28.62221908569336,24.953651428222656,0.7166666666666667,0.7166666666666667,0.0,5,6,oracle,gnn,nolag_recover,63,39,-15.870231233333243,1.0465741164664162,True,False,False
