approved,safe,saves_energy,predicted_saving_w,pred_d95_ratio,pred_d95_cf,pred_d95_base,violation_rate_cf,violation_rate_base,violation_increase,cell,n_stranded,reassign,kind,tag,seed,phase,true_saved_w,true_d95_ratio,true_safe,true_saves,true_approve
True,True,True,1.3741455078125,1.1385606675374726,119.11808776855469,104.62164306640625,0.6833333333333333,0.6833333333333333,0.0,0,9,nearest,gnn,adopted_nolag,61,0,13.890583399999969,1.0056064056268186,True,True,True
True,True,True,6.0819091796875,1.1401878134624102,119.28832244873047,104.62164306640625,0.6833333333333333,0.6833333333333333,0.0,0,9,oracle,gnn,adopted_nolag,61,0,13.890583399999969,1.0056064056268186,True,True,True
False,True,False,-3.6497802734375,0.9697346178129901,63.570213317871094,65.55423736572266,0.6833333333333333,0.6833333333333333,0.0,0,8,nearest,gnn,adopted_nolag,61,1,-11.020424466666555,1.0655403018373895,True,False,False
True,True,True,3.491943359375,1.132715650304196,74.25431060791016,65.55423736572266,0.6833333333333333,0.6833333333333333,0.0,0,8,oracle,gnn,adopted_nolag,61,1,-11.020424466666555,1.0655403018373895,True,False,False
True,True,True,5.78466796875,1.0768729008246545,202.283203125,187.84315490722656,0.6833333333333333,0.6833333333333333,0.0,0,8,nearest,gnn,adopted_nolag,61,2,3.944507799999883,1.0473523100451028,True,True,True
False,True,False,-0.8692626953125,1.0634749765017457,199.76649475097656,187.84315490722656,0.6833333333333333,0.6833333333333333,0.0,0,8,oracle,gnn,adopted_nolag,61,2,3.944507799999883,1.0473523100451028,True,True,True
False,True,False,-90.6898193359375,0.9297129525086703,367.4156188964844,395.1925354003906,0.6833333333333333,0.6833333333333333,0.0,0,10,nearest,gnn,adopted_nolag,61,3,8.766797233333364,1.046168298655292,True,True,True
False,True,False,-70.3475341796875,0.9316587165278124,368.1845703125,395.1925354003906,0.6833333333333333,0.6833333333333333,0.0,0,10,oracle,gnn,adopted_nolag,61,3,8.766797233333364,1.046168298655292,True,True,True
False,True,False,-0.9329833984375,1.1688390422213637,185.60206604003906,158.79180908203125,0.6833333333333333,0.6833333333333333,0.0,0,12,nearest,gnn,adopted_nolag,61,4,-5.415719766666598,1.086681591882506,True,False,False
False,True,False,-61.259033203125,1.2183817354020245,193.4690399169922,158.79180908203125,0.6833333333333333,0.6833333333333333,0.0,0,12,oracle,gnn,adopted_nolag,61,4,-5.415719766666598,1.086681591882506,True,False,False
False,True,False,-23.763671875,0.7464549832182813,213.64581298828125,286.21392822265625,0.6833333333333333,0.6833333333333333,0.0,0,13,nearest,gnn,adopted_nolag,61,5,11.222080000000005,0.8127337646494677,True,True,True
False,True,False,-16.479736328125,0.8348592623806093,238.94834899902344,286.21392822265625,0.6833333333333333,0.6833333333333333,0.0,0,13,oracle,gnn,adopted_nolag,61,5,11.222080000000005,0.8127337646494677,True,True,True
True,True,True,17.032958984375,1.2022291182111764,74.054931640625,61.598018646240234,0.6833333333333333,0.6833333333333333,0.0,0,14,nearest,gnn,adopted_nolag,61,6,-4.406086033333395,1.0676184019670558,True,False,False
True,True,True,28.2254638671875,1.1550967697826129,71.15167236328125,61.598018646240234,0.6833333333333333,0.6833333333333333,0.0,0,14,oracle,gnn,adopted_nolag,61,6,-4.406086033333395,1.0676184019670558,True,False,False
True,True,True,9.1124267578125,1.1252002700804022,64.75308990478516,57.548057556152344,0.6833333333333333,0.6833333333333333,0.0,0,14,nearest,gnn,adopted_nolag,61,7,-4.151432533333264,1.002507324659881,True,False,False
True,True,True,1.365234375,1.4950033402099632,86.03453826904297,57.548057556152344,0.6833333333333333,0.6833333333333333,0.0,0,14,oracle,gnn,adopted_nolag,61,7,-4.151432533333264,1.002507324659881,True,False,False
True,True,True,33.774169921875,0.7402473573427761,93.2601089477539,125.98506164550781,0.6833333333333333,0.6833333333333333,0.0,0,14,nearest,gnn,adopted_nolag,61,8,6.304782766666676,3.9837846144343585,False,True,False
True,True,True,19.6949462890625,1.189104126574794,149.80935668945312,125.98506164550781,0.6833333333333333,0.6833333333333333,0.0,0,14,oracle,gnn,adopted_nolag,61,8,6.304782766666676,3.9837846144343585,False,True,False
False,True,False,-103.3037109375,1.0055406926100081,261.9228210449219,260.4795837402344,0.6833333333333333,0.6833333333333333,0.0,0,13,nearest,gnn,adopted_nolag,61,9,-103.0977926999999,1.5715477663537436,False,False,False
False,True,False,-157.791015625,0.9560729175392586,249.0374755859375,260.4795837402344,0.6833333333333333,0.6833333333333333,0.0,0,13,oracle,gnn,adopted_nolag,61,9,-103.0977926999999,1.5715477663537436,False,False,False
True,True,True,11.6396484375,0.9881753515482001,166.19842529296875,168.1871795654297,0.6833333333333333,0.6833333333333333,0.0,0,12,nearest,gnn,adopted_nolag,61,10,2.0773339000002125,1.1860263024282927,True,True,True
True,True,True,5.77587890625,0.9929004025016523,166.9931182861328,168.1871795654297,0.6833333333333333,0.6833333333333333,0.0,0,12,oracle,gnn,adopted_nolag,61,10,2.0773339000002125,1.1860263024282927,True,True,True
False,True,False,-41.98193359375,1.0790456498323082,871.5357666015625,807.6912841796875,0.7666666666666667,0.75,0.01666666666666672,0,12,nearest,gnn,adopted_nolag,61,11,47.92111866666664,2.611581363556213,False,True,False
False,False,True,49.817626953125,2.0051659407911036,1619.5550537109375,807.6912841796875,0.7666666666666667,0.75,0.01666666666666672,0,12,oracle,gnn,adopted_nolag,61,11,47.92111866666664,2.611581363556213,False,True,False
False,True,False,-10.3365478515625,0.9812261617972584,48.75577163696289,49.68861770629883,0.6833333333333333,0.6833333333333333,0.0,0,12,nearest,gnn,adopted_nolag,61,12,-95.18273853333335,31.37893112765215,False,False,False
False,True,False,-24.8851318359375,1.2206024257051877,60.650047302246094,49.68861770629883,0.6833333333333333,0.6833333333333333,0.0,0,12,oracle,gnn,adopted_nolag,61,12,-95.18273853333335,31.37893112765215,False,False,False
False,True,False,-41.0306396484375,1.105486622806796,401.02728271484375,362.7608642578125,0.6833333333333333,0.6833333333333333,0.0,0,11,nearest,gnn,adopted_nolag,61,13,-45.40875316666643,1.099382534805502,True,False,False
False,True,False,-57.7464599609375,0.8697957625456089,315.5278625488281,362.7608642578125,0.6833333333333333,0.6833333333333333,0.0,0,11,oracle,gnn,adopted_nolag,61,13,-45.40875316666643,1.099382534805502,True,False,False
False,False,False,-15.90966796875,2.5042467487671445,202.61895751953125,80.91014099121094,0.6833333333333333,0.6833333333333333,0.0,0,10,nearest,gnn,adopted_nolag,61,14,-27.09851576666688,11.196674128159232,False,False,False
False,False,False,-5.311767578125,2.8710407320886815,232.2963104248047,80.91014099121094,0.6833333333333333,0.6833333333333333,0.0,0,10,oracle,gnn,adopted_nolag,61,14,-27.09851576666688,11.196674128159232,False,False,False
True,True,True,21.5528564453125,1.0102742834770295,32.81793212890625,32.48418045043945,0.6833333333333333,0.6833333333333333,0.0,0,11,nearest,gnn,adopted_nolag,61,15,-38.87063473333342,1.228540231076628,True,False,False
False,True,False,-10.2000732421875,1.0458961288741409,33.97507858276367,32.48418045043945,0.6833333333333333,0.6833333333333333,0.0,0,11,oracle,gnn,adopted_nolag,61,15,-38.87063473333342,1.228540231076628,True,False,False
True,True,True,39.602783203125,0.27681886159034225,111.67767333984375,403.43231201171875,0.6833333333333333,0.6833333333333333,0.0,0,11,nearest,gnn,adopted_nolag,61,16,-50.13599683333359,1.3620346213568262,True,False,False
False,True,False,-10.5697021484375,0.8151912264073158,328.8744812011719,403.43231201171875,0.6833333333333333,0.6833333333333333,0.0,0,11,oracle,gnn,adopted_nolag,61,16,-50.13599683333359,1.3620346213568262,True,False,False
True,True,True,23.3603515625,0.7276159979753003,499.0467834472656,685.8656005859375,0.6833333333333333,0.7,-0.016666666666666607,0,11,nearest,gnn,adopted_nolag,61,17,-17.587031499999966,0.24121780353056163,True,False,False
True,True,True,33.6759033203125,0.6673366869498529,457.7032775878906,685.8656005859375,0.6833333333333333,0.7,-0.016666666666666607,0,11,oracle,gnn,adopted_nolag,61,17,-17.587031499999966,0.24121780353056163,True,False,False
False,True,False,-83.94775390625,1.136815584335173,526.6950073242188,463.3073425292969,0.6833333333333333,0.7166666666666667,-0.033333333333333326,0,12,nearest,gnn,adopted_nolag,61,18,-30.752922433333424,0.6369879153571719,True,False,False
False,True,False,-48.42822265625,1.122432567463824,520.03125,463.3073425292969,0.6833333333333333,0.7166666666666667,-0.033333333333333326,0,12,oracle,gnn,adopted_nolag,61,18,-30.752922433333424,0.6369879153571719,True,False,False
False,True,False,-81.365234375,1.1370214135233023,1011.0615234375,889.2194213867188,0.8333333333333334,0.8,0.033333333333333326,0,11,nearest,gnn,adopted_nolag,61,19,14.439381199999843,1.7526646637146197,False,True,False
False,False,False,-36.7177734375,1.6508196769696364,1467.94091796875,889.2194213867188,0.85,0.8,0.04999999999999993,0,11,oracle,gnn,adopted_nolag,61,19,14.439381199999843,1.7526646637146197,False,True,False
True,True,True,48.9072265625,1.0283217339868131,86.78189849853516,84.39177703857422,0.6833333333333333,0.6833333333333333,0.0,0,9,nearest,gnn,adopted_nolag,61,20,-73.77189466666664,16.99290581328298,False,False,False
False,True,False,-33.98974609375,1.436686534858746,121.2445297241211,84.39177703857422,0.6833333333333333,0.6833333333333333,0.0,0,9,oracle,gnn,adopted_nolag,61,20,-73.77189466666664,16.99290581328298,False,False,False
True,True,True,29.054931640625,1.001723125625247,32.43740463256836,32.38160705566406,0.6833333333333333,0.6833333333333333,0.0,0,9,nearest,gnn,adopted_nolag,61,21,-27.921950533333074,1.0526180136270402,True,False,False
True,True,True,18.22705078125,0.9992356847571885,32.35685729980469,32.38160705566406,0.6833333333333333,0.6833333333333333,0.0,0,9,oracle,gnn,adopted_nolag,61,21,-27.921950533333074,1.0526180136270402,True,False,False
True,True,True,65.1365966796875,0.9804572474890196,42.829566955566406,43.683258056640625,0.6833333333333333,0.6833333333333333,0.0,0,9,nearest,gnn,adopted_nolag,61,22,-36.642168099999935,1.7693759852962205,False,False,False
True,True,True,79.36083984375,1.0855854494824344,47.42190933227539,43.683258056640625,0.6833333333333333,0.6833333333333333,0.0,0,9,oracle,gnn,adopted_nolag,61,22,-36.642168099999935,1.7693759852962205,False,False,False
True,True,True,24.26025390625,1.127165843948595,38.823795318603516,34.443729400634766,0.6833333333333333,0.6833333333333333,0.0,0,9,nearest,gnn,adopted_nolag,61,23,-3.601908199999798,3.3006829731936347,False,False,False
True,True,True,32.313232421875,1.154373961773208,39.76094436645508,34.443729400634766,0.6833333333333333,0.6833333333333333,0.0,0,9,oracle,gnn,adopted_nolag,61,23,-3.601908199999798,3.3006829731936347,False,False,False
True,True,True,58.7105712890625,0.9625358895927192,108.9372787475586,113.1773681640625,0.6833333333333333,0.6833333333333333,0.0,0,9,nearest,gnn,adopted_nolag,61,24,-56.879328433333285,5.3350454929380575,False,False,False
True,True,True,93.317138671875,0.8477659065587084,95.94791412353516,113.1773681640625,0.6833333333333333,0.6833333333333333,0.0,0,9,oracle,gnn,adopted_nolag,61,24,-56.879328433333285,5.3350454929380575,False,False,False
True,True,True,41.99267578125,1.0187697854577829,35.266334533691406,34.6165885925293,0.6833333333333333,0.6833333333333333,0.0,0,9,nearest,gnn,adopted_nolag,61,25,-37.21127363333335,1.0186678631748816,True,False,False
True,True,True,42.7301025390625,1.0203825409820078,35.32216262817383,34.6165885925293,0.6833333333333333,0.6833333333333333,0.0,0,9,oracle,gnn,adopted_nolag,61,25,-37.21127363333335,1.0186678631748816,True,False,False
True,True,True,29.11962890625,1.2460258982981096,222.8701629638672,178.8647918701172,0.6833333333333333,0.6833333333333333,0.0,0,8,nearest,gnn,adopted_nolag,61,26,-17.94265306666648,0.9495644715992411,True,False,False
True,True,True,29.515869140625,1.0433598704257596,186.62034606933594,178.8647918701172,0.6833333333333333,0.6833333333333333,0.0,0,8,oracle,gnn,adopted_nolag,61,26,-17.94265306666648,0.9495644715992411,True,False,False
True,True,True,33.631103515625,1.0404404414066217,40.297611236572266,38.731300354003906,0.6833333333333333,0.6833333333333333,0.0,0,8,nearest,gnn,adopted_nolag,61,27,-17.2229738333333,1.2573965022353393,True,False,False
True,True,True,46.9105224609375,1.0712345435094313,41.49030685424805,38.731300354003906,0.6833333333333333,0.6833333333333333,0.0,0,8,oracle,gnn,adopted_nolag,61,27,-17.2229738333333,1.2573965022353393,True,False,False
True,True,True,31.13330078125,1.1969390698477735,122.61337280273438,102.4391098022461,0.6833333333333333,0.6833333333333333,0.0,0,8,nearest,gnn,adopted_nolag,61,28,-32.39956849999999,4.6131490903423575,False,False,False
True,True,True,28.35400390625,1.1981741279203784,122.7398910522461,102.4391098022461,0.6833333333333333,0.6833333333333333,0.0,0,8,oracle,gnn,adopted_nolag,61,28,-32.39956849999999,4.6131490903423575,False,False,False
False,False,False,-28.535400390625,1.5552914601330317,125.32606506347656,80.58043670654297,0.6833333333333333,0.6833333333333333,0.0,0,7,nearest,gnn,adopted_nolag,61,29,-66.76301679999983,1.5705174396557517,False,False,False
False,False,False,-30.82421875,1.5591844374829043,125.63976287841797,80.58043670654297,0.6833333333333333,0.6833333333333333,0.0,0,7,oracle,gnn,adopted_nolag,61,29,-66.76301679999983,1.5705174396557517,False,False,False
True,True,True,15.599609375,1.0470761558150479,93.98147583007812,89.756103515625,0.6833333333333333,0.6833333333333333,0.0,0,7,nearest,gnn,adopted_nolag,61,30,7.1637543333336,1.012974949136309,True,True,True
True,True,True,40.319580078125,1.0404155310479517,93.3836441040039,89.756103515625,0.6833333333333333,0.6833333333333333,0.0,0,7,oracle,gnn,adopted_nolag,61,30,7.1637543333336,1.012974949136309,True,True,True
True,True,True,42.437744140625,1.039359297155408,229.4362335205078,220.7477569580078,0.6833333333333333,0.6833333333333333,0.0,0,7,nearest,gnn,adopted_nolag,61,31,2.0496886333332895,7.7891285847189895,False,True,False
True,True,True,38.687744140625,1.3190714681938283,291.18206787109375,220.7477569580078,0.6833333333333333,0.6833333333333333,0.0,0,7,oracle,gnn,adopted_nolag,61,31,2.0496886333332895,7.7891285847189895,False,True,False
True,True,True,19.1956787109375,0.8851272004708509,202.80857849121094,229.12930297851562,0.6833333333333333,0.6833333333333333,0.0,0,6,nearest,gnn,adopted_nolag,61,32,-56.851441466666756,3.3109342752800313,False,False,False
True,True,True,57.38720703125,1.2699611846338406,290.9853210449219,229.12930297851562,0.6833333333333333,0.6833333333333333,0.0,0,6,oracle,gnn,adopted_nolag,61,32,-56.851441466666756,3.3109342752800313,False,False,False
True,True,True,22.7047119140625,1.089259801994353,34.877471923828125,32.01942443847656,0.6833333333333333,0.6833333333333333,0.0,0,7,nearest,gnn,adopted_nolag,61,33,-11.821652166666809,1.0841453968101904,True,False,False
True,True,True,23.5667724609375,1.0760788448479217,34.45542526245117,32.01942443847656,0.6833333333333333,0.6833333333333333,0.0,0,7,oracle,gnn,adopted_nolag,61,33,-11.821652166666809,1.0841453968101904,True,False,False
True,True,True,44.8870849609375,1.2467036501841582,144.03370666503906,115.53163146972656,0.6833333333333333,0.6833333333333333,0.0,0,6,nearest,gnn,adopted_nolag,61,34,-8.682782800000268,1.0177546226018037,True,False,False
True,True,True,18.486572265625,1.236520041455562,142.857177734375,115.53163146972656,0.6833333333333333,0.6833333333333333,0.0,0,6,oracle,gnn,adopted_nolag,61,34,-8.682782800000268,1.0177546226018037,True,False,False
False,False,False,-41.98681640625,1.5393611387460182,390.13531494140625,253.43975830078125,0.6833333333333333,0.6833333333333333,0.0,0,7,nearest,gnn,adopted_nolag,61,35,-16.628457000000026,3.3767118378265164,False,False,False
False,True,False,-82.15673828125,1.136036111538579,287.9167175292969,253.43975830078125,0.6833333333333333,0.6833333333333333,0.0,0,7,oracle,gnn,adopted_nolag,61,35,-16.628457000000026,3.3767118378265164,False,False,False
True,True,True,9.3544921875,1.0987767866145595,63.352237701416016,57.65705871582031,0.6833333333333333,0.6833333333333333,0.0,0,7,nearest,gnn,adopted_nolag,61,36,-44.98465003333331,1.1140342012415587,True,False,False
True,True,True,6.5487060546875,1.1548205651121193,66.58355712890625,57.65705871582031,0.6833333333333333,0.6833333333333333,0.0,0,7,oracle,gnn,adopted_nolag,61,36,-44.98465003333331,1.1140342012415587,True,False,False
False,False,True,204.395263671875,1.8379902238149126,1427.4937744140625,776.66015625,0.9166666666666666,0.7666666666666667,0.1499999999999999,0,8,nearest,gnn,adopted_nolag,61,37,0.09917043333325637,2.5722847242774254,False,True,False
False,False,True,185.607421875,1.6640665472148874,1292.4141845703125,776.66015625,0.9333333333333333,0.7666666666666667,0.16666666666666663,0,8,oracle,gnn,adopted_nolag,61,37,0.09917043333325637,2.5722847242774254,False,True,False
False,False,False,-33.4859619140625,1.5781586500016642,156.6380615234375,99.2536849975586,0.6833333333333333,0.6833333333333333,0.0,0,8,nearest,gnn,adopted_nolag,61,38,-68.57255936666684,4.023732566543321,False,False,False
False,False,False,-22.9739990234375,2.687662493344225,266.7604064941406,99.2536849975586,0.6833333333333333,0.6833333333333333,0.0,0,8,oracle,gnn,adopted_nolag,61,38,-68.57255936666684,4.023732566543321,False,False,False
True,True,True,20.329345703125,1.098339144941403,33.4619140625,30.46592140197754,0.6833333333333333,0.6833333333333333,0.0,0,8,nearest,gnn,adopted_nolag,61,39,-18.17676173333325,1.051860044920582,True,False,False
True,True,True,25.7218017578125,1.0770656355379546,32.81379699707031,30.46592140197754,0.6833333333333333,0.6833333333333333,0.0,0,8,oracle,gnn,adopted_nolag,61,39,-18.17676173333325,1.051860044920582,True,False,False
True,True,True,135.8984375,1.142582408126381,119.53884887695312,104.62164306640625,0.6833333333333333,0.6833333333333333,0.0,1,14,nearest,gnn,adopted_nolag,61,0,3.4481281000000763,0.9786908847684882,True,True,True
True,True,True,157.4544677734375,0.9551431170844998,99.92864227294922,104.62164306640625,0.6833333333333333,0.6833333333333333,0.0,1,14,oracle,gnn,adopted_nolag,61,0,3.4481281000000763,0.9786908847684882,True,True,True
True,True,True,7.651123046875,1.2989590128399473,85.15226745605469,65.55423736572266,0.6833333333333333,0.6833333333333333,0.0,1,14,nearest,gnn,adopted_nolag,61,1,-6.319989299999861,1.1073857394131859,True,False,False
True,True,True,22.3258056640625,1.2261710305417917,80.38070678710938,65.55423736572266,0.6833333333333333,0.6833333333333333,0.0,1,14,oracle,gnn,adopted_nolag,61,1,-6.319989299999861,1.1073857394131859,True,False,False
False,False,True,40.7938232421875,2.361565166095352,443.6038513183594,187.84315490722656,0.6833333333333333,0.6833333333333333,0.0,1,15,nearest,gnn,adopted_nolag,61,2,-19.635116200000084,1.0788918502212181,True,False,False
True,True,True,75.6387939453125,1.2515338748931906,235.09207153320312,187.84315490722656,0.6833333333333333,0.6833333333333333,0.0,1,15,oracle,gnn,adopted_nolag,61,2,-19.635116200000084,1.0788918502212181,True,False,False
True,True,True,21.47998046875,0.9638051752519697,380.88861083984375,395.1925354003906,0.6833333333333333,0.6833333333333333,0.0,1,14,nearest,gnn,adopted_nolag,61,3,24.516336533333288,1.787761589033308,False,True,False
True,True,True,46.353759765625,1.006710210121973,397.8443603515625,395.1925354003906,0.6833333333333333,0.6833333333333333,0.0,1,14,oracle,gnn,adopted_nolag,61,3,24.516336533333288,1.787761589033308,False,True,False
False,False,True,57.610107421875,1.8494008598406009,293.6697082519531,158.79180908203125,0.6833333333333333,0.6833333333333333,0.0,1,13,nearest,gnn,adopted_nolag,61,4,-33.48885016666668,1.7026352756453578,False,False,False
True,True,True,136.168212890625,0.6784302335637644,107.72916412353516,158.79180908203125,0.6833333333333333,0.6833333333333333,0.0,1,13,oracle,gnn,adopted_nolag,61,4,-33.48885016666668,1.7026352756453578,False,False,False
False,False,True,13.02197265625,1.974700644804406,565.1868286132812,286.21392822265625,0.6833333333333333,0.6833333333333333,0.0,1,12,nearest,gnn,adopted_nolag,61,5,22.7442529333332,1.1989609283232059,True,True,True
False,False,True,17.9989013671875,1.7116802851751285,489.90673828125,286.21392822265625,0.6833333333333333,0.6833333333333333,0.0,1,12,oracle,gnn,adopted_nolag,61,5,22.7442529333332,1.1989609283232059,True,True,True
True,True,True,13.7724609375,1.4592958399697886,89.88973236083984,61.598018646240234,0.6833333333333333,0.6833333333333333,0.0,1,11,nearest,gnn,adopted_nolag,61,6,-19.056073166666692,2.0080631313398576,False,False,False
True,True,True,18.3614501953125,1.4836657273911071,91.390869140625,61.598018646240234,0.6833333333333333,0.6833333333333333,0.0,1,11,oracle,gnn,adopted_nolag,61,6,-19.056073166666692,2.0080631313398576,False,False,False
False,True,False,-4.3502197265625,1.273602636850172,73.2933578491211,57.548057556152344,0.6833333333333333,0.6833333333333333,0.0,1,11,nearest,gnn,adopted_nolag,61,7,-0.8344759666665595,1.0314626403969775,True,False,False
True,True,True,3.82373046875,1.433265070816561,82.48162078857422,57.548057556152344,0.6833333333333333,0.6833333333333333,0.0,1,11,oracle,gnn,adopted_nolag,61,7,-0.8344759666665595,1.0314626403969775,True,False,False
False,False,True,45.2293701171875,1.6007654280107313,201.6725311279297,125.98506164550781,0.6833333333333333,0.6833333333333333,0.0,1,11,nearest,gnn,adopted_nolag,61,8,-50.92870333333349,1.3329097552970448,True,False,False
True,True,True,49.499755859375,1.3294448279107138,167.4901885986328,125.98506164550781,0.6833333333333333,0.6833333333333333,0.0,1,11,oracle,gnn,adopted_nolag,61,8,-50.92870333333349,1.3329097552970448,True,False,False
True,True,True,85.232421875,0.7537491235027787,196.3362579345703,260.4795837402344,0.6833333333333333,0.6833333333333333,0.0,1,11,nearest,gnn,adopted_nolag,61,9,-33.293167766666784,1.0196318536143703,True,False,False
True,True,True,139.697021484375,0.4932072856616478,128.47042846679688,260.4795837402344,0.6833333333333333,0.6833333333333333,0.0,1,11,oracle,gnn,adopted_nolag,61,9,-33.293167766666784,1.0196318536143703,True,False,False
True,True,True,61.9697265625,0.9015355667117116,151.62672424316406,168.1871795654297,0.6833333333333333,0.6833333333333333,0.0,1,13,nearest,gnn,adopted_nolag,61,10,-11.779157099999793,1.336734935304769,True,False,False
True,True,True,52.197509765625,0.9127014606278264,153.5046844482422,168.1871795654297,0.6833333333333333,0.6833333333333333,0.0,1,13,oracle,gnn,adopted_nolag,61,10,-11.779157099999793,1.336734935304769,True,False,False
False,False,True,114.303955078125,1.655108728688284,1336.81689453125,807.6912841796875,0.8,0.75,0.050000000000000044,1,13,nearest,gnn,adopted_nolag,61,11,31.105822466666268,1.5061699189261621,False,True,False
False,False,True,114.41748046875,1.7506465171650667,1413.98193359375,807.6912841796875,0.8,0.75,0.050000000000000044,1,13,oracle,gnn,adopted_nolag,61,11,31.105822466666268,1.5061699189261621,False,True,False
False,True,False,-18.4263916015625,1.2001779115590538,59.63518142700195,49.68861770629883,0.6833333333333333,0.6833333333333333,0.0,1,14,nearest,gnn,adopted_nolag,61,12,-85.55362049999985,3.3584002352671476,False,False,False
False,True,False,-22.4952392578125,1.1821569768946056,58.73974609375,49.68861770629883,0.6833333333333333,0.6833333333333333,0.0,1,14,oracle,gnn,adopted_nolag,61,12,-85.55362049999985,3.3584002352671476,False,False,False
True,True,True,58.19775390625,1.4240863171942875,516.602783203125,362.7608642578125,0.6833333333333333,0.6833333333333333,0.0,1,14,nearest,gnn,adopted_nolag,61,13,-29.91805033333344,1.2880424811320659,True,False,False
True,True,True,58.19775390625,1.4240863171942875,516.602783203125,362.7608642578125,0.6833333333333333,0.6833333333333333,0.0,1,14,oracle,gnn,adopted_nolag,61,13,-29.91805033333344,1.2880424811320659,True,False,False
True,True,True,37.72802734375,1.405503451467574,113.719482421875,80.91014099121094,0.6833333333333333,0.6833333333333333,0.0,1,14,nearest,gnn,adopted_nolag,61,14,-35.370481000000154,3.8046501973316538,False,False,False
False,False,True,31.8023681640625,1.7159148836017242,138.8349151611328,80.91014099121094,0.6833333333333333,0.6833333333333333,0.0,1,14,oracle,gnn,adopted_nolag,61,14,-35.370481000000154,3.8046501973316538,False,False,False
True,True,True,34.850341796875,1.0524038835854432,34.18647766113281,32.48418045043945,0.6833333333333333,0.6833333333333333,0.0,1,13,nearest,gnn,adopted_nolag,61,15,-11.390547266666772,1.100018360625012,True,False,False
True,True,True,36.123046875,1.0523169835640354,34.18365478515625,32.48418045043945,0.6833333333333333,0.6833333333333333,0.0,1,13,oracle,gnn,adopted_nolag,61,15,-11.390547266666772,1.100018360625012,True,False,False
True,True,True,104.3436279296875,0.49915099998714035,201.37364196777344,403.43231201171875,0.6833333333333333,0.6833333333333333,0.0,1,12,nearest,gnn,adopted_nolag,61,16,-0.68732910000017,0.9093997365983538,True,False,False
True,True,True,62.5164794921875,1.1401694596007312,459.981201171875,403.43231201171875,0.6833333333333333,0.6833333333333333,0.0,1,12,oracle,gnn,adopted_nolag,61,16,-0.68732910000017,0.9093997365983538,True,False,False
True,True,True,57.085693359375,0.9667355508327592,663.0506591796875,685.8656005859375,0.6833333333333333,0.7,-0.016666666666666607,1,11,nearest,gnn,adopted_nolag,61,17,-20.935927999999876,1.7353209830302878,False,False,False
True,True,True,57.085693359375,0.9667355508327592,663.0506591796875,685.8656005859375,0.6833333333333333,0.7,-0.016666666666666607,1,11,oracle,gnn,adopted_nolag,61,17,-20.935927999999876,1.7353209830302878,False,False,False
True,True,True,133.6710205078125,1.3077343675640107,605.8829345703125,463.3073425292969,0.7,0.7166666666666667,-0.01666666666666672,1,12,nearest,gnn,adopted_nolag,61,18,-0.9273000333332675,1.2569709600724137,True,False,False
True,True,True,99.65234375,1.2850959924988414,595.3944091796875,463.3073425292969,0.7333333333333333,0.7166666666666667,0.016666666666666607,1,12,oracle,gnn,adopted_nolag,61,18,-0.9273000333332675,1.2569709600724137,True,False,False
False,False,True,75.20458984375,1.5948882045272792,1418.20556640625,889.2194213867188,0.8666666666666667,0.8,0.06666666666666665,1,13,nearest,gnn,adopted_nolag,61,19,-6.1899474333336,1.3813967551739297,True,False,False
True,True,True,30.720703125,1.3753539628845441,1222.991455078125,889.2194213867188,0.8666666666666667,0.8,0.06666666666666665,1,13,oracle,gnn,adopted_nolag,61,19,-6.1899474333336,1.3813967551739297,True,False,False
True,True,True,39.2674560546875,1.1680214229682881,98.57140350341797,84.39177703857422,0.6833333333333333,0.6833333333333333,0.0,1,15,nearest,gnn,adopted_nolag,61,20,-42.50288106666676,1.5399084752861967,False,False,False
True,True,True,38.3624267578125,1.1374167047043506,95.98861694335938,84.39177703857422,0.6833333333333333,0.6833333333333333,0.0,1,15,oracle,gnn,adopted_nolag,61,20,-42.50288106666676,1.5399084752861967,False,False,False
True,True,True,33.59521484375,0.9880881445846945,31.995882034301758,32.38160705566406,0.6833333333333333,0.6833333333333333,0.0,1,15,nearest,gnn,adopted_nolag,61,21,-9.65271843333312,1.0379183110557608,True,False,False
True,True,True,36.5252685546875,0.9812339874307369,31.77393341064453,32.38160705566406,0.6833333333333333,0.6833333333333333,0.0,1,15,oracle,gnn,adopted_nolag,61,21,-9.65271843333312,1.0379183110557608,True,False,False
True,True,True,70.876708984375,1.0979258781358001,47.96097946166992,43.683258056640625,0.6833333333333333,0.6833333333333333,0.0,1,15,nearest,gnn,adopted_nolag,61,22,-7.396650433333207,1.3626024051621788,True,False,False
True,True,True,76.998046875,1.3069798863081445,57.0931396484375,43.683258056640625,0.6833333333333333,0.6833333333333333,0.0,1,15,oracle,gnn,adopted_nolag,61,22,-7.396650433333207,1.3626024051621788,True,False,False
True,True,True,69.290283203125,1.1505030834899637,39.62761688232422,34.443729400634766,0.6833333333333333,0.6833333333333333,0.0,1,15,nearest,gnn,adopted_nolag,61,23,-9.766937199999802,1.0666916247028768,True,False,False
True,True,True,57.9029541015625,1.0626048748191566,36.600074768066406,34.443729400634766,0.6833333333333333,0.6833333333333333,0.0,1,15,oracle,gnn,adopted_nolag,61,23,-9.766937199999802,1.0666916247028768,True,False,False
True,True,True,75.0836181640625,0.9354414716512665,105.87080383300781,113.1773681640625,0.6833333333333333,0.6833333333333333,0.0,1,13,nearest,gnn,adopted_nolag,61,24,2.6033596666663925,0.9892806298684983,True,True,True
True,True,True,64.7586669921875,1.1375589306573162,128.7459259033203,113.1773681640625,0.6833333333333333,0.6833333333333333,0.0,1,13,oracle,gnn,adopted_nolag,61,24,2.6033596666663925,0.9892806298684983,True,True,True
True,True,True,37.125244140625,0.983560031917903,34.04749298095703,34.6165885925293,0.6833333333333333,0.6833333333333333,0.0,1,14,nearest,gnn,adopted_nolag,61,25,2.7125330333333295,0.864369958726694,True,True,True
True,True,True,7.5155029296875,1.0271663626472818,35.5569953918457,34.6165885925293,0.6833333333333333,0.6833333333333333,0.0,1,14,oracle,gnn,adopted_nolag,61,25,2.7125330333333295,0.864369958726694,True,True,True
True,True,True,31.7548828125,0.9509890861547389,170.0984649658203,178.8647918701172,0.6833333333333333,0.6833333333333333,0.0,1,14,nearest,gnn,adopted_nolag,61,26,6.041002800000115,1.0058314150685175,True,True,True
True,True,True,36.83154296875,0.8072543079587476,144.38937377929688,178.8647918701172,0.6833333333333333,0.6833333333333333,0.0,1,14,oracle,gnn,adopted_nolag,61,26,6.041002800000115,1.0058314150685175,True,True,True
True,True,True,36.105224609375,1.0275275386681884,39.79747772216797,38.731300354003906,0.6833333333333333,0.6833333333333333,0.0,1,14,nearest,gnn,adopted_nolag,61,27,-8.084932066666624,1.3697800725153892,True,False,False
True,True,True,42.37646484375,1.0371274885558,40.16929626464844,38.731300354003906,0.6833333333333333,0.6833333333333333,0.0,1,14,oracle,gnn,adopted_nolag,61,27,-8.084932066666624,1.3697800725153892,True,False,False
True,True,True,80.0263671875,1.0854836995496875,111.19598388671875,102.4391098022461,0.6833333333333333,0.6833333333333333,0.0,1,14,nearest,gnn,adopted_nolag,61,28,-14.90404036666655,1.4842478424253867,True,False,False
True,True,True,90.02587890625,1.125265856248714,115.27123260498047,102.4391098022461,0.6833333333333333,0.6833333333333333,0.0,1,14,oracle,gnn,adopted_nolag,61,28,-14.90404036666655,1.4842478424253867,True,False,False
True,True,True,0.1038818359375,1.356108155028684,109.27578735351562,80.58043670654297,0.6833333333333333,0.6833333333333333,0.0,1,15,nearest,gnn,adopted_nolag,61,29,-20.467024966666713,1.0243031494338513,True,False,False
True,True,True,33.335205078125,1.3916812214236556,112.14228057861328,80.58043670654297,0.6833333333333333,0.6833333333333333,0.0,1,15,oracle,gnn,adopted_nolag,61,29,-20.467024966666713,1.0243031494338513,True,False,False
False,True,False,-18.5838623046875,1.1527197218210157,103.46363067626953,89.756103515625,0.6833333333333333,0.6833333333333333,0.0,1,15,nearest,gnn,adopted_nolag,61,30,-6.901203199999827,1.2699463911228557,True,False,False
False,True,False,-20.129638671875,0.9647459240128278,86.59183502197266,89.756103515625,0.6833333333333333,0.6833333333333333,0.0,1,15,oracle,gnn,adopted_nolag,61,30,-6.901203199999827,1.2699463911228557,True,False,False
False,False,True,16.4605712890625,1.9858767498967473,438.3778381347656,220.7477569580078,0.6833333333333333,0.6833333333333333,0.0,1,16,nearest,gnn,adopted_nolag,61,31,2.4200235666664867,3.878668320885857,False,True,False
False,False,False,-53.3525390625,1.806995059420022,398.8901062011719,220.7477569580078,0.6833333333333333,0.6833333333333333,0.0,1,16,oracle,gnn,adopted_nolag,61,31,2.4200235666664867,3.878668320885857,False,True,False
False,True,False,-23.33740234375,1.4672819747289232,336.1972961425781,229.12930297851562,0.6833333333333333,0.6833333333333333,0.0,1,17,nearest,gnn,adopted_nolag,61,32,-1.505666066666663,1.820547511130409,False,False,False
False,False,False,-63.984619140625,1.702305200950066,390.0480041503906,229.12930297851562,0.6833333333333333,0.6833333333333333,0.0,1,17,oracle,gnn,adopted_nolag,61,32,-1.505666066666663,1.820547511130409,False,False,False
True,True,True,6.0736083984375,1.0157144048512574,32.52259063720703,32.01942443847656,0.6833333333333333,0.6833333333333333,0.0,1,18,nearest,gnn,adopted_nolag,61,33,-1.225533866666865,1.000398478862571,True,False,False
False,True,False,-16.6297607421875,1.0521483970120447,33.689186096191406,32.01942443847656,0.6833333333333333,0.6833333333333333,0.0,1,18,oracle,gnn,adopted_nolag,61,33,-1.225533866666865,1.000398478862571,True,False,False
True,True,True,72.1099853515625,1.01497824533932,117.26209259033203,115.53163146972656,0.6833333333333333,0.6833333333333333,0.0,1,18,nearest,gnn,adopted_nolag,61,34,-4.953867833333334,1.014918728519014,True,False,False
True,True,True,52.720458984375,1.0190602076396942,117.73368835449219,115.53163146972656,0.6833333333333333,0.6833333333333333,0.0,1,18,oracle,gnn,adopted_nolag,61,34,-4.953867833333334,1.014918728519014,True,False,False
True,True,True,52.572998046875,0.8028833383064125,203.48255920410156,253.43975830078125,0.6833333333333333,0.6833333333333333,0.0,1,19,nearest,gnn,adopted_nolag,61,35,-30.082883033333474,1.7228744587620148,False,False,False
True,True,True,9.0816650390625,0.7216214790780272,182.8875732421875,253.43975830078125,0.6833333333333333,0.6833333333333333,0.0,1,19,oracle,gnn,adopted_nolag,61,35,-30.082883033333474,1.7228744587620148,False,False,False
False,False,True,8.7509765625,1.63151876098452,94.06857299804688,57.65705871582031,0.6833333333333333,0.6833333333333333,0.0,1,19,nearest,gnn,adopted_nolag,61,36,-40.450298200000134,1.2156721488898028,True,False,False
True,True,True,3.851806640625,1.4008555520239834,80.76921081542969,57.65705871582031,0.6833333333333333,0.6833333333333333,0.0,1,19,oracle,gnn,adopted_nolag,61,36,-40.450298200000134,1.2156721488898028,True,False,False
True,True,True,137.48779296875,1.1690963315729914,907.9905395507812,776.66015625,0.8333333333333334,0.7666666666666667,0.06666666666666665,1,19,nearest,gnn,adopted_nolag,61,37,-36.545801799999936,1.8283143453535877,False,False,False
True,True,True,125.177734375,1.0883279894379478,845.260986328125,776.66015625,0.8,0.7666666666666667,0.033333333333333326,1,19,oracle,gnn,adopted_nolag,61,37,-36.545801799999936,1.8283143453535877,False,False,False
True,True,True,31.837158203125,1.0455026331387531,103.76998901367188,99.2536849975586,0.6833333333333333,0.6833333333333333,0.0,1,19,nearest,gnn,adopted_nolag,61,38,-30.054339400000117,0.9975625999799427,True,False,False
True,True,True,173.0858154296875,0.7509702807489889,74.53656768798828,99.2536849975586,0.6833333333333333,0.6833333333333333,0.0,1,19,oracle,gnn,adopted_nolag,61,38,-30.054339400000117,0.9975625999799427,True,False,False
True,True,True,26.33203125,1.029588020772912,31.367347717285156,30.46592140197754,0.6833333333333333,0.6833333333333333,0.0,1,19,nearest,gnn,adopted_nolag,61,39,-25.037725733333218,1.0068100884229216,True,False,False
True,True,True,20.853271484375,1.0732997610893489,32.699066162109375,30.46592140197754,0.6833333333333333,0.6833333333333333,0.0,1,19,oracle,gnn,adopted_nolag,61,39,-25.037725733333218,1.0068100884229216,True,False,False
True,True,True,31.4998779296875,0.9055834593940568,94.7436294555664,104.62164306640625,0.6833333333333333,0.6833333333333333,0.0,2,10,nearest,gnn,adopted_nolag,61,0,14.864857233333396,0.9888759534831284,True,True,True
True,True,True,52.542236328125,0.804446345969742,84.1624984741211,104.62164306640625,0.6833333333333333,0.6833333333333333,0.0,2,10,oracle,gnn,adopted_nolag,61,0,14.864857233333396,0.9888759534831284,True,True,True
True,True,True,36.2789306640625,0.9479478488069294,62.141998291015625,65.55423736572266,0.6833333333333333,0.6833333333333333,0.0,2,10,nearest,gnn,adopted_nolag,61,1,-8.178946266666571,1.4590337275020342,True,False,False
True,True,True,27.1436767578125,0.8801209218692263,57.695655822753906,65.55423736572266,0.6833333333333333,0.6833333333333333,0.0,2,10,oracle,gnn,adopted_nolag,61,1,-8.178946266666571,1.4590337275020342,True,False,False
False,True,False,-14.3253173828125,0.9452868200442728,177.56565856933594,187.84315490722656,0.6833333333333333,0.6833333333333333,0.0,2,10,nearest,gnn,adopted_nolag,61,2,8.658684666666659,1.0096476911659797,True,True,True
True,True,True,5.1107177734375,0.9576400255099533,179.88612365722656,187.84315490722656,0.6833333333333333,0.6833333333333333,0.0,2,10,oracle,gnn,adopted_nolag,61,2,8.658684666666659,1.0096476911659797,True,True,True
False,True,False,-11.8402099609375,0.5314631207948249,210.03025817871094,395.1925354003906,0.6833333333333333,0.6833333333333333,0.0,2,10,nearest,gnn,adopted_nolag,61,3,-38.467573999999786,0.7331626511156996,True,False,False
False,True,False,-2.251708984375,0.35321794711509613,139.58909606933594,395.1925354003906,0.6833333333333333,0.6833333333333333,0.0,2,10,oracle,gnn,adopted_nolag,61,3,-38.467573999999786,0.7331626511156996,True,False,False
False,True,False,-63.6788330078125,1.472381704652249,233.80215454101562,158.79180908203125,0.6833333333333333,0.6833333333333333,0.0,2,9,nearest,gnn,adopted_nolag,61,4,-1.006126466666501,0.9554225889021297,True,False,False
False,True,False,-38.4068603515625,1.1917363821735862,189.23797607421875,158.79180908203125,0.6833333333333333,0.6833333333333333,0.0,2,9,oracle,gnn,adopted_nolag,61,4,-1.006126466666501,0.9554225889021297,True,False,False
True,True,True,19.3770751953125,0.8237880089027663,235.77960205078125,286.21392822265625,0.6833333333333333,0.6833333333333333,0.0,2,9,nearest,gnn,adopted_nolag,61,5,6.722084966666671,0.7334992043767363,True,True,True
True,True,True,34.9422607421875,0.8212563034071613,235.05499267578125,286.21392822265625,0.6833333333333333,0.6833333333333333,0.0,2,9,oracle,gnn,adopted_nolag,61,5,6.722084966666671,0.7334992043767363,True,True,True
False,True,False,-18.80419921875,1.4964913255267007,92.18090057373047,61.598018646240234,0.6833333333333333,0.6833333333333333,0.0,2,9,nearest,gnn,adopted_nolag,61,6,-1.052608699999837,0.9756900079793124,True,False,False
True,True,True,15.5164794921875,1.1828857515297522,72.86341857910156,61.598018646240234,0.6833333333333333,0.6833333333333333,0.0,2,9,oracle,gnn,adopted_nolag,61,6,-1.052608699999837,0.9756900079793124,True,False,False
True,True,True,19.6180419921875,0.9917047585828282,57.070682525634766,57.548057556152344,0.6833333333333333,0.6833333333333333,0.0,2,9,nearest,gnn,adopted_nolag,61,7,-0.5745735000000423,1.0216392303745232,True,False,False
True,True,True,25.5865478515625,0.9811396459655845,56.46268081665039,57.548057556152344,0.6833333333333333,0.6833333333333333,0.0,2,9,oracle,gnn,adopted_nolag,61,7,-0.5745735000000423,1.0216392303745232,True,False,False
False,True,False,-11.63818359375,1.3812485034621573,174.0166778564453,125.98506164550781,0.6833333333333333,0.6833333333333333,0.0,2,8,nearest,gnn,adopted_nolag,61,8,1.1110168666666596,0.7688685333342811,True,True,True
False,True,False,-7.5604248046875,1.0991997027332336,138.4827423095703,125.98506164550781,0.6833333333333333,0.6833333333333333,0.0,2,8,oracle,gnn,adopted_nolag,61,8,1.1110168666666596,0.7688685333342811,True,True,True
False,True,False,-9.405029296875,0.9529043471333195,248.21212768554688,260.4795837402344,0.6833333333333333,0.6833333333333333,0.0,2,8,nearest,gnn,adopted_nolag,61,9,-29.776920333333237,1.076111669234759,True,False,False
False,True,False,-46.9505615234375,0.8789272201227946,228.94259643554688,260.4795837402344,0.6833333333333333,0.6833333333333333,0.0,2,8,oracle,gnn,adopted_nolag,61,9,-29.776920333333237,1.076111669234759,True,False,False
False,False,False,-9.5626220703125,2.41014759603586,405.3559265136719,168.1871795654297,0.7,0.6833333333333333,0.016666666666666607,2,8,nearest,gnn,adopted_nolag,61,10,-1.1674140666664243,1.4028551350186098,True,False,False
False,False,False,-5.5966796875,2.15933640074703,363.1726989746094,168.1871795654297,0.7,0.6833333333333333,0.016666666666666607,2,8,oracle,gnn,adopted_nolag,61,10,-1.1674140666664243,1.4028551350186098,True,False,False
True,True,True,57.83154296875,1.498876992392022,1210.6298828125,807.6912841796875,0.8333333333333334,0.75,0.08333333333333337,2,7,nearest,gnn,adopted_nolag,61,11,38.19397696666647,1.7871974332038971,False,True,False
False,False,True,34.38037109375,1.535508607357215,1240.2169189453125,807.6912841796875,0.8166666666666667,0.75,0.06666666666666665,2,7,oracle,gnn,adopted_nolag,61,11,38.19397696666647,1.7871974332038971,False,True,False
False,False,False,-28.55224609375,1.9306415157321677,95.930908203125,49.68861770629883,0.6833333333333333,0.6833333333333333,0.0,2,7,nearest,gnn,adopted_nolag,61,12,-86.21341653333343,8.740349515850887,False,False,False
False,True,False,-0.2906494140625,1.4956409211326058,74.31632995605469,49.68861770629883,0.6833333333333333,0.6833333333333333,0.0,2,7,oracle,gnn,adopted_nolag,61,12,-86.21341653333343,8.740349515850887,False,False,False
False,False,False,-7.212158203125,1.9248786147630157,698.2706298828125,362.7608642578125,0.7666666666666667,0.6833333333333333,0.08333333333333337,2,8,nearest,gnn,adopted_nolag,61,13,-44.29535916666646,1.1049882170238865,True,False,False
False,False,False,-7.6248779296875,1.692874066581262,614.1084594726562,362.7608642578125,0.75,0.6833333333333333,0.06666666666666665,2,8,oracle,gnn,adopted_nolag,61,13,-44.29535916666646,1.1049882170238865,True,False,False
False,False,True,53.5577392578125,4.422609823580342,357.833984375,80.91014099121094,0.7,0.6833333333333333,0.016666666666666607,2,9,nearest,gnn,adopted_nolag,61,14,-10.156326333333482,1.9781608549217324,False,False,False
False,False,True,42.8861083984375,3.7004439581354323,299.4034423828125,80.91014099121094,0.6833333333333333,0.6833333333333333,0.0,2,9,oracle,gnn,adopted_nolag,61,14,-10.156326333333482,1.9781608549217324,False,False,False
True,True,True,6.843994140625,1.0777338306363207,35.009300231933594,32.48418045043945,0.6833333333333333,0.6833333333333333,0.0,2,9,nearest,gnn,adopted_nolag,61,15,-15.659811333333437,1.2021197043840604,True,False,False
True,True,True,10.0589599609375,1.066125514398218,34.6322135925293,32.48418045043945,0.6833333333333333,0.6833333333333333,0.0,2,9,oracle,gnn,adopted_nolag,61,15,-15.659811333333437,1.2021197043840604,True,False,False
False,True,False,-73.0601806640625,0.7333510594439951,295.8575134277344,403.43231201171875,0.6833333333333333,0.6833333333333333,0.0,2,9,nearest,gnn,adopted_nolag,61,16,2.4453411999998025,0.7025707477495011,True,True,True
False,True,False,-25.250244140625,0.48771100186313276,196.7583770751953,403.43231201171875,0.6833333333333333,0.6833333333333333,0.0,2,9,oracle,gnn,adopted_nolag,61,16,2.4453411999998025,0.7025707477495011,True,True,True
False,True,False,-34.9376220703125,0.8967235852419753,615.0318603515625,685.8656005859375,0.6833333333333333,0.7,-0.016666666666666607,2,9,nearest,gnn,adopted_nolag,61,17,-28.864946633333375,0.37000520117784774,True,False,False
False,True,False,-21.365966796875,0.8595761479127136,589.5537109375,685.8656005859375,0.6833333333333333,0.7,-0.016666666666666607,2,9,oracle,gnn,adopted_nolag,61,17,-28.864946633333375,0.37000520117784774,True,False,False
False,True,False,-16.2314453125,1.4768536104924002,684.2371215820312,463.3073425292969,0.8166666666666667,0.7166666666666667,0.09999999999999998,2,9,nearest,gnn,adopted_nolag,61,18,18.83853453333336,3.162165578699149,False,True,False
False,True,False,-23.33154296875,1.3584864100784795,629.396728515625,463.3073425292969,0.8,0.7166666666666667,0.08333333333333337,2,9,oracle,gnn,adopted_nolag,61,18,18.83853453333336,3.162165578699149,False,True,False
True,True,True,37.124267578125,1.4479063758174822,1287.5064697265625,889.2194213867188,0.8666666666666667,0.8,0.06666666666666665,2,8,nearest,gnn,adopted_nolag,61,19,4.171389033333071,1.8535000314014007,False,True,False
False,True,False,-6.7177734375,1.4241428581332203,1266.37548828125,889.2194213867188,0.85,0.8,0.04999999999999993,2,8,oracle,gnn,adopted_nolag,61,19,4.171389033333071,1.8535000314014007,False,True,False
False,False,True,36.29638671875,3.064783396747554,258.64251708984375,84.39177703857422,0.6833333333333333,0.6833333333333333,0.0,2,8,nearest,gnn,adopted_nolag,61,20,-89.13107366666691,22.15800149968234,False,False,False
False,False,True,24.052978515625,2.944740172558643,248.51185607910156,84.39177703857422,0.6833333333333333,0.6833333333333333,0.0,2,8,oracle,gnn,adopted_nolag,61,20,-89.13107366666691,22.15800149968234,False,False,False
True,True,True,8.9505615234375,1.007958514928886,32.63931655883789,32.38160705566406,0.6833333333333333,0.6833333333333333,0.0,2,8,nearest,gnn,adopted_nolag,61,21,-14.673009099999945,1.067307704305657,True,False,False
True,True,True,17.7724609375,0.9970653734565851,32.28657913208008,32.38160705566406,0.6833333333333333,0.6833333333333333,0.0,2,8,oracle,gnn,adopted_nolag,61,21,-14.673009099999945,1.067307704305657,True,False,False
True,True,True,1.19189453125,1.0715997933510455,46.810970306396484,43.683258056640625,0.6833333333333333,0.6833333333333333,0.0,2,7,nearest,gnn,adopted_nolag,61,22,-21.724714733333258,1.1555041282029777,True,False,False
True,True,True,11.65576171875,1.240519944278835,54.1899528503418,43.683258056640625,0.6833333333333333,0.6833333333333333,0.0,2,7,oracle,gnn,adopted_nolag,61,22,-21.724714733333258,1.1555041282029777,True,False,False
True,True,True,56.7757568359375,1.0179841729354826,35.06317138671875,34.443729400634766,0.6833333333333333,0.6833333333333333,0.0,2,7,nearest,gnn,adopted_nolag,61,23,-19.39406096666653,1.0506975933694493,True,False,False
True,True,True,81.9888916015625,1.0036172571774495,34.568321228027344,34.443729400634766,0.6833333333333333,0.6833333333333333,0.0,2,7,oracle,gnn,adopted_nolag,61,23,-19.39406096666653,1.0506975933694493,True,False,False
False,False,True,71.6234130859375,1.7818936060978332,201.67002868652344,113.1773681640625,0.6833333333333333,0.6833333333333333,0.0,2,8,nearest,gnn,adopted_nolag,61,24,-42.98126326666693,11.363455098026014,False,False,False
False,False,True,73.2626953125,1.7367275917894536,196.55825805664062,113.1773681640625,0.6833333333333333,0.6833333333333333,0.0,2,8,oracle,gnn,adopted_nolag,61,24,-42.98126326666693,11.363455098026014,False,False,False
True,True,True,20.80859375,1.0535005059765623,36.46859359741211,34.6165885925293,0.6833333333333333,0.6833333333333333,0.0,2,6,nearest,gnn,adopted_nolag,61,25,-27.826190100000076,1.0064872103530509,True,False,False
True,True,True,28.761474609375,1.0476356298744254,36.26557159423828,34.6165885925293,0.6833333333333333,0.6833333333333333,0.0,2,6,oracle,gnn,adopted_nolag,61,25,-27.826190100000076,1.0064872103530509,True,False,False
True,True,True,44.5218505859375,0.9945322857720765,177.88681030273438,178.8647918701172,0.6833333333333333,0.6833333333333333,0.0,2,6,nearest,gnn,adopted_nolag,61,26,-45.50270499999988,1.021390187391,True,False,False
True,True,True,39.630126953125,1.0088770059041554,180.45257568359375,178.8647918701172,0.6833333333333333,0.6833333333333333,0.0,2,6,oracle,gnn,adopted_nolag,61,26,-45.50270499999988,1.021390187391,True,False,False
True,True,True,38.33349609375,1.1691385692243355,45.282257080078125,38.731300354003906,0.6833333333333333,0.6833333333333333,0.0,2,6,nearest,gnn,adopted_nolag,61,27,-17.631678899999997,1.6497134422268718,False,False,False
True,True,True,39.5733642578125,1.0905498751228433,42.2384147644043,38.731300354003906,0.6833333333333333,0.6833333333333333,0.0,2,6,oracle,gnn,adopted_nolag,61,27,-17.631678899999997,1.6497134422268718,False,False,False
False,True,False,-36.927490234375,1.1643297532810815,119.27290344238281,102.4391098022461,0.6833333333333333,0.6833333333333333,0.0,2,5,nearest,gnn,adopted_nolag,61,28,-24.5313662333333,1.0645985642535187,True,False,False
False,True,False,-40.279052734375,1.155228917712124,118.34062194824219,102.4391098022461,0.6833333333333333,0.6833333333333333,0.0,2,5,oracle,gnn,adopted_nolag,61,28,-24.5313662333333,1.0645985642535187,True,False,False
False,False,False,-6.04248046875,1.7343987159811847,139.75860595703125,80.58043670654297,0.6833333333333333,0.6833333333333333,0.0,2,5,nearest,gnn,adopted_nolag,61,29,-45.07626736666657,9.305726041134806,False,False,False
False,False,False,-6.04248046875,1.7343987159811847,139.75860595703125,80.58043670654297,0.6833333333333333,0.6833333333333333,0.0,2,5,oracle,gnn,adopted_nolag,61,29,-45.07626736666657,9.305726041134806,False,False,False
False,False,False,-47.032958984375,1.6398089440513979,147.182861328125,89.756103515625,0.6833333333333333,0.6833333333333333,0.0,2,6,nearest,gnn,adopted_nolag,61,30,-12.067986766666536,12.60799169563128,False,False,False
False,False,False,-47.032958984375,1.6398089440513979,147.182861328125,89.756103515625,0.6833333333333333,0.6833333333333333,0.0,2,6,oracle,gnn,adopted_nolag,61,30,-12.067986766666536,12.60799169563128,False,False,False
False,False,True,36.43505859375,3.394204366166272,749.2630004882812,220.7477569580078,0.75,0.6833333333333333,0.06666666666666665,2,6,nearest,gnn,adopted_nolag,61,31,-8.633197599999903,4.366150633090896,False,False,False
False,False,True,51.57421875,3.3731801333040714,744.6219482421875,220.7477569580078,0.75,0.6833333333333333,0.06666666666666665,2,6,oracle,gnn,adopted_nolag,61,31,-8.633197599999903,4.366150633090896,False,False,False
False,False,False,-36.0625,2.7826394102696166,637.584228515625,229.12930297851562,0.7,0.6833333333333333,0.016666666666666607,2,6,nearest,gnn,adopted_nolag,61,32,12.766447666666636,0.9289147841604405,True,True,True
False,False,False,-44.01513671875,3.02579784070796,693.2989501953125,229.12930297851562,0.7,0.6833333333333333,0.016666666666666607,2,6,oracle,gnn,adopted_nolag,61,32,12.766447666666636,0.9289147841604405,True,True,True
True,True,True,6.32763671875,1.0955916937703278,35.08021545410156,32.01942443847656,0.6833333333333333,0.6833333333333333,0.0,2,6,nearest,gnn,adopted_nolag,61,33,-7.500190633333432,1.036624119007333,True,False,False
False,True,False,-1.1085205078125,1.1049943409938405,35.381282806396484,32.01942443847656,0.6833333333333333,0.6833333333333333,0.0,2,6,oracle,gnn,adopted_nolag,61,33,-7.500190633333432,1.036624119007333,True,False,False
False,False,False,-69.976806640625,1.7127622720046447,197.8782196044922,115.53163146972656,0.6833333333333333,0.6833333333333333,0.0,2,6,nearest,gnn,adopted_nolag,61,34,-9.860398600000053,1.0946524696915816,True,False,False
False,True,False,-128.527099609375,1.2632856108336004,145.94944763183594,115.53163146972656,0.6833333333333333,0.6833333333333333,0.0,2,6,oracle,gnn,adopted_nolag,61,34,-9.860398600000053,1.0946524696915816,True,False,False
True,True,True,8.2843017578125,0.9301504543082398,235.7371063232422,253.43975830078125,0.6833333333333333,0.6833333333333333,0.0,2,5,nearest,gnn,adopted_nolag,61,35,-14.078193633333512,1.826340975315445,False,False,False
True,True,True,15.338134765625,0.7849285959757314,198.93211364746094,253.43975830078125,0.6833333333333333,0.6833333333333333,0.0,2,5,oracle,gnn,adopted_nolag,61,35,-14.078193633333512,1.826340975315445,False,False,False
False,False,False,-12.02001953125,2.0616779225604738,118.87028503417969,57.65705871582031,0.6833333333333333,0.6833333333333333,0.0,2,5,nearest,gnn,adopted_nolag,61,36,-23.22838569999999,2.573781231312626,False,False,False
False,False,False,-12.98974609375,2.0794886906915315,119.89720153808594,57.65705871582031,0.6833333333333333,0.6833333333333333,0.0,2,5,oracle,gnn,adopted_nolag,61,36,-23.22838569999999,2.573781231312626,False,False,False
True,True,True,94.919921875,1.2170131554130517,945.2056274414062,776.66015625,0.8166666666666667,0.7666666666666667,0.04999999999999993,2,5,nearest,gnn,adopted_nolag,61,37,-3.164002966666885,2.213693869180355,False,False,False
True,True,True,86.687255859375,0.9918101659751037,770.2994384765625,776.66015625,0.7666666666666667,0.7666666666666667,0.0,2,5,oracle,gnn,adopted_nolag,61,37,-3.164002966666885,2.213693869180355,False,False,False
False,True,False,-24.6229248046875,1.0815184952333237,107.34469604492188,99.2536849975586,0.6833333333333333,0.6833333333333333,0.0,2,4,nearest,gnn,adopted_nolag,61,38,-72.95921653333335,1.0346444077483639,True,False,False
False,True,False,-17.776123046875,1.0525331762569143,104.4677963256836,99.2536849975586,0.6833333333333333,0.6833333333333333,0.0,2,4,oracle,gnn,adopted_nolag,61,38,-72.95921653333335,1.0346444077483639,True,False,False
True,True,True,28.568115234375,1.0038688612731161,30.583789825439453,30.46592140197754,0.6833333333333333,0.6833333333333333,0.0,2,4,nearest,gnn,adopted_nolag,61,39,-24.06741783333314,1.0546426384497067,True,False,False
True,True,True,31.2176513671875,1.003635591420152,30.576683044433594,30.46592140197754,0.6833333333333333,0.6833333333333333,0.0,2,4,oracle,gnn,adopted_nolag,61,39,-24.06741783333314,1.0546426384497067,True,False,False
True,True,True,126.623291015625,0.7044846163135507,73.70433807373047,104.62164306640625,0.6833333333333333,0.6833333333333333,0.0,3,7,nearest,gnn,adopted_nolag,61,0,6.520652366666809,1.0508762286389612,True,True,True
True,True,True,119.9691162109375,0.8995908106837265,94.11666870117188,104.62164306640625,0.6833333333333333,0.6833333333333333,0.0,3,7,oracle,gnn,adopted_nolag,61,0,6.520652366666809,1.0508762286389612,True,True,True
False,True,False,-1.3505859375,1.0533768217566257,69.05331420898438,65.55423736572266,0.6833333333333333,0.6833333333333333,0.0,3,7,nearest,gnn,adopted_nolag,61,1,0.29075673333341,1.0023046444548163,True,True,True
False,True,False,-6.6148681640625,1.0664972519079527,69.91341400146484,65.55423736572266,0.6833333333333333,0.6833333333333333,0.0,3,7,oracle,gnn,adopted_nolag,61,1,0.29075673333341,1.0023046444548163,True,True,True
True,True,True,20.1129150390625,1.0746344844628024,201.86273193359375,187.84315490722656,0.6833333333333333,0.6833333333333333,0.0,3,7,nearest,gnn,adopted_nolag,61,2,12.621657799999866,0.9497429526478286,True,True,True
False,True,False,-1.6197509765625,0.8614099732350193,161.80996704101562,187.84315490722656,0.6833333333333333,0.6833333333333333,0.0,3,7,oracle,gnn,adopted_nolag,61,2,12.621657799999866,0.9497429526478286,True,True,True
True,True,True,20.8592529296875,1.0295781305298228,406.881591796875,395.1925354003906,0.6833333333333333,0.6833333333333333,0.0,3,6,nearest,gnn,adopted_nolag,61,3,-3.254433199999994,1.1539617222030372,True,False,False
True,True,True,24.3233642578125,0.8196155438413136,323.90594482421875,395.1925354003906,0.6833333333333333,0.6833333333333333,0.0,3,6,oracle,gnn,adopted_nolag,61,3,-3.254433199999994,1.1539617222030372,True,False,False
True,True,True,7.010498046875,1.3964818412965643,221.7498779296875,158.79180908203125,0.6833333333333333,0.6833333333333333,0.0,3,5,nearest,gnn,adopted_nolag,61,4,-19.99570093333341,1.0901231770026032,True,False,False
True,True,True,7.010498046875,1.3964818412965643,221.7498779296875,158.79180908203125,0.6833333333333333,0.6833333333333333,0.0,3,5,oracle,gnn,adopted_nolag,61,4,-19.99570093333341,1.0901231770026032,True,False,False
True,True,True,2.00390625,1.3172256627760603,377.0083312988281,286.21392822265625,0.6833333333333333,0.6833333333333333,0.0,3,4,nearest,gnn,adopted_nolag,61,5,3.3277532666666048,0.8371502810063084,True,True,True
True,True,True,2.00390625,1.3172256627760603,377.0083312988281,286.21392822265625,0.6833333333333333,0.6833333333333333,0.0,3,4,oracle,gnn,adopted_nolag,61,5,3.3277532666666048,0.8371502810063084,True,True,True
False,True,False,-10.03564453125,1.1136098594765238,68.59616088867188,61.598018646240234,0.6833333333333333,0.6833333333333333,0.0,3,4,nearest,gnn,adopted_nolag,61,6,-1.8871341999999913,1.0051582606606795,True,False,False
False,True,False,-10.03564453125,1.1136098594765238,68.59616088867188,61.598018646240234,0.6833333333333333,0.6833333333333333,0.0,3,4,oracle,gnn,adopted_nolag,61,6,-1.8871341999999913,1.0051582606606795,True,False,False
False,True,False,-10.1475830078125,1.130405137838182,65.05261993408203,57.548057556152344,0.6833333333333333,0.6833333333333333,0.0,3,4,nearest,gnn,adopted_nolag,61,7,-0.8070668000000296,0.9931772391523623,True,False,False
False,True,False,-7.773193359375,1.0733466756127816,61.76901626586914,57.548057556152344,0.6833333333333333,0.6833333333333333,0.0,3,4,oracle,gnn,adopted_nolag,61,7,-0.8070668000000296,0.9931772391523623,True,False,False
False,True,False,-44.02490234375,1.460736600013783,184.03099060058594,125.98506164550781,0.7,0.6833333333333333,0.016666666666666607,3,4,nearest,gnn,adopted_nolag,61,8,6.381240733333243,0.873970676041242,True,True,True
False,True,False,-49.4451904296875,1.480768799876268,186.55474853515625,125.98506164550781,0.7,0.6833333333333333,0.016666666666666607,3,4,oracle,gnn,adopted_nolag,61,8,6.381240733333243,0.873970676041242,True,True,True
False,True,False,-2.681396484375,1.071354284130963,279.06591796875,260.4795837402344,0.6833333333333333,0.6833333333333333,0.0,3,4,nearest,gnn,adopted_nolag,61,9,-15.466190333333316,0.9601287930471871,True,False,False
True,True,True,19.585205078125,1.0747199163014718,279.9425964355469,260.4795837402344,0.6833333333333333,0.6833333333333333,0.0,3,4,oracle,gnn,adopted_nolag,61,9,-15.466190333333316,0.9601287930471871,True,False,False
True,True,True,37.1168212890625,0.9307983849127883,156.54835510253906,168.1871795654297,0.6833333333333333,0.6833333333333333,0.0,3,4,nearest,gnn,adopted_nolag,61,10,2.2381830333335984,1.2621237654172879,True,True,True
True,True,True,37.1168212890625,0.9307983849127883,156.54835510253906,168.1871795654297,0.6833333333333333,0.6833333333333333,0.0,3,4,oracle,gnn,adopted_nolag,61,10,2.2381830333335984,1.2621237654172879,True,True,True
True,True,True,27.5419921875,1.1753030669646845,949.2820434570312,807.6912841796875,0.75,0.75,0.0,3,4,nearest,gnn,adopted_nolag,61,11,27.00026949999983,1.6140110014926514,False,True,False
True,True,True,14.990966796875,1.204199524015859,972.6214599609375,807.6912841796875,0.7666666666666667,0.75,0.01666666666666672,3,4,oracle,gnn,adopted_nolag,61,11,27.00026949999983,1.6140110014926514,False,True,False
False,True,False,-12.1624755859375,1.0518199851937415,52.26348114013672,49.68861770629883,0.6833333333333333,0.6833333333333333,0.0,3,4,nearest,gnn,adopted_nolag,61,12,-62.29991323333343,4.342624535128006,False,False,False
False,True,False,-5.71826171875,1.1026947528527151,54.791378021240234,49.68861770629883,0.6833333333333333,0.6833333333333333,0.0,3,4,oracle,gnn,adopted_nolag,61,12,-62.29991323333343,4.342624535128006,False,False,False
True,True,True,19.431640625,0.9961662993730602,361.3701477050781,362.7608642578125,0.6833333333333333,0.6833333333333333,0.0,3,5,nearest,gnn,adopted_nolag,61,13,-6.58969263333347,0.6357676430500306,True,False,False
True,True,True,41.4093017578125,0.8750559016494394,317.43603515625,362.7608642578125,0.6833333333333333,0.6833333333333333,0.0,3,5,oracle,gnn,adopted_nolag,61,13,-6.58969263333347,0.6357676430500306,True,False,False
False,True,False,-1.9248046875,1.014756360505095,82.10408020019531,80.91014099121094,0.6833333333333333,0.6833333333333333,0.0,3,5,nearest,gnn,adopted_nolag,61,14,-14.776954933333627,6.87986470907451,False,False,False
False,True,False,-8.16357421875,1.2460768233711965,100.82025146484375,80.91014099121094,0.6833333333333333,0.6833333333333333,0.0,3,5,oracle,gnn,adopted_nolag,61,14,-14.776954933333627,6.87986470907451,False,False,False
True,True,True,20.2608642578125,0.9997989556261481,32.4776496887207,32.48418045043945,0.6833333333333333,0.6833333333333333,0.0,3,5,nearest,gnn,adopted_nolag,61,15,3.6805031333331044,1.0122646991772664,True,True,True
True,True,True,20.2608642578125,0.9997989556261481,32.4776496887207,32.48418045043945,0.6833333333333333,0.6833333333333333,0.0,3,5,oracle,gnn,adopted_nolag,61,15,3.6805031333331044,1.0122646991772664,True,True,True
True,True,True,38.197509765625,0.9965054347044972,402.0224914550781,403.43231201171875,0.7,0.6833333333333333,0.016666666666666607,3,5,nearest,gnn,adopted_nolag,61,16,-17.03120110000009,1.8712589986632386,False,False,False
True,True,True,39.1517333984375,0.994181549161212,401.0849609375,403.43231201171875,0.7,0.6833333333333333,0.016666666666666607,3,5,oracle,gnn,adopted_nolag,61,16,-17.03120110000009,1.8712589986632386,False,False,False
True,True,True,63.2620849609375,0.8031046285282964,550.8218383789062,685.8656005859375,0.6833333333333333,0.7,-0.016666666666666607,3,6,nearest,gnn,adopted_nolag,61,17,-12.644774433333396,0.9655348297933251,True,False,False
True,True,True,43.139892578125,0.8318628928039332,570.546142578125,685.8656005859375,0.7,0.7,0.0,3,6,oracle,gnn,adopted_nolag,61,17,-12.644774433333396,0.9655348297933251,True,False,False
True,True,True,137.2001953125,0.9072363981397286,420.32928466796875,463.3073425292969,0.7166666666666667,0.7166666666666667,0.0,3,6,nearest,gnn,adopted_nolag,61,18,2.115690633333543,0.6103568862407378,True,True,True
True,True,True,112.8726806640625,0.8314601405446245,385.2215881347656,463.3073425292969,0.7166666666666667,0.7166666666666667,0.0,3,6,oracle,gnn,adopted_nolag,61,18,2.115690633333543,0.6103568862407378,True,True,True
True,True,True,38.1640625,1.0775350572116589,958.1651000976562,889.2194213867188,0.8666666666666667,0.8,0.06666666666666665,3,6,nearest,gnn,adopted_nolag,61,19,40.68051859999969,1.257015561923831,True,True,True
True,True,True,63.13623046875,1.1602076769869334,1031.67919921875,889.2194213867188,0.8166666666666667,0.8,0.016666666666666607,3,6,oracle,gnn,adopted_nolag,61,19,40.68051859999969,1.257015561923831,True,True,True
True,True,True,17.8734130859375,1.018063266680824,85.91616821289062,84.39177703857422,0.6833333333333333,0.6833333333333333,0.0,3,6,nearest,gnn,adopted_nolag,61,20,-39.98266666666677,1.8389205966549216,False,False,False
True,True,True,17.0155029296875,1.050007417687401,88.61199188232422,84.39177703857422,0.6833333333333333,0.6833333333333333,0.0,3,6,oracle,gnn,adopted_nolag,61,20,-39.98266666666677,1.8389205966549216,False,False,False
True,True,True,35.81689453125,0.9955824510958405,32.23855972290039,32.38160705566406,0.6833333333333333,0.6833333333333333,0.0,3,8,nearest,gnn,adopted_nolag,61,21,-5.281077933333108,1.0159880124725968,True,False,False
True,True,True,37.8314208984375,0.991015879568044,32.0906867980957,32.38160705566406,0.6833333333333333,0.6833333333333333,0.0,3,8,oracle,gnn,adopted_nolag,61,21,-5.281077933333108,1.0159880124725968,True,False,False
True,True,True,48.313232421875,1.2390859591187169,54.12731170654297,43.683258056640625,0.6833333333333333,0.6833333333333333,0.0,3,8,nearest,gnn,adopted_nolag,61,22,-2.7483766666666725,1.06144767711277,True,False,False
True,True,True,53.82080078125,1.4373473972920463,62.78801727294922,43.683258056640625,0.6833333333333333,0.6833333333333333,0.0,3,8,oracle,gnn,adopted_nolag,61,22,-2.7483766666666725,1.06144767711277,True,False,False
True,True,True,31.383056640625,1.000496942315153,34.460845947265625,34.443729400634766,0.6833333333333333,0.6833333333333333,0.0,3,9,nearest,gnn,adopted_nolag,61,23,-19.72016606666648,0.9990774433561979,True,False,False
True,True,True,41.504638671875,0.9619025658592545,33.13151168823242,34.443729400634766,0.6833333333333333,0.6833333333333333,0.0,3,9,oracle,gnn,adopted_nolag,61,23,-19.72016606666648,0.9990774433561979,True,False,False
True,True,True,20.403076171875,0.9442731157559356,106.87034606933594,113.1773681640625,0.6833333333333333,0.6833333333333333,0.0,3,9,nearest,gnn,adopted_nolag,61,24,7.082139666666535,1.0418341960635213,True,True,True
True,True,True,38.52392578125,0.8772878604194148,99.28913116455078,113.1773681640625,0.6833333333333333,0.6833333333333333,0.0,3,9,oracle,gnn,adopted_nolag,61,24,7.082139666666535,1.0418341960635213,True,True,True
False,True,False,-10.3203125,1.1477709426525735,39.73191452026367,34.6165885925293,0.6833333333333333,0.6833333333333333,0.0,3,8,nearest,gnn,adopted_nolag,61,25,-3.267896900000096,0.865005268792262,True,False,False
False,True,False,-12.7174072265625,1.16026877862889,40.164546966552734,34.6165885925293,0.6833333333333333,0.6833333333333333,0.0,3,8,oracle,gnn,adopted_nolag,61,25,-3.267896900000096,0.865005268792262,True,False,False
False,False,True,57.1685791015625,2.882904685114412,515.650146484375,178.8647918701172,0.6833333333333333,0.6833333333333333,0.0,3,9,nearest,gnn,adopted_nolag,61,26,3.4722998000002008,20.097426654453756,False,True,False
False,False,True,57.1685791015625,2.882904685114412,515.650146484375,178.8647918701172,0.6833333333333333,0.6833333333333333,0.0,3,9,oracle,gnn,adopted_nolag,61,26,3.4722998000002008,20.097426654453756,False,True,False
True,True,True,34.3094482421875,1.0772120807888919,41.721824645996094,38.731300354003906,0.6833333333333333,0.6833333333333333,0.0,3,10,nearest,gnn,adopted_nolag,61,27,5.216848566666613,0.8748319793327064,True,True,True
True,True,True,28.452392578125,1.066480367033849,41.30617141723633,38.731300354003906,0.6833333333333333,0.6833333333333333,0.0,3,10,oracle,gnn,adopted_nolag,61,27,5.216848566666613,0.8748319793327064,True,True,True
False,False,True,73.5909423828125,3.224319181964503,330.29638671875,102.4391098022461,0.6833333333333333,0.6833333333333333,0.0,3,10,nearest,gnn,adopted_nolag,61,28,-7.904399600000033,1.1713500376574482,True,False,False
False,False,True,82.418701171875,3.1531066108414163,323.0014343261719,102.4391098022461,0.6833333333333333,0.6833333333333333,0.0,3,10,oracle,gnn,adopted_nolag,61,28,-7.904399600000033,1.1713500376574482,True,False,False
True,True,True,62.460693359375,1.019656330682564,82.16435241699219,80.58043670654297,0.6833333333333333,0.6833333333333333,0.0,3,10,nearest,gnn,adopted_nolag,61,29,-47.583690199999864,2.7681152800109965,False,False,False
True,True,True,60.142822265625,1.048498466980987,84.48846435546875,80.58043670654297,0.6833333333333333,0.6833333333333333,0.0,3,10,oracle,gnn,adopted_nolag,61,29,-47.583690199999864,2.7681152800109965,False,False,False
False,False,True,22.3896484375,2.0883834365590346,187.44515991210938,89.756103515625,0.6833333333333333,0.6833333333333333,0.0,3,10,nearest,gnn,adopted_nolag,61,30,-5.588850866666462,10.629709330952833,False,False,False
False,False,True,18.8046875,2.1526404155140475,193.21261596679688,89.756103515625,0.6833333333333333,0.6833333333333333,0.0,3,10,oracle,gnn,adopted_nolag,61,30,-5.588850866666462,10.629709330952833,False,False,False
False,False,True,122.7012939453125,1.6244203934146337,358.587158203125,220.7477569580078,0.6833333333333333,0.6833333333333333,0.0,3,10,nearest,gnn,adopted_nolag,61,31,-6.416819400000122,2.589210838659513,False,False,False
False,False,True,121.558837890625,1.7180071093200524,379.2462158203125,220.7477569580078,0.6833333333333333,0.6833333333333333,0.0,3,10,oracle,gnn,adopted_nolag,61,31,-6.416819400000122,2.589210838659513,False,False,False
False,True,False,-2.536865234375,1.3084403809268086,299.8020324707031,229.12930297851562,0.6833333333333333,0.6833333333333333,0.0,3,11,nearest,gnn,adopted_nolag,61,32,-4.2974644666667245,3.3059719949073743,False,False,False
True,True,True,11.683837890625,1.0811457984959996,247.72218322753906,229.12930297851562,0.6833333333333333,0.6833333333333333,0.0,3,11,oracle,gnn,adopted_nolag,61,32,-4.2974644666667245,3.3059719949073743,False,False,False
True,True,True,42.5555419921875,1.0440592349023672,33.43017578125,32.01942443847656,0.6833333333333333,0.6833333333333333,0.0,3,10,nearest,gnn,adopted_nolag,61,33,-2.5762052000002313,1.0019574874983512,True,False,False
True,True,True,28.4581298828125,1.048516268153496,33.5728874206543,32.01942443847656,0.6833333333333333,0.6833333333333333,0.0,3,10,oracle,gnn,adopted_nolag,61,33,-2.5762052000002313,1.0019574874983512,True,False,False
False,False,False,-8.419921875,1.7286529544219948,199.71409606933594,115.53163146972656,0.6833333333333333,0.6833333333333333,0.0,3,10,nearest,gnn,adopted_nolag,61,34,-35.24921160000031,4.122834988179906,False,False,False
False,False,False,-3.800537109375,2.7069961609888473,312.7436828613281,115.53163146972656,0.6833333333333333,0.6833333333333333,0.0,3,10,oracle,gnn,adopted_nolag,61,34,-35.24921160000031,4.122834988179906,False,False,False
False,False,True,25.85595703125,1.6656346022271207,422.1380310058594,253.43975830078125,0.6833333333333333,0.6833333333333333,0.0,3,10,nearest,gnn,adopted_nolag,61,35,30.88746083333308,11.844307956870596,False,True,False
False,False,True,25.85595703125,1.6656346022271207,422.1380310058594,253.43975830078125,0.6833333333333333,0.6833333333333333,0.0,3,10,oracle,gnn,adopted_nolag,61,35,30.88746083333308,11.844307956870596,False,True,False
False,False,False,-11.03564453125,2.091803659173353,120.60724639892578,57.65705871582031,0.6833333333333333,0.6833333333333333,0.0,3,9,nearest,gnn,adopted_nolag,61,36,-53.57331450000015,1.1560085683439654,True,False,False
False,False,True,5.0885009765625,1.8009031356214569,103.83477783203125,57.65705871582031,0.6833333333333333,0.6833333333333333,0.0,3,9,oracle,gnn,adopted_nolag,61,36,-53.57331450000015,1.1560085683439654,True,False,False
True,True,True,126.355712890625,1.2850022004275117,998.010009765625,776.66015625,0.8,0.7666666666666667,0.033333333333333326,3,9,nearest,gnn,adopted_nolag,61,37,58.098749566666356,4.17500831744961,False,True,False
True,True,True,129.7265625,1.2920466333459073,1003.4811401367188,776.66015625,0.7833333333333333,0.7666666666666667,0.016666666666666607,3,9,oracle,gnn,adopted_nolag,61,37,58.098749566666356,4.17500831744961,False,True,False
True,True,True,135.8702392578125,0.9933284286667334,98.59150695800781,99.2536849975586,0.6833333333333333,0.6833333333333333,0.0,3,9,nearest,gnn,adopted_nolag,61,38,-99.28486810000004,21.45485537228427,False,False,False
True,True,True,113.2493896484375,0.9809316801363078,97.361083984375,99.2536849975586,0.6833333333333333,0.6833333333333333,0.0,3,9,oracle,gnn,adopted_nolag,61,38,-99.28486810000004,21.45485537228427,False,False,False
True,True,True,28.0445556640625,1.101506130658539,33.55839920043945,30.46592140197754,0.6833333333333333,0.6833333333333333,0.0,3,9,nearest,gnn,adopted_nolag,61,39,-9.270024766666438,1.0184595581769809,True,False,False
True,True,True,29.3497314453125,1.0961380441656337,33.39485549926758,30.46592140197754,0.6833333333333333,0.6833333333333333,0.0,3,9,oracle,gnn,adopted_nolag,61,39,-9.270024766666438,1.0184595581769809,True,False,False
True,True,True,142.08349609375,0.7047815615117019,73.73540496826172,104.62164306640625,0.6833333333333333,0.6833333333333333,0.0,4,12,nearest,gnn,adopted_nolag,61,0,9.70355890000019,0.9891706650867147,True,True,True
True,True,True,131.4403076171875,0.7021789156074746,73.4631118774414,104.62164306640625,0.6833333333333333,0.6833333333333333,0.0,4,12,oracle,gnn,adopted_nolag,61,0,9.70355890000019,0.9891706650867147,True,True,True
False,True,False,-0.797119140625,1.4012243484737832,91.85619354248047,65.55423736572266,0.6833333333333333,0.6833333333333333,0.0,4,13,nearest,gnn,adopted_nolag,61,1,-4.564158933333374,1.0514611212804694,True,False,False
True,True,True,10.437744140625,1.0225950484880402,67.03543853759766,65.55423736572266,0.6833333333333333,0.6833333333333333,0.0,4,13,oracle,gnn,adopted_nolag,61,1,-4.564158933333374,1.0514611212804694,True,False,False
True,True,True,161.9129638671875,0.5600352674861251,105.19879150390625,187.84315490722656,0.6833333333333333,0.6833333333333333,0.0,4,13,nearest,gnn,adopted_nolag,61,2,6.437456533333261,0.950851322590534,True,True,True
True,True,True,160.53125,0.45498302301395177,85.46544647216797,187.84315490722656,0.6833333333333333,0.6833333333333333,0.0,4,13,oracle,gnn,adopted_nolag,61,2,6.437456533333261,0.950851322590534,True,True,True
True,True,True,16.88623046875,0.8113431316275342,320.6367492675781,395.1925354003906,0.6833333333333333,0.6833333333333333,0.0,4,13,nearest,gnn,adopted_nolag,61,3,2.073887133333301,0.9339094361139124,True,True,True
True,True,True,23.5950927734375,0.7304609870723336,288.6727294921875,395.1925354003906,0.6833333333333333,0.6833333333333333,0.0,4,13,oracle,gnn,adopted_nolag,61,3,2.073887133333301,0.9339094361139124,True,True,True
True,True,True,95.132080078125,0.9443725988749426,149.95863342285156,158.79180908203125,0.6833333333333333,0.6833333333333333,0.0,4,13,nearest,gnn,adopted_nolag,61,4,-3.34094836666668,1.1079364272889105,True,False,False
True,True,True,141.75927734375,0.43291600122230356,68.74351501464844,158.79180908203125,0.6833333333333333,0.6833333333333333,0.0,4,13,oracle,gnn,adopted_nolag,61,4,-3.34094836666668,1.1079364272889105,True,False,False
True,True,True,76.304443359375,0.630379101146454,180.42327880859375,286.21392822265625,0.6833333333333333,0.6833333333333333,0.0,4,14,nearest,gnn,adopted_nolag,61,5,-54.30783263333342,0.1931019612476346,True,False,False
True,True,True,99.4747314453125,0.5908666250544587,169.1142578125,286.21392822265625,0.6833333333333333,0.6833333333333333,0.0,4,14,oracle,gnn,adopted_nolag,61,5,-54.30783263333342,0.1931019612476346,True,False,False
False,False,True,28.26708984375,1.7198032073098886,105.93647003173828,61.598018646240234,0.6833333333333333,0.6833333333333333,0.0,4,14,nearest,gnn,adopted_nolag,61,6,-8.09107076666669,1.057512957012577,True,False,False
True,True,True,41.406494140625,1.0504991128376062,64.70866394042969,61.598018646240234,0.6833333333333333,0.6833333333333333,0.0,4,14,oracle,gnn,adopted_nolag,61,6,-8.09107076666669,1.057512957012577,True,False,False
True,True,True,28.1788330078125,0.7566772049992715,43.54530334472656,57.548057556152344,0.6833333333333333,0.6833333333333333,0.0,4,14,nearest,gnn,adopted_nolag,61,7,-0.5768266333332122,1.020073546961594,True,False,False
True,True,True,33.85205078125,0.7337519234876485,42.22599792480469,57.548057556152344,0.6833333333333333,0.6833333333333333,0.0,4,14,oracle,gnn,adopted_nolag,61,7,-0.5768266333332122,1.020073546961594,True,False,False
True,True,True,16.0706787109375,0.78202736322174,98.52376556396484,125.98506164550781,0.6833333333333333,0.6833333333333333,0.0,4,13,nearest,gnn,adopted_nolag,61,8,-8.44530786666678,1.0038294640724634,True,False,False
True,True,True,13.337890625,0.7083136469596225,89.2369384765625,125.98506164550781,0.6833333333333333,0.6833333333333333,0.0,4,13,oracle,gnn,adopted_nolag,61,8,-8.44530786666678,1.0038294640724634,True,False,False
True,True,True,38.7987060546875,0.8625901906121509,224.6871337890625,260.4795837402344,0.6833333333333333,0.6833333333333333,0.0,4,14,nearest,gnn,adopted_nolag,61,9,4.74318930000004,0.7575791532895725,True,True,True
True,True,True,38.7987060546875,0.8625901906121509,224.6871337890625,260.4795837402344,0.6833333333333333,0.6833333333333333,0.0,4,14,oracle,gnn,adopted_nolag,61,9,4.74318930000004,0.7575791532895725,True,True,True
True,True,True,177.78564453125,1.1598485436135695,195.0716552734375,168.1871795654297,0.6833333333333333,0.6833333333333333,0.0,4,12,nearest,gnn,adopted_nolag,61,10,-52.77160439999966,1.3431286984268311,True,False,False
True,True,True,177.78564453125,1.1598485436135695,195.0716552734375,168.1871795654297,0.6833333333333333,0.6833333333333333,0.0,4,12,oracle,gnn,adopted_nolag,61,10,-52.77160439999966,1.3431286984268311,True,False,False
False,True,False,-2.6533203125,0.9402160351974962,759.404296875,807.6912841796875,0.75,0.75,0.0,4,12,nearest,gnn,adopted_nolag,61,11,-35.36827746666677,1.7282828843666336,False,False,False
False,True,False,-2.6533203125,0.9402160351974962,759.404296875,807.6912841796875,0.75,0.75,0.0,4,12,oracle,gnn,adopted_nolag,61,11,-35.36827746666677,1.7282828843666336,False,False,False
True,True,True,37.697265625,1.2830720767524009,63.75407791137695,49.68861770629883,0.6833333333333333,0.6833333333333333,0.0,4,11,nearest,gnn,adopted_nolag,61,12,-2.60722039999996,1.0429211248812944,True,False,False
True,True,True,37.697265625,1.2830720767524009,63.75407791137695,49.68861770629883,0.6833333333333333,0.6833333333333333,0.0,4,11,oracle,gnn,adopted_nolag,61,12,-2.60722039999996,1.0429211248812944,True,False,False
True,True,True,114.4161376953125,0.6656919841829879,241.48699951171875,362.7608642578125,0.6833333333333333,0.6833333333333333,0.0,4,10,nearest,gnn,adopted_nolag,61,13,-34.679685800000016,0.6553859495487728,True,False,False
True,True,True,114.4161376953125,0.6656919841829879,241.48699951171875,362.7608642578125,0.6833333333333333,0.6833333333333333,0.0,4,10,oracle,gnn,adopted_nolag,61,13,-34.679685800000016,0.6553859495487728,True,False,False
True,True,True,124.3382568359375,1.427816774907511,115.52485656738281,80.91014099121094,0.6833333333333333,0.6833333333333333,0.0,4,11,nearest,gnn,adopted_nolag,61,14,-4.902121866666903,1.2057428888304358,True,False,False
False,False,True,132.423828125,2.00674866907797,162.36631774902344,80.91014099121094,0.6833333333333333,0.6833333333333333,0.0,4,11,oracle,gnn,adopted_nolag,61,14,-4.902121866666903,1.2057428888304358,True,False,False
False,True,False,-14.1680908203125,1.1302260234327082,36.7144660949707,32.48418045043945,0.6833333333333333,0.6833333333333333,0.0,4,11,nearest,gnn,adopted_nolag,61,15,-14.864381366666748,1.0518443151444175,True,False,False
False,True,False,-15.7801513671875,1.1331021792763882,36.80789566040039,32.48418045043945,0.6833333333333333,0.6833333333333333,0.0,4,11,oracle,gnn,adopted_nolag,61,15,-14.864381366666748,1.0518443151444175,True,False,False
True,True,True,67.670166015625,0.5972133192432186,240.93515014648438,403.43231201171875,0.6833333333333333,0.6833333333333333,0.0,4,12,nearest,gnn,adopted_nolag,61,16,1.7115879000000405,0.8051629536396647,True,True,True
True,True,True,59.743408203125,1.141282800554023,460.43035888671875,403.43231201171875,0.6833333333333333,0.6833333333333333,0.0,4,12,oracle,gnn,adopted_nolag,61,16,1.7115879000000405,0.8051629536396647,True,True,True
True,True,True,120.294189453125,0.683020545469334,468.4602966308594,685.8656005859375,0.6833333333333333,0.7,-0.016666666666666607,4,13,nearest,gnn,adopted_nolag,61,17,-50.00219579999998,0.26650789559915367,True,False,False
True,True,True,119.9287109375,0.6894065988907223,472.84027099609375,685.8656005859375,0.7333333333333333,0.7,0.033333333333333326,4,13,oracle,gnn,adopted_nolag,61,17,-50.00219579999998,0.26650789559915367,True,False,False
True,True,True,74.7718505859375,1.0216102921585295,473.3195495605469,463.3073425292969,0.7,0.7166666666666667,-0.01666666666666672,4,11,nearest,gnn,adopted_nolag,61,18,-21.29756793333354,2.0784104576233275,False,False,False
True,True,True,48.45361328125,0.9968368402522649,461.8418273925781,463.3073425292969,0.7,0.7166666666666667,-0.01666666666666672,4,11,oracle,gnn,adopted_nolag,61,18,-21.29756793333354,2.0784104576233275,False,False,False
False,True,False,-28.165771484375,1.0218173953397258,908.619873046875,889.2194213867188,0.8333333333333334,0.8,0.033333333333333326,4,11,nearest,gnn,adopted_nolag,61,19,-44.17344233333324,0.9783901537557101,True,False,False
False,True,False,-32.281494140625,0.9489130014741604,843.7918701171875,889.2194213867188,0.7833333333333333,0.8,-0.01666666666666672,4,11,oracle,gnn,adopted_nolag,61,19,-44.17344233333324,0.9783901537557101,True,False,False
False,False,True,83.5379638671875,2.5357577282945853,213.99710083007812,84.39177703857422,0.6833333333333333,0.6833333333333333,0.0,4,11,nearest,gnn,adopted_nolag,61,20,-4.2913000333333,0.9055905652569832,True,False,False
False,False,True,86.161376953125,1.5056826898659021,127.0672378540039,84.39177703857422,0.6833333333333333,0.6833333333333333,0.0,4,11,oracle,gnn,adopted_nolag,61,20,-4.2913000333333,0.9055905652569832,True,False,False
False,True,False,-3.7919921875,1.1009196521847306,35.6495475769043,32.38160705566406,0.6833333333333333,0.6833333333333333,0.0,4,9,nearest,gnn,adopted_nolag,61,21,-40.5414594333331,1.0867953504182348,True,False,False
True,True,True,6.62890625,1.1258339965723618,36.45631408691406,32.38160705566406,0.6833333333333333,0.6833333333333333,0.0,4,9,oracle,gnn,adopted_nolag,61,21,-40.5414594333331,1.0867953504182348,True,False,False
False,True,False,-22.189697265625,1.1110885712229803,48.53596878051758,43.683258056640625,0.6833333333333333,0.6833333333333333,0.0,4,9,nearest,gnn,adopted_nolag,61,22,-6.85482583333328,1.0708764778721944,True,False,False
False,True,False,-4.82568359375,1.109421075538646,48.46312713623047,43.683258056640625,0.6833333333333333,0.6833333333333333,0.0,4,9,oracle,gnn,adopted_nolag,61,22,-6.85482583333328,1.0708764778721944,True,False,False
True,True,True,32.69384765625,1.1266823025739663,38.8071403503418,34.443729400634766,0.6833333333333333,0.6833333333333333,0.0,4,8,nearest,gnn,adopted_nolag,61,23,-23.241722699999855,1.0862913330644095,True,False,False
True,True,True,39.692138671875,1.1119722784378756,38.300472259521484,34.443729400634766,0.6833333333333333,0.6833333333333333,0.0,4,8,oracle,gnn,adopted_nolag,61,23,-23.241722699999855,1.0862913330644095,True,False,False
True,True,True,4.7109375,1.234811772433557,139.75274658203125,113.1773681640625,0.6833333333333333,0.6833333333333333,0.0,4,9,nearest,gnn,adopted_nolag,61,24,-35.671961333333456,1.406808281218942,True,False,False
True,True,True,52.2728271484375,1.1586104283130327,131.12847900390625,113.1773681640625,0.6833333333333333,0.6833333333333333,0.0,4,9,oracle,gnn,adopted_nolag,61,24,-35.671961333333456,1.406808281218942,True,False,False
False,False,False,-55.991943359375,1.8844339173010705,65.23267364501953,34.6165885925293,0.6833333333333333,0.6833333333333333,0.0,4,10,nearest,gnn,adopted_nolag,61,25,-22.91091930000016,1.0400081619463724,True,False,False
False,False,False,-10.47802734375,1.7206153133423645,59.561832427978516,34.6165885925293,0.6833333333333333,0.6833333333333333,0.0,4,10,oracle,gnn,adopted_nolag,61,25,-22.91091930000016,1.0400081619463724,True,False,False
True,True,True,28.32470703125,1.2387190911376416,221.563232421875,178.8647918701172,0.6833333333333333,0.6833333333333333,0.0,4,10,nearest,gnn,adopted_nolag,61,26,-28.971422766666592,1.4650209870304676,True,False,False
True,True,True,42.116455078125,1.4551081066394087,260.2676086425781,178.8647918701172,0.6833333333333333,0.6833333333333333,0.0,4,10,oracle,gnn,adopted_nolag,61,26,-28.971422766666592,1.4650209870304676,True,False,False
False,False,True,15.1748046875,2.0578786267708495,79.70431518554688,38.731300354003906,0.6833333333333333,0.6833333333333333,0.0,4,9,nearest,gnn,adopted_nolag,61,27,-13.17687039999987,0.9279803455734223,True,False,False
False,False,True,18.1187744140625,2.026784914043662,78.50001525878906,38.731300354003906,0.6833333333333333,0.6833333333333333,0.0,4,9,oracle,gnn,adopted_nolag,61,27,-13.17687039999987,0.9279803455734223,True,False,False
False,False,True,64.8221435546875,2.4273575007900186,248.65634155273438,102.4391098022461,0.6833333333333333,0.6833333333333333,0.0,4,10,nearest,gnn,adopted_nolag,61,28,-21.047346166666784,1.495229712430905,True,False,False
False,False,True,77.483642578125,1.8172420899270934,186.1566619873047,102.4391098022461,0.6833333333333333,0.6833333333333333,0.0,4,10,oracle,gnn,adopted_nolag,61,28,-21.047346166666784,1.495229712430905,True,False,False
False,False,True,33.7396240234375,1.9049101202924983,153.4984893798828,80.58043670654297,0.6833333333333333,0.6833333333333333,0.0,4,10,nearest,gnn,adopted_nolag,61,29,-50.34729853333329,4.791505670881415,False,False,False
False,False,True,31.6971435546875,1.922992198612382,154.95555114746094,80.58043670654297,0.6833333333333333,0.6833333333333333,0.0,4,10,oracle,gnn,adopted_nolag,61,29,-50.34729853333329,4.791505670881415,False,False,False
False,False,True,98.7828369140625,1.7046345823779177,153.00135803222656,89.756103515625,0.6833333333333333,0.6833333333333333,0.0,4,10,nearest,gnn,adopted_nolag,61,30,-24.5204539333331,4.042213495532783,False,False,False
False,False,True,91.5089111328125,1.6808108997636282,150.863037109375,89.756103515625,0.6833333333333333,0.6833333333333333,0.0,4,10,oracle,gnn,adopted_nolag,61,30,-24.5204539333331,4.042213495532783,False,False,False
True,True,True,229.5927734375,1.183182051472583,261.1847839355469,220.7477569580078,0.6833333333333333,0.6833333333333333,0.0,4,10,nearest,gnn,adopted_nolag,61,31,6.1626547999999275,1.013009697670062,True,True,True
True,True,True,220.408203125,1.1426808392246453,252.24423217773438,220.7477569580078,0.6833333333333333,0.6833333333333333,0.0,4,10,oracle,gnn,adopted_nolag,61,31,6.1626547999999275,1.013009697670062,True,True,True
False,False,True,125.006103515625,1.5939981691794831,365.231689453125,229.12930297851562,0.6833333333333333,0.6833333333333333,0.0,4,9,nearest,gnn,adopted_nolag,61,32,-43.717285533333325,4.582926936161971,False,False,False
False,False,True,110.5802001953125,1.812251660171689,415.2399597167969,229.12930297851562,0.6833333333333333,0.6833333333333333,0.0,4,9,oracle,gnn,adopted_nolag,61,32,-43.717285533333325,4.582926936161971,False,False,False
True,True,True,12.435546875,1.1124130002263601,35.61882400512695,32.01942443847656,0.6833333333333333,0.6833333333333333,0.0,4,8,nearest,gnn,adopted_nolag,61,33,-42.57816563333358,1.0934640246234495,True,False,False
True,True,True,9.423583984375,1.1243629150434253,36.0014533996582,32.01942443847656,0.6833333333333333,0.6833333333333333,0.0,4,8,oracle,gnn,adopted_nolag,61,33,-42.57816563333358,1.0934640246234495,True,False,False
False,False,True,4.927734375,1.6374439822275193,189.17657470703125,115.53163146972656,0.6833333333333333,0.6833333333333333,0.0,4,9,nearest,gnn,adopted_nolag,61,34,-36.33475520000002,1.7994659799368702,False,False,False
False,True,False,-23.40087890625,1.450703633806913,167.60215759277344,115.53163146972656,0.6833333333333333,0.6833333333333333,0.0,4,9,oracle,gnn,adopted_nolag,61,34,-36.33475520000002,1.7994659799368702,False,False,False
False,False,False,-12.334716796875,1.989467307363023,504.2101135253906,253.43975830078125,0.6833333333333333,0.6833333333333333,0.0,4,9,nearest,gnn,adopted_nolag,61,35,-8.309164000000237,8.207325833980887,False,False,False
False,False,True,48.595703125,1.9316367788222448,489.5535583496094,253.43975830078125,0.6833333333333333,0.6833333333333333,0.0,4,9,oracle,gnn,adopted_nolag,61,35,-8.309164000000237,8.207325833980887,False,False,False
False,False,True,116.42431640625,2.020674914313797,116.50617218017578,57.65705871582031,0.6833333333333333,0.6833333333333333,0.0,4,10,nearest,gnn,adopted_nolag,61,36,-27.703856466666593,1.922529519776395,False,False,False
False,False,True,117.648681640625,1.8015106336637279,103.86980438232422,57.65705871582031,0.6833333333333333,0.6833333333333333,0.0,4,10,oracle,gnn,adopted_nolag,61,36,-27.703856466666593,1.922529519776395,False,False,False
True,True,True,267.353515625,1.3006304224820822,1010.1478271484375,776.66015625,0.8666666666666667,0.7666666666666667,0.09999999999999998,4,9,nearest,gnn,adopted_nolag,61,37,12.559847099999843,2.9351231327670257,False,True,False
True,True,True,235.05029296875,1.2457365145228216,967.513916015625,776.66015625,0.8,0.7666666666666667,0.033333333333333326,4,9,oracle,gnn,adopted_nolag,61,37,12.559847099999843,2.9351231327670257,False,True,False
True,True,True,164.0008544921875,1.3083568400920598,129.85923767089844,99.2536849975586,0.6833333333333333,0.6833333333333333,0.0,4,9,nearest,gnn,adopted_nolag,61,38,-83.5816304,1.657536107547187,False,False,False
True,True,True,144.0899658203125,1.1469393735089124,113.83795928955078,99.2536849975586,0.6833333333333333,0.6833333333333333,0.0,4,9,oracle,gnn,adopted_nolag,61,38,-83.5816304,1.657536107547187,False,False,False
False,True,False,-5.9931640625,1.10869479882729,33.777408599853516,30.46592140197754,0.6833333333333333,0.6833333333333333,0.0,4,9,nearest,gnn,adopted_nolag,61,39,-30.377666066666507,1.0881745585157203,True,False,False
True,True,True,10.3502197265625,1.159226458135355,35.31690216064453,30.46592140197754,0.6833333333333333,0.6833333333333333,0.0,4,9,oracle,gnn,adopted_nolag,61,39,-30.377666066666507,1.0881745585157203,True,False,False
True,True,True,139.1475830078125,0.9855719782909141,103.1121597290039,104.62164306640625,0.6833333333333333,0.6833333333333333,0.0,5,8,nearest,gnn,adopted_nolag,61,0,10.358159533333492,1.0101921359863364,True,True,True
True,True,True,121.7318115234375,0.8896153626260923,93.0730209350586,104.62164306640625,0.6833333333333333,0.6833333333333333,0.0,5,8,oracle,gnn,adopted_nolag,61,0,10.358159533333492,1.0101921359863364,True,True,True
True,True,True,27.0145263671875,1.3764743535655366,90.23372650146484,65.55423736572266,0.6833333333333333,0.6833333333333333,0.0,5,8,nearest,gnn,adopted_nolag,61,1,1.1676817000000028,1.52894944454844,False,True,False
True,True,True,13.1705322265625,1.1889426901333457,77.94023132324219,65.55423736572266,0.6833333333333333,0.6833333333333333,0.0,5,8,oracle,gnn,adopted_nolag,61,1,1.1676817000000028,1.52894944454844,False,True,False
True,True,True,99.560302734375,0.7300286771711506,137.13088989257812,187.84315490722656,0.6833333333333333,0.6833333333333333,0.0,5,7,nearest,gnn,adopted_nolag,61,2,4.586766033333333,0.9715874892944493,True,True,True
True,True,True,28.9259033203125,1.0091373299630908,189.55953979492188,187.84315490722656,0.6833333333333333,0.6833333333333333,0.0,5,7,oracle,gnn,adopted_nolag,61,2,4.586766033333333,0.9715874892944493,True,True,True
True,True,True,35.84423828125,0.9874626139092821,390.23785400390625,395.1925354003906,0.6833333333333333,0.6833333333333333,0.0,5,7,nearest,gnn,adopted_nolag,61,3,2.937068100000033,0.985430258148574,True,True,True
True,True,True,35.0087890625,0.573115227887292,226.49085998535156,395.1925354003906,0.6833333333333333,0.6833333333333333,0.0,5,7,oracle,gnn,adopted_nolag,61,3,2.937068100000033,0.985430258148574,True,True,True
False,False,True,19.22412109375,2.004180047623715,318.24737548828125,158.79180908203125,0.6833333333333333,0.6833333333333333,0.0,5,8,nearest,gnn,adopted_nolag,61,4,-5.3782341666667435,0.961279101538153,True,False,False
True,True,True,3.0133056640625,1.2766349751791655,202.71917724609375,158.79180908203125,0.6833333333333333,0.6833333333333333,0.0,5,8,oracle,gnn,adopted_nolag,61,4,-5.3782341666667435,0.961279101538153,True,False,False
False,False,True,14.660888671875,1.8086732664737322,517.66748046875,286.21392822265625,0.6833333333333333,0.6833333333333333,0.0,5,8,nearest,gnn,adopted_nolag,61,5,6.876818133333245,0.7528070997822272,True,True,True
True,True,True,8.528076171875,1.2863685827972402,368.1766052246094,286.21392822265625,0.6833333333333333,0.6833333333333333,0.0,5,8,oracle,gnn,adopted_nolag,61,5,6.876818133333245,0.7528070997822272,True,True,True
False,False,True,33.1158447265625,1.67622768307095,103.25230407714844,61.598018646240234,0.6833333333333333,0.6833333333333333,0.0,5,8,nearest,gnn,adopted_nolag,61,6,-46.433630900000026,1.8857215794092748,False,False,False
True,True,True,11.314208984375,1.235368756537756,76.09626770019531,61.598018646240234,0.6833333333333333,0.6833333333333333,0.0,5,8,oracle,gnn,adopted_nolag,61,6,-46.433630900000026,1.8857215794092748,False,False,False
True,True,True,14.88232421875,1.2336847745951545,70.99616241455078,57.548057556152344,0.6833333333333333,0.6833333333333333,0.0,5,8,nearest,gnn,adopted_nolag,61,7,-0.2159790000000612,0.9853661390429498,True,False,False
True,True,True,12.9801025390625,1.0195269377095586,58.67179489135742,57.548057556152344,0.6833333333333333,0.6833333333333333,0.0,5,8,oracle,gnn,adopted_nolag,61,7,-0.2159790000000612,0.9853661390429498,True,False,False
True,True,True,39.063232421875,0.9335899939890199,117.61839294433594,125.98506164550781,0.6833333333333333,0.6833333333333333,0.0,5,10,nearest,gnn,adopted_nolag,61,8,3.8440655999997944,1.016232300870289,True,True,True
True,True,True,21.3016357421875,1.0071898613429302,126.89087677001953,125.98506164550781,0.6833333333333333,0.6833333333333333,0.0,5,10,oracle,gnn,adopted_nolag,61,8,3.8440655999997944,1.016232300870289,True,True,True
False,False,True,8.7117919921875,1.6720333388202888,435.5305480957031,260.4795837402344,0.6833333333333333,0.6833333333333333,0.0,5,10,nearest,gnn,adopted_nolag,61,9,-7.170035299999881,1.9207614151897112,False,False,False
True,True,True,48.237060546875,1.3056010881745954,340.0824279785156,260.4795837402344,0.6833333333333333,0.6833333333333333,0.0,5,10,oracle,gnn,adopted_nolag,61,9,-7.170035299999881,1.9207614151897112,False,False,False
False,False,True,63.445068359375,2.5034552178920673,421.049072265625,168.1871795654297,0.7,0.6833333333333333,0.016666666666666607,5,11,nearest,gnn,adopted_nolag,61,10,-47.837620866666384,2.329466824990565,False,False,False
False,False,True,14.8304443359375,1.8096641222828416,304.3623046875,168.1871795654297,0.6833333333333333,0.6833333333333333,0.0,5,11,oracle,gnn,adopted_nolag,61,10,-47.837620866666384,2.329466824990565,False,False,False
True,True,True,153.424072265625,1.3933519098232674,1125.398193359375,807.6912841796875,0.9,0.75,0.15000000000000002,5,12,nearest,gnn,adopted_nolag,61,11,68.0745165999997,3.34548452977546,False,True,False
False,False,True,160.108154296875,1.5256933047406323,1232.2891845703125,807.6912841796875,0.8666666666666667,0.75,0.1166666666666667,5,12,oracle,gnn,adopted_nolag,61,11,68.0745165999997,3.34548452977546,False,True,False
True,True,True,10.312255859375,1.0583827674989807,52.589576721191406,49.68861770629883,0.6833333333333333,0.6833333333333333,0.0,5,12,nearest,gnn,adopted_nolag,61,12,-169.04426336666666,13.630636800760838,False,False,False
False,True,False,-8.6026611328125,1.188061822692944,59.03314971923828,49.68861770629883,0.6833333333333333,0.6833333333333333,0.0,5,12,oracle,gnn,adopted_nolag,61,12,-169.04426336666666,13.630636800760838,False,False,False
True,True,True,91.3663330078125,1.1709072841910304,424.75933837890625,362.7608642578125,0.6833333333333333,0.6833333333333333,0.0,5,12,nearest,gnn,adopted_nolag,61,13,-10.553793400000131,1.6789297320737735,False,False,False
True,True,True,97.9219970703125,1.0100287306716578,366.3988952636719,362.7608642578125,0.6833333333333333,0.6833333333333333,0.0,5,12,oracle,gnn,adopted_nolag,61,13,-10.553793400000131,1.6789297320737735,False,False,False
False,False,True,93.664306640625,1.6010023145568142,129.53732299804688,80.91014099121094,0.6833333333333333,0.6833333333333333,0.0,5,11,nearest,gnn,adopted_nolag,61,14,-63.0910844,3.2305540070854177,False,False,False
False,False,True,85.8304443359375,1.7836214695370716,144.3130645751953,80.91014099121094,0.6833333333333333,0.6833333333333333,0.0,5,11,oracle,gnn,adopted_nolag,61,14,-63.0910844,3.2305540070854177,False,False,False
True,True,True,13.4742431640625,1.0898772866008504,35.403770446777344,32.48418045043945,0.6833333333333333,0.6833333333333333,0.0,5,11,nearest,gnn,adopted_nolag,61,15,-14.218723000000182,1.0950187712597867,True,False,False
True,True,True,20.773681640625,1.054646843597459,34.25933837890625,32.48418045043945,0.6833333333333333,0.6833333333333333,0.0,5,11,oracle,gnn,adopted_nolag,61,15,-14.218723000000182,1.0950187712597867,True,False,False
True,True,True,35.080810546875,1.0086512749561827,406.9225158691406,403.43231201171875,0.6833333333333333,0.6833333333333333,0.0,5,11,nearest,gnn,adopted_nolag,61,16,-2.3767571333335127,1.2171868766129346,True,False,False
False,False,True,23.824462890625,1.5584761192979855,628.7396240234375,403.43231201171875,0.7166666666666667,0.6833333333333333,0.033333333333333326,5,11,oracle,gnn,adopted_nolag,61,16,-2.3767571333335127,1.2171868766129346,True,False,False
True,True,True,17.9451904296875,0.7369957628317746,505.48004150390625,685.8656005859375,0.7,0.7,0.0,5,10,nearest,gnn,adopted_nolag,61,17,-13.031297666666433,0.8438415151281472,True,False,False
False,True,False,-8.469482421875,0.9308765992164255,638.4562377929688,685.8656005859375,0.7333333333333333,0.7,0.033333333333333326,5,10,oracle,gnn,adopted_nolag,61,17,-13.031297666666433,0.8438415151281472,True,False,False
True,True,True,96.41650390625,0.8484608562109994,393.09814453125,463.3073425292969,0.7,0.7166666666666667,-0.01666666666666672,5,10,nearest,gnn,adopted_nolag,61,18,21.261369166666782,3.522139973323637,False,True,False
True,True,True,118.065185546875,1.1310506002145353,524.0240478515625,463.3073425292969,0.7,0.7166666666666667,-0.01666666666666672,5,10,oracle,gnn,adopted_nolag,61,18,21.261369166666782,3.522139973323637,False,True,False
True,True,True,120.3828125,1.3557965075227345,1205.6005859375,889.2194213867188,0.8666666666666667,0.8,0.06666666666666665,5,11,nearest,gnn,adopted_nolag,61,19,91.58255556666654,1.9305594615874493,False,True,False
False,False,True,85.8857421875,1.7579348603274727,1563.1898193359375,889.2194213867188,0.8833333333333333,0.8,0.08333333333333326,5,11,oracle,gnn,adopted_nolag,61,19,91.58255556666654,1.9305594615874493,False,True,False
True,True,True,39.8450927734375,1.4668786470861417,123.79249572753906,84.39177703857422,0.6833333333333333,0.6833333333333333,0.0,5,11,nearest,gnn,adopted_nolag,61,20,-177.1502144333333,13.057928800727968,False,False,False
True,True,True,79.064208984375,1.1652234947857862,98.33528137207031,84.39177703857422,0.6833333333333333,0.6833333333333333,0.0,5,11,oracle,gnn,adopted_nolag,61,20,-177.1502144333333,13.057928800727968,False,False,False
True,True,True,31.081298828125,1.0502725759261433,34.00951385498047,32.38160705566406,0.6833333333333333,0.6833333333333333,0.0,5,11,nearest,gnn,adopted_nolag,61,21,-73.86984206666648,1.5059389716489209,False,False,False
True,True,True,13.009765625,1.1306743456316461,36.61305236816406,32.38160705566406,0.6833333333333333,0.6833333333333333,0.0,5,11,oracle,gnn,adopted_nolag,61,21,-73.86984206666648,1.5059389716489209,False,False,False
True,True,True,15.10791015625,1.1182998023631194,48.85097885131836,43.683258056640625,0.6833333333333333,0.6833333333333333,0.0,5,12,nearest,gnn,adopted_nolag,61,22,-98.77908943333341,1.4359654229862806,True,False,False
True,True,True,23.0421142578125,1.2012994327982212,52.4766731262207,43.683258056640625,0.6833333333333333,0.6833333333333333,0.0,5,12,oracle,gnn,adopted_nolag,61,22,-98.77908943333341,1.4359654229862806,True,False,False
True,True,True,37.0614013671875,1.0394601215144126,35.80288314819336,34.443729400634766,0.6833333333333333,0.6833333333333333,0.0,5,12,nearest,gnn,adopted_nolag,61,23,-44.63783156666659,1.2169881773612927,True,False,False
True,True,True,54.012939453125,1.0873287240743024,37.451656341552734,34.443729400634766,0.6833333333333333,0.6833333333333333,0.0,5,12,oracle,gnn,adopted_nolag,61,23,-44.63783156666659,1.2169881773612927,True,False,False
False,False,False,-2.8583984375,1.562524739820676,176.84243774414062,113.1773681640625,0.6833333333333333,0.6833333333333333,0.0,5,12,nearest,gnn,adopted_nolag,61,24,-40.45295050000027,17.38422593364399,False,False,False
False,False,True,0.720947265625,1.6477924529929926,186.49281311035156,113.1773681640625,0.6833333333333333,0.6833333333333333,0.0,5,12,oracle,gnn,adopted_nolag,61,24,-40.45295050000027,17.38422593364399,False,False,False
False,True,False,-1.3154296875,1.0929587435427792,37.834503173828125,34.6165885925293,0.6833333333333333,0.6833333333333333,0.0,5,13,nearest,gnn,adopted_nolag,61,25,-38.92732893333323,1.1230725766257124,True,False,False
False,True,False,-6.414306640625,1.0825221711182649,37.47322463989258,34.6165885925293,0.6833333333333333,0.6833333333333333,0.0,5,13,oracle,gnn,adopted_nolag,61,25,-38.92732893333323,1.1230725766257124,True,False,False
True,True,True,75.9959716796875,1.0562204686658505,188.920654296875,178.8647918701172,0.6833333333333333,0.6833333333333333,0.0,5,13,nearest,gnn,adopted_nolag,61,26,-17.588635699999713,6.582272981838261,False,False,False
True,True,True,60.57763671875,0.8732068353380539,156.1859588623047,178.8647918701172,0.6833333333333333,0.6833333333333333,0.0,5,13,oracle,gnn,adopted_nolag,61,26,-17.588635699999713,6.582272981838261,False,False,False
True,True,True,28.93798828125,1.1084520531404058,42.93178939819336,38.731300354003906,0.6833333333333333,0.6833333333333333,0.0,5,13,nearest,gnn,adopted_nolag,61,27,-38.38878839999984,1.0716273853628824,True,False,False
True,True,True,28.93798828125,1.1084520531404058,42.93178939819336,38.731300354003906,0.6833333333333333,0.6833333333333333,0.0,5,13,oracle,gnn,adopted_nolag,61,27,-38.38878839999984,1.0716273853628824,True,False,False
True,True,True,12.875244140625,1.4198039323897498,145.44345092773438,102.4391098022461,0.6833333333333333,0.6833333333333333,0.0,5,13,nearest,gnn,adopted_nolag,61,28,-24.08931819999998,1.1366021453771404,True,False,False
True,True,True,30.413818359375,1.470041593371634,150.58975219726562,102.4391098022461,0.6833333333333333,0.6833333333333333,0.0,5,13,oracle,gnn,adopted_nolag,61,28,-24.08931819999998,1.1366021453771404,True,False,False
True,True,True,33.678466796875,1.0049070999851446,80.9758529663086,80.58043670654297,0.6833333333333333,0.6833333333333333,0.0,5,13,nearest,gnn,adopted_nolag,61,29,-66.30922296666654,13.740217730441543,False,False,False
True,True,True,41.78857421875,1.0412701803161362,83.906005859375,80.58043670654297,0.6833333333333333,0.6833333333333333,0.0,5,13,oracle,gnn,adopted_nolag,61,29,-66.30922296666654,13.740217730441543,False,False,False
False,False,False,-16.1480712890625,1.709070975489676,153.39955139160156,89.756103515625,0.6833333333333333,0.6833333333333333,0.0,5,12,nearest,gnn,adopted_nolag,61,30,-28.89872463333313,11.004355237600238,False,False,False
False,False,True,0.623779296875,1.6703844579358669,149.9272003173828,89.756103515625,0.6833333333333333,0.6833333333333333,0.0,5,12,oracle,gnn,adopted_nolag,61,30,-28.89872463333313,11.004355237600238,False,False,False
False,False,True,14.92041015625,1.9258062096817397,425.1174011230469,220.7477569580078,0.6833333333333333,0.6833333333333333,0.0,5,11,nearest,gnn,adopted_nolag,61,31,-29.930995233333533,7.233008156816719,False,False,False
False,False,True,66.977294921875,2.4618600013479024,543.4500732421875,220.7477569580078,0.6833333333333333,0.6833333333333333,0.0,5,11,oracle,gnn,adopted_nolag,61,31,-29.930995233333533,7.233008156816719,False,False,False
False,False,False,-30.4088134765625,2.012074678191273,461.0252685546875,229.12930297851562,0.6833333333333333,0.6833333333333333,0.0,5,11,nearest,gnn,adopted_nolag,61,32,-70.47462870000004,3.5493889520825457,False,False,False
False,False,False,-2.14208984375,1.9868531477100293,455.24627685546875,229.12930297851562,0.6833333333333333,0.6833333333333333,0.0,5,11,oracle,gnn,adopted_nolag,61,32,-70.47462870000004,3.5493889520825457,False,False,False
True,True,True,16.6964111328125,1.091099515112525,34.936378479003906,32.01942443847656,0.6833333333333333,0.6833333333333333,0.0,5,11,nearest,gnn,adopted_nolag,61,33,-23.640904600000113,1.0485702340273968,True,False,False
True,True,True,22.6334228515625,1.0921896184042794,34.971282958984375,32.01942443847656,0.6833333333333333,0.6833333333333333,0.0,5,11,oracle,gnn,adopted_nolag,61,33,-23.640904600000113,1.0485702340273968,True,False,False
False,True,False,-76.81005859375,1.378014420164298,159.20425415039062,115.53163146972656,0.6833333333333333,0.6833333333333333,0.0,5,11,nearest,gnn,adopted_nolag,61,34,-27.281965966666803,1.280712284788171,True,False,False
False,True,False,-124.066650390625,1.326363891027396,153.2369842529297,115.53163146972656,0.6833333333333333,0.6833333333333333,0.0,5,11,oracle,gnn,adopted_nolag,61,34,-27.281965966666803,1.280712284788171,True,False,False
True,True,True,76.47998046875,0.8861768147584613,224.59243774414062,253.43975830078125,0.6833333333333333,0.6833333333333333,0.0,5,10,nearest,gnn,adopted_nolag,61,35,15.529500266666446,0.8234962464296507,True,True,True
True,True,True,76.590576171875,0.7787321754849114,197.3616943359375,253.43975830078125,0.6833333333333333,0.6833333333333333,0.0,5,10,oracle,gnn,adopted_nolag,61,35,15.529500266666446,0.8234962464296507,True,True,True
False,False,False,-83.1492919921875,5.943125162592729,342.6631164550781,57.65705871582031,0.6833333333333333,0.6833333333333333,0.0,5,10,nearest,gnn,adopted_nolag,61,36,-42.31854483333336,2.9507447013138832,False,False,False
False,False,False,-82.0421142578125,2.6833017829558092,154.71128845214844,57.65705871582031,0.6833333333333333,0.6833333333333333,0.0,5,10,oracle,gnn,adopted_nolag,61,36,-42.31854483333336,2.9507447013138832,False,False,False
True,True,True,100.79638671875,1.0971594052558782,852.1199951171875,776.66015625,0.8333333333333334,0.7666666666666667,0.06666666666666665,5,10,nearest,gnn,adopted_nolag,61,37,-3.2705997666671465,3.2174143423309545,False,False,False
True,True,True,69.29638671875,1.0285932981264931,798.867431640625,776.66015625,0.7333333333333333,0.7666666666666667,-0.03333333333333344,5,10,oracle,gnn,adopted_nolag,61,37,-3.2705997666671465,3.2174143423309545,False,False,False
True,True,True,53.101806640625,0.8639771352652574,85.75291442871094,99.2536849975586,0.6833333333333333,0.6833333333333333,0.0,5,11,nearest,gnn,adopted_nolag,61,38,-120.06233753333345,2.0132393697734945,False,False,False
True,True,True,146.1329345703125,0.7995529994168054,79.35858154296875,99.2536849975586,0.6833333333333333,0.6833333333333333,0.0,5,11,oracle,gnn,adopted_nolag,61,38,-120.06233753333345,2.0132393697734945,False,False,False
True,True,True,19.09765625,0.9995469831840984,30.452119827270508,30.46592140197754,0.6833333333333333,0.6833333333333333,0.0,5,11,nearest,gnn,adopted_nolag,61,39,-21.750783333333175,1.0226570402319173,True,False,False
True,True,True,23.912353515625,1.0006524794437985,30.48579978942871,30.46592140197754,0.6833333333333333,0.6833333333333333,0.0,5,11,oracle,gnn,adopted_nolag,61,39,-21.750783333333175,1.0226570402319173,True,False,False
False,False,False,-65.5079345703125,3.479866739885923,530.4591064453125,152.43661499023438,0.7333333333333333,0.7333333333333333,0.0,0,18,nearest,gnn,adopted_nolag,62,0,12.779539533333491,0.9477886052941774,True,True,True
False,False,False,-69.48876953125,3.9976108313782284,609.3822631835938,152.43661499023438,0.7333333333333333,0.7333333333333333,0.0,0,18,oracle,gnn,adopted_nolag,62,0,12.779539533333491,0.9477886052941774,True,True,True
False,True,False,-7.092529296875,1.4670248753274238,341.89556884765625,233.05369567871094,0.7333333333333333,0.7333333333333333,0.0,0,18,nearest,gnn,adopted_nolag,62,1,17.171154200000046,2.5625786200411045,False,True,False
False,False,False,-15.6160888671875,1.7148755349739584,399.6580810546875,233.05369567871094,0.7333333333333333,0.7333333333333333,0.0,0,18,oracle,gnn,adopted_nolag,62,1,17.171154200000046,2.5625786200411045,False,True,False
False,False,False,-24.547607421875,1.7935112991306674,419.6066589355469,233.95819091796875,0.7333333333333333,0.7333333333333333,0.0,0,17,nearest,gnn,adopted_nolag,62,2,-25.170744299999797,40.67323224001521,False,False,False
False,False,False,-21.0091552734375,2.3392791503431494,547.2935180664062,233.95819091796875,0.7333333333333333,0.7333333333333333,0.0,0,17,oracle,gnn,adopted_nolag,62,2,-25.170744299999797,40.67323224001521,False,False,False
True,True,True,27.0338134765625,0.6689125338953479,236.04571533203125,352.8797912597656,0.7333333333333333,0.7333333333333333,0.0,0,16,nearest,gnn,adopted_nolag,62,3,-46.97626593333348,0.8384138268166655,True,False,False
True,True,True,8.35546875,1.2093110320573994,426.7414245605469,352.8797912597656,0.7333333333333333,0.7333333333333333,0.0,0,16,oracle,gnn,adopted_nolag,62,3,-46.97626593333348,0.8384138268166655,True,False,False
False,False,False,-67.544677734375,3.5403995584547387,161.3648681640625,45.57815170288086,0.7333333333333333,0.7333333333333333,0.0,0,15,nearest,gnn,adopted_nolag,62,4,2.909559766666689,1.4445715105105974,True,True,True
False,False,False,-30.6612548828125,2.1318787124816048,97.1670913696289,45.57815170288086,0.7333333333333333,0.7333333333333333,0.0,0,15,oracle,gnn,adopted_nolag,62,4,2.909559766666689,1.4445715105105974,True,True,True
False,False,False,-109.413818359375,3.6334167609586614,258.34246826171875,71.10179901123047,0.7333333333333333,0.7166666666666667,0.016666666666666607,0,16,nearest,gnn,adopted_nolag,62,5,14.620953466666833,1.1853910737318005,True,True,True
False,False,False,-117.541748046875,3.180724838523283,226.15525817871094,71.10179901123047,0.7166666666666667,0.7166666666666667,0.0,0,16,oracle,gnn,adopted_nolag,62,5,14.620953466666833,1.1853910737318005,True,True,True
False,False,False,-59.5654296875,1.6765185290580806,104.90904998779297,62.575538635253906,0.7333333333333333,0.7333333333333333,0.0,0,16,nearest,gnn,adopted_nolag,62,6,-4.213010166666663,0.9874777870849318,True,False,False
False,False,False,-57.6142578125,1.8964529076856695,118.67156219482422,62.575538635253906,0.7333333333333333,0.7333333333333333,0.0,0,16,oracle,gnn,adopted_nolag,62,6,-4.213010166666663,0.9874777870849318,True,False,False
False,False,False,-67.6798095703125,1.6622760885649408,137.09371948242188,82.47349548339844,0.7333333333333333,0.7333333333333333,0.0,0,17,nearest,gnn,adopted_nolag,62,7,-2.9362022666668963,1.0987773951089754,True,False,False
False,False,False,-78.9593505859375,2.270058388712786,187.2196502685547,82.47349548339844,0.7333333333333333,0.7333333333333333,0.0,0,17,oracle,gnn,adopted_nolag,62,7,-2.9362022666668963,1.0987773951089754,True,False,False
True,True,True,64.13720703125,1.4937513740748067,892.8367309570312,597.7144165039062,0.8166666666666667,0.7666666666666667,0.04999999999999993,0,16,nearest,gnn,adopted_nolag,62,8,23.00823953333338,1.6302527848215878,False,True,False
False,False,True,60.5048828125,1.634476342324935,976.9500732421875,597.7144165039062,0.8333333333333334,0.7666666666666667,0.06666666666666665,0,16,oracle,gnn,adopted_nolag,62,8,23.00823953333338,1.6302527848215878,False,True,False
True,True,True,11.050537109375,0.8345030385358854,320.9761047363281,384.6314392089844,0.7333333333333333,0.7333333333333333,0.0,0,16,nearest,gnn,adopted_nolag,62,9,-35.83143250000012,3.135072646590578,False,False,False
True,True,True,3.198486328125,1.0050215005978846,386.5628662109375,384.6314392089844,0.7333333333333333,0.7333333333333333,0.0,0,16,oracle,gnn,adopted_nolag,62,9,-35.83143250000012,3.135072646590578,False,False,False
False,False,False,-80.031494140625,1.6118667027781663,161.1455841064453,99.9745101928711,0.7333333333333333,0.7333333333333333,0.0,0,15,nearest,gnn,adopted_nolag,62,10,-51.42675343333349,1.2272094079627334,True,False,False
False,False,False,-165.1793212890625,2.1844322348096084,218.38754272460938,99.9745101928711,0.7333333333333333,0.7333333333333333,0.0,0,15,oracle,gnn,adopted_nolag,62,10,-51.42675343333349,1.2272094079627334,True,False,False
False,False,True,48.859619140625,1.6724036691618605,1996.3502197265625,1193.701171875,0.8666666666666667,0.8333333333333334,0.033333333333333326,0,15,nearest,gnn,adopted_nolag,62,11,89.84110766666663,1.927326189394728,False,True,False
False,False,True,59.597900390625,1.8003879821655009,2149.125244140625,1193.701171875,0.8666666666666667,0.8333333333333334,0.033333333333333326,0,15,oracle,gnn,adopted_nolag,62,11,89.84110766666663,1.927326189394728,False,True,False
False,False,False,-67.1241455078125,1.6696212910931805,112.80020904541016,67.56035614013672,0.7333333333333333,0.7333333333333333,0.0,0,15,nearest,gnn,adopted_nolag,62,12,-78.64348769999992,5.9452907845671294,False,False,False
False,False,False,-84.591552734375,2.4299595122498228,164.16893005371094,67.56035614013672,0.7333333333333333,0.7333333333333333,0.0,0,15,oracle,gnn,adopted_nolag,62,12,-78.64348769999992,5.9452907845671294,False,False,False
False,True,False,-74.699951171875,1.1420495481400894,1390.0928955078125,1217.19140625,0.8833333333333333,0.8166666666666667,0.06666666666666665,0,15,nearest,gnn,adopted_nolag,62,13,-28.451137933333484,2.7718171668161675,False,False,False
False,True,False,-69.36767578125,1.2217737988645736,1487.132568359375,1217.19140625,0.8666666666666667,0.8166666666666667,0.050000000000000044,0,15,oracle,gnn,adopted_nolag,62,13,-28.451137933333484,2.7718171668161675,False,False,False
False,False,False,-61.18505859375,2.117322697630021,219.4576416015625,103.64865112304688,0.7333333333333333,0.7333333333333333,0.0,0,15,nearest,gnn,adopted_nolag,62,14,16.154781933333425,9.330427532082737,False,True,False
False,False,False,-82.708740234375,3.1661555801374353,328.1677551269531,103.64865112304688,0.7333333333333333,0.7333333333333333,0.0,0,15,oracle,gnn,adopted_nolag,62,14,16.154781933333425,9.330427532082737,False,True,False
True,True,True,39.2303466796875,1.1111100718524078,30.361679077148438,27.325536727905273,0.7333333333333333,0.7333333333333333,0.0,0,16,nearest,gnn,adopted_nolag,62,15,-67.50732156666686,25.986549331593164,False,False,False
True,True,True,13.014892578125,1.2625178419972958,34.49897766113281,27.325536727905273,0.7333333333333333,0.7333333333333333,0.0,0,16,oracle,gnn,adopted_nolag,62,15,-67.50732156666686,25.986549331593164,False,False,False
True,True,True,5.416259765625,1.4451812455307607,248.70994567871094,172.0960235595703,0.7333333333333333,0.7333333333333333,0.0,0,16,nearest,gnn,adopted_nolag,62,16,-21.763644399999976,1.394600211297318,True,False,False
False,False,False,-127.4410400390625,1.8972354886316736,326.5066833496094,172.0960235595703,0.7333333333333333,0.7333333333333333,0.0,0,16,oracle,gnn,adopted_nolag,62,16,-21.763644399999976,1.394600211297318,True,False,False
False,True,False,-67.1175537109375,1.013077278348006,176.79005432128906,174.50796508789062,0.7333333333333333,0.7333333333333333,0.0,0,14,nearest,gnn,adopted_nolag,62,17,-51.792296033333514,3.4304516668291125,False,False,False
False,False,False,-149.328857421875,2.0675108953273864,360.797119140625,174.50796508789062,0.7333333333333333,0.7333333333333333,0.0,0,14,oracle,gnn,adopted_nolag,62,17,-51.792296033333514,3.4304516668291125,False,False,False
False,False,True,60.215576171875,3.1656589629763783,428.8730773925781,135.47671508789062,0.7333333333333333,0.7333333333333333,0.0,0,14,nearest,gnn,adopted_nolag,62,18,-7.6278168666667625,1.4247584853724204,True,False,False
False,False,False,-17.788330078125,2.798259906232986,379.09906005859375,135.47671508789062,0.7333333333333333,0.7333333333333333,0.0,0,14,oracle,gnn,adopted_nolag,62,18,-7.6278168666667625,1.4247584853724204,True,False,False
False,False,True,249.572021484375,1.5243211526485667,1861.504638671875,1221.202392578125,0.9166666666666666,0.9166666666666666,0.0,0,14,nearest,gnn,adopted_nolag,62,19,152.68152456666667,2.5051316873797798,False,True,False
False,False,True,250.846923828125,1.653630765017108,2019.4178466796875,1221.202392578125,0.9166666666666666,0.9166666666666666,0.0,0,14,oracle,gnn,adopted_nolag,62,19,152.68152456666667,2.5051316873797798,False,True,False
False,False,False,-89.9976806640625,4.4062320944667706,241.135986328125,54.72611999511719,0.7333333333333333,0.7333333333333333,0.0,0,13,nearest,gnn,adopted_nolag,62,20,-205.81054696666683,22.19934591722191,False,False,False
False,False,False,-114.419921875,4.76125481698053,260.56500244140625,54.72611999511719,0.7333333333333333,0.7333333333333333,0.0,0,13,oracle,gnn,adopted_nolag,62,20,-205.81054696666683,22.19934591722191,False,False,False
True,True,True,44.735107421875,1.0648831832481278,27.329898834228516,25.664691925048828,0.7333333333333333,0.7333333333333333,0.0,0,13,nearest,gnn,adopted_nolag,62,21,-28.551240166666503,1.2989943817549394,True,False,False
True,True,True,37.100341796875,1.1321500421011483,29.05628204345703,25.664691925048828,0.7333333333333333,0.7333333333333333,0.0,0,13,oracle,gnn,adopted_nolag,62,21,-28.551240166666503,1.2989943817549394,True,False,False
False,False,True,78.8319091796875,3.5967967437856156,461.79388427734375,128.39031982421875,0.7333333333333333,0.7333333333333333,0.0,0,13,nearest,gnn,adopted_nolag,62,22,9.16330159999984,1.2634624020098926,True,True,True
False,False,True,80.1900634765625,7.079619328686261,908.95458984375,128.39031982421875,0.7333333333333333,0.7333333333333333,0.0,0,13,oracle,gnn,adopted_nolag,62,22,9.16330159999984,1.2634624020098926,True,True,True
False,False,False,-7.9124755859375,5.141765706712798,422.37158203125,82.1452407836914,0.7333333333333333,0.7333333333333333,0.0,0,13,nearest,gnn,adopted_nolag,62,23,5.548359200000277,10.98276702195685,False,True,False
False,False,False,-5.9398193359375,5.897081445881425,484.41717529296875,82.1452407836914,0.7333333333333333,0.7333333333333333,0.0,0,13,oracle,gnn,adopted_nolag,62,23,5.548359200000277,10.98276702195685,False,True,False
True,True,True,66.232666015625,0.9912981833196307,51.92831039428711,52.38414764404297,0.7333333333333333,0.7333333333333333,0.0,0,13,nearest,gnn,adopted_nolag,62,24,9.551722633333384,1.1288787164111775,True,True,True
True,True,True,61.8699951171875,0.8584822959775534,44.970863342285156,52.38414764404297,0.7333333333333333,0.7333333333333333,0.0,0,13,oracle,gnn,adopted_nolag,62,24,9.551722633333384,1.1288787164111775,True,True,True
False,False,True,38.853515625,13.038923589230425,409.455322265625,31.40254020690918,0.7333333333333333,0.7333333333333333,0.0,0,12,nearest,gnn,adopted_nolag,62,25,-4.214334166666504,17.182201858490654,False,False,False
False,False,True,30.4051513671875,7.225789883670256,226.9081573486328,31.40254020690918,0.7333333333333333,0.7333333333333333,0.0,0,12,oracle,gnn,adopted_nolag,62,25,-4.214334166666504,17.182201858490654,False,False,False
True,True,True,4.6005859375,1.3813591556284108,77.26232147216797,55.93210220336914,0.7333333333333333,0.7333333333333333,0.0,0,11,nearest,gnn,adopted_nolag,62,26,6.842726833333472,1.1310822049441598,True,True,True
True,True,True,19.0953369140625,1.2319638200509948,68.90632629394531,55.93210220336914,0.7333333333333333,0.7333333333333333,0.0,0,11,oracle,gnn,adopted_nolag,62,26,6.842726833333472,1.1310822049441598,True,True,True
True,True,True,50.094482421875,1.341521733393154,36.35759353637695,27.101755142211914,0.7333333333333333,0.7333333333333333,0.0,0,10,nearest,gnn,adopted_nolag,62,27,-16.15054013333338,1.4774577584012034,True,False,False
True,True,True,38.491943359375,1.347003422096716,36.50615692138672,27.101755142211914,0.7333333333333333,0.7333333333333333,0.0,0,10,oracle,gnn,adopted_nolag,62,27,-16.15054013333338,1.4774577584012034,True,False,False
False,False,False,-68.0830078125,2.857932978420347,222.1962432861328,77.74718475341797,0.7333333333333333,0.7333333333333333,0.0,0,10,nearest,gnn,adopted_nolag,62,28,21.96438076666641,3.500228759053287,False,True,False
False,False,False,-96.772705078125,5.940560792088379,461.86187744140625,77.74718475341797,0.7333333333333333,0.7333333333333333,0.0,0,10,oracle,gnn,adopted_nolag,62,28,21.96438076666641,3.500228759053287,False,True,False
False,False,False,-31.725830078125,2.9222494179593292,489.7469482421875,167.5924530029297,0.7333333333333333,0.7333333333333333,0.0,0,9,nearest,gnn,adopted_nolag,62,29,-13.48440933333336,1.1707053558192577,True,False,False
False,False,False,-71.174560546875,2.837104454301192,475.477294921875,167.5924530029297,0.7333333333333333,0.7333333333333333,0.0,0,9,oracle,gnn,adopted_nolag,62,29,-13.48440933333336,1.1707053558192577,True,False,False
False,False,True,62.81494140625,2.8776007860847317,211.65512084960938,73.5526351928711,0.7333333333333333,0.7333333333333333,0.0,0,9,nearest,gnn,adopted_nolag,62,30,-3.0086544333332768,0.8294583041820935,True,False,False
False,False,True,74.780517578125,4.8815110867052995,359.0480041503906,73.5526351928711,0.7333333333333333,0.7333333333333333,0.0,0,9,oracle,gnn,adopted_nolag,62,30,-3.0086544333332768,0.8294583041820935,True,False,False
False,True,False,-52.8609619140625,1.2579007530889394,313.1598205566406,248.95431518554688,0.7333333333333333,0.7333333333333333,0.0,0,8,nearest,gnn,adopted_nolag,62,31,33.801845666666395,2.5786684502293076,False,True,False
True,True,True,23.9205322265625,1.2160117973922908,302.73138427734375,248.95431518554688,0.7333333333333333,0.7333333333333333,0.0,0,8,oracle,gnn,adopted_nolag,62,31,33.801845666666395,2.5786684502293076,False,True,False
True,True,True,1.733642578125,0.9096898585838373,201.9970245361328,222.05043029785156,0.7333333333333333,0.7333333333333333,0.0,0,8,nearest,gnn,adopted_nolag,62,32,0.2679314333331604,1.2881613987668454,True,True,True
False,True,False,-8.3021240234375,1.0172018891588044,225.8701171875,222.05043029785156,0.7333333333333333,0.7333333333333333,0.0,0,8,oracle,gnn,adopted_nolag,62,32,0.2679314333331604,1.2881613987668454,True,True,True
True,True,True,39.0887451171875,1.135326438663878,29.319381713867188,25.824626922607422,0.7333333333333333,0.7333333333333333,0.0,0,9,nearest,gnn,adopted_nolag,62,33,-19.792232433333538,1.1595395463029021,True,False,False
True,True,True,24.979248046875,1.1969348003056528,30.9103946685791,25.824626922607422,0.7333333333333333,0.7333333333333333,0.0,0,9,oracle,gnn,adopted_nolag,62,33,-19.792232433333538,1.1595395463029021,True,False,False
False,False,True,29.3011474609375,3.347813655915135,574.77392578125,171.6863555908203,0.7333333333333333,0.7333333333333333,0.0,0,10,nearest,gnn,adopted_nolag,62,34,0.5441230999999789,1.1857169044874423,True,True,True
False,False,True,61.131591796875,3.485049864299746,598.3355102539062,171.6863555908203,0.7333333333333333,0.7333333333333333,0.0,0,10,oracle,gnn,adopted_nolag,62,34,0.5441230999999789,1.1857169044874423,True,True,True
False,False,False,-54.49267578125,3.409777131574897,688.20703125,201.83343505859375,0.7333333333333333,0.7333333333333333,0.0,0,8,nearest,gnn,adopted_nolag,62,35,-10.719512900000154,0.7894824328763675,True,False,False
False,False,False,-51.873291015625,2.5238867087269745,509.40472412109375,201.83343505859375,0.7333333333333333,0.7333333333333333,0.0,0,8,oracle,gnn,adopted_nolag,62,35,-10.719512900000154,0.7894824328763675,True,False,False
False,False,True,26.3165283203125,1.7878233715575795,135.28587341308594,75.67071533203125,0.7333333333333333,0.7333333333333333,0.0,0,9,nearest,gnn,adopted_nolag,62,36,-1.9022718333335433,0.8603736853795632,True,False,False
False,False,True,28.104736328125,1.8878178060944242,142.85252380371094,75.67071533203125,0.7333333333333333,0.7333333333333333,0.0,0,9,oracle,gnn,adopted_nolag,62,36,-1.9022718333335433,0.8603736853795632,True,False,False
True,True,True,38.430419921875,1.2881245223706599,1138.665283203125,883.971435546875,0.85,0.8166666666666667,0.033333333333333326,0,8,nearest,gnn,adopted_nolag,62,37,100.90276403333337,1.5223855233705987,False,True,False
True,True,True,32.070556640625,1.4449392625333943,1277.2850341796875,883.971435546875,0.9166666666666666,0.8166666666666667,0.09999999999999998,0,8,oracle,gnn,adopted_nolag,62,37,100.90276403333337,1.5223855233705987,False,True,False
False,True,False,-54.7530517578125,1.2541255123803186,79.07295227050781,63.050270080566406,0.7333333333333333,0.7333333333333333,0.0,0,8,nearest,gnn,adopted_nolag,62,38,-131.34375646666672,13.900926648203365,False,False,False
False,True,False,-44.1732177734375,1.0851646121035197,68.419921875,63.050270080566406,0.7333333333333333,0.7333333333333333,0.0,0,8,oracle,gnn,adopted_nolag,62,38,-131.34375646666672,13.900926648203365,False,False,False
True,True,True,42.2646484375,1.0654298396735842,28.012378692626953,26.292091369628906,0.7333333333333333,0.7333333333333333,0.0,0,7,nearest,gnn,adopted_nolag,62,39,-8.752121266666563,0.968012403918855,True,False,False
True,True,True,42.061279296875,1.069424942044138,28.11741828918457,26.292091369628906,0.7333333333333333,0.7333333333333333,0.0,0,7,oracle,gnn,adopted_nolag,62,39,-8.752121266666563,0.968012403918855,True,False,False
True,True,True,22.587890625,0.8340969236901464,127.14691162109375,152.43661499023438,0.7333333333333333,0.7333333333333333,0.0,1,12,nearest,gnn,adopted_nolag,62,0,18.72706556666685,0.9495772791613498,True,True,True
True,True,True,0.7388916015625,1.21551145805952,185.2884521484375,152.43661499023438,0.7333333333333333,0.7333333333333333,0.0,1,12,oracle,gnn,adopted_nolag,62,0,18.72706556666685,0.9495772791613498,True,True,True
True,True,True,29.18408203125,0.7233739662669895,168.58497619628906,233.05369567871094,0.7333333333333333,0.7333333333333333,0.0,1,11,nearest,gnn,adopted_nolag,62,1,5.6697555333335,0.8966641551412599,True,True,True
True,True,True,24.9210205078125,0.7941037647985155,185.06881713867188,233.05369567871094,0.7333333333333333,0.7333333333333333,0.0,1,11,oracle,gnn,adopted_nolag,62,1,5.6697555333335,0.8966641551412599,True,True,True
False,True,False,-15.297119140625,1.170655574718686,273.88446044921875,233.95819091796875,0.7333333333333333,0.7333333333333333,0.0,1,13,nearest,gnn,adopted_nolag,62,2,-54.54698200000007,7.548189272211579,False,False,False
False,True,False,-13.7724609375,1.1454683341807606,267.99169921875,233.95819091796875,0.7333333333333333,0.7333333333333333,0.0,1,13,oracle,gnn,adopted_nolag,62,2,-54.54698200000007,7.548189272211579,False,False,False
True,True,True,115.7625732421875,1.20000657259496,423.45806884765625,352.8797912597656,0.7333333333333333,0.7333333333333333,0.0,1,12,nearest,gnn,adopted_nolag,62,3,-2.2729858666666587,1.9345765328498585,False,False,False
True,True,True,114.5064697265625,1.0878525905320904,383.8811950683594,352.8797912597656,0.7333333333333333,0.7333333333333333,0.0,1,12,oracle,gnn,adopted_nolag,62,3,-2.2729858666666587,1.9345765328498585,False,False,False
False,True,False,-28.364501953125,1.4495346056369585,66.06710815429688,45.57815170288086,0.7333333333333333,0.7333333333333333,0.0,1,12,nearest,gnn,adopted_nolag,62,4,0.7504206000000977,1.4221064796559881,True,True,True
False,False,False,-36.9552001953125,1.7509798888336403,79.80642700195312,45.57815170288086,0.7333333333333333,0.7333333333333333,0.0,1,12,oracle,gnn,adopted_nolag,62,4,0.7504206000000977,1.4221064796559881,True,True,True
False,False,False,-108.439453125,2.933776063085234,208.5967559814453,71.10179901123047,0.7333333333333333,0.7166666666666667,0.016666666666666607,1,12,nearest,gnn,adopted_nolag,62,5,4.31254233333334,9.222609972055324,False,True,False
False,False,False,-107.3487548828125,2.7995894609716983,199.05584716796875,71.10179901123047,0.7333333333333333,0.7166666666666667,0.016666666666666607,1,12,oracle,gnn,adopted_nolag,62,5,4.31254233333334,9.222609972055324,False,True,False
False,False,False,-20.438720703125,2.1578668164855928,135.02967834472656,62.575538635253906,0.7333333333333333,0.7333333333333333,0.0,1,12,nearest,gnn,adopted_nolag,62,6,-6.241225033333194,1.1379871930399925,True,False,False
False,False,False,-17.8486328125,2.151743601879613,134.64651489257812,62.575538635253906,0.7333333333333333,0.7333333333333333,0.0,1,12,oracle,gnn,adopted_nolag,62,6,-6.241225033333194,1.1379871930399925,True,False,False
False,False,False,-37.0181884765625,1.7428959536042945,143.7427215576172,82.47349548339844,0.7333333333333333,0.7333333333333333,0.0,1,11,nearest,gnn,adopted_nolag,62,7,-1.7549422000001869,1.0323545274288017,True,False,False
False,False,False,-37.218994140625,1.7756279714478287,146.44224548339844,82.47349548339844,0.7333333333333333,0.7333333333333333,0.0,1,11,oracle,gnn,adopted_nolag,62,7,-1.7549422000001869,1.0323545274288017,True,False,False
True,True,True,73.076171875,0.7509305926414637,448.842041015625,597.7144165039062,0.7333333333333333,0.7666666666666667,-0.03333333333333344,1,12,nearest,gnn,adopted_nolag,62,8,-36.817784100000154,0.9157033858150655,True,False,False
True,True,True,74.37939453125,0.8068259390196195,482.2514953613281,597.7144165039062,0.7333333333333333,0.7666666666666667,-0.03333333333333344,1,12,oracle,gnn,adopted_nolag,62,8,-36.817784100000154,0.9157033858150655,True,False,False
True,True,True,99.845947265625,0.6944803005934097,267.11895751953125,384.6314392089844,0.7333333333333333,0.7333333333333333,0.0,1,13,nearest,gnn,adopted_nolag,62,9,-11.388467700000092,1.6642160916497464,False,False,False
True,True,True,88.212646484375,0.7573629540695624,291.30560302734375,384.6314392089844,0.7333333333333333,0.7333333333333333,0.0,1,13,oracle,gnn,adopted_nolag,62,9,-11.388467700000092,1.6642160916497464,False,False,False
False,False,False,-133.6910400390625,5.291266336122817,528.9917602539062,99.9745101928711,0.7333333333333333,0.7333333333333333,0.0,1,14,nearest,gnn,adopted_nolag,62,10,-17.45837396666684,1.7283014225133566,False,False,False
False,False,False,-133.6910400390625,5.291266336122817,528.9917602539062,99.9745101928711,0.7333333333333333,0.7333333333333333,0.0,1,14,oracle,gnn,adopted_nolag,62,10,-17.45837396666684,1.7283014225133566,False,False,False
True,True,True,207.25537109375,1.3474533685114738,1608.4566650390625,1193.701171875,0.9666666666666667,0.8333333333333334,0.1333333333333333,1,15,nearest,gnn,adopted_nolag,62,11,109.63422716666719,1.4934501646893137,True,True,True
False,False,True,212.47900390625,1.5331714525299627,1830.1485595703125,1193.701171875,0.9666666666666667,0.8333333333333334,0.1333333333333333,1,15,oracle,gnn,adopted_nolag,62,11,109.63422716666719,1.4934501646893137,True,True,True
False,True,False,-25.802490234375,1.3712559446232644,92.64253997802734,67.56035614013672,0.7333333333333333,0.7333333333333333,0.0,1,15,nearest,gnn,adopted_nolag,62,12,-158.5757423,3.1280358816753373,False,False,False
False,True,False,-25.802490234375,1.3712559446232644,92.64253997802734,67.56035614013672,0.7333333333333333,0.7333333333333333,0.0,1,15,oracle,gnn,adopted_nolag,62,12,-158.5757423,3.1280358816753373,False,False,False
True,True,True,125.56982421875,1.0722171543095176,1305.093505859375,1217.19140625,0.8666666666666667,0.8166666666666667,0.050000000000000044,1,16,nearest,gnn,adopted_nolag,62,13,32.48159463333309,1.333933911540505,True,True,True
True,True,True,105.517578125,1.1532534796101424,1403.730224609375,1217.19140625,0.85,0.8166666666666667,0.033333333333333326,1,16,oracle,gnn,adopted_nolag,62,13,32.48159463333309,1.333933911540505,True,True,True
False,False,False,-86.861328125,2.8429391592584885,294.66680908203125,103.64865112304688,0.7166666666666667,0.7333333333333333,-0.016666666666666607,1,14,nearest,gnn,adopted_nolag,62,14,-60.02494300000012,2.433134846445171,False,False,False
False,False,False,-64.427490234375,2.244158965527496,232.6040496826172,103.64865112304688,0.7166666666666667,0.7333333333333333,-0.016666666666666607,1,14,oracle,gnn,adopted_nolag,62,14,-60.02494300000012,2.433134846445171,False,False,False
True,True,True,27.502197265625,1.1333625473608222,30.96973991394043,27.325536727905273,0.7333333333333333,0.7333333333333333,0.0,1,13,nearest,gnn,adopted_nolag,62,15,-5.5865040000001045,1.0699814069186802,True,False,False
True,True,True,29.9608154296875,1.0756238931749391,29.392000198364258,27.325536727905273,0.7333333333333333,0.7333333333333333,0.0,1,13,oracle,gnn,adopted_nolag,62,15,-5.5865040000001045,1.0699814069186802,True,False,False
True,True,True,56.01171875,1.0111364247946422,174.01255798339844,172.0960235595703,0.7333333333333333,0.7333333333333333,0.0,1,12,nearest,gnn,adopted_nolag,62,16,-8.918044433333534,0.6639998232869415,True,False,False
False,False,False,-29.0775146484375,1.560435998274591,268.5448303222656,172.0960235595703,0.7333333333333333,0.7333333333333333,0.0,1,12,oracle,gnn,adopted_nolag,62,16,-8.918044433333534,0.6639998232869415,True,False,False
False,False,False,-107.351318359375,2.2684394267713857,395.8607482910156,174.50796508789062,0.7333333333333333,0.7333333333333333,0.0,1,14,nearest,gnn,adopted_nolag,62,17,-8.783500033333667,2.044632840051186,False,False,False
False,False,False,-107.351318359375,2.2684394267713857,395.8607482910156,174.50796508789062,0.7333333333333333,0.7333333333333333,0.0,1,14,oracle,gnn,adopted_nolag,62,17,-8.783500033333667,2.044632840051186,False,False,False
False,False,True,10.4783935546875,1.8751021838798496,254.03268432617188,135.47671508789062,0.7333333333333333,0.7333333333333333,0.0,1,14,nearest,gnn,adopted_nolag,62,18,-0.5214885666669034,7.150313371606714,False,False,False
False,False,True,10.4783935546875,1.8751021838798496,254.03268432617188,135.47671508789062,0.7333333333333333,0.7333333333333333,0.0,1,14,oracle,gnn,adopted_nolag,62,18,-0.5214885666669034,7.150313371606714,False,False,False
True,True,True,275.218994140625,1.2060403295052324,1472.8193359375,1221.202392578125,0.95,0.9166666666666666,0.033333333333333326,1,14,nearest,gnn,adopted_nolag,62,19,66.59968103333313,1.8561027532616605,False,True,False
True,True,True,275.218994140625,1.2060403295052324,1472.8193359375,1221.202392578125,0.95,0.9166666666666666,0.033333333333333326,1,14,oracle,gnn,adopted_nolag,62,19,66.59968103333313,1.8561027532616605,False,True,False
False,False,False,-27.7977294921875,2.1196250638848513,115.99885559082031,54.72611999511719,0.7333333333333333,0.7333333333333333,0.0,1,15,nearest,gnn,adopted_nolag,62,20,-110.27342310000017,5.214936996242609,False,False,False
False,False,False,-28.6805419921875,2.089600229302354,114.355712890625,54.72611999511719,0.7333333333333333,0.7333333333333333,0.0,1,15,oracle,gnn,adopted_nolag,62,20,-110.27342310000017,5.214936996242609,False,False,False
True,True,True,24.419189453125,1.1086719447311881,28.453723907470703,25.664691925048828,0.7333333333333333,0.7333333333333333,0.0,1,15,nearest,gnn,adopted_nolag,62,21,-9.010450433333062,1.0666483153435755,True,False,False
True,True,True,21.3260498046875,1.083003695834253,27.79495620727539,25.664691925048828,0.7333333333333333,0.7333333333333333,0.0,1,15,oracle,gnn,adopted_nolag,62,21,-9.010450433333062,1.0666483153435755,True,False,False
False,False,True,22.4600830078125,2.9639468478717137,380.5420837402344,128.39031982421875,0.7333333333333333,0.7333333333333333,0.0,1,15,nearest,gnn,adopted_nolag,62,22,20.406603633333134,1.9726817898880378,False,True,False
False,False,True,35.5391845703125,3.8528746921271546,494.67181396484375,128.39031982421875,0.7333333333333333,0.7333333333333333,0.0,1,15,oracle,gnn,adopted_nolag,62,22,20.406603633333134,1.9726817898880378,False,True,False
False,False,True,7.90576171875,2.169765024253407,178.23587036132812,82.1452407836914,0.7333333333333333,0.7333333333333333,0.0,1,16,nearest,gnn,adopted_nolag,62,23,-43.32004889999985,12.422437216792112,False,False,False
False,False,False,-2.9766845703125,1.8272057030868842,150.09625244140625,82.1452407836914,0.7333333333333333,0.7333333333333333,0.0,1,16,oracle,gnn,adopted_nolag,62,23,-43.32004889999985,12.422437216792112,False,False,False
False,False,True,25.9517822265625,6.087280178908099,318.8769836425781,52.38414764404297,0.7333333333333333,0.7333333333333333,0.0,1,15,nearest,gnn,adopted_nolag,62,24,-31.431483166666567,6.6740069343243995,False,False,False
False,False,True,21.67041015625,4.637847277091272,242.94967651367188,52.38414764404297,0.7333333333333333,0.7333333333333333,0.0,1,15,oracle,gnn,adopted_nolag,62,24,-31.431483166666567,6.6740069343243995,False,False,False
False,False,True,59.3966064453125,1.5528152830649948,48.76234436035156,31.40254020690918,0.7333333333333333,0.7333333333333333,0.0,1,16,nearest,gnn,adopted_nolag,62,25,-7.832004733333406,0.9410480159759715,True,False,False
True,True,True,59.4188232421875,1.3396001876825008,42.06684875488281,31.40254020690918,0.7333333333333333,0.7333333333333333,0.0,1,16,oracle,gnn,adopted_nolag,62,25,-7.832004733333406,0.9410480159759715,True,False,False
True,True,True,18.291015625,1.0814921159861726,60.49012756347656,55.93210220336914,0.7333333333333333,0.7333333333333333,0.0,1,15,nearest,gnn,adopted_nolag,62,26,3.794414133333248,2.98106580016373,False,True,False
True,True,True,18.291015625,1.0814921159861726,60.49012756347656,55.93210220336914,0.7333333333333333,0.7333333333333333,0.0,1,15,oracle,gnn,adopted_nolag,62,26,3.794414133333248,2.98106580016373,False,True,False
True,True,True,46.2825927734375,0.998640169609318,27.06490135192871,27.101755142211914,0.7333333333333333,0.7333333333333333,0.0,1,15,nearest,gnn,adopted_nolag,62,27,-19.79155056666673,1.114276950707128,True,False,False
True,True,True,46.2825927734375,0.998640169609318,27.06490135192871,27.101755142211914,0.7333333333333333,0.7333333333333333,0.0,1,15,oracle,gnn,adopted_nolag,62,27,-19.79155056666673,1.114276950707128,True,False,False
False,False,False,-120.8634033203125,4.13655805580876,321.6057434082031,77.74718475341797,0.7333333333333333,0.7333333333333333,0.0,1,15,nearest,gnn,adopted_nolag,62,28,-3.5103413000001638,3.263280008798295,False,False,False
False,False,False,-120.8634033203125,4.13655805580876,321.6057434082031,77.74718475341797,0.7333333333333333,0.7333333333333333,0.0,1,15,oracle,gnn,adopted_nolag,62,28,-3.5103413000001638,3.263280008798295,False,False,False
False,False,False,-102.0462646484375,1.738971363808401,291.4384765625,167.5924530029297,0.7333333333333333,0.7333333333333333,0.0,1,16,nearest,gnn,adopted_nolag,62,29,-30.569590366666716,1.876622138585856,False,False,False
False,False,False,-80.5689697265625,1.7367164939550714,291.0605773925781,167.5924530029297,0.7333333333333333,0.7333333333333333,0.0,1,16,oracle,gnn,adopted_nolag,62,29,-30.569590366666716,1.876622138585856,False,False,False
False,False,True,28.2362060546875,2.568030237666574,188.88539123535156,73.5526351928711,0.7333333333333333,0.7333333333333333,0.0,1,15,nearest,gnn,adopted_nolag,62,30,-43.01109496666663,1.8130152717946224,False,False,False
False,False,True,42.434814453125,3.6654878784103753,269.6062927246094,73.5526351928711,0.7333333333333333,0.7333333333333333,0.0,1,15,oracle,gnn,adopted_nolag,62,30,-43.01109496666663,1.8130152717946224,False,False,False
True,True,True,50.4263916015625,1.0544521242722398,262.5104064941406,248.95431518554688,0.7333333333333333,0.7333333333333333,0.0,1,15,nearest,gnn,adopted_nolag,62,31,5.865168799999992,3.7628664323849694,False,True,False
True,True,True,22.5166015625,1.044360720224425,259.99810791015625,248.95431518554688,0.7333333333333333,0.7333333333333333,0.0,1,15,oracle,gnn,adopted_nolag,62,31,5.865168799999992,3.7628664323849694,False,True,False
False,False,False,-20.3634033203125,2.1610401436969022,479.8598937988281,222.05043029785156,0.7333333333333333,0.7333333333333333,0.0,1,15,nearest,gnn,adopted_nolag,62,32,-73.27006476666656,1.1693589739466987,True,False,False
False,False,False,-1.93603515625,1.8361591987849066,407.7199401855469,222.05043029785156,0.7333333333333333,0.7333333333333333,0.0,1,15,oracle,gnn,adopted_nolag,62,32,-73.27006476666656,1.1693589739466987,True,False,False
True,True,True,39.618408203125,1.0389631347943675,26.830835342407227,25.824626922607422,0.7333333333333333,0.7333333333333333,0.0,1,15,nearest,gnn,adopted_nolag,62,33,-35.108968800000184,1.078578076753348,True,False,False
True,True,True,35.4169921875,1.0481285112893775,27.067527770996094,25.824626922607422,0.7333333333333333,0.7333333333333333,0.0,1,15,oracle,gnn,adopted_nolag,62,33,-35.108968800000184,1.078578076753348,True,False,False
False,False,True,29.8753662109375,1.9998194040564943,343.3417053222656,171.6863555908203,0.7333333333333333,0.7333333333333333,0.0,1,16,nearest,gnn,adopted_nolag,62,34,-15.788262533333409,1.4478142227788524,True,False,False
True,True,True,42.4749755859375,1.4790742004918929,253.93685913085938,171.6863555908203,0.7333333333333333,0.7333333333333333,0.0,1,16,oracle,gnn,adopted_nolag,62,34,-15.788262533333409,1.4478142227788524,True,False,False
True,True,True,51.001708984375,0.905555426194018,182.7713623046875,201.83343505859375,0.7333333333333333,0.7333333333333333,0.0,1,16,nearest,gnn,adopted_nolag,62,35,-131.06721073333324,1.1963414097578846,True,False,False
True,True,True,52.728515625,0.917897575297739,185.26242065429688,201.83343505859375,0.7333333333333333,0.7333333333333333,0.0,1,16,oracle,gnn,adopted_nolag,62,35,-131.06721073333324,1.1963414097578846,True,False,False
False,False,False,-62.9615478515625,4.794525520068334,362.80517578125,75.67071533203125,0.7333333333333333,0.7333333333333333,0.0,1,17,nearest,gnn,adopted_nolag,62,36,-17.00381900000002,2.774557541741526,False,False,False
False,False,False,-26.3350830078125,5.411662387712748,409.5043640136719,75.67071533203125,0.7333333333333333,0.7333333333333333,0.0,1,17,oracle,gnn,adopted_nolag,62,36,-17.00381900000002,2.774557541741526,False,False,False
False,False,True,91.236572265625,1.6596666378512501,1467.097900390625,883.971435546875,0.9,0.8166666666666667,0.08333333333333337,1,15,nearest,gnn,adopted_nolag,62,37,85.86767529999997,1.273235101357509,True,True,True
True,True,True,65.479248046875,1.380671308986792,1220.4739990234375,883.971435546875,0.9666666666666667,0.8166666666666667,0.15000000000000002,1,15,oracle,gnn,adopted_nolag,62,37,85.86767529999997,1.273235101357509,True,True,True
False,False,False,-115.4444580078125,3.5625320284966646,224.6186065673828,63.050270080566406,0.7333333333333333,0.7333333333333333,0.0,1,16,nearest,gnn,adopted_nolag,62,38,-196.83066910000002,9.641902879766,False,False,False
False,False,False,-46.1170654296875,2.3418871326365465,147.6566162109375,63.050270080566406,0.7333333333333333,0.7333333333333333,0.0,1,16,oracle,gnn,adopted_nolag,62,38,-196.83066910000002,9.641902879766,False,False,False
True,True,True,13.193115234375,1.0229753026342097,26.896160125732422,26.292091369628906,0.7333333333333333,0.7333333333333333,0.0,1,17,nearest,gnn,adopted_nolag,62,39,-21.693746133333207,1.0197710662206159,True,False,False
True,True,True,19.59375,1.126205799677728,29.610305786132812,26.292091369628906,0.7333333333333333,0.7333333333333333,0.0,1,17,oracle,gnn,adopted_nolag,62,39,-21.693746133333207,1.0197710662206159,True,False,False
False,True,False,-29.7403564453125,0.7677419393586802,117.031982421875,152.43661499023438,0.7333333333333333,0.7333333333333333,0.0,2,11,nearest,gnn,adopted_nolag,62,0,14.768594800000074,0.9483688168250687,True,True,True
True,True,True,8.8753662109375,0.794910324095308,121.1734390258789,152.43661499023438,0.7333333333333333,0.7333333333333333,0.0,2,11,oracle,gnn,adopted_nolag,62,0,14.768594800000074,0.9483688168250687,True,True,True
False,True,False,-21.124267578125,1.2232010840803234,285.071533203125,233.05369567871094,0.7333333333333333,0.7333333333333333,0.0,2,10,nearest,gnn,adopted_nolag,62,1,2.6823399333334237,0.9273186282409611,True,True,True
False,True,False,-22.015625,1.2836752140501462,299.1652526855469,233.05369567871094,0.7333333333333333,0.7333333333333333,0.0,2,10,oracle,gnn,adopted_nolag,62,1,2.6823399333334237,0.9273186282409611,True,True,True
False,False,False,-31.6097412109375,1.636343643422117,382.83599853515625,233.95819091796875,0.7333333333333333,0.7333333333333333,0.0,2,10,nearest,gnn,adopted_nolag,62,2,0.13034123333318348,2.0881845880649434,False,True,False
False,False,False,-47.924072265625,1.6058092634009806,375.6922302246094,233.95819091796875,0.7333333333333333,0.7333333333333333,0.0,2,10,oracle,gnn,adopted_nolag,62,2,0.13034123333318348,2.0881845880649434,False,True,False
True,True,True,111.7640380859375,1.396576888767046,492.8237609863281,352.8797912597656,0.7333333333333333,0.7333333333333333,0.0,2,11,nearest,gnn,adopted_nolag,62,3,-55.576019433333386,1.8232571678324219,False,False,False
True,True,True,87.2021484375,1.2838931209578,453.0599365234375,352.8797912597656,0.7333333333333333,0.7333333333333333,0.0,2,11,oracle,gnn,adopted_nolag,62,3,-55.576019433333386,1.8232571678324219,False,False,False
False,True,False,-30.01513671875,1.3354293537207236,60.86640167236328,45.57815170288086,0.7333333333333333,0.7333333333333333,0.0,2,12,nearest,gnn,adopted_nolag,62,4,-26.48847703333331,1.351181864645245,True,False,False
False,True,False,-28.1915283203125,1.3222610003198014,60.266212463378906,45.57815170288086,0.7333333333333333,0.7333333333333333,0.0,2,12,oracle,gnn,adopted_nolag,62,4,-26.48847703333331,1.351181864645245,True,False,False
False,False,False,-67.8597412109375,1.6878700524869747,120.0105972290039,71.10179901123047,0.7166666666666667,0.7166666666666667,0.0,2,12,nearest,gnn,adopted_nolag,62,5,1.7479988000002322,1.0210561449749778,True,True,True
False,False,False,-40.1455078125,1.8260936932470837,129.8385467529297,71.10179901123047,0.7333333333333333,0.7166666666666667,0.016666666666666607,2,12,oracle,gnn,adopted_nolag,62,5,1.7479988000002322,1.0210561449749778,True,True,True
False,True,False,-45.82470703125,1.0621232809320669,66.46293640136719,62.575538635253906,0.7333333333333333,0.7333333333333333,0.0,2,11,nearest,gnn,adopted_nolag,62,6,-19.447796299999936,1.071527032533578,True,False,False
False,True,False,-16.4417724609375,1.1376143164858976,71.18682861328125,62.575538635253906,0.7333333333333333,0.7333333333333333,0.0,2,11,oracle,gnn,adopted_nolag,62,6,-19.447796299999936,1.071527032533578,True,False,False
False,True,False,-25.1741943359375,0.9820473070868123,80.99287414550781,82.47349548339844,0.7333333333333333,0.7333333333333333,0.0,2,11,nearest,gnn,adopted_nolag,62,7,-2.5914484000002176,1.1191268029143153,True,False,False
False,True,False,-9.3797607421875,1.0125500857264491,83.508544921875,82.47349548339844,0.7333333333333333,0.7333333333333333,0.0,2,11,oracle,gnn,adopted_nolag,62,7,-2.5914484000002176,1.1191268029143153,True,False,False
True,True,True,20.591552734375,1.0934595519860046,653.5765380859375,597.7144165039062,0.7666666666666667,0.7666666666666667,0.0,2,11,nearest,gnn,adopted_nolag,62,8,5.281910733333234,1.1649217900510924,True,True,True
False,True,False,-9.4488525390625,1.0344969489795366,618.333740234375,597.7144165039062,0.7333333333333333,0.7666666666666667,-0.03333333333333344,2,11,oracle,gnn,adopted_nolag,62,8,5.281910733333234,1.1649217900510924,True,True,True
True,True,True,99.0318603515625,0.326847945781853,125.71599578857422,384.6314392089844,0.7333333333333333,0.7333333333333333,0.0,2,11,nearest,gnn,adopted_nolag,62,9,-34.290314966666756,2.391979208760095,False,False,False
True,True,True,36.707763671875,0.6259068537782411,240.7434539794922,384.6314392089844,0.7333333333333333,0.7333333333333333,0.0,2,11,oracle,gnn,adopted_nolag,62,9,-34.290314966666756,2.391979208760095,False,False,False
False,False,False,-137.2501220703125,1.9749598954018048,197.44564819335938,99.9745101928711,0.7333333333333333,0.7333333333333333,0.0,2,11,nearest,gnn,adopted_nolag,62,10,-37.500049033333426,1.0342235560213047,True,False,False
False,False,False,-144.4385986328125,2.8598592216231875,285.91302490234375,99.9745101928711,0.7333333333333333,0.7333333333333333,0.0,2,11,oracle,gnn,adopted_nolag,62,10,-37.500049033333426,1.0342235560213047,True,False,False
False,True,False,-2.413818359375,1.283002720170164,1531.5218505859375,1193.701171875,0.95,0.8333333333333334,0.11666666666666659,2,11,nearest,gnn,adopted_nolag,62,11,80.52500143333327,1.8686971585587187,False,True,False
True,True,True,6.022216796875,1.3107263672434246,1564.6156005859375,1193.701171875,0.9333333333333333,0.8333333333333334,0.09999999999999998,2,11,oracle,gnn,adopted_nolag,62,11,80.52500143333327,1.8686971585587187,False,True,False
False,True,False,-20.971923828125,0.9158481428744529,61.87502670288086,67.56035614013672,0.7333333333333333,0.7333333333333333,0.0,2,11,nearest,gnn,adopted_nolag,62,12,-136.33609279999996,5.214265456631638,False,False,False
False,True,False,-21.0577392578125,1.1975085799181076,80.90410614013672,67.56035614013672,0.7333333333333333,0.7333333333333333,0.0,2,11,oracle,gnn,adopted_nolag,62,12,-136.33609279999996,5.214265456631638,False,False,False
False,True,False,-109.9677734375,0.997470322624125,1214.1123046875,1217.19140625,0.8166666666666667,0.8166666666666667,0.0,2,10,nearest,gnn,adopted_nolag,62,13,-19.648349666666945,1.397675693833393,True,False,False
False,True,False,-94.1728515625,1.0745022280095378,1307.8748779296875,1217.19140625,0.9333333333333333,0.8166666666666667,0.1166666666666667,2,10,oracle,gnn,adopted_nolag,62,13,-19.648349666666945,1.397675693833393,True,False,False
False,True,False,-12.81005859375,0.8325255810707879,86.29015350341797,103.64865112304688,0.7333333333333333,0.7333333333333333,0.0,2,11,nearest,gnn,adopted_nolag,62,14,-16.49777816666665,1.9380852050899344,False,False,False
False,True,False,-15.7386474609375,0.8014626104013151,83.07051849365234,103.64865112304688,0.7333333333333333,0.7333333333333333,0.0,2,11,oracle,gnn,adopted_nolag,62,14,-16.49777816666665,1.9380852050899344,False,False,False
True,True,True,38.4315185546875,1.0067885619404275,27.511037826538086,27.325536727905273,0.7333333333333333,0.7333333333333333,0.0,2,10,nearest,gnn,adopted_nolag,62,15,-9.914027666666698,1.0120206528263118,True,False,False
True,True,True,38.878662109375,0.9820387477680271,26.834735870361328,27.325536727905273,0.7333333333333333,0.7333333333333333,0.0,2,10,oracle,gnn,adopted_nolag,62,15,-9.914027666666698,1.0120206528263118,True,False,False
True,True,True,20.3172607421875,1.2741328290102794,219.273193359375,172.0960235595703,0.7333333333333333,0.7333333333333333,0.0,2,11,nearest,gnn,adopted_nolag,62,16,1.2589064999999664,0.789697198678068,True,True,True
False,True,False,-60.876708984375,1.1776271369780604,202.66494750976562,172.0960235595703,0.7333333333333333,0.7333333333333333,0.0,2,11,oracle,gnn,adopted_nolag,62,16,1.2589064999999664,0.789697198678068,True,True,True
False,True,False,-39.4586181640625,1.1081294243003619,193.37741088867188,174.50796508789062,0.7333333333333333,0.7333333333333333,0.0,2,8,nearest,gnn,adopted_nolag,62,17,-11.890593566666894,1.6443266634126905,False,False,False
False,True,False,-88.305908203125,1.0288902583767803,179.54954528808594,174.50796508789062,0.7333333333333333,0.7333333333333333,0.0,2,8,oracle,gnn,adopted_nolag,62,17,-11.890593566666894,1.6443266634126905,False,False,False
False,True,False,-110.8004150390625,1.4435512482708426,195.5675811767578,135.47671508789062,0.7333333333333333,0.7333333333333333,0.0,2,8,nearest,gnn,adopted_nolag,62,18,-56.748517966666896,8.025051377057453,False,False,False
False,False,False,-83.2869873046875,1.8545188758320286,251.24412536621094,135.47671508789062,0.7333333333333333,0.7333333333333333,0.0,2,8,oracle,gnn,adopted_nolag,62,18,-56.748517966666896,8.025051377057453,False,False,False
True,True,True,98.91845703125,1.0093950574215147,1232.6756591796875,1221.202392578125,0.95,0.9166666666666666,0.033333333333333326,2,8,nearest,gnn,adopted_nolag,62,19,37.807527700000264,1.584380085575503,False,True,False
True,True,True,107.942138671875,1.0133031590079657,1237.4482421875,1221.202392578125,0.9166666666666666,0.9166666666666666,0.0,2,8,oracle,gnn,adopted_nolag,62,19,37.807527700000264,1.584380085575503,False,True,False
False,True,False,-20.0516357421875,1.3338735954045846,72.99772644042969,54.72611999511719,0.7333333333333333,0.7333333333333333,0.0,2,8,nearest,gnn,adopted_nolag,62,20,-101.25730540000018,12.07996023070583,False,False,False
False,True,False,-27.776611328125,1.4635557311507972,80.0947265625,54.72611999511719,0.7333333333333333,0.7333333333333333,0.0,2,8,oracle,gnn,adopted_nolag,62,20,-101.25730540000018,12.07996023070583,False,False,False
True,True,True,43.6385498046875,1.028975994542086,26.40835189819336,25.664691925048828,0.7333333333333333,0.7333333333333333,0.0,2,8,nearest,gnn,adopted_nolag,62,21,-18.265982199999826,1.078230582781586,True,False,False
True,True,True,39.2423095703125,1.0569302651889274,27.125789642333984,25.664691925048828,0.7333333333333333,0.7333333333333333,0.0,2,8,oracle,gnn,adopted_nolag,62,21,-18.265982199999826,1.078230582781586,True,False,False
True,True,True,42.743896484375,0.897138143335994,115.18385314941406,128.39031982421875,0.7333333333333333,0.7333333333333333,0.0,2,8,nearest,gnn,adopted_nolag,62,22,-10.10978950000026,0.917682100314543,True,False,False
True,True,True,34.770263671875,0.955805539405585,122.71617889404297,128.39031982421875,0.7333333333333333,0.7333333333333333,0.0,2,8,oracle,gnn,adopted_nolag,62,22,-10.10978950000026,0.917682100314543,True,False,False
True,True,True,20.7408447265625,1.0606699711645118,87.12899017333984,82.1452407836914,0.7333333333333333,0.7333333333333333,0.0,2,7,nearest,gnn,adopted_nolag,62,23,-6.317396533333067,4.907422997437625,False,False,False
False,True,False,-0.6011962890625,1.0807608214812359,88.77935791015625,82.1452407836914,0.7333333333333333,0.7333333333333333,0.0,2,7,oracle,gnn,adopted_nolag,62,23,-6.317396533333067,4.907422997437625,False,False,False
False,False,True,39.7308349609375,2.3037997580866563,120.68258666992188,52.38414764404297,0.7333333333333333,0.7333333333333333,0.0,2,7,nearest,gnn,adopted_nolag,62,24,-19.414420899999868,0.5692464093824104,True,False,False
True,True,True,39.86474609375,0.9593130447510557,50.2527961730957,52.38414764404297,0.7333333333333333,0.7333333333333333,0.0,2,7,oracle,gnn,adopted_nolag,62,24,-19.414420899999868,0.5692464093824104,True,False,False
False,False,True,43.954345703125,1.6262518620199558,51.06843948364258,31.40254020690918,0.7333333333333333,0.7333333333333333,0.0,2,6,nearest,gnn,adopted_nolag,62,25,-19.335988633333272,2.132881434966157,False,False,False
True,True,True,54.34423828125,1.236937616827042,38.84298324584961,31.40254020690918,0.7333333333333333,0.7333333333333333,0.0,2,6,oracle,gnn,adopted_nolag,62,25,-19.335988633333272,2.132881434966157,False,False,False
True,True,True,51.34130859375,1.0584436306396046,59.20097732543945,55.93210220336914,0.7333333333333333,0.7333333333333333,0.0,2,7,nearest,gnn,adopted_nolag,62,26,-19.82901066666659,0.9856360840704168,True,False,False
True,True,True,31.99267578125,1.0528672070788518,58.889076232910156,55.93210220336914,0.7333333333333333,0.7333333333333333,0.0,2,7,oracle,gnn,adopted_nolag,62,26,-19.82901066666659,0.9856360840704168,True,False,False
True,True,True,41.2874755859375,1.0053638067087172,27.24712371826172,27.101755142211914,0.7333333333333333,0.7333333333333333,0.0,2,7,nearest,gnn,adopted_nolag,62,27,-28.578075633333356,1.2027480918715185,True,False,False
True,True,True,32.001953125,0.9957922109911764,26.987716674804688,27.101755142211914,0.7333333333333333,0.7333333333333333,0.0,2,7,oracle,gnn,adopted_nolag,62,27,-28.578075633333356,1.2027480918715185,True,False,False
False,False,True,44.6500244140625,1.62085815593163,126.01715850830078,77.74718475341797,0.7333333333333333,0.7333333333333333,0.0,2,7,nearest,gnn,adopted_nolag,62,28,-30.1054903666668,1.915208660953367,False,False,False
True,True,True,35.0758056640625,1.2635465908913606,98.23719024658203,77.74718475341797,0.7333333333333333,0.7333333333333333,0.0,2,7,oracle,gnn,adopted_nolag,62,28,-30.1054903666668,1.915208660953367,False,False,False
False,True,False,-38.4766845703125,0.9607541932375938,161.01515197753906,167.5924530029297,0.7333333333333333,0.7333333333333333,0.0,2,7,nearest,gnn,adopted_nolag,62,29,-5.072412433333511,1.4205256508730637,True,False,False
False,True,False,-20.4892578125,0.8567020466180639,143.57679748535156,167.5924530029297,0.7333333333333333,0.7333333333333333,0.0,2,7,oracle,gnn,adopted_nolag,62,29,-5.072412433333511,1.4205256508730637,True,False,False
False,False,False,-68.6783447265625,2.8001223148838603,205.9563751220703,73.5526351928711,0.7333333333333333,0.7333333333333333,0.0,2,7,nearest,gnn,adopted_nolag,62,30,-29.10181426666645,0.938884912099977,True,False,False
False,False,False,-56.7352294921875,2.3853037090391136,175.44537353515625,73.5526351928711,0.7333333333333333,0.7333333333333333,0.0,2,7,oracle,gnn,adopted_nolag,62,30,-29.10181426666645,0.938884912099977,True,False,False
True,True,True,6.515380859375,0.8641068262207586,215.1231231689453,248.95431518554688,0.7333333333333333,0.7333333333333333,0.0,2,8,nearest,gnn,adopted_nolag,62,31,9.845495233333168,2.2754320738340805,False,True,False
True,True,True,123.3660888671875,0.5510213925801708,137.1791534423828,248.95431518554688,0.7333333333333333,0.7333333333333333,0.0,2,8,oracle,gnn,adopted_nolag,62,31,9.845495233333168,2.2754320738340805,False,True,False
False,True,False,-35.197265625,0.8696715027187805,193.11093139648438,222.05043029785156,0.7333333333333333,0.7333333333333333,0.0,2,8,nearest,gnn,adopted_nolag,62,32,-18.389803533333406,1.0737661842589477,True,False,False
False,True,False,-2.7398681640625,1.2369458924594516,274.66436767578125,222.05043029785156,0.7333333333333333,0.7333333333333333,0.0,2,8,oracle,gnn,adopted_nolag,62,32,-18.389803533333406,1.0737661842589477,True,False,False
True,True,True,32.0689697265625,1.0216788721509191,26.384475708007812,25.824626922607422,0.7333333333333333,0.7333333333333333,0.0,2,9,nearest,gnn,adopted_nolag,62,33,-29.992881900000157,1.0546219640231227,True,False,False
True,True,True,23.38427734375,1.0109238554745796,26.106731414794922,25.824626922607422,0.7333333333333333,0.7333333333333333,0.0,2,9,oracle,gnn,adopted_nolag,62,33,-29.992881900000157,1.0546219640231227,True,False,False
True,True,True,4.753662109375,0.9869058164603071,169.43826293945312,171.6863555908203,0.7333333333333333,0.7333333333333333,0.0,2,10,nearest,gnn,adopted_nolag,62,34,-25.233919433333313,0.7026394925209132,True,False,False
False,True,False,-11.3037109375,0.960647059623413,164.92999267578125,171.6863555908203,0.7333333333333333,0.7333333333333333,0.0,2,10,oracle,gnn,adopted_nolag,62,34,-25.233919433333313,0.7026394925209132,True,False,False
True,True,True,1.426513671875,1.2867434731476193,259.7078552246094,201.83343505859375,0.7333333333333333,0.7333333333333333,0.0,2,9,nearest,gnn,adopted_nolag,62,35,0.15501999999992222,0.788799427945216,True,True,True
True,True,True,5.8291015625,0.6284775657357373,126.84778594970703,201.83343505859375,0.7333333333333333,0.7333333333333333,0.0,2,9,oracle,gnn,adopted_nolag,62,35,0.15501999999992222,0.788799427945216,True,True,True
False,False,False,-73.473388671875,3.4712519630356455,262.672119140625,75.67071533203125,0.7333333333333333,0.7333333333333333,0.0,2,9,nearest,gnn,adopted_nolag,62,36,-40.231951699999854,1.7212548340709453,False,False,False
False,False,False,-29.7532958984375,2.094912521404852,158.52352905273438,75.67071533203125,0.7333333333333333,0.7333333333333333,0.0,2,9,oracle,gnn,adopted_nolag,62,36,-40.231951699999854,1.7212548340709453,False,False,False
True,True,True,32.60009765625,1.32637436418507,1172.47705078125,883.971435546875,0.8333333333333334,0.8166666666666667,0.01666666666666672,2,10,nearest,gnn,adopted_nolag,62,37,52.581156633333194,1.7867317201652058,False,True,False
True,True,True,32.60009765625,1.32637436418507,1172.47705078125,883.971435546875,0.8333333333333334,0.8166666666666667,0.01666666666666672,2,10,oracle,gnn,adopted_nolag,62,37,52.581156633333194,1.7867317201652058,False,True,False
False,True,False,-28.5985107421875,1.1215831077095277,70.71611785888672,63.050270080566406,0.7333333333333333,0.7333333333333333,0.0,2,10,nearest,gnn,adopted_nolag,62,38,-156.76538199999982,18.302379069111307,False,False,False
False,True,False,-28.5985107421875,1.1215831077095277,70.71611785888672,63.050270080566406,0.7333333333333333,0.7333333333333333,0.0,2,10,oracle,gnn,adopted_nolag,62,38,-156.76538199999982,18.302379069111307,False,False,False
True,True,True,20.85595703125,1.1434047404108403,30.062501907348633,26.292091369628906,0.7333333333333333,0.7333333333333333,0.0,2,10,nearest,gnn,adopted_nolag,62,39,-22.37306046666663,1.0646953681608173,True,False,False
True,True,True,6.2696533203125,1.0280920167015026,27.030689239501953,26.292091369628906,0.7333333333333333,0.7333333333333333,0.0,2,10,oracle,gnn,adopted_nolag,62,39,-22.37306046666663,1.0646953681608173,True,False,False
False,True,False,-56.6171875,1.103450460786824,168.2062530517578,152.43661499023438,0.7333333333333333,0.7333333333333333,0.0,5,6,nearest,gnn,adopted_nolag,62,0,13.3473045333335,0.9704659905067647,True,True,True
False,True,False,-73.989013671875,1.2730588105047345,194.06077575683594,152.43661499023438,0.7333333333333333,0.7333333333333333,0.0,5,6,oracle,gnn,adopted_nolag,62,0,13.3473045333335,0.9704659905067647,True,True,True
True,True,True,8.2098388671875,0.7491889661553575,174.60125732421875,233.05369567871094,0.7333333333333333,0.7333333333333333,0.0,5,7,nearest,gnn,adopted_nolag,62,1,3.3252081000000544,0.9420700980139742,True,True,True
True,True,True,2.18798828125,0.9346809130405548,217.83084106445312,233.05369567871094,0.7333333333333333,0.7333333333333333,0.0,5,7,oracle,gnn,adopted_nolag,62,1,3.3252081000000544,0.9420700980139742,True,True,True
False,True,False,-2.360595703125,0.7646822956763474,178.9036865234375,233.95819091796875,0.7333333333333333,0.7333333333333333,0.0,5,7,nearest,gnn,adopted_nolag,62,2,-18.845238999999992,3.2973286921601397,False,False,False
False,True,False,-9.782470703125,0.9151487763003529,214.10655212402344,233.95819091796875,0.7333333333333333,0.7333333333333333,0.0,5,7,oracle,gnn,adopted_nolag,62,2,-18.845238999999992,3.2973286921601397,False,False,False
False,False,False,-41.4329833984375,1.8320480595061992,646.4927368164062,352.8797912597656,0.7333333333333333,0.7333333333333333,0.0,5,8,nearest,gnn,adopted_nolag,62,3,-9.26335620000009,1.074133994719162,True,False,False
False,False,False,-38.8175048828125,1.8483024327681912,652.2285766601562,352.8797912597656,0.7333333333333333,0.7333333333333333,0.0,5,8,oracle,gnn,adopted_nolag,62,3,-9.26335620000009,1.074133994719162,True,False,False
False,True,False,-26.0045166015625,1.1134430511986109,50.74867630004883,45.57815170288086,0.7333333333333333,0.7333333333333333,0.0,5,7,nearest,gnn,adopted_nolag,62,4,2.350205066666831,0.8729296766390969,True,True,True
False,True,False,-33.3507080078125,1.153327504203828,52.56653594970703,45.57815170288086,0.7333333333333333,0.7333333333333333,0.0,5,7,oracle,gnn,adopted_nolag,62,4,2.350205066666831,0.8729296766390969,True,True,True
False,False,False,-150.865966796875,4.3349320319696805,308.2214660644531,71.10179901123047,0.7333333333333333,0.7166666666666667,0.016666666666666607,5,7,nearest,gnn,adopted_nolag,62,5,0.8653949666668268,0.8988846708080834,True,True,True
False,False,False,-84.0634765625,2.128306429936085,151.326416015625,71.10179901123047,0.7333333333333333,0.7166666666666667,0.016666666666666607,5,7,oracle,gnn,adopted_nolag,62,5,0.8653949666668268,0.8988846708080834,True,True,True
False,False,False,-143.7899169921875,6.43134512352685,402.44488525390625,62.575538635253906,0.7333333333333333,0.7333333333333333,0.0,5,5,nearest,gnn,adopted_nolag,62,6,-21.01102406666655,1.144697025146817,True,False,False
False,False,False,-98.6141357421875,2.701504931600613,169.04812622070312,62.575538635253906,0.7333333333333333,0.7333333333333333,0.0,5,5,oracle,gnn,adopted_nolag,62,6,-21.01102406666655,1.144697025146817,True,False,False
False,True,False,-12.8868408203125,0.9774277735933674,80.61188507080078,82.47349548339844,0.7333333333333333,0.7333333333333333,0.0,5,5,nearest,gnn,adopted_nolag,62,7,-0.484175633333507,1.0972293403021627,True,False,False
False,True,False,-15.0318603515625,0.9976485587466233,82.2795639038086,82.47349548339844,0.7333333333333333,0.7333333333333333,0.0,5,5,oracle,gnn,adopted_nolag,62,7,-0.484175633333507,1.0972293403021627,True,False,False
False,True,False,-50.2076416015625,0.8797556773733112,525.8426513671875,597.7144165039062,0.7333333333333333,0.7666666666666667,-0.03333333333333344,5,4,nearest,gnn,adopted_nolag,62,8,-2.1927924666665604,0.9932948758017908,True,False,False
False,True,False,-40.865966796875,0.8875953964039244,530.528564453125,597.7144165039062,0.7333333333333333,0.7666666666666667,-0.03333333333333344,5,4,oracle,gnn,adopted_nolag,62,8,-2.1927924666665604,0.9932948758017908,True,False,False
True,True,True,22.9154052734375,0.8271879874350215,318.1625061035156,384.6314392089844,0.7333333333333333,0.7333333333333333,0.0,5,5,nearest,gnn,adopted_nolag,62,9,-26.794813500000146,1.4367099728513775,True,False,False
True,True,True,22.9154052734375,0.8271879874350215,318.1625061035156,384.6314392089844,0.7333333333333333,0.7333333333333333,0.0,5,5,oracle,gnn,adopted_nolag,62,9,-26.794813500000146,1.4367099728513775,True,False,False
False,False,False,-100.8765869140625,3.330375578674954,332.9526672363281,99.9745101928711,0.7333333333333333,0.7333333333333333,0.0,5,5,nearest,gnn,adopted_nolag,62,10,-31.787659133333364,2.043542248711771,False,False,False
False,False,False,-100.8765869140625,3.330375578674954,332.9526672363281,99.9745101928711,0.7333333333333333,0.7333333333333333,0.0,5,5,oracle,gnn,adopted_nolag,62,10,-31.787659133333364,2.043542248711771,False,False,False
True,True,True,19.298583984375,0.9920647727737555,1184.2288818359375,1193.701171875,0.85,0.8333333333333334,0.016666666666666607,5,5,nearest,gnn,adopted_nolag,62,11,-22.403558366666402,1.0875607122198734,True,False,False
True,True,True,9.81689453125,0.9969707939624494,1190.085205078125,1193.701171875,0.8333333333333334,0.8333333333333334,0.0,5,5,oracle,gnn,adopted_nolag,62,11,-22.403558366666402,1.0875607122198734,True,False,False
False,True,False,-9.3189697265625,1.0365458041882625,70.02940368652344,67.56035614013672,0.7333333333333333,0.7333333333333333,0.0,5,5,nearest,gnn,adopted_nolag,62,12,-1.210080299999845,1.0742572997229898,True,False,False
False,True,False,-8.15478515625,1.0353525036105615,69.94878387451172,67.56035614013672,0.7333333333333333,0.7333333333333333,0.0,5,5,oracle,gnn,adopted_nolag,62,12,-1.210080299999845,1.0742572997229898,True,False,False
True,True,True,21.7978515625,1.005480065051139,1223.8616943359375,1217.19140625,0.85,0.8166666666666667,0.033333333333333326,5,5,nearest,gnn,adopted_nolag,62,13,4.62865069999998,0.9901217694367158,True,True,True
True,True,True,60.2451171875,1.0596604311282698,1289.8095703125,1217.19140625,0.85,0.8166666666666667,0.033333333333333326,5,5,oracle,gnn,adopted_nolag,62,13,4.62865069999998,0.9901217694367158,True,True,True
False,True,False,-17.423095703125,1.1340463419797495,117.54237365722656,103.64865112304688,0.7166666666666667,0.7333333333333333,-0.016666666666666607,5,4,nearest,gnn,adopted_nolag,62,14,-13.20142143333328,0.842551807862076,True,False,False
False,True,False,-36.1319580078125,1.3199521899775613,136.81126403808594,103.64865112304688,0.7333333333333333,0.7333333333333333,0.0,5,4,oracle,gnn,adopted_nolag,62,14,-13.20142143333328,0.842551807862076,True,False,False
True,True,True,23.2159423828125,1.007028537632942,27.517595291137695,27.325536727905273,0.7333333333333333,0.7333333333333333,0.0,5,4,nearest,gnn,adopted_nolag,62,15,-7.655597133333458,1.0433885195640122,True,False,False
True,True,True,31.5821533203125,0.983523553739862,26.875308990478516,27.325536727905273,0.7333333333333333,0.7333333333333333,0.0,5,4,oracle,gnn,adopted_nolag,62,15,-7.655597133333458,1.0433885195640122,True,False,False
True,True,True,43.7767333984375,1.005132338252877,172.97927856445312,172.0960235595703,0.7333333333333333,0.7333333333333333,0.0,5,4,nearest,gnn,adopted_nolag,62,16,-4.02132030000007,0.6539386885826429,True,False,False
False,False,True,0.7279052734375,1.5464075183856698,266.1305847167969,172.0960235595703,0.7333333333333333,0.7333333333333333,0.0,5,4,oracle,gnn,adopted_nolag,62,16,-4.02132030000007,0.6539386885826429,True,False,False
False,False,False,-59.89404296875,2.9779704620814975,519.6795654296875,174.50796508789062,0.7333333333333333,0.7333333333333333,0.0,5,6,nearest,gnn,adopted_nolag,62,17,0.13575769999988552,0.7857258109763648,True,True,True
False,False,False,-48.877197265625,2.5447394381209585,444.0773010253906,174.50796508789062,0.7333333333333333,0.7333333333333333,0.0,5,6,oracle,gnn,adopted_nolag,62,17,0.13575769999988552,0.7857258109763648,True,True,True
False,False,False,-141.348876953125,2.6643066104325883,360.9515075683594,135.47671508789062,0.7333333333333333,0.7333333333333333,0.0,5,6,nearest,gnn,adopted_nolag,62,18,-18.36624330000018,6.486719249757702,False,False,False
False,False,False,-126.534423828125,2.7480621386114614,372.2984313964844,135.47671508789062,0.7333333333333333,0.7333333333333333,0.0,5,6,oracle,gnn,adopted_nolag,62,18,-18.36624330000018,6.486719249757702,False,False,False
True,True,True,95.989013671875,0.9561757241288313,1167.68408203125,1221.202392578125,0.95,0.9166666666666666,0.033333333333333326,5,7,nearest,gnn,adopted_nolag,62,19,-33.49386996666681,1.0455987117837293,True,False,False
True,True,True,100.48876953125,0.9655113058758967,1179.084716796875,1221.202392578125,0.95,0.9166666666666666,0.033333333333333326,5,7,oracle,gnn,adopted_nolag,62,19,-33.49386996666681,1.0455987117837293,True,False,False
False,True,False,-14.75439453125,0.9065422130744165,49.61153793334961,54.72611999511719,0.7333333333333333,0.7333333333333333,0.0,5,7,nearest,gnn,adopted_nolag,62,20,-9.941659633333302,1.2986966507988968,True,False,False
False,True,False,-11.960205078125,0.911798476020422,49.899192810058594,54.72611999511719,0.7333333333333333,0.7333333333333333,0.0,5,7,oracle,gnn,adopted_nolag,62,20,-9.941659633333302,1.2986966507988968,True,False,False
True,True,True,38.379638671875,1.0215081500837193,26.216691970825195,25.664691925048828,0.7333333333333333,0.7333333333333333,0.0,5,7,nearest,gnn,adopted_nolag,62,21,-1.909318966666433,1.0114121649227068,True,False,False
True,True,True,38.4268798828125,1.02070863701527,26.1961727142334,25.664691925048828,0.7333333333333333,0.7333333333333333,0.0,5,7,oracle,gnn,adopted_nolag,62,21,-1.909318966666433,1.0114121649227068,True,False,False
True,True,True,30.9376220703125,1.041413978389834,133.7074737548828,128.39031982421875,0.7333333333333333,0.7333333333333333,0.0,5,7,nearest,gnn,adopted_nolag,62,22,6.858160399999861,0.8322471387823595,True,True,True
True,True,True,31.458740234375,1.0401455256288545,133.54461669921875,128.39031982421875,0.7333333333333333,0.7333333333333333,0.0,5,7,oracle,gnn,adopted_nolag,62,22,6.858160399999861,0.8322471387823595,True,True,True
True,True,True,42.6011962890625,0.9854077402300245,80.9465560913086,82.1452407836914,0.7333333333333333,0.7333333333333333,0.0,5,7,nearest,gnn,adopted_nolag,62,23,-22.835088999999698,0.9526434006840487,True,False,False
True,True,True,43.066650390625,0.9532169814992021,78.30223846435547,82.1452407836914,0.7333333333333333,0.7333333333333333,0.0,5,7,oracle,gnn,adopted_nolag,62,23,-22.835088999999698,0.9526434006840487,True,False,False
True,True,True,6.6065673828125,1.4356039349877914,75.20288848876953,52.38414764404297,0.7333333333333333,0.7333333333333333,0.0,5,7,nearest,gnn,adopted_nolag,62,24,-27.856779966666636,3.5984628934744975,False,False,False
False,False,False,-54.1541748046875,2.8122249983433085,147.31600952148438,52.38414764404297,0.7333333333333333,0.7333333333333333,0.0,5,7,oracle,gnn,adopted_nolag,62,24,-27.856779966666636,3.5984628934744975,False,False,False
True,True,True,52.586181640625,1.1623118961247207,36.49954605102539,31.40254020690918,0.7333333333333333,0.7333333333333333,0.0,5,7,nearest,gnn,adopted_nolag,62,25,-44.0325289333332,2.007958379892395,False,False,False
True,True,True,68.4434814453125,1.1180557550652257,35.10979080200195,31.40254020690918,0.7333333333333333,0.7333333333333333,0.0,5,7,oracle,gnn,adopted_nolag,62,25,-44.0325289333332,2.007958379892395,False,False,False
False,False,False,-14.4930419921875,4.021862379379994,224.9512176513672,55.93210220336914,0.7333333333333333,0.7333333333333333,0.0,5,7,nearest,gnn,adopted_nolag,62,26,4.443997666666746,2.3270396136380302,False,True,False
False,False,True,0.0904541015625,2.61005649536412,145.98594665527344,55.93210220336914,0.7333333333333333,0.7333333333333333,0.0,5,7,oracle,gnn,adopted_nolag,62,26,4.443997666666746,2.3270396136380302,False,True,False
True,True,True,55.5936279296875,0.9894729619170779,26.81645393371582,27.101755142211914,0.7333333333333333,0.7333333333333333,0.0,5,7,nearest,gnn,adopted_nolag,62,27,-10.74282733333348,1.128957531252182,True,False,False
True,True,True,55.5936279296875,0.9894729619170779,26.81645393371582,27.101755142211914,0.7333333333333333,0.7333333333333333,0.0,5,7,oracle,gnn,adopted_nolag,62,27,-10.74282733333348,1.128957531252182,True,False,False
False,False,True,7.435546875,1.7559133383229582,136.51731872558594,77.74718475341797,0.7333333333333333,0.7333333333333333,0.0,5,7,nearest,gnn,adopted_nolag,62,28,-9.27497563333327,1.951311215029413,False,False,False
False,False,True,7.435546875,1.7559133383229582,136.51731872558594,77.74718475341797,0.7333333333333333,0.7333333333333333,0.0,5,7,oracle,gnn,adopted_nolag,62,28,-9.27497563333327,1.951311215029413,False,False,False
False,False,False,-67.43359375,1.672540017202419,280.3050842285156,167.5924530029297,0.7333333333333333,0.7333333333333333,0.0,5,7,nearest,gnn,adopted_nolag,62,29,7.813186133333147,1.3014817818001727,True,True,True
False,False,False,-49.166015625,1.6688240251894255,279.68231201171875,167.5924530029297,0.7333333333333333,0.7333333333333333,0.0,5,7,oracle,gnn,adopted_nolag,62,29,7.813186133333147,1.3014817818001727,True,True,True
False,False,False,-150.770751953125,3.2912555749375225,242.0805206298828,73.5526351928711,0.7333333333333333,0.7333333333333333,0.0,5,7,nearest,gnn,adopted_nolag,62,30,-8.476232699999855,2.4789952948156806,False,False,False
False,False,False,-151.3271484375,2.9810381849184875,219.26321411132812,73.5526351928711,0.7333333333333333,0.7333333333333333,0.0,5,7,oracle,gnn,adopted_nolag,62,30,-8.476232699999855,2.4789952948156806,False,False,False
False,False,False,-54.9654541015625,2.427283798750511,604.2827758789062,248.95431518554688,0.7333333333333333,0.7333333333333333,0.0,5,6,nearest,gnn,adopted_nolag,62,31,11.82771433333346,1.493777973208824,True,True,True
False,False,False,-66.898193359375,2.09921920729222,522.6096801757812,248.95431518554688,0.7333333333333333,0.7333333333333333,0.0,5,6,oracle,gnn,adopted_nolag,62,31,11.82771433333346,1.493777973208824,True,True,True
False,False,False,-32.89892578125,2.805284416611343,622.9146118164062,222.05043029785156,0.7333333333333333,0.7333333333333333,0.0,5,6,nearest,gnn,adopted_nolag,62,32,6.5577189666669256,1.1237523293220069,True,True,True
False,False,True,2.851806640625,1.9895994426172032,441.7914123535156,222.05043029785156,0.7333333333333333,0.7333333333333333,0.0,5,6,oracle,gnn,adopted_nolag,62,32,6.5577189666669256,1.1237523293220069,True,True,True
True,True,True,51.692626953125,0.9959393752019086,25.719762802124023,25.824626922607422,0.7333333333333333,0.7333333333333333,0.0,5,5,nearest,gnn,adopted_nolag,62,33,-6.926185066666903,1.0573869204931485,True,False,False
True,True,True,50.3843994140625,1.0091249024523872,26.060274124145508,25.824626922607422,0.7333333333333333,0.7333333333333333,0.0,5,5,oracle,gnn,adopted_nolag,62,33,-6.926185066666903,1.0573869204931485,True,False,False
True,True,True,0.851318359375,1.0304748544589557,176.91847229003906,171.6863555908203,0.7333333333333333,0.7333333333333333,0.0,5,4,nearest,gnn,adopted_nolag,62,34,-6.736180266666679,0.6472252025817352,True,False,False
True,True,True,5.49072265625,1.1150370386104707,191.4366455078125,171.6863555908203,0.7333333333333333,0.7333333333333333,0.0,5,4,oracle,gnn,adopted_nolag,62,34,-6.736180266666679,0.6472252025817352,True,False,False
True,True,True,5.328369140625,0.9758901930211903,196.96726989746094,201.83343505859375,0.7333333333333333,0.7333333333333333,0.0,5,5,nearest,gnn,adopted_nolag,62,35,-5.791637033333473,0.8318046997818237,True,False,False
True,True,True,31.9957275390625,0.7792838568796364,157.28553771972656,201.83343505859375,0.7333333333333333,0.7333333333333333,0.0,5,5,oracle,gnn,adopted_nolag,62,35,-5.791637033333473,0.8318046997818237,True,False,False
True,True,True,31.427734375,1.0823696612891387,81.9036865234375,75.67071533203125,0.7333333333333333,0.7333333333333333,0.0,5,4,nearest,gnn,adopted_nolag,62,36,-33.18429190000006,1.3713615502857015,True,False,False
True,True,True,41.0654296875,1.2691690884497282,96.03893280029297,75.67071533203125,0.7333333333333333,0.7333333333333333,0.0,5,4,oracle,gnn,adopted_nolag,62,36,-33.18429190000006,1.3713615502857015,True,False,False
True,True,True,3.253662109375,1.445892933143354,1278.1280517578125,883.971435546875,0.8333333333333334,0.8166666666666667,0.01666666666666672,5,4,nearest,gnn,adopted_nolag,62,37,40.98335760000009,1.2556626276546545,True,True,True
True,True,True,7.71240234375,1.1631323591513023,1028.17578125,883.971435546875,0.8333333333333334,0.8166666666666667,0.01666666666666672,5,4,oracle,gnn,adopted_nolag,62,37,40.98335760000009,1.2556626276546545,True,True,True
True,True,True,1.2398681640625,1.1081336499629422,69.86812591552734,63.050270080566406,0.7333333333333333,0.7333333333333333,0.0,5,4,nearest,gnn,adopted_nolag,62,38,-63.89541356666655,5.709797079319204,False,False,False
False,True,False,-0.5242919921875,1.091639344758217,68.82815551757812,63.050270080566406,0.7333333333333333,0.7333333333333333,0.0,5,4,oracle,gnn,adopted_nolag,62,38,-63.89541356666655,5.709797079319204,False,False,False
True,True,True,29.2607421875,1.020171237120073,26.82243537902832,26.292091369628906,0.7333333333333333,0.7333333333333333,0.0,5,4,nearest,gnn,adopted_nolag,62,39,-10.009482766666451,1.0161964744581722,True,False,False
True,True,True,37.2098388671875,0.9836293732409754,25.86167335510254,26.292091369628906,0.7333333333333333,0.7333333333333333,0.0,5,4,oracle,gnn,adopted_nolag,62,39,-10.009482766666451,1.0161964744581722,True,False,False
False,False,False,-19.959716796875,1.8682884289510986,58.5682487487793,31.34861183166504,0.7166666666666667,0.7166666666666667,0.0,0,10,nearest,gnn,adopted_nolag,63,0,12.954174100000046,1.0466252182086921,True,True,True
False,False,False,-19.959716796875,1.8682884289510986,58.5682487487793,31.34861183166504,0.7166666666666667,0.7166666666666667,0.0,0,10,oracle,gnn,adopted_nolag,63,0,12.954174100000046,1.0466252182086921,True,True,True
False,False,False,-25.31201171875,2.6102539822020274,103.93278503417969,39.817115783691406,0.7166666666666667,0.7166666666666667,0.0,0,10,nearest,gnn,adopted_nolag,63,1,-26.994391266666298,0.9753126192180266,True,False,False
False,False,False,-57.49560546875,3.9276741556520722,156.38865661621094,39.817115783691406,0.7166666666666667,0.7166666666666667,0.0,0,10,oracle,gnn,adopted_nolag,63,1,-26.994391266666298,0.9753126192180266,True,False,False
False,False,False,-26.7222900390625,2.463254661994761,204.63162231445312,83.07367706298828,0.7166666666666667,0.7166666666666667,0.0,0,10,nearest,gnn,adopted_nolag,63,2,-2.8661634333334405,1.1218063284866846,True,False,False
False,False,False,-26.7222900390625,2.463254661994761,204.63162231445312,83.07367706298828,0.7166666666666667,0.7166666666666667,0.0,0,10,oracle,gnn,adopted_nolag,63,2,-2.8661634333334405,1.1218063284866846,True,False,False
False,True,False,-10.048828125,1.0596720725324849,136.93309020996094,129.22213745117188,0.7166666666666667,0.7166666666666667,0.0,0,10,nearest,gnn,adopted_nolag,63,3,3.0462916999999834,0.8927186375688857,True,True,True
False,True,False,-10.048828125,1.0596720725324849,136.93309020996094,129.22213745117188,0.7166666666666667,0.7166666666666667,0.0,0,10,oracle,gnn,adopted_nolag,63,3,3.0462916999999834,0.8927186375688857,True,True,True
True,True,True,5.004638671875,1.480096230667457,156.59056091308594,105.79755401611328,0.7166666666666667,0.7166666666666667,0.0,0,10,nearest,gnn,adopted_nolag,63,4,2.813345133333314,1.051048594502166,True,True,True
False,False,False,-20.5333251953125,1.786270623188112,188.98306274414062,105.79755401611328,0.7166666666666667,0.7166666666666667,0.0,0,10,oracle,gnn,adopted_nolag,63,4,2.813345133333314,1.051048594502166,True,True,True
False,False,False,-31.88037109375,3.0067563727716213,129.5738067626953,43.094215393066406,0.7166666666666667,0.7166666666666667,0.0,0,10,nearest,gnn,adopted_nolag,63,5,2.285624199999802,1.003657739076402,True,True,True
False,False,False,-16.5228271484375,2.161263675223889,93.1379623413086,43.094215393066406,0.7166666666666667,0.7166666666666667,0.0,0,10,oracle,gnn,adopted_nolag,63,5,2.285624199999802,1.003657739076402,True,True,True
False,False,False,-52.1873779296875,1.8983955955776477,131.1844482421875,69.10279846191406,0.7166666666666667,0.7166666666666667,0.0,0,10,nearest,gnn,adopted_nolag,63,6,-9.482441599999902,1.0307033737750788,True,False,False
False,False,False,-1.958984375,1.5438025438087266,106.68107604980469,69.10279846191406,0.7166666666666667,0.7166666666666667,0.0,0,10,oracle,gnn,adopted_nolag,63,6,-9.482441599999902,1.0307033737750788,True,False,False
False,False,False,-23.5399169921875,1.9903063845234832,116.11829376220703,58.3419189453125,0.7166666666666667,0.7166666666666667,0.0,0,10,nearest,gnn,adopted_nolag,63,7,-0.3888261333331684,1.091147026684883,True,False,False
False,False,False,-3.14892578125,1.696099982842927,98.95372772216797,58.3419189453125,0.7166666666666667,0.7166666666666667,0.0,0,10,oracle,gnn,adopted_nolag,63,7,-0.3888261333331684,1.091147026684883,True,False,False
False,False,False,-48.8736572265625,2.1198519161303726,255.48773193359375,120.52149963378906,0.7166666666666667,0.7166666666666667,0.0,0,11,nearest,gnn,adopted_nolag,63,8,-29.794029100000216,2.7557325077319574,False,False,False
False,False,False,-23.072509765625,1.6951031316464387,204.29637145996094,120.52149963378906,0.7166666666666667,0.7166666666666667,0.0,0,11,oracle,gnn,adopted_nolag,63,8,-29.794029100000216,2.7557325077319574,False,False,False
True,True,True,34.1651611328125,1.309106331359302,170.33445739746094,130.1150665283203,0.7166666666666667,0.7166666666666667,0.0,0,11,nearest,gnn,adopted_nolag,63,9,-4.002453766666804,1.0856809774601945,True,False,False
False,False,True,4.3424072265625,1.762143610444716,229.28143310546875,130.1150665283203,0.7166666666666667,0.7166666666666667,0.0,0,11,oracle,gnn,adopted_nolag,63,9,-4.002453766666804,1.0856809774601945,True,False,False
False,False,False,-69.009765625,2.0559235004820775,112.71697998046875,54.82547378540039,0.7166666666666667,0.7166666666666667,0.0,0,11,nearest,gnn,adopted_nolag,63,10,-0.1652116999998725,1.0354473052496123,True,False,False
False,False,False,-63.519775390625,1.9499400542812988,106.90638732910156,54.82547378540039,0.7166666666666667,0.7166666666666667,0.0,0,11,oracle,gnn,adopted_nolag,63,10,-0.1652116999998725,1.0354473052496123,True,False,False
False,False,True,138.75244140625,1.5014874435865955,891.3016967773438,593.6124877929688,0.8666666666666667,0.7666666666666667,0.09999999999999998,0,11,nearest,gnn,adopted_nolag,63,11,57.488783266666815,3.3252544886344717,False,True,False
True,True,True,182.88330078125,1.4462225883523394,858.4957885742188,593.6124877929688,0.85,0.7666666666666667,0.08333333333333326,0,11,oracle,gnn,adopted_nolag,63,11,57.488783266666815,3.3252544886344717,False,True,False
False,False,False,-0.0606689453125,1.9185283399120145,88.91254425048828,46.344139099121094,0.7166666666666667,0.7166666666666667,0.0,0,11,nearest,gnn,adopted_nolag,63,12,-109.89202483333338,11.232045159252701,False,False,False
False,False,False,-11.2806396484375,2.559494661135493,118.6175765991211,46.344139099121094,0.7166666666666667,0.7166666666666667,0.0,0,11,oracle,gnn,adopted_nolag,63,12,-109.89202483333338,11.232045159252701,False,False,False
False,False,True,12.892822265625,1.5747300852136081,155.28741455078125,98.6120834350586,0.7166666666666667,0.7166666666666667,0.0,0,11,nearest,gnn,adopted_nolag,63,13,-29.982227400000056,0.8240233358457383,True,False,False
False,False,False,-9.557373046875,1.7967821671680226,177.18443298339844,98.6120834350586,0.7166666666666667,0.7166666666666667,0.0,0,11,oracle,gnn,adopted_nolag,63,13,-29.982227400000056,0.8240233358457383,True,False,False
False,False,False,-19.74658203125,1.985958786289289,158.98806762695312,80.05607604980469,0.7166666666666667,0.7166666666666667,0.0,0,11,nearest,gnn,adopted_nolag,63,14,-63.23959290000016,3.307600080710403,False,False,False
False,False,False,-19.05078125,2.0894522215053497,167.27334594726562,80.05607604980469,0.7166666666666667,0.7166666666666667,0.0,0,11,oracle,gnn,adopted_nolag,63,14,-63.23959290000016,3.307600080710403,False,False,False
True,True,True,20.13037109375,1.1026164813293564,28.609325408935547,25.946760177612305,0.7166666666666667,0.7166666666666667,0.0,0,11,nearest,gnn,adopted_nolag,63,15,-28.934249099999988,1.121880210124218,True,False,False
True,True,True,21.4388427734375,1.0927127611675607,28.35235595703125,25.946760177612305,0.7166666666666667,0.7166666666666667,0.0,0,11,oracle,gnn,adopted_nolag,63,15,-28.934249099999988,1.121880210124218,True,False,False
False,False,False,-30.5040283203125,4.574358910087997,646.0390625,141.2305145263672,0.7833333333333333,0.7166666666666667,0.06666666666666665,0,11,nearest,gnn,adopted_nolag,63,16,21.08802680000008,3.7662499200027826,False,True,False
False,False,False,-92.43212890625,2.794731842047745,394.701416015625,141.2305145263672,0.7333333333333333,0.7166666666666667,0.016666666666666607,0,11,oracle,gnn,adopted_nolag,63,16,21.08802680000008,3.7662499200027826,False,True,False
True,True,True,36.1474609375,1.3015962845125748,100.35248565673828,77.09954833984375,0.7166666666666667,0.7166666666666667,0.0,0,11,nearest,gnn,adopted_nolag,63,17,-81.71247656666674,14.185323975989512,False,False,False
False,False,True,16.70556640625,2.585458031553223,199.337646484375,77.09954833984375,0.7166666666666667,0.7166666666666667,0.0,0,11,oracle,gnn,adopted_nolag,63,17,-81.71247656666674,14.185323975989512,False,False,False
False,True,False,-55.763427734375,1.4799224284964576,126.67933654785156,85.5986328125,0.7166666666666667,0.7166666666666667,0.0,0,11,nearest,gnn,adopted_nolag,63,18,-8.763469966666662,1.0624800005529922,True,False,False
False,False,False,-65.8818359375,1.8220864516901873,155.96810913085938,85.5986328125,0.7166666666666667,0.7166666666666667,0.0,0,11,oracle,gnn,adopted_nolag,63,18,-8.763469966666662,1.0624800005529922,True,False,False
False,False,True,100.95068359375,2.918293633258028,1721.135986328125,589.7747802734375,0.7833333333333333,0.75,0.033333333333333326,0,11,nearest,gnn,adopted_nolag,63,19,58.01158396666642,1.9728585778428331,False,True,False
False,False,True,116.261962890625,2.9554761680535906,1743.0653076171875,589.7747802734375,0.7833333333333333,0.75,0.033333333333333326,0,11,oracle,gnn,adopted_nolag,63,19,58.01158396666642,1.9728585778428331,False,True,False
False,False,False,-38.6666259765625,2.2577332911004575,99.76277160644531,44.187137603759766,0.7166666666666667,0.7166666666666667,0.0,0,11,nearest,gnn,adopted_nolag,63,20,-48.828660433333425,3.486709502309199,False,False,False
False,False,False,-1.107177734375,1.9757150603454445,87.30119323730469,44.187137603759766,0.7166666666666667,0.7166666666666667,0.0,0,11,oracle,gnn,adopted_nolag,63,20,-48.828660433333425,3.486709502309199,False,False,False
True,True,True,2.2083740234375,1.1061720301127833,28.557981491088867,25.816944122314453,0.7166666666666667,0.7166666666666667,0.0,0,11,nearest,gnn,adopted_nolag,63,21,-25.245410900000024,1.04886526677428,True,False,False
True,True,True,4.4354248046875,1.0878347139236826,28.08456802368164,25.816944122314453,0.7166666666666667,0.7166666666666667,0.0,0,11,oracle,gnn,adopted_nolag,63,21,-25.245410900000024,1.04886526677428,True,False,False
True,True,True,74.3193359375,0.9540443974063686,37.09001541137695,38.87661361694336,0.7166666666666667,0.7166666666666667,0.0,0,11,nearest,gnn,adopted_nolag,63,22,-43.21145640000009,1.5781218930610448,False,False,False
True,True,True,69.1290283203125,0.89042583599239,34.61674118041992,38.87661361694336,0.7166666666666667,0.7166666666666667,0.0,0,11,oracle,gnn,adopted_nolag,63,22,-43.21145640000009,1.5781218930610448,False,False,False
False,True,False,-6.9725341796875,0.9656955131607934,39.313201904296875,40.7097282409668,0.7166666666666667,0.7166666666666667,0.0,0,11,nearest,gnn,adopted_nolag,63,23,-49.28956599999992,1.978088265654754,False,False,False
False,True,False,-17.2078857421875,1.1338845862244,46.160133361816406,40.7097282409668,0.7166666666666667,0.7166666666666667,0.0,0,11,oracle,gnn,adopted_nolag,63,23,-49.28956599999992,1.978088265654754,False,False,False
False,True,False,-9.00732421875,1.1879478973337438,68.35726928710938,57.54231262207031,0.7166666666666667,0.7166666666666667,0.0,0,11,nearest,gnn,adopted_nolag,63,24,-11.217587366666521,1.2048270875121019,True,False,False
False,True,False,-33.10205078125,0.6018739129477846,34.633216857910156,57.54231262207031,0.7166666666666667,0.7166666666666667,0.0,0,11,oracle,gnn,adopted_nolag,63,24,-11.217587366666521,1.2048270875121019,True,False,False
False,False,False,-76.196533203125,7.057616251389898,278.1084289550781,39.405433654785156,0.7166666666666667,0.7166666666666667,0.0,0,10,nearest,gnn,adopted_nolag,63,25,-2.4405343333332894,7.712131694308852,False,False,False
False,False,False,-85.3782958984375,6.258006032586188,246.5994415283203,39.405433654785156,0.7166666666666667,0.7166666666666667,0.0,0,10,oracle,gnn,adopted_nolag,63,25,-2.4405343333332894,7.712131694308852,False,False,False
False,True,False,-14.50439453125,1.1228410534933402,30.196491241455078,26.892934799194336,0.7166666666666667,0.7166666666666667,0.0,0,10,nearest,gnn,adopted_nolag,63,26,-34.51450276666674,1.417209357264147,True,False,False
False,True,False,-18.419677734375,1.2166254138491308,32.7186279296875,26.892934799194336,0.7166666666666667,0.7166666666666667,0.0,0,10,oracle,gnn,adopted_nolag,63,26,-34.51450276666674,1.417209357264147,True,False,False
False,True,False,-27.27685546875,1.2237365626096393,35.40597152709961,28.932674407958984,0.7166666666666667,0.7166666666666667,0.0,0,10,nearest,gnn,adopted_nolag,63,27,-27.88592963333349,1.1848992137319436,True,False,False
False,True,False,-23.044677734375,1.257657201299435,36.387386322021484,28.932674407958984,0.7166666666666667,0.7166666666666667,0.0,0,10,oracle,gnn,adopted_nolag,63,27,-27.88592963333349,1.1848992137319436,True,False,False
True,True,True,11.3826904296875,0.5464096443343534,125.12806701660156,229.00047302246094,0.7166666666666667,0.7166666666666667,0.0,0,11,nearest,gnn,adopted_nolag,63,28,-48.657563900000014,4.112331290729349,False,False,False
True,True,True,11.3389892578125,0.5638482053468952,129.1215057373047,229.00047302246094,0.7166666666666667,0.7166666666666667,0.0,0,11,oracle,gnn,adopted_nolag,63,28,-48.657563900000014,4.112331290729349,False,False,False
False,False,True,17.24169921875,3.4699790881579973,237.26876831054688,68.37757873535156,0.7166666666666667,0.7166666666666667,0.0,0,11,nearest,gnn,adopted_nolag,63,29,-18.03406843333346,2.154555552971401,False,False,False
False,False,True,19.753662109375,3.899918615422277,266.6669921875,68.37757873535156,0.7166666666666667,0.7166666666666667,0.0,0,11,oracle,gnn,adopted_nolag,63,29,-18.03406843333346,2.154555552971401,False,False,False
False,False,False,-97.4403076171875,2.749046896291889,160.101318359375,58.23884582519531,0.7166666666666667,0.7166666666666667,0.0,0,11,nearest,gnn,adopted_nolag,63,30,-20.189823066666577,0.9395124975081818,True,False,False
False,False,False,-80.9854736328125,2.6280151050333256,153.0525665283203,58.23884582519531,0.7166666666666667,0.7166666666666667,0.0,0,11,oracle,gnn,adopted_nolag,63,30,-20.189823066666577,0.9395124975081818,True,False,False
True,True,True,6.680908203125,1.1679845584809891,242.89129638671875,207.95762634277344,0.7166666666666667,0.7166666666666667,0.0,0,12,nearest,gnn,adopted_nolag,63,31,-13.909533033333219,1.4597823416991855,True,False,False
False,True,False,-12.92236328125,1.3336609749814197,277.344970703125,207.95762634277344,0.7166666666666667,0.7166666666666667,0.0,0,12,oracle,gnn,adopted_nolag,63,31,-13.909533033333219,1.4597823416991855,True,False,False
False,False,False,-114.3701171875,4.4442882716765135,431.6217956542969,97.11831665039062,0.7166666666666667,0.7166666666666667,0.0,0,10,nearest,gnn,adopted_nolag,63,32,-31.577409333333208,2.1375861456097587,False,False,False
False,False,False,-30.214111328125,2.869255740920376,278.65728759765625,97.11831665039062,0.7166666666666667,0.7166666666666667,0.0,0,10,oracle,gnn,adopted_nolag,63,32,-31.577409333333208,2.1375861456097587,False,False,False
False,True,False,-16.450439453125,1.46056757493226,37.95948791503906,25.989545822143555,0.7166666666666667,0.7166666666666667,0.0,0,11,nearest,gnn,adopted_nolag,63,33,-27.853849899999886,1.12526235423446,True,False,False
False,True,False,-35.48095703125,1.3097483363981832,34.039764404296875,25.989545822143555,0.7166666666666667,0.7166666666666667,0.0,0,11,oracle,gnn,adopted_nolag,63,33,-27.853849899999886,1.12526235423446,True,False,False
False,False,False,-49.9998779296875,3.1662474722565586,210.316162109375,66.42442321777344,0.7166666666666667,0.7166666666666667,0.0,0,12,nearest,gnn,adopted_nolag,63,34,-28.661509066666667,1.6476689507468143,False,False,False
False,False,False,-19.2401123046875,2.973208618689141,197.49366760253906,66.42442321777344,0.7166666666666667,0.7166666666666667,0.0,0,12,oracle,gnn,adopted_nolag,63,34,-28.661509066666667,1.6476689507468143,False,False,False
False,True,False,-46.597900390625,1.0462115251425115,235.84368896484375,225.4263916015625,0.7166666666666667,0.7166666666666667,0.0,0,12,nearest,gnn,adopted_nolag,63,35,-24.763681099999985,2.187073839464607,False,False,False
False,True,False,-24.67919921875,0.7404521894001872,166.91746520996094,225.4263916015625,0.7166666666666667,0.7166666666666667,0.0,0,12,oracle,gnn,adopted_nolag,63,35,-24.763681099999985,2.187073839464607,False,False,False
False,True,False,-90.42041015625,1.0391413950799508,114.48268127441406,110.17045593261719,0.7166666666666667,0.7166666666666667,0.0,0,12,nearest,gnn,adopted_nolag,63,36,-3.3719171666666625,0.4774937145772917,True,False,False
False,True,False,-75.1085205078125,1.0757653150614581,118.5175552368164,110.17045593261719,0.7166666666666667,0.7166666666666667,0.0,0,12,oracle,gnn,adopted_nolag,63,36,-3.3719171666666625,0.4774937145772917,True,False,False
True,True,True,167.792236328125,1.1953081052119445,1244.0023193359375,1040.73779296875,0.8333333333333334,0.7833333333333333,0.050000000000000044,0,13,nearest,gnn,adopted_nolag,63,37,80.17076253333289,2.145269383794934,False,True,False
True,True,True,172.848876953125,1.1591284212343727,1206.3487548828125,1040.73779296875,0.9166666666666666,0.7833333333333333,0.1333333333333333,0,13,oracle,gnn,adopted_nolag,63,37,80.17076253333289,2.145269383794934,False,True,False
False,True,False,-42.2552490234375,0.9309264601003941,73.36705780029297,78.81079864501953,0.7166666666666667,0.7166666666666667,0.0,0,14,nearest,gnn,adopted_nolag,63,38,-155.46449766666638,17.641663732881526,False,False,False
False,False,False,-85.079833984375,3.728119440586438,293.8160705566406,78.81079864501953,0.7166666666666667,0.7166666666666667,0.0,0,14,oracle,gnn,adopted_nolag,63,38,-155.46449766666638,17.641663732881526,False,False,False
False,True,False,-27.650390625,1.3773804917907895,35.17384338378906,25.536766052246094,0.7166666666666667,0.7166666666666667,0.0,0,14,nearest,gnn,adopted_nolag,63,39,-35.25739616666647,1.0720772704029768,True,False,False
False,True,False,-16.0665283203125,1.2257711399681221,31.302230834960938,25.536766052246094,0.7166666666666667,0.7166666666666667,0.0,0,14,oracle,gnn,adopted_nolag,63,39,-35.25739616666647,1.0720772704029768,True,False,False
False,True,False,-10.7718505859375,1.1390787651831826,35.70853805541992,31.34861183166504,0.7166666666666667,0.7166666666666667,0.0,1,16,nearest,gnn,adopted_nolag,63,0,13.160502400000041,1.0219346546081447,True,True,True
False,True,False,-9.798828125,1.209473572195065,37.91531753540039,31.34861183166504,0.7166666666666667,0.7166666666666667,0.0,1,16,oracle,gnn,adopted_nolag,63,0,13.160502400000041,1.0219346546081447,True,True,True
False,False,False,-88.7132568359375,5.635794760935667,224.40109252929688,39.817115783691406,0.7166666666666667,0.7166666666666667,0.0,1,15,nearest,gnn,adopted_nolag,63,1,-3.746132466666495,1.0766557459264756,True,False,False
False,False,False,-84.341552734375,5.588354960778201,222.51217651367188,39.817115783691406,0.7166666666666667,0.7166666666666667,0.0,1,15,oracle,gnn,adopted_nolag,63,1,-3.746132466666495,1.0766557459264756,True,False,False
False,False,False,-140.3497314453125,2.7983464958365296,232.46893310546875,83.07367706298828,0.7333333333333333,0.7166666666666667,0.016666666666666607,1,15,nearest,gnn,adopted_nolag,63,2,-55.70577943333319,0.13017401860911013,True,False,False
False,False,False,-152.0711669921875,2.6525733762906696,220.35902404785156,83.07367706298828,0.7333333333333333,0.7166666666666667,0.016666666666666607,1,15,oracle,gnn,adopted_nolag,63,2,-55.70577943333319,0.13017401860911013,True,False,False
False,True,False,-8.550048828125,1.2596923353779599,162.78013610839844,129.22213745117188,0.7166666666666667,0.7166666666666667,0.0,1,15,nearest,gnn,adopted_nolag,63,3,3.248421633333237,0.8363527173247786,True,True,True
False,True,False,-8.550048828125,1.2596923353779599,162.78013610839844,129.22213745117188,0.7166666666666667,0.7166666666666667,0.0,1,15,oracle,gnn,adopted_nolag,63,3,3.248421633333237,0.8363527173247786,True,True,True
True,True,True,1.141357421875,1.104465844581602,116.84978485107422,105.79755401611328,0.7166666666666667,0.7166666666666667,0.0,1,15,nearest,gnn,adopted_nolag,63,4,0.8074828666665326,0.9838470244728311,True,True,True
True,True,True,35.8782958984375,0.8032211067680568,84.97882843017578,105.79755401611328,0.7166666666666667,0.7166666666666667,0.0,1,15,oracle,gnn,adopted_nolag,63,4,0.8074828666665326,0.9838470244728311,True,True,True
False,False,False,-117.14306640625,9.300697094510083,400.8062438964844,43.094215393066406,0.7166666666666667,0.7166666666666667,0.0,1,15,nearest,gnn,adopted_nolag,63,5,-2.4399545000001126,1.0093718710014015,True,False,False
False,False,False,-114.59423828125,8.934013520535299,385.0043029785156,43.094215393066406,0.7166666666666667,0.7166666666666667,0.0,1,15,oracle,gnn,adopted_nolag,63,5,-2.4399545000001126,1.0093718710014015,True,False,False
False,True,False,-70.4332275390625,1.2901730974374443,89.15457153320312,69.10279846191406,0.7166666666666667,0.7166666666666667,0.0,1,16,nearest,gnn,adopted_nolag,63,6,-8.108328266666604,1.046481014994576,True,False,False
False,True,False,-13.2908935546875,1.129044270998368,78.0201187133789,69.10279846191406,0.7166666666666667,0.7166666666666667,0.0,1,16,oracle,gnn,adopted_nolag,63,6,-8.108328266666604,1.046481014994576,True,False,False
False,False,False,-47.802001953125,1.8568251411796952,108.33074188232422,58.3419189453125,0.7166666666666667,0.7166666666666667,0.0,1,14,nearest,gnn,adopted_nolag,63,7,-1.2281797666664716,1.0162557448477394,True,False,False
False,False,False,-31.388916015625,1.5614325214411104,91.09696960449219,58.3419189453125,0.7166666666666667,0.7166666666666667,0.0,1,14,oracle,gnn,adopted_nolag,63,7,-1.2281797666664716,1.0162557448477394,True,False,False
False,False,False,-98.1826171875,5.7220223037370275,689.626708984375,120.52149963378906,0.7166666666666667,0.7166666666666667,0.0,1,14,nearest,gnn,adopted_nolag,63,8,-16.08491026666661,3.91227515549901,False,False,False
False,False,False,-72.3526611328125,4.211761047703126,507.6077575683594,120.52149963378906,0.7166666666666667,0.7166666666666667,0.0,1,14,oracle,gnn,adopted_nolag,63,8,-16.08491026666661,3.91227515549901,False,False,False
False,False,False,-51.9267578125,2.2404485587977607,291.51611328125,130.1150665283203,0.7166666666666667,0.7166666666666667,0.0,1,13,nearest,gnn,adopted_nolag,63,9,-9.430569999999989,1.5969900455865536,False,False,False
False,False,False,-74.5572509765625,2.9396172563136336,382.4884948730469,130.1150665283203,0.7166666666666667,0.7166666666666667,0.0,1,13,oracle,gnn,adopted_nolag,63,9,-9.430569999999989,1.5969900455865536,False,False,False
False,True,False,-53.202392578125,1.3671292064545024,74.95350646972656,54.82547378540039,0.7166666666666667,0.7166666666666667,0.0,1,13,nearest,gnn,adopted_nolag,63,10,2.359498600000279,0.961379837980631,True,True,True
False,False,False,-27.76904296875,2.168073726380479,118.86566925048828,54.82547378540039,0.7166666666666667,0.7166666666666667,0.0,1,13,oracle,gnn,adopted_nolag,63,10,2.359498600000279,0.961379837980631,True,True,True
False,False,True,45.29736328125,1.5183803362353554,901.3295288085938,593.6124877929688,0.7833333333333333,0.7666666666666667,0.016666666666666607,1,13,nearest,gnn,adopted_nolag,63,11,15.954055166666876,2.4070974757780923,False,True,False
False,False,True,93.79833984375,1.6150495175332034,958.7135620117188,593.6124877929688,0.8666666666666667,0.7666666666666667,0.09999999999999998,1,13,oracle,gnn,adopted_nolag,63,11,15.954055166666876,2.4070974757780923,False,True,False
False,False,False,-40.92724609375,1.7026937061799656,78.90987396240234,46.344139099121094,0.7166666666666667,0.7166666666666667,0.0,1,13,nearest,gnn,adopted_nolag,63,12,-49.5370597000001,2.1780588019746534,False,False,False
False,False,False,-54.4495849609375,1.815895149807743,84.15609741210938,46.344139099121094,0.7166666666666667,0.7166666666666667,0.0,1,13,oracle,gnn,adopted_nolag,63,12,-49.5370597000001,2.1780588019746534,False,False,False
False,False,False,-141.4583740234375,3.154908407034492,311.1120910644531,98.6120834350586,0.7166666666666667,0.7166666666666667,0.0,1,13,nearest,gnn,adopted_nolag,63,13,-4.967957566666655,0.9827787368255801,True,False,False
True,True,True,16.6505126953125,1.4740879561399158,145.36288452148438,98.6120834350586,0.7166666666666667,0.7166666666666667,0.0,1,13,oracle,gnn,adopted_nolag,63,13,-4.967957566666655,0.9827787368255801,True,False,False
False,False,False,-161.882568359375,2.4110356224227134,193.01805114746094,80.05607604980469,0.7166666666666667,0.7166666666666667,0.0,1,13,nearest,gnn,adopted_nolag,63,14,-24.633589433333327,1.4474104521405033,True,False,False
False,False,False,-130.976318359375,2.796803998052055,223.90115356445312,80.05607604980469,0.7166666666666667,0.7166666666666667,0.0,1,13,oracle,gnn,adopted_nolag,63,14,-24.633589433333327,1.4474104521405033,True,False,False
False,True,False,-17.3759765625,1.0455234010177472,27.127944946289062,25.946760177612305,0.7166666666666667,0.7166666666666667,0.0,1,14,nearest,gnn,adopted_nolag,63,15,-8.843294966666463,1.032560284108761,True,False,False
False,True,False,-20.1072998046875,1.092747090378816,28.353246688842773,25.946760177612305,0.7166666666666667,0.7166666666666667,0.0,1,14,oracle,gnn,adopted_nolag,63,15,-8.843294966666463,1.032560284108761,True,False,False
False,False,False,-164.272216796875,4.002021676844378,565.2075805664062,141.2305145263672,0.7166666666666667,0.7166666666666667,0.0,1,14,nearest,gnn,adopted_nolag,63,16,15.305301999999983,0.8430622105075481,True,True,True
False,False,False,-128.214599609375,4.727348160043943,667.6458129882812,141.2305145263672,0.75,0.7166666666666667,0.033333333333333326,1,14,oracle,gnn,adopted_nolag,63,16,15.305301999999983,0.8430622105075481,True,True,True
False,False,False,-89.131103515625,4.182333108243436,322.45599365234375,77.09954833984375,0.7166666666666667,0.7166666666666667,0.0,1,15,nearest,gnn,adopted_nolag,63,17,3.298708499999975,1.0428749832634034,True,True,True
False,False,False,-100.6014404296875,8.143797612252701,627.8831176757812,77.09954833984375,0.7166666666666667,0.7166666666666667,0.0,1,15,oracle,gnn,adopted_nolag,63,17,3.298708499999975,1.0428749832634034,True,True,True
False,False,False,-120.27685546875,3.7940151791724186,324.76251220703125,85.5986328125,0.7166666666666667,0.7166666666666667,0.0,1,13,nearest,gnn,adopted_nolag,63,18,2.044729566666774,6.397354257197489,False,True,False
False,False,False,-83.69140625,4.105136874950087,351.39410400390625,85.5986328125,0.7166666666666667,0.7166666666666667,0.0,1,13,oracle,gnn,adopted_nolag,63,18,2.044729566666774,6.397354257197489,False,True,False
False,False,True,65.1611328125,1.9910270965044548,1174.257568359375,589.7747802734375,0.7833333333333333,0.75,0.033333333333333326,1,13,nearest,gnn,adopted_nolag,63,19,26.06472459999941,2.1251980671829496,False,True,False
False,False,True,56.977783203125,2.023155232348153,1193.2059326171875,589.7747802734375,0.8,0.75,0.050000000000000044,1,13,oracle,gnn,adopted_nolag,63,19,26.06472459999941,2.1251980671829496,False,True,False
False,False,False,-53.5361328125,1.6875328325646899,74.56724548339844,44.187137603759766,0.7166666666666667,0.7166666666666667,0.0,1,13,nearest,gnn,adopted_nolag,63,20,-21.630932466666536,3.429833269010219,False,False,False
False,False,False,-75.234130859375,2.582792796549336,114.126220703125,44.187137603759766,0.7166666666666667,0.7166666666666667,0.0,1,13,oracle,gnn,adopted_nolag,63,20,-21.630932466666536,3.429833269010219,False,False,False
False,True,False,-6.7884521484375,1.0727993041121304,27.696399688720703,25.816944122314453,0.7166666666666667,0.7166666666666667,0.0,1,13,nearest,gnn,adopted_nolag,63,21,-8.259725099999969,1.0127562764318705,True,False,False
False,True,False,-5.4779052734375,1.1986865810932632,30.94642448425293,25.816944122314453,0.7166666666666667,0.7166666666666667,0.0,1,13,oracle,gnn,adopted_nolag,63,21,-8.259725099999969,1.0127562764318705,True,False,False
False,False,True,1.348876953125,1.5399647404136343,59.868614196777344,38.87661361694336,0.7166666666666667,0.7166666666666667,0.0,1,13,nearest,gnn,adopted_nolag,63,22,-2.9777112666668017,1.399186976911328,True,False,False
False,False,True,11.8740234375,1.711154379075976,66.52388763427734,38.87661361694336,0.7166666666666667,0.7166666666666667,0.0,1,13,oracle,gnn,adopted_nolag,63,22,-2.9777112666668017,1.399186976911328,True,False,False
False,True,False,-30.144775390625,0.8085037300604367,32.91396713256836,40.7097282409668,0.7166666666666667,0.7166666666666667,0.0,1,13,nearest,gnn,adopted_nolag,63,23,-16.169080699999768,1.3905714324153562,True,False,False
False,True,False,-50.46337890625,0.9485378817147343,38.61471939086914,40.7097282409668,0.7166666666666667,0.7166666666666667,0.0,1,13,oracle,gnn,adopted_nolag,63,23,-16.169080699999768,1.3905714324153562,True,False,False
False,False,False,-46.4583740234375,5.481465983469514,315.4162292480469,57.54231262207031,0.7166666666666667,0.7166666666666667,0.0,1,14,nearest,gnn,adopted_nolag,63,24,2.982131766666953,6.451625370558881,False,True,False
False,False,False,-77.158203125,2.8418583153478316,163.527099609375,57.54231262207031,0.7166666666666667,0.7166666666666667,0.0,1,14,oracle,gnn,adopted_nolag,63,24,2.982131766666953,6.451625370558881,False,True,False
False,True,False,-20.784423828125,1.4129173395516588,55.67662048339844,39.405433654785156,0.7166666666666667,0.7166666666666667,0.0,1,16,nearest,gnn,adopted_nolag,63,25,8.850584566666612,0.7713043955344678,True,True,True
False,True,False,-9.3431396484375,1.3109106208018704,51.65700149536133,39.405433654785156,0.7166666666666667,0.7166666666666667,0.0,1,16,oracle,gnn,adopted_nolag,63,25,8.850584566666612,0.7713043955344678,True,True,True
False,True,False,-20.071533203125,1.1149503572537263,29.98428726196289,26.892934799194336,0.7166666666666667,0.7166666666666667,0.0,1,16,nearest,gnn,adopted_nolag,63,26,-1.3864141000001382,1.0025584124069644,True,False,False
False,True,False,-19.7862548828125,1.0350513839251108,27.835569381713867,26.892934799194336,0.7166666666666667,0.7166666666666667,0.0,1,16,oracle,gnn,adopted_nolag,63,26,-1.3864141000001382,1.0025584124069644,True,False,False
True,True,True,2.9658203125,1.021559683286776,29.556453704833984,28.932674407958984,0.7166666666666667,0.7166666666666667,0.0,1,15,nearest,gnn,adopted_nolag,63,27,-3.2096221666668043,1.0441201709915378,True,False,False
True,True,True,3.9755859375,1.089315721336347,31.516817092895508,28.932674407958984,0.7166666666666667,0.7166666666666667,0.0,1,15,oracle,gnn,adopted_nolag,63,27,-3.2096221666668043,1.0441201709915378,True,False,False
False,True,False,-14.7103271484375,1.042914022898131,238.8278045654297,229.00047302246094,0.7166666666666667,0.7166666666666667,0.0,1,14,nearest,gnn,adopted_nolag,63,28,-18.0991128666667,6.5506411226236425,False,False,False
False,False,False,-4.449462890625,1.5548394082400623,356.0589599609375,229.00047302246094,0.7166666666666667,0.7166666666666667,0.0,1,14,oracle,gnn,adopted_nolag,63,28,-18.0991128666667,6.5506411226236425,False,False,False
True,True,True,15.7418212890625,1.1620669986764685,79.4593276977539,68.37757873535156,0.7166666666666667,0.7166666666666667,0.0,1,14,nearest,gnn,adopted_nolag,63,29,2.4926711333332605,1.910614115375131,False,True,False
True,True,True,24.7406005859375,1.01340379671217,69.29409790039062,68.37757873535156,0.7166666666666667,0.7166666666666667,0.0,1,14,oracle,gnn,adopted_nolag,63,29,2.4926711333332605,1.910614115375131,False,True,False
False,True,False,-8.39599609375,1.0226156949083,59.55595779418945,58.23884582519531,0.7166666666666667,0.7166666666666667,0.0,1,14,nearest,gnn,adopted_nolag,63,30,1.6024617666666927,0.9914394109734298,True,True,True
False,True,False,-4.4075927734375,1.0773890604575997,62.74589538574219,58.23884582519531,0.7166666666666667,0.7166666666666667,0.0,1,14,oracle,gnn,adopted_nolag,63,30,1.6024617666666927,0.9914394109734298,True,True,True
False,False,False,-83.289794921875,1.9672711527891376,409.1090393066406,207.95762634277344,0.7333333333333333,0.7166666666666667,0.016666666666666607,1,14,nearest,gnn,adopted_nolag,63,31,-20.986949333333314,1.4460783925839338,True,False,False
False,False,False,-66.85107421875,2.104914984256398,437.7331237792969,207.95762634277344,0.7333333333333333,0.7166666666666667,0.016666666666666607,1,14,oracle,gnn,adopted_nolag,63,31,-20.986949333333314,1.4460783925839338,True,False,False
False,False,False,-33.8814697265625,2.531800954822078,245.88424682617188,97.11831665039062,0.7166666666666667,0.7166666666666667,0.0,1,15,nearest,gnn,adopted_nolag,63,32,13.745268533333274,1.1172017866968909,True,True,True
False,False,False,-32.4837646484375,3.714463075195774,360.7424011230469,97.11831665039062,0.7166666666666667,0.7166666666666667,0.0,1,15,oracle,gnn,adopted_nolag,63,32,13.745268533333274,1.1172017866968909,True,True,True
False,True,False,-8.516845703125,1.0261687081182331,26.669658660888672,25.989545822143555,0.7166666666666667,0.7166666666666667,0.0,1,14,nearest,gnn,adopted_nolag,63,33,-2.662215033333041,1.0560581346673765,True,False,False
False,True,False,-17.8897705078125,1.048148441432622,27.240901947021484,25.989545822143555,0.7166666666666667,0.7166666666666667,0.0,1,14,oracle,gnn,adopted_nolag,63,33,-2.662215033333041,1.0560581346673765,True,False,False
False,True,False,-6.29248046875,1.0615670206062633,70.51397705078125,66.42442321777344,0.7166666666666667,0.7166666666666667,0.0,1,14,nearest,gnn,adopted_nolag,63,34,4.731555566666657,0.8965890329238587,True,True,True
True,True,True,2.2926025390625,1.10785295200693,73.58849334716797,66.42442321777344,0.7166666666666667,0.7166666666666667,0.0,1,14,oracle,gnn,adopted_nolag,63,34,4.731555566666657,0.8965890329238587,True,True,True
False,True,False,-16.3626708984375,1.2046198258183682,271.5531005859375,225.4263916015625,0.7333333333333333,0.7166666666666667,0.016666666666666607,1,14,nearest,gnn,adopted_nolag,63,35,-17.41411476666667,1.44680765819697,True,False,False
False,True,False,-22.612060546875,1.2758818060175676,287.617431640625,225.4263916015625,0.7166666666666667,0.7166666666666667,0.0,1,14,oracle,gnn,adopted_nolag,63,35,-17.41411476666667,1.44680765819697,True,False,False
False,True,False,-6.7442626953125,1.1486868451555796,126.55135345458984,110.17045593261719,0.7166666666666667,0.7166666666666667,0.0,1,14,nearest,gnn,adopted_nolag,63,36,5.7928749333332235,1.0348816801753031,True,True,True
True,True,True,16.685791015625,1.0428853022195859,114.89514923095703,110.17045593261719,0.7166666666666667,0.7166666666666667,0.0,1,14,oracle,gnn,adopted_nolag,63,36,5.7928749333332235,1.0348816801753031,True,True,True
True,True,True,34.237548828125,1.2322884250064863,1282.4891357421875,1040.73779296875,0.8166666666666667,0.7833333333333333,0.033333333333333326,1,13,nearest,gnn,adopted_nolag,63,37,11.20278473333292,1.627922609739101,False,True,False
False,True,False,-4.406982421875,1.2964691327094333,1349.284423828125,1040.73779296875,0.8333333333333334,0.7833333333333333,0.050000000000000044,1,13,oracle,gnn,adopted_nolag,63,37,11.20278473333292,1.627922609739101,False,True,False
False,False,False,-11.7457275390625,2.1123111777870993,166.47293090820312,78.81079864501953,0.7166666666666667,0.7166666666666667,0.0,1,13,nearest,gnn,adopted_nolag,63,38,-25.65303139999969,3.5702550921486345,False,False,False
False,False,False,-9.6622314453125,1.5321692227283372,120.75148010253906,78.81079864501953,0.7166666666666667,0.7166666666666667,0.0,1,13,oracle,gnn,adopted_nolag,63,38,-25.65303139999969,3.5702550921486345,False,False,False
False,True,False,-17.6812744140625,1.0961634582204887,27.992469787597656,25.536766052246094,0.7166666666666667,0.7166666666666667,0.0,1,12,nearest,gnn,adopted_nolag,63,39,-4.43460059999984,0.9969264862939392,True,False,False
False,True,False,-32.8046875,1.1374857901710558,29.04770851135254,25.536766052246094,0.7166666666666667,0.7166666666666667,0.0,1,12,oracle,gnn,adopted_nolag,63,39,-4.43460059999984,0.9969264862939392,True,False,False
False,False,False,-15.9521484375,1.7665529447146793,55.37898254394531,31.34861183166504,0.7166666666666667,0.7166666666666667,0.0,2,8,nearest,gnn,adopted_nolag,63,0,12.131606033333128,1.0030017880349653,True,True,True
False,True,False,-40.02783203125,1.4711331144318092,46.11798095703125,31.34861183166504,0.7166666666666667,0.7166666666666667,0.0,2,8,oracle,gnn,adopted_nolag,63,0,12.131606033333128,1.0030017880349653,True,True,True
False,False,False,-3.787353515625,1.6858887556767133,67.12722778320312,39.817115783691406,0.7166666666666667,0.7166666666666667,0.0,2,9,nearest,gnn,adopted_nolag,63,1,-4.1561371999998755,1.4042455095874147,True,False,False
False,False,False,-3.787353515625,1.6858887556767133,67.12722778320312,39.817115783691406,0.7166666666666667,0.7166666666666667,0.0,2,9,oracle,gnn,adopted_nolag,63,1,-4.1561371999998755,1.4042455095874147,True,False,False
True,True,True,28.9857177734375,1.456281518534053,120.9786605834961,83.07367706298828,0.7166666666666667,0.7166666666666667,0.0,2,9,nearest,gnn,adopted_nolag,63,2,-0.5199999000001299,0.9871094808489714,True,False,False
True,True,True,28.9857177734375,1.456281518534053,120.9786605834961,83.07367706298828,0.7166666666666667,0.7166666666666667,0.0,2,9,oracle,gnn,adopted_nolag,63,2,-0.5199999000001299,0.9871094808489714,True,False,False
True,True,True,59.9495849609375,1.059399775786183,136.8979034423828,129.22213745117188,0.7166666666666667,0.7166666666666667,0.0,2,9,nearest,gnn,adopted_nolag,63,3,-22.768579600000066,0.23047024594582585,True,False,False
True,True,True,86.7261962890625,0.8494862022538991,109.77242279052734,129.22213745117188,0.7166666666666667,0.7166666666666667,0.0,2,9,oracle,gnn,adopted_nolag,63,3,-22.768579600000066,0.23047024594582585,True,False,False
True,True,True,33.6041259765625,0.7432710681983403,78.63626098632812,105.79755401611328,0.7166666666666667,0.7166666666666667,0.0,2,9,nearest,gnn,adopted_nolag,63,4,2.8580804999999145,0.8165524235713452,True,True,True
True,True,True,41.3101806640625,0.8746336021158574,92.53409576416016,105.79755401611328,0.7166666666666667,0.7166666666666667,0.0,2,9,oracle,gnn,adopted_nolag,63,4,2.8580804999999145,0.8165524235713452,True,True,True
False,False,False,-16.4921875,2.1943696008370446,94.56463623046875,43.094215393066406,0.7166666666666667,0.7166666666666667,0.0,2,9,nearest,gnn,adopted_nolag,63,5,-4.4255741333333845,0.9962409625497797,True,False,False
False,False,False,-23.3525390625,2.745552094425988,118.31741333007812,43.094215393066406,0.7166666666666667,0.7166666666666667,0.0,2,9,oracle,gnn,adopted_nolag,63,5,-4.4255741333333845,0.9962409625497797,True,False,False
False,False,False,-8.5355224609375,1.505265393915854,104.01805114746094,69.10279846191406,0.7166666666666667,0.7166666666666667,0.0,2,8,nearest,gnn,adopted_nolag,63,6,-4.957508899999766,1.013764245550162,True,False,False
False,False,False,-47.38232421875,2.109351183259026,145.76206970214844,69.10279846191406,0.7166666666666667,0.7166666666666667,0.0,2,8,oracle,gnn,adopted_nolag,63,6,-4.957508899999766,1.013764245550162,True,False,False
False,True,False,-13.5496826171875,1.1744013855382613,68.51683044433594,58.3419189453125,0.7166666666666667,0.7166666666666667,0.0,2,8,nearest,gnn,adopted_nolag,63,7,-0.5063356666664731,0.9880883343861075,True,False,False
False,True,False,-17.952880859375,1.3329858328608164,77.76895141601562,58.3419189453125,0.7166666666666667,0.7166666666666667,0.0,2,8,oracle,gnn,adopted_nolag,63,7,-0.5063356666664731,0.9880883343861075,True,False,False
True,True,True,44.6373291015625,1.4030200935697006,169.09408569335938,120.52149963378906,0.7166666666666667,0.7166666666666667,0.0,2,8,nearest,gnn,adopted_nolag,63,8,-0.6829712666667547,0.9406535064788225,True,False,False
True,True,True,8.5052490234375,1.4269559132579275,171.97886657714844,120.52149963378906,0.7166666666666667,0.7166666666666667,0.0,2,8,oracle,gnn,adopted_nolag,63,8,-0.6829712666667547,0.9406535064788225,True,False,False
True,True,True,2.21533203125,1.4943145017585449,194.43283081054688,130.1150665283203,0.7166666666666667,0.7166666666666667,0.0,2,8,nearest,gnn,adopted_nolag,63,9,-42.35036156666661,1.8482342666665583,False,False,False
False,False,True,2.82470703125,1.8434227282252917,239.85707092285156,130.1150665283203,0.7166666666666667,0.7166666666666667,0.0,2,8,oracle,gnn,adopted_nolag,63,9,-42.35036156666661,1.8482342666665583,False,False,False
False,False,False,-4.7939453125,3.0930304256789634,169.5768585205078,54.82547378540039,0.7166666666666667,0.7166666666666667,0.0,2,8,nearest,gnn,adopted_nolag,63,10,-3.3390587999999752,1.0067702414644029,True,False,False
False,False,False,-7.051025390625,2.477969470022235,135.85585021972656,54.82547378540039,0.7166666666666667,0.7166666666666667,0.0,2,8,oracle,gnn,adopted_nolag,63,10,-3.3390587999999752,1.0067702414644029,True,False,False
True,True,True,171.8857421875,1.2875698905184352,764.3175659179688,593.6124877929688,0.9166666666666666,0.7666666666666667,0.1499999999999999,2,9,nearest,gnn,adopted_nolag,63,11,5.4966762000003655,2.25800861416897,False,True,False
False,False,True,188.514404296875,1.6469309760988025,977.6387939453125,593.6124877929688,0.9,0.7666666666666667,0.1333333333333333,2,9,oracle,gnn,adopted_nolag,63,11,5.4966762000003655,2.25800861416897,False,True,False
True,True,True,8.537109375,1.0722341511179916,49.691768646240234,46.344139099121094,0.7166666666666667,0.7166666666666667,0.0,2,9,nearest,gnn,adopted_nolag,63,12,-65.28377756666669,1.5062833050770188,False,False,False
True,True,True,9.4197998046875,1.0954393333749286,50.76719284057617,46.344139099121094,0.7166666666666667,0.7166666666666667,0.0,2,9,oracle,gnn,adopted_nolag,63,12,-65.28377756666669,1.5062833050770188,False,False,False
True,True,True,54.9683837890625,0.8978430104779911,88.53816986083984,98.6120834350586,0.7166666666666667,0.7166666666666667,0.0,2,9,nearest,gnn,adopted_nolag,63,13,-54.03364236666653,1.2152186566550685,True,False,False
True,True,True,47.51416015625,1.4289708008714392,140.91378784179688,98.6120834350586,0.7166666666666667,0.7166666666666667,0.0,2,9,oracle,gnn,adopted_nolag,63,13,-54.03364236666653,1.2152186566550685,True,False,False
False,False,True,1.21923828125,2.308567050188171,184.8148193359375,80.05607604980469,0.7166666666666667,0.7166666666666667,0.0,2,10,nearest,gnn,adopted_nolag,63,14,-20.563789499999984,1.6958009186629721,False,False,False
False,False,False,-22.007568359375,2.423888246668528,194.04698181152344,80.05607604980469,0.7166666666666667,0.7166666666666667,0.0,2,10,oracle,gnn,adopted_nolag,63,14,-20.563789499999984,1.6958009186629721,False,False,False
True,True,True,9.44775390625,1.041248642360556,27.01702880859375,25.946760177612305,0.7166666666666667,0.7166666666666667,0.0,2,9,nearest,gnn,adopted_nolag,63,15,-23.74860396666668,1.0705247888902134,True,False,False
False,True,False,-8.8995361328125,1.2674246291875482,32.885562896728516,25.946760177612305,0.7166666666666667,0.7166666666666667,0.0,2,9,oracle,gnn,adopted_nolag,63,15,-23.74860396666668,1.0705247888902134,True,False,False
True,True,True,33.533935546875,1.3086782466512736,184.82530212402344,141.2305145263672,0.7166666666666667,0.7166666666666667,0.0,2,10,nearest,gnn,adopted_nolag,63,16,10.268215300000065,0.8656969776862233,True,True,True
False,True,False,-5.5887451171875,1.222121371269954,172.600830078125,141.2305145263672,0.7166666666666667,0.7166666666666667,0.0,2,10,oracle,gnn,adopted_nolag,63,16,10.268215300000065,0.8656969776862233,True,True,True
False,True,False,-1.79052734375,1.1934534859511448,92.01472473144531,77.09954833984375,0.7166666666666667,0.7166666666666667,0.0,2,9,nearest,gnn,adopted_nolag,63,17,-12.959618399999954,1.0568229473368873,True,False,False
False,True,False,-9.0247802734375,1.0426171964987305,80.38531494140625,77.09954833984375,0.7166666666666667,0.7166666666666667,0.0,2,9,oracle,gnn,adopted_nolag,63,17,-12.959618399999954,1.0568229473368873,True,False,False
False,True,False,-9.966796875,1.254567103379234,107.38922882080078,85.5986328125,0.7166666666666667,0.7166666666666667,0.0,2,9,nearest,gnn,adopted_nolag,63,18,-37.76934860000006,12.214361561244544,False,False,False
False,False,False,-62.536865234375,4.8019958672264496,411.0442810058594,85.5986328125,0.7166666666666667,0.7166666666666667,0.0,2,9,oracle,gnn,adopted_nolag,63,18,-37.76934860000006,12.214361561244544,False,False,False
True,True,True,122.49658203125,1.3233250576692017,780.4637451171875,589.7747802734375,0.7833333333333333,0.75,0.033333333333333326,2,10,nearest,gnn,adopted_nolag,63,19,-7.271376533333751,1.4197555579824666,True,False,False
True,True,True,168.918701171875,1.3224583379472143,779.9525756835938,589.7747802734375,0.7833333333333333,0.75,0.033333333333333326,2,10,oracle,gnn,adopted_nolag,63,19,-7.271376533333751,1.4197555579824666,True,False,False
False,False,False,-15.665771484375,1.7519498820423343,77.41365051269531,44.187137603759766,0.7166666666666667,0.7166666666666667,0.0,2,9,nearest,gnn,adopted_nolag,63,20,-32.714236633333485,1.0482042932653748,True,False,False
False,False,False,-20.79638671875,1.759617065569648,77.75244140625,44.187137603759766,0.7166666666666667,0.7166666666666667,0.0,2,9,oracle,gnn,adopted_nolag,63,20,-32.714236633333485,1.0482042932653748,True,False,False
True,True,True,15.0184326171875,1.0428634627395754,26.923547744750977,25.816944122314453,0.7166666666666667,0.7166666666666667,0.0,2,9,nearest,gnn,adopted_nolag,63,21,-13.1416330666666,1.0376121988585039,True,False,False
True,True,True,14.4105224609375,1.0388623586810224,26.82025146484375,25.816944122314453,0.7166666666666667,0.7166666666666667,0.0,2,9,oracle,gnn,adopted_nolag,63,21,-13.1416330666666,1.0376121988585039,True,False,False
True,True,True,33.7071533203125,0.7929286248987001,30.826379776000977,38.87661361694336,0.7166666666666667,0.7166666666666667,0.0,2,9,nearest,gnn,adopted_nolag,63,22,4.698237733333372,1.0713701443805672,True,True,True
True,True,True,28.6700439453125,0.7852541650594906,30.52802276611328,38.87661361694336,0.7166666666666667,0.7166666666666667,0.0,2,9,oracle,gnn,adopted_nolag,63,22,4.698237733333372,1.0713701443805672,True,True,True
False,True,False,-8.6893310546875,0.938689225287067,38.213783264160156,40.7097282409668,0.7166666666666667,0.7166666666666667,0.0,2,8,nearest,gnn,adopted_nolag,63,23,-13.47291610000002,1.0660973337841813,True,False,False
False,True,False,-8.6893310546875,0.938689225287067,38.213783264160156,40.7097282409668,0.7166666666666667,0.7166666666666667,0.0,2,8,oracle,gnn,adopted_nolag,63,23,-13.47291610000002,1.0660973337841813,True,False,False
False,False,False,-10.2220458984375,1.5028009120963073,86.47463989257812,57.54231262207031,0.7166666666666667,0.7166666666666667,0.0,2,7,nearest,gnn,adopted_nolag,63,24,-7.21626973333332,1.1125502899815327,True,False,False
False,False,False,-11.662353515625,1.521627549360358,87.55796813964844,57.54231262207031,0.7166666666666667,0.7166666666666667,0.0,2,7,oracle,gnn,adopted_nolag,63,24,-7.21626973333332,1.1125502899815327,True,False,False
False,True,False,-12.51171875,0.9699769542738951,38.22236251831055,39.405433654785156,0.7166666666666667,0.7166666666666667,0.0,2,8,nearest,gnn,adopted_nolag,63,25,4.302289400000063,0.8674704633688386,True,True,True
False,True,False,-13.4150390625,0.908238977771126,35.78955078125,39.405433654785156,0.7166666666666667,0.7166666666666667,0.0,2,8,oracle,gnn,adopted_nolag,63,25,4.302289400000063,0.8674704633688386,True,True,True
True,True,True,2.948974609375,1.060799766348694,28.528018951416016,26.892934799194336,0.7166666666666667,0.7166666666666667,0.0,2,8,nearest,gnn,adopted_nolag,63,26,1.6385079333333579,1.121366126142733,True,True,True
True,True,True,9.65185546875,1.0652527159730214,28.64777183532715,26.892934799194336,0.7166666666666667,0.7166666666666667,0.0,2,8,oracle,gnn,adopted_nolag,63,26,1.6385079333333579,1.121366126142733,True,True,True
False,True,False,-97.6490478515625,1.1534441106215325,33.372222900390625,28.932674407958984,0.7166666666666667,0.7166666666666667,0.0,2,8,nearest,gnn,adopted_nolag,63,27,-9.650312166666708,1.1421111502863939,True,False,False
False,True,False,-76.88037109375,1.0868869607821292,31.44654655456543,28.932674407958984,0.7166666666666667,0.7166666666666667,0.0,2,8,oracle,gnn,adopted_nolag,63,27,-9.650312166666708,1.1421111502863939,True,False,False
False,True,False,-11.8746337890625,0.8549395230139044,195.78155517578125,229.00047302246094,0.7166666666666667,0.7166666666666667,0.0,2,7,nearest,gnn,adopted_nolag,63,28,2.664665500000183,2.708102900618581,False,True,False
False,True,False,-7.31298828125,0.42588508289869753,97.52788543701172,229.00047302246094,0.7166666666666667,0.7166666666666667,0.0,2,7,oracle,gnn,adopted_nolag,63,28,2.664665500000183,2.708102900618581,False,True,False
False,True,False,-29.9969482421875,1.1819207519069141,80.81687927246094,68.37757873535156,0.7166666666666667,0.7166666666666667,0.0,2,6,nearest,gnn,adopted_nolag,63,29,-20.977173600000015,1.8008694063953747,False,False,False
False,False,False,-26.3040771484375,1.7882205698348632,122.2741928100586,68.37757873535156,0.7166666666666667,0.7166666666666667,0.0,2,6,oracle,gnn,adopted_nolag,63,29,-20.977173600000015,1.8008694063953747,False,False,False
False,False,False,-121.4144287109375,1.65589582840439,96.43746185302734,58.23884582519531,0.7166666666666667,0.7166666666666667,0.0,2,7,nearest,gnn,adopted_nolag,63,30,-3.6166094000000157,1.1223183655863023,True,False,False
False,True,False,-48.669921875,1.2272890667718874,71.47589874267578,58.23884582519531,0.7166666666666667,0.7166666666666667,0.0,2,7,oracle,gnn,adopted_nolag,63,30,-3.6166094000000157,1.1223183655863023,True,False,False
True,True,True,54.0943603515625,0.6488334810239941,134.92987060546875,207.95762634277344,0.7166666666666667,0.7166666666666667,0.0,2,7,nearest,gnn,adopted_nolag,63,31,-10.999240600000121,1.5451214395065802,False,False,False
True,True,True,11.5103759765625,0.9941399447093713,206.73898315429688,207.95762634277344,0.7166666666666667,0.7166666666666667,0.0,2,7,oracle,gnn,adopted_nolag,63,31,-10.999240600000121,1.5451214395065802,False,False,False
True,True,True,75.556640625,1.0320791277452392,100.2337875366211,97.11831665039062,0.7166666666666667,0.7166666666666667,0.0,2,7,nearest,gnn,adopted_nolag,63,32,-11.495344966666607,0.5633980664675138,True,False,False
True,True,True,62.637939453125,1.0066258732084516,97.76181030273438,97.11831665039062,0.7166666666666667,0.7166666666666667,0.0,2,7,oracle,gnn,adopted_nolag,63,32,-11.495344966666607,0.5633980664675138,True,False,False
False,True,False,-3.8609619140625,1.0509531515725774,27.31379508972168,25.989545822143555,0.7166666666666667,0.7166666666666667,0.0,2,7,nearest,gnn,adopted_nolag,63,33,-9.13139853333314,1.014321728453166,True,False,False
False,True,False,-17.2049560546875,1.127526501344084,29.30390167236328,25.989545822143555,0.7166666666666667,0.7166666666666667,0.0,2,7,oracle,gnn,adopted_nolag,63,33,-9.13139853333314,1.014321728453166,True,False,False
False,True,False,-23.29345703125,1.0669639811347584,70.87246704101562,66.42442321777344,0.7166666666666667,0.7166666666666667,0.0,2,6,nearest,gnn,adopted_nolag,63,34,-5.183429799999885,0.6083811681241181,True,False,False
False,True,False,-6.0723876953125,0.9897400550538674,65.74291229248047,66.42442321777344,0.7166666666666667,0.7166666666666667,0.0,2,6,oracle,gnn,adopted_nolag,63,34,-5.183429799999885,0.6083811681241181,True,False,False
False,True,False,-32.227294921875,0.7772328020954213,175.2087860107422,225.4263916015625,0.7166666666666667,0.7166666666666667,0.0,2,6,nearest,gnn,adopted_nolag,63,35,-3.4205675333332692,1.0301818418948794,True,False,False
False,False,False,-2.1610107421875,1.7691503135605107,398.81317138671875,225.4263916015625,0.7333333333333333,0.7166666666666667,0.016666666666666607,2,6,oracle,gnn,adopted_nolag,63,35,-3.4205675333332692,1.0301818418948794,True,False,False
False,False,False,-58.7872314453125,1.8243519404287818,200.98968505859375,110.17045593261719,0.7166666666666667,0.7166666666666667,0.0,2,6,nearest,gnn,adopted_nolag,63,36,-8.436170533333552,1.0353471679255617,True,False,False
False,True,False,-42.7818603515625,1.3479262356874133,148.50164794921875,110.17045593261719,0.7166666666666667,0.7166666666666667,0.0,2,6,oracle,gnn,adopted_nolag,63,36,-8.436170533333552,1.0353471679255617,True,False,False
True,True,True,50.34375,0.9901630641573665,1030.5001220703125,1040.73779296875,0.8166666666666667,0.7833333333333333,0.033333333333333326,2,6,nearest,gnn,adopted_nolag,63,37,24.095910833333164,1.6052451618941077,False,True,False
True,True,True,58.348388671875,1.1898760738677443,1238.3489990234375,1040.73779296875,0.8166666666666667,0.7833333333333333,0.033333333333333326,2,6,oracle,gnn,adopted_nolag,63,37,24.095910833333164,1.6052451618941077,False,True,False
True,True,True,27.1829833984375,0.8797819608710219,69.33631896972656,78.81079864501953,0.7166666666666667,0.7166666666666667,0.0,2,6,nearest,gnn,adopted_nolag,63,38,-75.77160163333315,8.13262219653909,False,False,False
True,True,True,9.07080078125,0.9724059958437113,76.63609313964844,78.81079864501953,0.7166666666666667,0.7166666666666667,0.0,2,6,oracle,gnn,adopted_nolag,63,38,-75.77160163333315,8.13262219653909,False,False,False
True,True,True,5.3079833984375,1.0532626215397853,26.896921157836914,25.536766052246094,0.7166666666666667,0.7166666666666667,0.0,2,6,nearest,gnn,adopted_nolag,63,39,-22.225997766666524,1.0572715757466593,True,False,False
True,True,True,7.2520751953125,1.053129523431093,26.893522262573242,25.536766052246094,0.7166666666666667,0.7166666666666667,0.0,2,6,oracle,gnn,adopted_nolag,63,39,-22.225997766666524,1.0572715757466593,True,False,False
True,True,True,4.8094482421875,1.279432742175098,40.10844039916992,31.34861183166504,0.7166666666666667,0.7166666666666667,0.0,3,12,nearest,gnn,adopted_nolag,63,0,12.320336800000177,1.043770184929961,True,True,True
True,True,True,3.3045654296875,0.9949596917101375,31.19060516357422,31.34861183166504,0.7166666666666667,0.7166666666666667,0.0,3,12,oracle,gnn,adopted_nolag,63,0,12.320336800000177,1.043770184929961,True,True,True
True,True,True,5.33154296875,1.1667342733893233,46.45599365234375,39.817115783691406,0.7166666666666667,0.7166666666666667,0.0,3,12,nearest,gnn,adopted_nolag,63,1,-2.8419093999998495,0.9969618154689869,True,False,False
True,True,True,5.92041015625,1.1750327510979786,46.786415100097656,39.817115783691406,0.7166666666666667,0.7166666666666667,0.0,3,12,oracle,gnn,adopted_nolag,63,1,-2.8419093999998495,0.9969618154689869,True,False,False
False,False,False,-60.964599609375,1.5051129926043059,125.03527069091797,83.07367706298828,0.7166666666666667,0.7166666666666667,0.0,3,12,nearest,gnn,adopted_nolag,63,2,-5.625351666666575,1.0231019184085337,True,False,False
False,False,False,-60.964599609375,1.5051129926043059,125.03527069091797,83.07367706298828,0.7166666666666667,0.7166666666666667,0.0,3,12,oracle,gnn,adopted_nolag,63,2,-5.625351666666575,1.0231019184085337,True,False,False
False,True,False,-6.0931396484375,1.3518497876061764,174.6889190673828,129.22213745117188,0.7166666666666667,0.7166666666666667,0.0,3,12,nearest,gnn,adopted_nolag,63,3,-9.3384285333334,1.0616895853984636,True,False,False
False,True,False,-7.0469970703125,1.4149119900546743,182.83795166015625,129.22213745117188,0.7166666666666667,0.7166666666666667,0.0,3,12,oracle,gnn,adopted_nolag,63,3,-9.3384285333334,1.0616895853984636,True,False,False
False,False,False,-18.6971435546875,1.5940171183629854,168.6431121826172,105.79755401611328,0.7166666666666667,0.7166666666666667,0.0,3,12,nearest,gnn,adopted_nolag,63,4,-33.06077110000001,1.6730972988458537,False,False,False
False,True,False,-16.7706298828125,1.459827100077255,154.44613647460938,105.79755401611328,0.7166666666666667,0.7166666666666667,0.0,3,12,oracle,gnn,adopted_nolag,63,4,-33.06077110000001,1.6730972988458537,False,False,False
True,True,True,15.0936279296875,1.3409974780669724,57.78923416137695,43.094215393066406,0.7166666666666667,0.7166666666666667,0.0,3,12,nearest,gnn,adopted_nolag,63,5,1.3837798333333922,1.0168453014634122,True,True,True
True,True,True,12.1414794921875,1.3399026634764082,57.7420539855957,43.094215393066406,0.7166666666666667,0.7166666666666667,0.0,3,12,oracle,gnn,adopted_nolag,63,5,1.3837798333333922,1.0168453014634122,True,True,True
True,True,True,29.7135009765625,1.3211571214035926,91.295654296875,69.10279846191406,0.7166666666666667,0.7166666666666667,0.0,3,12,nearest,gnn,adopted_nolag,63,6,-7.455960033333213,1.4787119360100955,True,False,False
True,True,True,62.41015625,1.0276083468158008,71.01061248779297,69.10279846191406,0.7166666666666667,0.7166666666666667,0.0,3,12,oracle,gnn,adopted_nolag,63,6,-7.455960033333213,1.4787119360100955,True,False,False
False,True,False,-35.088623046875,1.2872724333960335,75.10194396972656,58.3419189453125,0.7166666666666667,0.7166666666666667,0.0,3,12,nearest,gnn,adopted_nolag,63,7,0.14548800000011397,0.9921612591804292,True,True,True
False,True,False,-22.724365234375,1.1675790951527083,68.11880493164062,58.3419189453125,0.7166666666666667,0.7166666666666667,0.0,3,12,oracle,gnn,adopted_nolag,63,7,0.14548800000011397,0.9921612591804292,True,True,True
False,True,False,-34.0062255859375,1.3148393928617053,158.46641540527344,120.52149963378906,0.7166666666666667,0.7166666666666667,0.0,3,11,nearest,gnn,adopted_nolag,63,8,10.896690533333185,0.9922444651167703,True,True,True
False,True,False,-23.917236328125,1.2388482264410559,149.30784606933594,120.52149963378906,0.7166666666666667,0.7166666666666667,0.0,3,11,oracle,gnn,adopted_nolag,63,8,10.896690533333185,0.9922444651167703,True,True,True
False,False,False,-88.182373046875,2.1649866937892193,281.6973876953125,130.1150665283203,0.7166666666666667,0.7166666666666667,0.0,3,12,nearest,gnn,adopted_nolag,63,9,-31.223604366666677,1.156083121760985,True,False,False
False,False,False,-43.216552734375,1.8642344322962898,242.5649871826172,130.1150665283203,0.7166666666666667,0.7166666666666667,0.0,3,12,oracle,gnn,adopted_nolag,63,9,-31.223604366666677,1.156083121760985,True,False,False
False,False,False,-22.991455078125,1.7966759227504214,98.50360870361328,54.82547378540039,0.7166666666666667,0.7166666666666667,0.0,3,12,nearest,gnn,adopted_nolag,63,10,2.1471656666667513,0.9901513457970097,True,True,True
False,False,False,-20.08056640625,1.7652852537428414,96.78260040283203,54.82547378540039,0.7166666666666667,0.7166666666666667,0.0,3,12,oracle,gnn,adopted_nolag,63,10,2.1471656666667513,0.9901513457970097,True,True,True
False,False,True,50.822265625,2.5113497194611374,1490.7685546875,593.6124877929688,0.7833333333333333,0.7666666666666667,0.016666666666666607,3,12,nearest,gnn,adopted_nolag,63,11,73.05658733333348,3.3795194707093223,False,True,False
False,False,True,52.3154296875,2.4944979547586423,1480.76513671875,593.6124877929688,0.7833333333333333,0.7666666666666667,0.016666666666666607,3,12,oracle,gnn,adopted_nolag,63,11,73.05658733333348,3.3795194707093223,False,True,False
False,False,False,-30.7852783203125,3.866273959698862,179.17913818359375,46.344139099121094,0.7166666666666667,0.7166666666666667,0.0,3,12,nearest,gnn,adopted_nolag,63,12,-126.14401343333361,23.341187137207648,False,False,False
False,False,False,-27.5762939453125,3.5189294646944838,163.08175659179688,46.344139099121094,0.7166666666666667,0.7166666666666667,0.0,3,12,oracle,gnn,adopted_nolag,63,12,-126.14401343333361,23.341187137207648,False,False,False
True,True,True,15.07958984375,1.0861609761271764,107.10859680175781,98.6120834350586,0.7166666666666667,0.7166666666666667,0.0,3,12,nearest,gnn,adopted_nolag,63,13,2.4841152333335685,0.922699162334029,True,True,True
True,True,True,28.4049072265625,1.0887373994054907,107.36266326904297,98.6120834350586,0.7166666666666667,0.7166666666666667,0.0,3,12,oracle,gnn,adopted_nolag,63,13,2.4841152333335685,0.922699162334029,True,True,True
False,False,False,-155.771728515625,5.605601771066919,448.7624816894531,80.05607604980469,0.75,0.7166666666666667,0.033333333333333326,3,11,nearest,gnn,adopted_nolag,63,14,-28.280023366666683,5.408429581327414,False,False,False
False,False,False,-146.421142578125,6.076277481128092,486.44293212890625,80.05607604980469,0.75,0.7166666666666667,0.033333333333333326,3,11,oracle,gnn,adopted_nolag,63,14,-28.280023366666683,5.408429581327414,False,False,False
True,True,True,16.2015380859375,1.0495463876223714,27.232328414916992,25.946760177612305,0.7166666666666667,0.7166666666666667,0.0,3,12,nearest,gnn,adopted_nolag,63,15,-53.88535713333317,2.850651546088366,False,False,False
True,True,True,6.1668701171875,1.0749824954102138,27.89231300354004,25.946760177612305,0.7166666666666667,0.7166666666666667,0.0,3,12,oracle,gnn,adopted_nolag,63,15,-53.88535713333317,2.850651546088366,False,False,False
False,False,False,-119.5599365234375,6.770872770815509,956.2538452148438,141.2305145263672,0.7833333333333333,0.7166666666666667,0.06666666666666665,3,13,nearest,gnn,adopted_nolag,63,16,55.764320433333296,4.4726829182547165,False,True,False
False,False,False,-104.05322265625,6.327313932424004,893.6098022460938,141.2305145263672,0.7833333333333333,0.7166666666666667,0.06666666666666665,3,13,oracle,gnn,adopted_nolag,63,16,55.764320433333296,4.4726829182547165,False,True,False
True,True,True,31.4775390625,1.3869774279428657,106.93533325195312,77.09954833984375,0.7166666666666667,0.7166666666666667,0.0,3,13,nearest,gnn,adopted_nolag,63,17,-51.66782950000015,12.778804608970963,False,False,False
True,True,True,34.4754638671875,1.0064473214434146,77.59663391113281,77.09954833984375,0.7166666666666667,0.7166666666666667,0.0,3,13,oracle,gnn,adopted_nolag,63,17,-51.66782950000015,12.778804608970963,False,False,False
False,True,False,-73.0341796875,1.4056154844956819,120.31876373291016,85.5986328125,0.7166666666666667,0.7166666666666667,0.0,3,13,nearest,gnn,adopted_nolag,63,18,-7.213513300000159,4.352721867828735,False,False,False
False,False,False,-52.1790771484375,1.9903238836662749,170.36900329589844,85.5986328125,0.7166666666666667,0.7166666666666667,0.0,3,13,oracle,gnn,adopted_nolag,63,18,-7.213513300000159,4.352721867828735,False,False,False
False,False,True,80.69677734375,2.9457175766620063,1737.3099365234375,589.7747802734375,0.7833333333333333,0.75,0.033333333333333326,3,13,nearest,gnn,adopted_nolag,63,19,99.59976806666646,2.8917868802215994,False,True,False
False,False,True,71.05224609375,2.9266218007693365,1726.0477294921875,589.7747802734375,0.7833333333333333,0.75,0.033333333333333326,3,13,oracle,gnn,adopted_nolag,63,19,99.59976806666646,2.8917868802215994,False,True,False
False,False,False,-18.516357421875,2.034875618914078,89.91532897949219,44.187137603759766,0.7166666666666667,0.7166666666666667,0.0,3,13,nearest,gnn,adopted_nolag,63,20,-102.58979799999997,18.18683362043013,False,False,False
False,False,False,-33.5501708984375,2.2878510640189798,101.09358978271484,44.187137603759766,0.7166666666666667,0.7166666666666667,0.0,3,13,oracle,gnn,adopted_nolag,63,20,-102.58979799999997,18.18683362043013,False,False,False
True,True,True,16.281005859375,1.0732708044925372,27.708572387695312,25.816944122314453,0.7166666666666667,0.7166666666666667,0.0,3,14,nearest,gnn,adopted_nolag,63,21,-20.962325133333252,1.0823720354496358,True,False,False
True,True,True,9.6597900390625,1.0897606104947326,28.134288787841797,25.816944122314453,0.7166666666666667,0.7166666666666667,0.0,3,14,oracle,gnn,adopted_nolag,63,21,-20.962325133333252,1.0823720354496358,True,False,False
True,True,True,57.587158203125,1.0574631957093477,41.11058807373047,38.87661361694336,0.7166666666666667,0.7166666666666667,0.0,3,14,nearest,gnn,adopted_nolag,63,22,-32.83853446666649,22.760238239997552,False,False,False
True,True,True,59.9835205078125,1.1170552721049218,43.42732620239258,38.87661361694336,0.7166666666666667,0.7166666666666667,0.0,3,14,oracle,gnn,adopted_nolag,63,22,-32.83853446666649,22.760238239997552,False,False,False
True,True,True,24.8270263671875,0.9031069796869529,36.76523971557617,40.7097282409668,0.7166666666666667,0.7166666666666667,0.0,3,14,nearest,gnn,adopted_nolag,63,23,-18.586780399999725,1.1664151618510272,True,False,False
True,True,True,20.1793212890625,0.9369637449538789,38.14353942871094,40.7097282409668,0.7166666666666667,0.7166666666666667,0.0,3,14,oracle,gnn,adopted_nolag,63,23,-18.586780399999725,1.1664151618510272,True,False,False
True,True,True,14.3992919921875,0.9025830840024365,51.93671798706055,57.54231262207031,0.7166666666666667,0.7166666666666667,0.0,3,13,nearest,gnn,adopted_nolag,63,24,0.1306944000000385,0.9939638696884856,True,True,True
True,True,True,14.3992919921875,0.9025830840024365,51.93671798706055,57.54231262207031,0.7166666666666667,0.7166666666666667,0.0,3,13,oracle,gnn,adopted_nolag,63,24,0.1306944000000385,0.9939638696884856,True,True,True
False,False,False,-50.2015380859375,5.943502249489782,234.20628356933594,39.405433654785156,0.7166666666666667,0.7166666666666667,0.0,3,12,nearest,gnn,adopted_nolag,63,25,13.978897266666763,22.935969888252462,False,True,False
False,False,False,-51.4779052734375,5.653001026728434,222.7589569091797,39.405433654785156,0.7166666666666667,0.7166666666666667,0.0,3,12,oracle,gnn,adopted_nolag,63,25,13.978897266666763,22.935969888252462,False,True,False
True,True,True,10.773193359375,1.0423499375126022,28.031848907470703,26.892934799194336,0.7166666666666667,0.7166666666666667,0.0,3,12,nearest,gnn,adopted_nolag,63,26,-59.44368683333323,28.358198257442616,False,False,False
True,True,True,6.497314453125,1.0709333562558996,28.800540924072266,26.892934799194336,0.7166666666666667,0.7166666666666667,0.0,3,12,oracle,gnn,adopted_nolag,63,26,-59.44368683333323,28.358198257442616,False,False,False
True,True,True,11.63232421875,1.0805998844753273,31.264644622802734,28.932674407958984,0.7166666666666667,0.7166666666666667,0.0,3,12,nearest,gnn,adopted_nolag,63,27,-71.6556297333334,1.5120180443129845,False,False,False
True,True,True,11.63232421875,1.0805998844753273,31.264644622802734,28.932674407958984,0.7166666666666667,0.7166666666666667,0.0,3,12,oracle,gnn,adopted_nolag,63,27,-71.6556297333334,1.5120180443129845,False,False,False
True,True,True,41.3017578125,0.7309592527873052,167.3900146484375,229.00047302246094,0.7166666666666667,0.7166666666666667,0.0,3,13,nearest,gnn,adopted_nolag,63,28,-18.777340666666532,4.810843997961585,False,False,False
True,True,True,46.1121826171875,0.4310903181850741,98.71988677978516,229.00047302246094,0.7166666666666667,0.7166666666666667,0.0,3,13,oracle,gnn,adopted_nolag,63,28,-18.777340666666532,4.810843997961585,False,False,False
False,False,False,-44.883056640625,4.327005777256191,295.87017822265625,68.37757873535156,0.7166666666666667,0.7166666666666667,0.0,3,13,nearest,gnn,adopted_nolag,63,29,-24.664687766666702,2.9476442792634847,False,False,False
False,False,False,-27.1502685546875,2.1159061883743906,144.6805419921875,68.37757873535156,0.7166666666666667,0.7166666666666667,0.0,3,13,oracle,gnn,adopted_nolag,63,29,-24.664687766666702,2.9476442792634847,False,False,False
False,False,False,-54.2916259765625,2.19111068841192,127.60775756835938,58.23884582519531,0.7166666666666667,0.7166666666666667,0.0,3,13,nearest,gnn,adopted_nolag,63,30,-10.434985433333395,1.0963103522455644,True,False,False
False,False,False,-53.8590087890625,2.2276599329113504,129.73634338378906,58.23884582519531,0.7166666666666667,0.7166666666666667,0.0,3,13,oracle,gnn,adopted_nolag,63,30,-10.434985433333395,1.0963103522455644,True,False,False
False,False,False,-28.0078125,2.440282430231296,507.475341796875,207.95762634277344,0.7166666666666667,0.7166666666666667,0.0,3,12,nearest,gnn,adopted_nolag,63,31,-52.20096990000002,0.9177004311118329,True,False,False
False,False,False,-36.211669921875,3.572972968610164,743.0269775390625,207.95762634277344,0.8,0.7166666666666667,0.08333333333333337,3,12,oracle,gnn,adopted_nolag,63,31,-52.20096990000002,0.9177004311118329,True,False,False
False,False,False,-84.0924072265625,9.259467699103782,899.263916015625,97.11831665039062,0.7833333333333333,0.7166666666666667,0.06666666666666665,3,14,nearest,gnn,adopted_nolag,63,32,21.554892699999982,12.15903390869932,False,True,False
False,False,False,-70.9404296875,11.127865903839682,1080.7196044921875,97.11831665039062,0.7833333333333333,0.7166666666666667,0.06666666666666665,3,14,oracle,gnn,adopted_nolag,63,32,21.554892699999982,12.15903390869932,False,True,False
True,True,True,22.6689453125,1.0537578617125325,27.386688232421875,25.989545822143555,0.7166666666666667,0.7166666666666667,0.0,3,14,nearest,gnn,adopted_nolag,63,33,-59.06589989999998,3.6498787528401846,False,False,False
True,True,True,32.14599609375,1.0425529650762693,27.095478057861328,25.989545822143555,0.7166666666666667,0.7166666666666667,0.0,3,14,oracle,gnn,adopted_nolag,63,33,-59.06589989999998,3.6498787528401846,False,False,False
False,False,False,-19.8685302734375,3.0355943490648585,201.63760375976562,66.42442321777344,0.7166666666666667,0.7166666666666667,0.0,3,13,nearest,gnn,adopted_nolag,63,34,56.048252866666644,4.003933473806334,False,True,False
False,False,False,-19.8685302734375,3.0355943490648585,201.63760375976562,66.42442321777344,0.7166666666666667,0.7166666666666667,0.0,3,13,oracle,gnn,adopted_nolag,63,34,56.048252866666644,4.003933473806334,False,True,False
False,False,False,-54.77685546875,3.5849296553352397,808.1377563476562,225.4263916015625,0.8,0.7166666666666667,0.08333333333333337,3,12,nearest,gnn,adopted_nolag,63,35,-81.15524140000002,19.578340576584345,False,False,False
False,False,False,-40.7806396484375,3.5847894046276236,808.1061401367188,225.4263916015625,0.8,0.7166666666666667,0.08333333333333337,3,12,oracle,gnn,adopted_nolag,63,35,-81.15524140000002,19.578340576584345,False,False,False
True,True,True,35.07958984375,1.073595686837261,118.27852630615234,110.17045593261719,0.7166666666666667,0.7166666666666667,0.0,3,12,nearest,gnn,adopted_nolag,63,36,-34.42861916666675,0.7570819593898439,True,False,False
True,True,True,53.8587646484375,0.8979709647927441,98.92987060546875,110.17045593261719,0.7166666666666667,0.7166666666666667,0.0,3,12,oracle,gnn,adopted_nolag,63,36,-34.42861916666675,0.7570819593898439,True,False,False
False,False,True,154.821044921875,1.8189003068830283,1892.998291015625,1040.73779296875,0.8333333333333334,0.7833333333333333,0.050000000000000044,3,11,nearest,gnn,adopted_nolag,63,37,68.1309405333327,3.771264178857945,False,True,False
False,False,True,80.64990234375,1.907553071152667,1985.2625732421875,1040.73779296875,0.8,0.7833333333333333,0.01666666666666672,3,11,oracle,gnn,adopted_nolag,63,37,68.1309405333327,3.771264178857945,False,True,False
False,False,False,-18.95654296875,1.8573556792333392,146.3796844482422,78.81079864501953,0.7166666666666667,0.7166666666666667,0.0,3,10,nearest,gnn,adopted_nolag,63,38,-118.68867946666637,50.27481446051203,False,False,False
False,False,False,-27.6357421875,2.5011749884243675,197.11959838867188,78.81079864501953,0.7,0.7166666666666667,-0.01666666666666672,3,10,oracle,gnn,adopted_nolag,63,38,-118.68867946666637,50.27481446051203,False,False,False
True,True,True,13.2178955078125,1.1537262989016046,29.462438583374023,25.536766052246094,0.7166666666666667,0.7166666666666667,0.0,3,11,nearest,gnn,adopted_nolag,63,39,-12.261831233333169,1.0337921736400713,True,False,False
True,True,True,12.783935546875,1.1498291086011851,29.362916946411133,25.536766052246094,0.7166666666666667,0.7166666666666667,0.0,3,11,oracle,gnn,adopted_nolag,63,39,-12.261831233333169,1.0337921736400713,True,False,False
False,True,False,-10.2486572265625,1.3872431726520214,43.4881477355957,31.34861183166504,0.7166666666666667,0.7166666666666667,0.0,4,5,nearest,gnn,adopted_nolag,63,0,13.644819533333475,1.0467961164251254,True,True,True
False,True,False,-14.0845947265625,1.302636985182439,40.83586120605469,31.34861183166504,0.7166666666666667,0.7166666666666667,0.0,4,5,oracle,gnn,adopted_nolag,63,0,13.644819533333475,1.0467961164251254,True,True,True
False,True,False,-12.720703125,1.2457160107601033,49.6008186340332,39.817115783691406,0.7166666666666667,0.7166666666666667,0.0,4,5,nearest,gnn,adopted_nolag,63,1,-3.3189111666665667,1.0413799147023053,True,False,False
False,False,False,-50.781982421875,2.9620943764300165,117.94205474853516,39.817115783691406,0.7166666666666667,0.7166666666666667,0.0,4,5,oracle,gnn,adopted_nolag,63,1,-3.3189111666665667,1.0413799147023053,True,False,False
False,True,False,-10.983154296875,1.3466285437299614,111.869384765625,83.07367706298828,0.7166666666666667,0.7166666666666667,0.0,4,5,nearest,gnn,adopted_nolag,63,2,-4.607251566666491,0.9835277510928967,True,False,False
False,False,False,-70.3310546875,3.4952306685329555,290.3616638183594,83.07367706298828,0.7166666666666667,0.7166666666666667,0.0,4,5,oracle,gnn,adopted_nolag,63,2,-4.607251566666491,0.9835277510928967,True,False,False
False,True,False,-13.000244140625,0.9798410665530561,126.61715698242188,129.22213745117188,0.7166666666666667,0.7166666666666667,0.0,4,5,nearest,gnn,adopted_nolag,63,3,-2.6565064000001257,1.0294173958787625,True,False,False
False,True,False,-22.1273193359375,1.1816938416300395,152.7010040283203,129.22213745117188,0.7166666666666667,0.7166666666666667,0.0,4,5,oracle,gnn,adopted_nolag,63,3,-2.6565064000001257,1.0294173958787625,True,False,False
True,True,True,3.3218994140625,1.0041910718588036,106.24095916748047,105.79755401611328,0.7166666666666667,0.7166666666666667,0.0,4,5,nearest,gnn,adopted_nolag,63,4,4.174373033333495,0.8766889337883879,True,True,True
False,True,False,-19.9298095703125,1.2918874080133715,136.67852783203125,105.79755401611328,0.7166666666666667,0.7166666666666667,0.0,4,5,oracle,gnn,adopted_nolag,63,4,4.174373033333495,0.8766889337883879,True,True,True
False,True,False,-19.40234375,1.2493374725256243,53.83921813964844,43.094215393066406,0.7166666666666667,0.7166666666666667,0.0,4,5,nearest,gnn,adopted_nolag,63,5,-5.95578433333344,1.1169135744244258,True,False,False
False,True,False,-8.338623046875,1.3099429134921203,56.45096206665039,43.094215393066406,0.7166666666666667,0.7166666666666667,0.0,4,5,oracle,gnn,adopted_nolag,63,5,-5.95578433333344,1.1169135744244258,True,False,False
True,True,True,2.8563232421875,1.082417861466847,74.79810333251953,69.10279846191406,0.7166666666666667,0.7166666666666667,0.0,4,6,nearest,gnn,adopted_nolag,63,6,-8.554473200000075,1.099445397159593,True,False,False
False,True,False,-17.9981689453125,1.143567797618798,79.02373504638672,69.10279846191406,0.7166666666666667,0.7166666666666667,0.0,4,6,oracle,gnn,adopted_nolag,63,6,-8.554473200000075,1.099445397159593,True,False,False
False,True,False,-7.444091796875,1.2943290642909002,75.51364135742188,58.3419189453125,0.7166666666666667,0.7166666666666667,0.0,4,8,nearest,gnn,adopted_nolag,63,7,0.3536922666667124,0.9860884031679349,True,True,True
True,True,True,11.3294677734375,1.3456007277109745,78.50492858886719,58.3419189453125,0.7166666666666667,0.7166666666666667,0.0,4,8,oracle,gnn,adopted_nolag,63,7,0.3536922666667124,0.9860884031679349,True,True,True
True,True,True,6.455078125,1.235436944522483,148.89671325683594,120.52149963378906,0.7166666666666667,0.7166666666666667,0.0,4,7,nearest,gnn,adopted_nolag,63,8,9.829894333333186,1.1529295547647977,True,True,True
True,True,True,43.9605712890625,0.850531183337792,102.50729370117188,120.52149963378906,0.7166666666666667,0.7166666666666667,0.0,4,7,oracle,gnn,adopted_nolag,63,8,9.829894333333186,1.1529295547647977,True,True,True
True,True,True,13.8817138671875,1.0307734489348874,134.11915588378906,130.1150665283203,0.7166666666666667,0.7166666666666667,0.0,4,8,nearest,gnn,adopted_nolag,63,9,-8.797167633333174,1.1385482217456218,True,False,False
True,True,True,25.665283203125,0.9979001365157535,129.8418426513672,130.1150665283203,0.7166666666666667,0.7166666666666667,0.0,4,8,oracle,gnn,adopted_nolag,63,9,-8.797167633333174,1.1385482217456218,True,False,False
False,False,True,3.5919189453125,1.9303782191818089,105.83390045166016,54.82547378540039,0.7166666666666667,0.7166666666666667,0.0,4,8,nearest,gnn,adopted_nolag,63,10,-32.66188006666653,1.8434194826454489,False,False,False
True,True,True,31.46435546875,1.4556189813799156,79.80500030517578,54.82547378540039,0.7166666666666667,0.7166666666666667,0.0,4,8,oracle,gnn,adopted_nolag,63,10,-32.66188006666653,1.8434194826454489,False,False,False
True,True,True,161.72607421875,1.0453310167332135,620.5215454101562,593.6124877929688,0.7833333333333333,0.7666666666666667,0.016666666666666607,4,8,nearest,gnn,adopted_nolag,63,11,-37.025790133332976,1.5150218919619831,False,False,False
True,True,True,313.63037109375,0.6713681221606936,398.5325012207031,593.6124877929688,0.7166666666666667,0.7666666666666667,-0.050000000000000044,4,8,oracle,gnn,adopted_nolag,63,11,-37.025790133332976,1.5150218919619831,False,False,False
False,True,False,-13.2335205078125,1.2070343682251752,55.938968658447266,46.344139099121094,0.7166666666666667,0.7166666666666667,0.0,4,8,nearest,gnn,adopted_nolag,63,12,-0.778394900000194,1.0244250523260614,True,False,False
False,True,False,-1.16357421875,1.080432219114289,50.07170104980469,46.344139099121094,0.7166666666666667,0.7166666666666667,0.0,4,8,oracle,gnn,adopted_nolag,63,12,-0.778394900000194,1.0244250523260614,True,False,False
False,True,False,-21.25439453125,1.2186800087858811,120.17657470703125,98.6120834350586,0.7166666666666667,0.7166666666666667,0.0,4,8,nearest,gnn,adopted_nolag,63,13,-13.956443399999898,1.0263463089676321,True,False,False
True,True,True,30.559814453125,0.7713004813898465,76.0595474243164,98.6120834350586,0.7166666666666667,0.7166666666666667,0.0,4,8,oracle,gnn,adopted_nolag,63,13,-13.956443399999898,1.0263463089676321,True,False,False
False,False,True,9.379150390625,1.8155420080414673,145.3451690673828,80.05607604980469,0.7166666666666667,0.7166666666666667,0.0,4,8,nearest,gnn,adopted_nolag,63,14,-36.45852076666665,2.268452822150669,False,False,False
False,False,True,38.8759765625,1.7181146485646295,137.54551696777344,80.05607604980469,0.7166666666666667,0.7166666666666667,0.0,4,8,oracle,gnn,adopted_nolag,63,14,-36.45852076666665,2.268452822150669,False,False,False
False,True,False,-9.6517333984375,1.0262927943573656,26.62897300720215,25.946760177612305,0.7166666666666667,0.7166666666666667,0.0,4,7,nearest,gnn,adopted_nolag,63,15,-6.000090266666575,1.041926726930526,True,False,False
False,True,False,-9.6517333984375,1.0262927943573656,26.62897300720215,25.946760177612305,0.7166666666666667,0.7166666666666667,0.0,4,7,oracle,gnn,adopted_nolag,63,15,-6.000090266666575,1.041926726930526,True,False,False
False,True,False,-7.77587890625,1.4730084208804473,208.0337371826172,141.2305145263672,0.7166666666666667,0.7166666666666667,0.0,4,6,nearest,gnn,adopted_nolag,63,16,8.336959166666702,0.7396750184116943,True,True,True
False,True,False,-9.762451171875,1.4671699538542968,207.20916748046875,141.2305145263672,0.7166666666666667,0.7166666666666667,0.0,4,6,oracle,gnn,adopted_nolag,63,16,8.336959166666702,0.7396750184116943,True,True,True
False,True,False,-0.2474365234375,1.2241992354332136,94.38520812988281,77.09954833984375,0.7166666666666667,0.7166666666666667,0.0,4,6,nearest,gnn,adopted_nolag,63,17,-7.910300333333225,1.2498902442476305,True,False,False
True,True,True,4.958251953125,1.1535211395829161,88.93595886230469,77.09954833984375,0.7166666666666667,0.7166666666666667,0.0,4,6,oracle,gnn,adopted_nolag,63,17,-7.910300333333225,1.2498902442476305,True,False,False
True,True,True,1.520263671875,1.1107804888309585,95.08129119873047,85.5986328125,0.7166666666666667,0.7166666666666667,0.0,4,7,nearest,gnn,adopted_nolag,63,18,-1.3911729000001287,3.7144171381276925,False,False,False
False,False,False,-58.73828125,2.0668110332789524,176.91619873046875,85.5986328125,0.7166666666666667,0.7166666666666667,0.0,4,7,oracle,gnn,adopted_nolag,63,18,-1.3911729000001287,3.7144171381276925,False,False,False
True,True,True,211.760986328125,0.8795756333263306,518.7515258789062,589.7747802734375,0.75,0.75,0.0,4,7,nearest,gnn,adopted_nolag,63,19,16.010408233332782,1.2850676379066273,True,True,True
True,True,True,262.9775390625,0.6865507349265798,404.9103088378906,589.7747802734375,0.7333333333333333,0.75,-0.01666666666666672,4,7,oracle,gnn,adopted_nolag,63,19,16.010408233332782,1.2850676379066273,True,True,True
False,False,True,8.1688232421875,1.5484803114251584,68.42291259765625,44.187137603759766,0.7166666666666667,0.7166666666666667,0.0,4,7,nearest,gnn,adopted_nolag,63,20,2.5040466333334734,0.9708429341793113,True,True,True
True,True,True,2.9273681640625,1.1394735549419759,50.350074768066406,44.187137603759766,0.7166666666666667,0.7166666666666667,0.0,4,7,oracle,gnn,adopted_nolag,63,20,2.5040466333334734,0.9708429341793113,True,True,True
True,True,True,2.4727783203125,1.0162290105865208,26.23592758178711,25.816944122314453,0.7166666666666667,0.7166666666666667,0.0,4,6,nearest,gnn,adopted_nolag,63,21,-8.715184766666653,1.0341118359290984,True,False,False
False,True,False,-0.9896240234375,1.025360100842864,26.471664428710938,25.816944122314453,0.7166666666666667,0.7166666666666667,0.0,4,6,oracle,gnn,adopted_nolag,63,21,-8.715184766666653,1.0341118359290984,True,False,False
False,True,False,-4.547119140625,0.9944804725534234,38.66203308105469,38.87661361694336,0.7166666666666667,0.7166666666666667,0.0,4,6,nearest,gnn,adopted_nolag,63,22,-1.4411523999999645,1.066294398736432,True,False,False
False,True,False,-9.247314453125,1.1036585132511931,42.9065055847168,38.87661361694336,0.7166666666666667,0.7166666666666667,0.0,4,6,oracle,gnn,adopted_nolag,63,22,-1.4411523999999645,1.066294398736432,True,False,False
False,True,False,-4.256591796875,1.0291927021571128,41.898155212402344,40.7097282409668,0.7166666666666667,0.7166666666666667,0.0,4,6,nearest,gnn,adopted_nolag,63,23,-8.059924499999852,1.0084572149712496,True,False,False
False,True,False,-27.243896484375,0.8761905547240295,35.66947937011719,40.7097282409668,0.7166666666666667,0.7166666666666667,0.0,4,6,oracle,gnn,adopted_nolag,63,23,-8.059924499999852,1.0084572149712496,True,False,False
False,False,False,-13.284912109375,1.6542694651126344,95.19049072265625,57.54231262207031,0.7166666666666667,0.7166666666666667,0.0,4,7,nearest,gnn,adopted_nolag,63,24,-24.331055166666374,1.5329927224585136,False,False,False
False,True,False,-22.8385009765625,0.7711886182600111,44.3759765625,57.54231262207031,0.7166666666666667,0.7166666666666667,0.0,4,7,oracle,gnn,adopted_nolag,63,24,-24.331055166666374,1.5329927224585136,False,False,False
False,False,False,-91.1749267578125,5.479183240725126,215.9095916748047,39.405433654785156,0.7166666666666667,0.7166666666666667,0.0,4,7,nearest,gnn,adopted_nolag,63,25,-12.10979139999995,10.754728579597705,False,False,False
False,False,False,-92.907958984375,5.153877027633768,203.09075927734375,39.405433654785156,0.7166666666666667,0.7166666666666667,0.0,4,7,oracle,gnn,adopted_nolag,63,25,-12.10979139999995,10.754728579597705,False,False,False
False,True,False,-11.8167724609375,1.117076652224457,30.04146957397461,26.892934799194336,0.7166666666666667,0.7166666666666667,0.0,4,8,nearest,gnn,adopted_nolag,63,26,-16.68718630000012,1.1165809812912042,True,False,False
False,True,False,-13.185302734375,1.1123983068223784,29.9156551361084,26.892934799194336,0.7166666666666667,0.7166666666666667,0.0,4,8,oracle,gnn,adopted_nolag,63,26,-16.68718630000012,1.1165809812912042,True,False,False
False,True,False,-20.3260498046875,1.0381214939309993,30.03563117980957,28.932674407958984,0.7166666666666667,0.7166666666666667,0.0,4,9,nearest,gnn,adopted_nolag,63,27,-20.93463613333347,1.146621193849759,True,False,False
False,True,False,-20.3260498046875,1.0381214939309993,30.03563117980957,28.932674407958984,0.7166666666666667,0.7166666666666667,0.0,4,9,oracle,gnn,adopted_nolag,63,27,-20.93463613333347,1.146621193849759,True,False,False
False,True,False,-28.8963623046875,1.0374124745340332,237.5679473876953,229.00047302246094,0.7166666666666667,0.7166666666666667,0.0,4,8,nearest,gnn,adopted_nolag,63,28,-24.80301079999981,1.4417538193029085,True,False,False
False,True,False,-33.9947509765625,0.47848718414288594,109.57379150390625,229.00047302246094,0.7166666666666667,0.7166666666666667,0.0,4,8,oracle,gnn,adopted_nolag,63,28,-24.80301079999981,1.4417538193029085,True,False,False
False,True,False,-5.9102783203125,1.3974850000881462,95.556640625,68.37757873535156,0.7166666666666667,0.7166666666666667,0.0,4,9,nearest,gnn,adopted_nolag,63,29,-1.0151694000001044,3.547900121112106,False,False,False
False,False,True,17.458740234375,1.6900242859434977,115.55976867675781,68.37757873535156,0.7166666666666667,0.7166666666666667,0.0,4,9,oracle,gnn,adopted_nolag,63,29,-1.0151694000001044,3.547900121112106,False,False,False
False,False,False,-84.5982666015625,3.1522162494127843,183.58143615722656,58.23884582519531,0.7166666666666667,0.7166666666666667,0.0,4,9,nearest,gnn,adopted_nolag,63,30,-21.50263016666645,1.012111610819516,True,False,False
False,False,False,-109.6685791015625,2.888519289100308,168.22402954101562,58.23884582519531,0.7166666666666667,0.7166666666666667,0.0,4,9,oracle,gnn,adopted_nolag,63,30,-21.50263016666645,1.012111610819516,True,False,False
True,True,True,94.518310546875,0.8367706234287308,174.01283264160156,207.95762634277344,0.7166666666666667,0.7166666666666667,0.0,4,9,nearest,gnn,adopted_nolag,63,31,-19.931161833333363,1.2462960584910447,True,False,False
True,True,True,101.8104248046875,0.6110103516025837,127.06426239013672,207.95762634277344,0.7166666666666667,0.7166666666666667,0.0,4,9,oracle,gnn,adopted_nolag,63,31,-19.931161833333363,1.2462960584910447,True,False,False
False,False,True,24.735107421875,1.923167083179753,186.77474975585938,97.11831665039062,0.7166666666666667,0.7166666666666667,0.0,4,8,nearest,gnn,adopted_nolag,63,32,15.996682166666687,8.466379998591448,False,True,False
True,True,True,41.6468505859375,1.4936449938457874,145.06028747558594,97.11831665039062,0.7166666666666667,0.7166666666666667,0.0,4,8,oracle,gnn,adopted_nolag,63,32,15.996682166666687,8.466379998591448,False,True,False
False,True,False,-16.1954345703125,1.1215414757969815,29.148353576660156,25.989545822143555,0.7166666666666667,0.7166666666666667,0.0,4,8,nearest,gnn,adopted_nolag,63,33,-19.70847089999984,1.0633882606717757,True,False,False
False,True,False,-17.546630859375,1.1387917237970009,29.5966796875,25.989545822143555,0.7166666666666667,0.7166666666666667,0.0,4,8,oracle,gnn,adopted_nolag,63,33,-19.70847089999984,1.0633882606717757,True,False,False
False,False,False,-13.2484130859375,2.2058889674264237,146.52490234375,66.42442321777344,0.7166666666666667,0.7166666666666667,0.0,4,8,nearest,gnn,adopted_nolag,63,34,-34.16579003333345,1.1143463088267027,True,False,False
False,True,False,-34.3599853515625,1.3814559250903533,91.76241302490234,66.42442321777344,0.7166666666666667,0.7166666666666667,0.0,4,8,oracle,gnn,adopted_nolag,63,34,-34.16579003333345,1.1143463088267027,True,False,False
False,True,False,-54.6068115234375,1.1477269096704217,258.7279357910156,225.4263916015625,0.7333333333333333,0.7166666666666667,0.016666666666666607,4,9,nearest,gnn,adopted_nolag,63,35,-5.053517899999861,1.2440507518939343,True,False,False
False,False,False,-48.1435546875,1.829978101395305,412.5253601074219,225.4263916015625,0.7333333333333333,0.7166666666666667,0.016666666666666607,4,9,oracle,gnn,adopted_nolag,63,35,-5.053517899999861,1.2440507518939343,True,False,False
False,True,False,-20.3701171875,0.8239774319884223,90.77796936035156,110.17045593261719,0.7166666666666667,0.7166666666666667,0.0,4,9,nearest,gnn,adopted_nolag,63,36,-6.358393433333504,0.8235509668115802,True,False,False
False,True,False,-16.1092529296875,0.8591245782105615,94.650146484375,110.17045593261719,0.7166666666666667,0.7166666666666667,0.0,4,9,oracle,gnn,adopted_nolag,63,36,-6.358393433333504,0.8235509668115802,True,False,False
True,True,True,207.73876953125,0.9426797067322377,981.0823974609375,1040.73779296875,0.7833333333333333,0.7833333333333333,0.0,4,10,nearest,gnn,adopted_nolag,63,37,6.643046833332846,1.7664653411983429,False,True,False
True,True,True,169.024658203125,1.0915773252805274,1136.0457763671875,1040.73779296875,0.7833333333333333,0.7833333333333333,0.0,4,10,oracle,gnn,adopted_nolag,63,37,6.643046833332846,1.7664653411983429,False,True,False
True,True,True,18.1591796875,0.7630697677390338,60.13813781738281,78.81079864501953,0.7166666666666667,0.7166666666666667,0.0,4,11,nearest,gnn,adopted_nolag,63,38,-73.03764840000008,7.695810463547207,False,False,False
True,True,True,11.314453125,0.7856598943125139,61.91848373413086,78.81079864501953,0.7166666666666667,0.7166666666666667,0.0,4,11,oracle,gnn,adopted_nolag,63,38,-73.03764840000008,7.695810463547207,False,False,False
False,True,False,-3.3282470703125,1.1092595054606076,28.326900482177734,25.536766052246094,0.7166666666666667,0.7166666666666667,0.0,4,11,nearest,gnn,adopted_nolag,63,39,-27.928972666666596,1.0474615030190717,True,False,False
False,True,False,-3.564208984375,1.1088920292009183,28.317516326904297,25.536766052246094,0.7166666666666667,0.7166666666666667,0.0,4,11,oracle,gnn,adopted_nolag,63,39,-27.928972666666596,1.0474615030190717,True,False,False
True,True,True,1.029541015625,1.2403850617628052,38.88434982299805,31.34861183166504,0.7166666666666667,0.7166666666666667,0.0,5,9,nearest,gnn,adopted_nolag,63,0,12.947287199999892,1.0533089222593885,True,True,True
False,False,False,-4.107666015625,1.53053502250984,47.98014831542969,31.34861183166504,0.7166666666666667,0.7166666666666667,0.0,5,9,oracle,gnn,adopted_nolag,63,0,12.947287199999892,1.0533089222593885,True,True,True
True,True,True,32.822265625,1.0323164285868942,41.10386276245117,39.817115783691406,0.7166666666666667,0.7166666666666667,0.0,5,9,nearest,gnn,adopted_nolag,63,1,-2.0313576666665085,0.9987752671207003,True,False,False
True,True,True,33.12451171875,1.105756011457567,44.02801513671875,39.817115783691406,0.7166666666666667,0.7166666666666667,0.0,5,9,oracle,gnn,adopted_nolag,63,1,-2.0313576666665085,0.9987752671207003,True,False,False
True,True,True,0.0770263671875,0.9777854575500892,81.22823333740234,83.07367706298828,0.7166666666666667,0.7166666666666667,0.0,5,9,nearest,gnn,adopted_nolag,63,2,-4.745751533333532,1.0310306108093419,True,False,False
True,True,True,1.919677734375,1.1109988737796563,92.29476165771484,83.07367706298828,0.7166666666666667,0.7166666666666667,0.0,5,9,oracle,gnn,adopted_nolag,63,2,-4.745751533333532,1.0310306108093419,True,False,False
False,False,True,1.3072509765625,2.0980313157789707,271.1120910644531,129.22213745117188,0.7166666666666667,0.7166666666666667,0.0,5,9,nearest,gnn,adopted_nolag,63,3,-1.465351099999907,1.0259683792195478,True,False,False
False,False,True,10.3741455078125,3.359046285959761,434.0631408691406,129.22213745117188,0.7166666666666667,0.7166666666666667,0.0,5,9,oracle,gnn,adopted_nolag,63,3,-1.465351099999907,1.0259683792195478,True,False,False
True,True,True,61.2852783203125,0.7107317414740807,75.19367980957031,105.79755401611328,0.7166666666666667,0.7166666666666667,0.0,5,9,nearest,gnn,adopted_nolag,63,4,10.208404333333192,0.9158833342193341,True,True,True
True,True,True,46.54052734375,0.9342289161170503,98.8391342163086,105.79755401611328,0.7166666666666667,0.7166666666666667,0.0,5,9,oracle,gnn,adopted_nolag,63,4,10.208404333333192,0.9158833342193341,True,True,True
True,True,True,8.307861328125,0.9333486472825707,40.221927642822266,43.094215393066406,0.7166666666666667,0.7166666666666667,0.0,5,9,nearest,gnn,adopted_nolag,63,5,-1.1954528666667557,0.9680334290986765,True,False,False
True,True,True,8.307861328125,0.9333486472825707,40.221927642822266,43.094215393066406,0.7166666666666667,0.7166666666666667,0.0,5,9,oracle,gnn,adopted_nolag,63,5,-1.1954528666667557,0.9680334290986765,True,False,False
True,True,True,66.5440673828125,0.9995710709491709,69.07315826416016,69.10279846191406,0.7166666666666667,0.7166666666666667,0.0,5,8,nearest,gnn,adopted_nolag,63,6,-52.91477696666652,1.14374830993631,True,False,False
True,True,True,56.9166259765625,0.7428865677527938,51.335540771484375,69.10279846191406,0.7166666666666667,0.7166666666666667,0.0,5,8,oracle,gnn,adopted_nolag,63,6,-52.91477696666652,1.14374830993631,True,False,False
False,False,False,-107.0743408203125,1.6277362392951373,94.96525573730469,58.3419189453125,0.7166666666666667,0.7166666666666667,0.0,5,8,nearest,gnn,adopted_nolag,63,7,-0.35086956666646074,1.022839166762313,True,False,False
False,True,False,-31.368896484375,1.376404996892896,80.30210876464844,58.3419189453125,0.7166666666666667,0.7166666666666667,0.0,5,8,oracle,gnn,adopted_nolag,63,7,-0.35086956666646074,1.022839166762313,True,False,False
True,True,True,70.1114501953125,0.9118051193790414,109.89212036132812,120.52149963378906,0.7166666666666667,0.7166666666666667,0.0,5,9,nearest,gnn,adopted_nolag,63,8,1.4315061333331869,0.9498774220981038,True,True,True
True,True,True,81.0325927734375,0.8745179620882302,105.3982162475586,120.52149963378906,0.7166666666666667,0.7166666666666667,0.0,5,9,oracle,gnn,adopted_nolag,63,8,1.4315061333331869,0.9498774220981038,True,True,True
True,True,True,90.700439453125,0.619464477348482,80.6016616821289,130.1150665283203,0.7166666666666667,0.7166666666666667,0.0,5,8,nearest,gnn,adopted_nolag,63,9,2.551188966666814,1.0408706621998567,True,True,True
True,True,True,88.5458984375,0.5824017578528808,75.77924346923828,130.1150665283203,0.7166666666666667,0.7166666666666667,0.0,5,8,oracle,gnn,adopted_nolag,63,9,2.551188966666814,1.0408706621998567,True,True,True
True,True,True,12.778076171875,1.2209803544614595,66.94082641601562,54.82547378540039,0.7166666666666667,0.7166666666666667,0.0,5,8,nearest,gnn,adopted_nolag,63,10,-38.638157599999886,1.03969178334539,True,False,False
False,False,True,59.4246826171875,2.0137965257714407,110.4073486328125,54.82547378540039,0.7166666666666667,0.7166666666666667,0.0,5,8,oracle,gnn,adopted_nolag,63,10,-38.638157599999886,1.03969178334539,True,False,False
True,True,True,98.801025390625,0.9846896079036397,584.5240478515625,593.6124877929688,0.7666666666666667,0.7666666666666667,0.0,5,7,nearest,gnn,adopted_nolag,63,11,15.767144466667105,2.4496612037134735,False,True,False
False,False,True,102.26123046875,1.7034943434165006,1011.2155151367188,593.6124877929688,0.8,0.7666666666666667,0.033333333333333326,5,7,oracle,gnn,adopted_nolag,63,11,15.767144466667105,2.4496612037134735,False,True,False
True,True,True,1.7459716796875,1.0925484396120848,50.633216857910156,46.344139099121094,0.7166666666666667,0.7166666666666667,0.0,5,7,nearest,gnn,adopted_nolag,63,12,-79.17391410000005,3.055326138239531,False,False,False
False,True,False,-11.5057373046875,1.38665557973528,64.26335906982422,46.344139099121094,0.7166666666666667,0.7166666666666667,0.0,5,7,oracle,gnn,adopted_nolag,63,12,-79.17391410000005,3.055326138239531,False,False,False
True,True,True,59.7802734375,1.1611290832084682,114.50135803222656,98.6120834350586,0.7166666666666667,0.7166666666666667,0.0,5,7,nearest,gnn,adopted_nolag,63,13,4.304274433333603,0.7959803195740522,True,True,True
True,True,True,70.5244140625,0.8582807819372311,84.63685607910156,98.6120834350586,0.7166666666666667,0.7166666666666667,0.0,5,7,oracle,gnn,adopted_nolag,63,13,4.304274433333603,0.7959803195740522,True,True,True
False,False,True,11.22021484375,1.5060070846488791,120.56501770019531,80.05607604980469,0.7166666666666667,0.7166666666666667,0.0,5,7,nearest,gnn,adopted_nolag,63,14,-50.62809570000013,2.758496824007535,False,False,False
True,True,True,37.356201171875,1.3143259719949567,105.21977996826172,80.05607604980469,0.7166666666666667,0.7166666666666667,0.0,5,7,oracle,gnn,adopted_nolag,63,14,-50.62809570000013,2.758496824007535,False,False,False
True,True,True,4.56396484375,1.0193397691415675,26.448564529418945,25.946760177612305,0.7166666666666667,0.7166666666666667,0.0,5,7,nearest,gnn,adopted_nolag,63,15,-9.517006066666454,1.0507380807896032,True,False,False
True,True,True,6.658447265625,1.0197321659931304,26.4587459564209,25.946760177612305,0.7166666666666667,0.7166666666666667,0.0,5,7,oracle,gnn,adopted_nolag,63,15,-9.517006066666454,1.0507380807896032,True,False,False
False,True,False,-29.6021728515625,1.1611318149076626,163.98724365234375,141.2305145263672,0.7166666666666667,0.7166666666666667,0.0,5,6,nearest,gnn,adopted_nolag,63,16,22.73432333333335,0.6455664897844909,True,True,True
True,True,True,42.642822265625,1.0343003320230393,146.07476806640625,141.2305145263672,0.7166666666666667,0.7166666666666667,0.0,5,6,oracle,gnn,adopted_nolag,63,16,22.73432333333335,0.6455664897844909,True,True,True
False,True,False,-1.93896484375,0.9674403043384296,74.5892105102539,77.09954833984375,0.7166666666666667,0.7166666666666667,0.0,5,6,nearest,gnn,adopted_nolag,63,17,-11.434668999999985,1.0729414550852407,True,False,False
False,True,False,-3.59326171875,0.9607515324188826,74.0735092163086,77.09954833984375,0.7166666666666667,0.7166666666666667,0.0,5,6,oracle,gnn,adopted_nolag,63,17,-11.434668999999985,1.0729414550852407,True,False,False
False,False,True,28.2392578125,1.7041006154951912,145.86868286132812,85.5986328125,0.7166666666666667,0.7166666666666667,0.0,5,7,nearest,gnn,adopted_nolag,63,18,-0.7063200000000052,20.24297470807032,False,False,False
False,False,True,37.00927734375,2.4015790603287965,205.57188415527344,85.5986328125,0.7166666666666667,0.7166666666666667,0.0,5,7,oracle,gnn,adopted_nolag,63,18,-0.7063200000000052,20.24297470807032,False,False,False
True,True,True,137.804443359375,1.3589075502412844,801.4494018554688,589.7747802734375,0.7833333333333333,0.75,0.033333333333333326,5,6,nearest,gnn,adopted_nolag,63,19,12.977692766666223,1.6562453759832876,False,True,False
True,True,True,113.1806640625,0.9915588225858363,584.79638671875,589.7747802734375,0.75,0.75,0.0,5,6,oracle,gnn,adopted_nolag,63,19,12.977692766666223,1.6562453759832876,False,True,False
False,False,False,-24.443115234375,1.6161497758040326,71.41303253173828,44.187137603759766,0.7166666666666667,0.7166666666666667,0.0,5,7,nearest,gnn,adopted_nolag,63,20,4.552935600000183,0.9881482270292132,True,True,True
False,False,False,-107.697509765625,2.233410020708095,98.68799591064453,44.187137603759766,0.7166666666666667,0.7166666666666667,0.0,5,7,oracle,gnn,adopted_nolag,63,20,4.552935600000183,0.9881482270292132,True,True,True
True,True,True,1.60546875,1.0490737182200838,27.083877563476562,25.816944122314453,0.7166666666666667,0.7166666666666667,0.0,5,7,nearest,gnn,adopted_nolag,63,21,-21.60077363333312,1.0677860379117612,True,False,False
True,True,True,1.1204833984375,1.0414671360097592,26.88749885559082,25.816944122314453,0.7166666666666667,0.7166666666666667,0.0,5,7,oracle,gnn,adopted_nolag,63,21,-21.60077363333312,1.0677860379117612,True,False,False
False,True,False,-3.8275146484375,1.0171971680470473,39.54518127441406,38.87661361694336,0.7166666666666667,0.7166666666666667,0.0,5,7,nearest,gnn,adopted_nolag,63,22,-18.738213366666514,1.1501171794435407,True,False,False
False,True,False,-4.0233154296875,1.0386050964595093,40.37744903564453,38.87661361694336,0.7166666666666667,0.7166666666666667,0.0,5,7,oracle,gnn,adopted_nolag,63,22,-18.738213366666514,1.1501171794435407,True,False,False
False,True,False,-2.104736328125,1.0132880914026683,41.25068283081055,40.7097282409668,0.7166666666666667,0.7166666666666667,0.0,5,8,nearest,gnn,adopted_nolag,63,23,-18.605270366666446,0.9867929956313481,True,False,False
False,True,False,-57.1575927734375,0.9652862105597635,39.296539306640625,40.7097282409668,0.7166666666666667,0.7166666666666667,0.0,5,8,oracle,gnn,adopted_nolag,63,23,-18.605270366666446,0.9867929956313481,True,False,False
False,True,False,-5.3282470703125,0.618548985665429,35.59273910522461,57.54231262207031,0.7166666666666667,0.7166666666666667,0.0,5,8,nearest,gnn,adopted_nolag,63,24,-16.885122799999863,1.0153065077884482,True,False,False
False,True,False,-18.2725830078125,0.5665439701434041,32.600250244140625,57.54231262207031,0.7166666666666667,0.7166666666666667,0.0,5,8,oracle,gnn,adopted_nolag,63,24,-16.885122799999863,1.0153065077884482,True,False,False
True,True,True,3.666015625,1.3900024956683987,54.773651123046875,39.405433654785156,0.7166666666666667,0.7166666666666667,0.0,5,7,nearest,gnn,adopted_nolag,63,25,-21.82772460000001,0.9695960275053727,True,False,False
False,True,False,-4.1431884765625,1.4230610989576082,56.07633972167969,39.405433654785156,0.7166666666666667,0.7166666666666667,0.0,5,7,oracle,gnn,adopted_nolag,63,25,-21.82772460000001,0.9695960275053727,True,False,False
False,True,False,-2.5670166015625,1.04923067910301,28.21689224243164,26.892934799194336,0.7166666666666667,0.7166666666666667,0.0,5,6,nearest,gnn,adopted_nolag,63,26,-26.114832766666723,1.0531172567028741,True,False,False
False,True,False,-12.8062744140625,1.0434834413892606,28.062332153320312,26.892934799194336,0.7166666666666667,0.7166666666666667,0.0,5,6,oracle,gnn,adopted_nolag,63,26,-26.114832766666723,1.0531172567028741,True,False,False
False,True,False,-39.328369140625,0.9892561526908665,28.621826171875,28.932674407958984,0.7166666666666667,0.7166666666666667,0.0,5,6,nearest,gnn,adopted_nolag,63,27,-60.107870300000286,1.0308421603631737,True,False,False
False,True,False,-46.0732421875,0.9842620376985934,28.477333068847656,28.932674407958984,0.7166666666666667,0.7166666666666667,0.0,5,6,oracle,gnn,adopted_nolag,63,27,-60.107870300000286,1.0308421603631737,True,False,False
False,True,False,-11.5255126953125,0.6624841457178029,151.7091827392578,229.00047302246094,0.7166666666666667,0.7166666666666667,0.0,5,7,nearest,gnn,adopted_nolag,63,28,-14.644242300000087,1.9293446209307756,False,False,False
True,True,True,7.8070068359375,0.4618915528784247,105.77338409423828,229.00047302246094,0.7166666666666667,0.7166666666666667,0.0,5,7,oracle,gnn,adopted_nolag,63,28,-14.644242300000087,1.9293446209307756,False,False,False
True,True,True,29.6441650390625,0.9546318357633782,65.2754135131836,68.37757873535156,0.7166666666666667,0.7166666666666667,0.0,5,7,nearest,gnn,adopted_nolag,63,29,-10.452212733333226,0.9725738839101894,True,False,False
True,True,True,47.3505859375,1.0789970438675593,73.77920532226562,68.37757873535156,0.7166666666666667,0.7166666666666667,0.0,5,7,oracle,gnn,adopted_nolag,63,29,-10.452212733333226,0.9725738839101894,True,False,False
False,True,False,-16.2376708984375,0.9370580817508969,54.57318115234375,58.23884582519531,0.7166666666666667,0.7166666666666667,0.0,5,6,nearest,gnn,adopted_nolag,63,30,-25.895172900000034,1.3498563505609955,True,False,False
False,True,False,-15.3731689453125,0.9357803555441672,54.4987678527832,58.23884582519531,0.7166666666666667,0.7166666666666667,0.0,5,6,oracle,gnn,adopted_nolag,63,30,-25.895172900000034,1.3498563505609955,True,False,False
True,True,True,127.7584228515625,0.7510512182700183,156.18682861328125,207.95762634277344,0.7166666666666667,0.7166666666666667,0.0,5,6,nearest,gnn,adopted_nolag,63,31,-11.93087586666661,0.7960698585150021,True,False,False
True,True,True,118.18994140625,0.796315807122185,165.59994506835938,207.95762634277344,0.7166666666666667,0.7166666666666667,0.0,5,6,oracle,gnn,adopted_nolag,63,31,-11.93087586666661,0.7960698585150021,True,False,False
False,False,False,-74.9439697265625,4.105575933430808,398.72662353515625,97.11831665039062,0.7166666666666667,0.7166666666666667,0.0,5,6,nearest,gnn,adopted_nolag,63,32,-37.842719966666664,3.120664400388434,False,False,False
False,False,False,-39.4493408203125,2.262362708582558,219.71685791015625,97.11831665039062,0.7166666666666667,0.7166666666666667,0.0,5,6,oracle,gnn,adopted_nolag,63,32,-37.842719966666664,3.120664400388434,False,False,False
True,True,True,1.5662841796875,1.0379856696095928,26.976776123046875,25.989545822143555,0.7166666666666667,0.7166666666666667,0.0,5,6,nearest,gnn,adopted_nolag,63,33,-10.410306799999944,1.0280804430600141,True,False,False
False,True,False,-15.40380859375,1.063358399859915,27.636201858520508,25.989545822143555,0.7166666666666667,0.7166666666666667,0.0,5,6,oracle,gnn,adopted_nolag,63,33,-10.410306799999944,1.0280804430600141,True,False,False
True,True,True,35.23291015625,0.9791191105559117,65.03742218017578,66.42442321777344,0.7166666666666667,0.7166666666666667,0.0,5,7,nearest,gnn,adopted_nolag,63,34,4.994334333333427,0.7444210427060115,True,True,True
True,True,True,3.706787109375,1.216618682708845,80.81319427490234,66.42442321777344,0.7166666666666667,0.7166666666666667,0.0,5,7,oracle,gnn,adopted_nolag,63,34,4.994334333333427,0.7444210427060115,True,True,True
False,True,False,-39.08056640625,0.5499186248066138,123.96617126464844,225.4263916015625,0.7166666666666667,0.7166666666666667,0.0,5,7,nearest,gnn,adopted_nolag,63,35,-3.505339499999991,1.0297327395701301,True,False,False
False,True,False,-31.7484130859375,0.7303600273570107,164.64242553710938,225.4263916015625,0.7166666666666667,0.7166666666666667,0.0,5,7,oracle,gnn,adopted_nolag,63,35,-3.505339499999991,1.0297327395701301,True,False,False
False,True,False,-0.07666015625,1.0359839731439775,114.13482666015625,110.17045593261719,0.7166666666666667,0.7166666666666667,0.0,5,7,nearest,gnn,adopted_nolag,63,36,-36.91659153333353,0.5528659079177881,True,False,False
False,True,False,-35.09375,1.4840503586430773,163.49850463867188,110.17045593261719,0.7166666666666667,0.7166666666666667,0.0,5,7,oracle,gnn,adopted_nolag,63,36,-36.91659153333353,0.5528659079177881,True,False,False
True,True,True,106.050048828125,0.9910895543885775,1031.46435546875,1040.73779296875,0.85,0.7833333333333333,0.06666666666666665,5,7,nearest,gnn,adopted_nolag,63,37,2.3443194999999832,1.3146202501090387,True,True,True
True,True,True,146.388427734375,1.1296421277536077,1175.6612548828125,1040.73779296875,0.8333333333333334,0.7833333333333333,0.050000000000000044,5,7,oracle,gnn,adopted_nolag,63,37,2.3443194999999832,1.3146202501090387,True,True,True
True,True,True,0.116455078125,1.3659825386313444,107.6541748046875,78.81079864501953,0.7166666666666667,0.7166666666666667,0.0,5,6,nearest,gnn,adopted_nolag,63,38,-32.48807880000004,2.1310345995580855,False,False,False
False,True,False,-8.9642333984375,1.3316329923777497,104.94705963134766,78.81079864501953,0.7166666666666667,0.7166666666666667,0.0,5,6,oracle,gnn,adopted_nolag,63,38,-32.48807880000004,2.1310345995580855,False,False,False
True,True,True,16.8443603515625,1.0461447856463175,26.71515464782715,25.536766052246094,0.7166666666666667,0.7166666666666667,0.0,5,6,nearest,gnn,adopted_nolag,63,39,-15.870231233333243,1.0465741164664162,True,False,False
True,True,True,1.17822265625,1.0519833261381681,26.8642520904541,25.536766052246094,0.7166666666666667,0.7166666666666667,0.0,5,6,oracle,gnn,adopted_nolag,63,39,-15.870231233333243,1.0465741164664162,True,False,False
