approved,safe,saves_energy,predicted_saving_w,pred_d95_ratio,pred_d95_cf,pred_d95_base,violation_rate_cf,violation_rate_base,violation_increase,cell,n_stranded,reassign,kind,tag,seed,phase,true_saved_w,true_d95_ratio,true_safe,true_saves,true_approve
True,True,True,0.177978515625,1.0,185.90570068359375,185.90570068359375,0.7,0.7,0.0,0,9,nearest,blind,energy_lag_only,61,0,13.890583399999969,1.0056064056268186,True,True,True
False,True,False,-0.13037109375,1.0,185.90570068359375,185.90570068359375,0.7,0.7,0.0,0,9,oracle,blind,energy_lag_only,61,0,13.890583399999969,1.0056064056268186,True,True,True
True,True,True,25.75146484375,1.0,212.7375030517578,212.7375030517578,0.6833333333333333,0.6833333333333333,0.0,0,8,nearest,blind,energy_lag_only,61,1,-11.020424466666555,1.0655403018373895,True,False,False
True,True,True,25.18408203125,1.0,212.7375030517578,212.7375030517578,0.6833333333333333,0.6833333333333333,0.0,0,8,oracle,blind,energy_lag_only,61,1,-11.020424466666555,1.0655403018373895,True,False,False
False,True,False,-15.31298828125,1.0,235.9856719970703,235.9856719970703,0.7,0.7,0.0,0,8,nearest,blind,energy_lag_only,61,2,3.944507799999883,1.0473523100451028,True,True,True
False,True,False,-15.5626220703125,1.0,235.9856719970703,235.9856719970703,0.7,0.7,0.0,0,8,oracle,blind,energy_lag_only,61,2,3.944507799999883,1.0473523100451028,True,True,True
False,True,False,-2.30078125,1.0,275.18365478515625,275.18365478515625,0.6833333333333333,0.6833333333333333,0.0,0,10,nearest,blind,energy_lag_only,61,3,8.766797233333364,1.046168298655292,True,True,True
False,True,False,-3.278564453125,1.0,275.18365478515625,275.18365478515625,0.6833333333333333,0.6833333333333333,0.0,0,10,oracle,blind,energy_lag_only,61,3,8.766797233333364,1.046168298655292,True,True,True
False,True,False,-5.078857421875,1.0,244.58348083496094,244.58348083496094,0.6833333333333333,0.6833333333333333,0.0,0,12,nearest,blind,energy_lag_only,61,4,-5.415719766666598,1.086681591882506,True,False,False
False,True,False,-3.069091796875,1.0,244.58348083496094,244.58348083496094,0.6833333333333333,0.6833333333333333,0.0,0,12,oracle,blind,energy_lag_only,61,4,-5.415719766666598,1.086681591882506,True,False,False
False,True,False,-1.589111328125,1.0,303.8834533691406,303.8834533691406,0.6833333333333333,0.6833333333333333,0.0,0,13,nearest,blind,energy_lag_only,61,5,11.222080000000005,0.8127337646494677,True,True,True
False,True,False,-2.9267578125,1.0,303.8834533691406,303.8834533691406,0.6833333333333333,0.6833333333333333,0.0,0,13,oracle,blind,energy_lag_only,61,5,11.222080000000005,0.8127337646494677,True,True,True
True,True,True,0.705810546875,1.0,347.1533203125,347.1533203125,0.7,0.7,0.0,0,14,nearest,blind,energy_lag_only,61,6,-4.406086033333395,1.0676184019670558,True,False,False
True,True,True,4.07177734375,1.0,347.1533203125,347.1533203125,0.7,0.7,0.0,0,14,oracle,blind,energy_lag_only,61,6,-4.406086033333395,1.0676184019670558,True,False,False
True,True,True,0.4593505859375,1.0,237.00364685058594,237.00364685058594,0.7166666666666667,0.7166666666666667,0.0,0,14,nearest,blind,energy_lag_only,61,7,-4.151432533333264,1.002507324659881,True,False,False
False,True,False,-2.5078125,1.0,237.00364685058594,237.00364685058594,0.7166666666666667,0.7166666666666667,0.0,0,14,oracle,blind,energy_lag_only,61,7,-4.151432533333264,1.002507324659881,True,False,False
True,True,True,131.560791015625,1.0,286.9585266113281,286.9585266113281,0.7166666666666667,0.7166666666666667,0.0,0,14,nearest,blind,energy_lag_only,61,8,6.304782766666676,3.9837846144343585,False,True,False
True,True,True,113.3077392578125,1.0,286.9585266113281,286.9585266113281,0.7166666666666667,0.7166666666666667,0.0,0,14,oracle,blind,energy_lag_only,61,8,6.304782766666676,3.9837846144343585,False,True,False
True,True,True,21.116943359375,1.0,249.48301696777344,249.48301696777344,0.7,0.7,0.0,0,13,nearest,blind,energy_lag_only,61,9,-103.0977926999999,1.5715477663537436,False,False,False
True,True,True,13.694580078125,1.0,249.48301696777344,249.48301696777344,0.7,0.7,0.0,0,13,oracle,blind,energy_lag_only,61,9,-103.0977926999999,1.5715477663537436,False,False,False
False,True,False,-3.75341796875,1.0,251.3734130859375,251.3734130859375,0.6833333333333333,0.6833333333333333,0.0,0,12,nearest,blind,energy_lag_only,61,10,2.0773339000002125,1.1860263024282927,True,True,True
False,True,False,-5.6083984375,1.0,251.3734130859375,251.3734130859375,0.6833333333333333,0.6833333333333333,0.0,0,12,oracle,blind,energy_lag_only,61,10,2.0773339000002125,1.1860263024282927,True,True,True
True,True,True,109.08984375,1.0,340.4185485839844,340.4185485839844,0.6833333333333333,0.6833333333333333,0.0,0,12,nearest,blind,energy_lag_only,61,11,47.92111866666664,2.611581363556213,False,True,False
True,True,True,101.4580078125,1.0,340.4185485839844,340.4185485839844,0.6833333333333333,0.6833333333333333,0.0,0,12,oracle,blind,energy_lag_only,61,11,47.92111866666664,2.611581363556213,False,True,False
True,True,True,1.6787109375,1.0,237.24331665039062,237.24331665039062,0.7,0.7,0.0,0,12,nearest,blind,energy_lag_only,61,12,-95.18273853333335,31.37893112765215,False,False,False
True,True,True,0.959716796875,1.0,237.24331665039062,237.24331665039062,0.7,0.7,0.0,0,12,oracle,blind,energy_lag_only,61,12,-95.18273853333335,31.37893112765215,False,False,False
True,True,True,119.03125,1.0,331.598876953125,331.598876953125,0.7,0.7,0.0,0,11,nearest,blind,energy_lag_only,61,13,-45.40875316666643,1.099382534805502,True,False,False
True,True,True,121.74658203125,1.0,331.598876953125,331.598876953125,0.7,0.7,0.0,0,11,oracle,blind,energy_lag_only,61,13,-45.40875316666643,1.099382534805502,True,False,False
True,True,True,38.468017578125,1.0,327.06146240234375,327.06146240234375,0.6833333333333333,0.6833333333333333,0.0,0,10,nearest,blind,energy_lag_only,61,14,-27.09851576666688,11.196674128159232,False,False,False
True,True,True,34.2398681640625,1.0,327.06146240234375,327.06146240234375,0.6833333333333333,0.6833333333333333,0.0,0,10,oracle,blind,energy_lag_only,61,14,-27.09851576666688,11.196674128159232,False,False,False
True,True,True,15.11572265625,1.0,43.97926330566406,43.97926330566406,0.6833333333333333,0.6833333333333333,0.0,0,11,nearest,blind,energy_lag_only,61,15,-38.87063473333342,1.228540231076628,True,False,False
True,True,True,10.0697021484375,1.0,43.97926330566406,43.97926330566406,0.6833333333333333,0.6833333333333333,0.0,0,11,oracle,blind,energy_lag_only,61,15,-38.87063473333342,1.228540231076628,True,False,False
True,True,True,116.916748046875,1.0,435.6214294433594,435.6214294433594,0.7,0.7,0.0,0,11,nearest,blind,energy_lag_only,61,16,-50.13599683333359,1.3620346213568262,True,False,False
True,True,True,113.8201904296875,1.0,435.6214294433594,435.6214294433594,0.7,0.7,0.0,0,11,oracle,blind,energy_lag_only,61,16,-50.13599683333359,1.3620346213568262,True,False,False
False,True,False,-0.830078125,1.0,415.0872802734375,415.0872802734375,0.6833333333333333,0.6833333333333333,0.0,0,11,nearest,blind,energy_lag_only,61,17,-17.587031499999966,0.24121780353056163,True,False,False
False,True,False,-7.8477783203125,1.0,415.0872802734375,415.0872802734375,0.6833333333333333,0.6833333333333333,0.0,0,11,oracle,blind,energy_lag_only,61,17,-17.587031499999966,0.24121780353056163,True,False,False
True,True,True,5.8232421875,1.0,282.0497131347656,282.0497131347656,0.6833333333333333,0.6833333333333333,0.0,0,12,nearest,blind,energy_lag_only,61,18,-30.752922433333424,0.6369879153571719,True,False,False
True,True,True,4.913330078125,1.0,282.0497131347656,282.0497131347656,0.6833333333333333,0.6833333333333333,0.0,0,12,oracle,blind,energy_lag_only,61,18,-30.752922433333424,0.6369879153571719,True,False,False
True,True,True,134.301513671875,1.0,318.0704345703125,318.0704345703125,0.7,0.7,0.0,0,11,nearest,blind,energy_lag_only,61,19,14.439381199999843,1.7526646637146197,False,True,False
True,True,True,99.665771484375,1.0,318.0704345703125,318.0704345703125,0.7,0.7,0.0,0,11,oracle,blind,energy_lag_only,61,19,14.439381199999843,1.7526646637146197,False,True,False
False,True,False,-0.512451171875,1.0,261.11358642578125,261.11358642578125,0.6833333333333333,0.6833333333333333,0.0,0,9,nearest,blind,energy_lag_only,61,20,-73.77189466666664,16.99290581328298,False,False,False
False,True,False,-3.546875,1.0,261.11358642578125,261.11358642578125,0.6833333333333333,0.6833333333333333,0.0,0,9,oracle,blind,energy_lag_only,61,20,-73.77189466666664,16.99290581328298,False,False,False
True,True,True,8.173583984375,1.0,55.35625076293945,55.35625076293945,0.6833333333333333,0.6833333333333333,0.0,0,9,nearest,blind,energy_lag_only,61,21,-27.921950533333074,1.0526180136270402,True,False,False
True,True,True,9.006591796875,1.0,55.35625076293945,55.35625076293945,0.6833333333333333,0.6833333333333333,0.0,0,9,oracle,blind,energy_lag_only,61,21,-27.921950533333074,1.0526180136270402,True,False,False
True,True,True,66.0068359375,1.0,64.97998809814453,64.97998809814453,0.6833333333333333,0.6833333333333333,0.0,0,9,nearest,blind,energy_lag_only,61,22,-36.642168099999935,1.7693759852962205,False,False,False
True,True,True,66.6856689453125,1.0,64.97998809814453,64.97998809814453,0.6833333333333333,0.6833333333333333,0.0,0,9,oracle,blind,energy_lag_only,61,22,-36.642168099999935,1.7693759852962205,False,False,False
False,True,False,-26.72412109375,1.0,56.103233337402344,56.103233337402344,0.6833333333333333,0.6833333333333333,0.0,0,9,nearest,blind,energy_lag_only,61,23,-3.601908199999798,3.3006829731936347,False,False,False
False,True,False,-32.9263916015625,1.0,56.103233337402344,56.103233337402344,0.6833333333333333,0.6833333333333333,0.0,0,9,oracle,blind,energy_lag_only,61,23,-3.601908199999798,3.3006829731936347,False,False,False
True,True,True,8.185791015625,1.0,146.6529998779297,146.6529998779297,0.6833333333333333,0.6833333333333333,0.0,0,9,nearest,blind,energy_lag_only,61,24,-56.879328433333285,5.3350454929380575,False,False,False
True,True,True,11.2706298828125,1.0,146.6529998779297,146.6529998779297,0.6833333333333333,0.6833333333333333,0.0,0,9,oracle,blind,energy_lag_only,61,24,-56.879328433333285,5.3350454929380575,False,False,False
True,True,True,11.07568359375,1.0,100.08171844482422,100.08171844482422,0.6833333333333333,0.6833333333333333,0.0,0,9,nearest,blind,energy_lag_only,61,25,-37.21127363333335,1.0186678631748816,True,False,False
True,True,True,11.3209228515625,1.0,100.08171844482422,100.08171844482422,0.6833333333333333,0.6833333333333333,0.0,0,9,oracle,blind,energy_lag_only,61,25,-37.21127363333335,1.0186678631748816,True,False,False
True,True,True,4.5113525390625,1.0,157.24722290039062,157.24722290039062,0.6833333333333333,0.6833333333333333,0.0,0,8,nearest,blind,energy_lag_only,61,26,-17.94265306666648,0.9495644715992411,True,False,False
True,True,True,4.3431396484375,1.0,157.24722290039062,157.24722290039062,0.6833333333333333,0.6833333333333333,0.0,0,8,oracle,blind,energy_lag_only,61,26,-17.94265306666648,0.9495644715992411,True,False,False
True,True,True,7.1932373046875,1.0,77.95539855957031,77.95539855957031,0.6833333333333333,0.6833333333333333,0.0,0,8,nearest,blind,energy_lag_only,61,27,-17.2229738333333,1.2573965022353393,True,False,False
True,True,True,7.27294921875,1.0,77.95539855957031,77.95539855957031,0.6833333333333333,0.6833333333333333,0.0,0,8,oracle,blind,energy_lag_only,61,27,-17.2229738333333,1.2573965022353393,True,False,False
True,True,True,57.9385986328125,1.0,236.1031036376953,236.1031036376953,0.6833333333333333,0.6833333333333333,0.0,0,8,nearest,blind,energy_lag_only,61,28,-32.39956849999999,4.6131490903423575,False,False,False
True,True,True,65.27587890625,1.0,236.1031036376953,236.1031036376953,0.6833333333333333,0.6833333333333333,0.0,0,8,oracle,blind,energy_lag_only,61,28,-32.39956849999999,4.6131490903423575,False,False,False
False,True,False,-8.81298828125,1.0,248.54425048828125,248.54425048828125,0.6833333333333333,0.6833333333333333,0.0,0,7,nearest,blind,energy_lag_only,61,29,-66.76301679999983,1.5705174396557517,False,False,False
False,True,False,-9.65576171875,1.0,248.54425048828125,248.54425048828125,0.6833333333333333,0.6833333333333333,0.0,0,7,oracle,blind,energy_lag_only,61,29,-66.76301679999983,1.5705174396557517,False,False,False
False,True,False,-13.930908203125,1.0,172.15069580078125,172.15069580078125,0.6833333333333333,0.6833333333333333,0.0,0,7,nearest,blind,energy_lag_only,61,30,7.1637543333336,1.012974949136309,True,True,True
False,True,False,-9.6051025390625,1.0,172.15069580078125,172.15069580078125,0.6833333333333333,0.6833333333333333,0.0,0,7,oracle,blind,energy_lag_only,61,30,7.1637543333336,1.012974949136309,True,True,True
True,True,True,44.655029296875,1.0,308.0728454589844,308.0728454589844,0.6833333333333333,0.6833333333333333,0.0,0,7,nearest,blind,energy_lag_only,61,31,2.0496886333332895,7.7891285847189895,False,True,False
True,True,True,35.1776123046875,1.0,308.0728454589844,308.0728454589844,0.6833333333333333,0.6833333333333333,0.0,0,7,oracle,blind,energy_lag_only,61,31,2.0496886333332895,7.7891285847189895,False,True,False
False,True,False,-31.934326171875,1.0,299.9139709472656,299.9139709472656,0.6833333333333333,0.6833333333333333,0.0,0,6,nearest,blind,energy_lag_only,61,32,-56.851441466666756,3.3109342752800313,False,False,False
False,True,False,-31.906494140625,1.0,299.9139709472656,299.9139709472656,0.6833333333333333,0.6833333333333333,0.0,0,6,oracle,blind,energy_lag_only,61,32,-56.851441466666756,3.3109342752800313,False,False,False
True,True,True,1.14404296875,1.0,44.036258697509766,44.036258697509766,0.6833333333333333,0.6833333333333333,0.0,0,7,nearest,blind,energy_lag_only,61,33,-11.821652166666809,1.0841453968101904,True,False,False
True,True,True,2.267578125,1.0,44.036258697509766,44.036258697509766,0.6833333333333333,0.6833333333333333,0.0,0,7,oracle,blind,energy_lag_only,61,33,-11.821652166666809,1.0841453968101904,True,False,False
True,True,True,3.765380859375,1.0,242.75408935546875,242.75408935546875,0.7,0.7,0.0,0,6,nearest,blind,energy_lag_only,61,34,-8.682782800000268,1.0177546226018037,True,False,False
True,True,True,0.9620361328125,1.0,242.75408935546875,242.75408935546875,0.7,0.7,0.0,0,6,oracle,blind,energy_lag_only,61,34,-8.682782800000268,1.0177546226018037,True,False,False
True,True,True,0.701171875,1.0,254.79542541503906,254.79542541503906,0.6833333333333333,0.6833333333333333,0.0,0,7,nearest,blind,energy_lag_only,61,35,-16.628457000000026,3.3767118378265164,False,False,False
True,True,True,6.3216552734375,1.0,254.79542541503906,254.79542541503906,0.6833333333333333,0.6833333333333333,0.0,0,7,oracle,blind,energy_lag_only,61,35,-16.628457000000026,3.3767118378265164,False,False,False
True,True,True,13.184326171875,1.0,227.04100036621094,227.04100036621094,0.6833333333333333,0.6833333333333333,0.0,0,7,nearest,blind,energy_lag_only,61,36,-44.98465003333331,1.1140342012415587,True,False,False
True,True,True,11.978759765625,1.0,227.04100036621094,227.04100036621094,0.6833333333333333,0.6833333333333333,0.0,0,7,oracle,blind,energy_lag_only,61,36,-44.98465003333331,1.1140342012415587,True,False,False
True,True,True,47.19091796875,1.0,272.6485900878906,272.6485900878906,0.7166666666666667,0.7166666666666667,0.0,0,8,nearest,blind,energy_lag_only,61,37,0.09917043333325637,2.5722847242774254,False,True,False
True,True,True,54.0,1.0,272.6485900878906,272.6485900878906,0.7166666666666667,0.7166666666666667,0.0,0,8,oracle,blind,energy_lag_only,61,37,0.09917043333325637,2.5722847242774254,False,True,False
False,True,False,-3.98193359375,1.0,251.0452117919922,251.0452117919922,0.6833333333333333,0.6833333333333333,0.0,0,8,nearest,blind,energy_lag_only,61,38,-68.57255936666684,4.023732566543321,False,False,False
False,True,False,-3.99169921875,1.0,251.0452117919922,251.0452117919922,0.6833333333333333,0.6833333333333333,0.0,0,8,oracle,blind,energy_lag_only,61,38,-68.57255936666684,4.023732566543321,False,False,False
True,True,True,3.2994384765625,1.0,49.385780334472656,49.385780334472656,0.6833333333333333,0.6833333333333333,0.0,0,8,nearest,blind,energy_lag_only,61,39,-18.17676173333325,1.051860044920582,True,False,False
True,True,True,3.7161865234375,1.0,49.385780334472656,49.385780334472656,0.6833333333333333,0.6833333333333333,0.0,0,8,oracle,blind,energy_lag_only,61,39,-18.17676173333325,1.051860044920582,True,False,False
True,True,True,5.315673828125,1.0,185.90570068359375,185.90570068359375,0.7,0.7,0.0,1,14,nearest,blind,energy_lag_only,61,0,3.4481281000000763,0.9786908847684882,True,True,True
True,True,True,5.8408203125,1.0,185.90570068359375,185.90570068359375,0.7,0.7,0.0,1,14,oracle,blind,energy_lag_only,61,0,3.4481281000000763,0.9786908847684882,True,True,True
False,True,False,-17.150634765625,1.0,212.7375030517578,212.7375030517578,0.6833333333333333,0.6833333333333333,0.0,1,14,nearest,blind,energy_lag_only,61,1,-6.319989299999861,1.1073857394131859,True,False,False
False,True,False,-19.6171875,1.0,212.7375030517578,212.7375030517578,0.6833333333333333,0.6833333333333333,0.0,1,14,oracle,blind,energy_lag_only,61,1,-6.319989299999861,1.1073857394131859,True,False,False
True,True,True,106.965576171875,1.0,235.9856719970703,235.9856719970703,0.7,0.7,0.0,1,15,nearest,blind,energy_lag_only,61,2,-19.635116200000084,1.0788918502212181,True,False,False
True,True,True,107.8271484375,1.0,235.9856719970703,235.9856719970703,0.7,0.7,0.0,1,15,oracle,blind,energy_lag_only,61,2,-19.635116200000084,1.0788918502212181,True,False,False
True,True,True,6.87646484375,1.0,275.18365478515625,275.18365478515625,0.6833333333333333,0.6833333333333333,0.0,1,14,nearest,blind,energy_lag_only,61,3,24.516336533333288,1.787761589033308,False,True,False
True,True,True,6.918212890625,1.0,275.18365478515625,275.18365478515625,0.6833333333333333,0.6833333333333333,0.0,1,14,oracle,blind,energy_lag_only,61,3,24.516336533333288,1.787761589033308,False,True,False
True,True,True,2.433837890625,1.0,244.58348083496094,244.58348083496094,0.6833333333333333,0.6833333333333333,0.0,1,13,nearest,blind,energy_lag_only,61,4,-33.48885016666668,1.7026352756453578,False,False,False
True,True,True,1.92529296875,1.0,244.58348083496094,244.58348083496094,0.6833333333333333,0.6833333333333333,0.0,1,13,oracle,blind,energy_lag_only,61,4,-33.48885016666668,1.7026352756453578,False,False,False
True,True,True,23.2806396484375,1.0,303.8834533691406,303.8834533691406,0.6833333333333333,0.6833333333333333,0.0,1,12,nearest,blind,energy_lag_only,61,5,22.7442529333332,1.1989609283232059,True,True,True
True,True,True,11.26123046875,1.0,303.8834533691406,303.8834533691406,0.6833333333333333,0.6833333333333333,0.0,1,12,oracle,blind,energy_lag_only,61,5,22.7442529333332,1.1989609283232059,True,True,True
True,True,True,3.17724609375,1.0,347.1533203125,347.1533203125,0.7,0.7,0.0,1,11,nearest,blind,energy_lag_only,61,6,-19.056073166666692,2.0080631313398576,False,False,False
True,True,True,7.0245361328125,1.0,347.1533203125,347.1533203125,0.7,0.7,0.0,1,11,oracle,blind,energy_lag_only,61,6,-19.056073166666692,2.0080631313398576,False,False,False
True,True,True,4.190185546875,1.0,237.00364685058594,237.00364685058594,0.7166666666666667,0.7166666666666667,0.0,1,11,nearest,blind,energy_lag_only,61,7,-0.8344759666665595,1.0314626403969775,True,False,False
True,True,True,2.90625,1.0,237.00364685058594,237.00364685058594,0.7166666666666667,0.7166666666666667,0.0,1,11,oracle,blind,energy_lag_only,61,7,-0.8344759666665595,1.0314626403969775,True,False,False
True,True,True,12.48974609375,1.0,286.9585266113281,286.9585266113281,0.7166666666666667,0.7166666666666667,0.0,1,11,nearest,blind,energy_lag_only,61,8,-50.92870333333349,1.3329097552970448,True,False,False
True,True,True,12.8807373046875,1.0,286.9585266113281,286.9585266113281,0.7166666666666667,0.7166666666666667,0.0,1,11,oracle,blind,energy_lag_only,61,8,-50.92870333333349,1.3329097552970448,True,False,False
False,True,False,-3.414306640625,1.0,249.48301696777344,249.48301696777344,0.7,0.7,0.0,1,11,nearest,blind,energy_lag_only,61,9,-33.293167766666784,1.0196318536143703,True,False,False
False,True,False,-18.008056640625,1.0,249.48301696777344,249.48301696777344,0.7,0.7,0.0,1,11,oracle,blind,energy_lag_only,61,9,-33.293167766666784,1.0196318536143703,True,False,False
True,True,True,15.915283203125,1.0,251.3734130859375,251.3734130859375,0.6833333333333333,0.6833333333333333,0.0,1,13,nearest,blind,energy_lag_only,61,10,-11.779157099999793,1.336734935304769,True,False,False
True,True,True,13.812744140625,1.0,251.3734130859375,251.3734130859375,0.6833333333333333,0.6833333333333333,0.0,1,13,oracle,blind,energy_lag_only,61,10,-11.779157099999793,1.336734935304769,True,False,False
True,True,True,105.805908203125,1.0,340.4185485839844,340.4185485839844,0.6833333333333333,0.6833333333333333,0.0,1,13,nearest,blind,energy_lag_only,61,11,31.105822466666268,1.5061699189261621,False,True,False
True,True,True,100.16015625,1.0,340.4185485839844,340.4185485839844,0.6833333333333333,0.6833333333333333,0.0,1,13,oracle,blind,energy_lag_only,61,11,31.105822466666268,1.5061699189261621,False,True,False
True,True,True,7.292236328125,1.0,237.24331665039062,237.24331665039062,0.7,0.7,0.0,1,14,nearest,blind,energy_lag_only,61,12,-85.55362049999985,3.3584002352671476,False,False,False
True,True,True,7.495849609375,1.0,237.24331665039062,237.24331665039062,0.7,0.7,0.0,1,14,oracle,blind,energy_lag_only,61,12,-85.55362049999985,3.3584002352671476,False,False,False
True,True,True,19.357177734375,1.0,331.598876953125,331.598876953125,0.7,0.7,0.0,1,14,nearest,blind,energy_lag_only,61,13,-29.91805033333344,1.2880424811320659,True,False,False
True,True,True,19.357177734375,1.0,331.598876953125,331.598876953125,0.7,0.7,0.0,1,14,oracle,blind,energy_lag_only,61,13,-29.91805033333344,1.2880424811320659,True,False,False
False,True,False,-23.540771484375,1.0,327.06146240234375,327.06146240234375,0.6833333333333333,0.6833333333333333,0.0,1,14,nearest,blind,energy_lag_only,61,14,-35.370481000000154,3.8046501973316538,False,False,False
False,True,False,-31.6898193359375,1.0,327.06146240234375,327.06146240234375,0.6833333333333333,0.6833333333333333,0.0,1,14,oracle,blind,energy_lag_only,61,14,-35.370481000000154,3.8046501973316538,False,False,False
True,True,True,5.193115234375,1.0,43.97926330566406,43.97926330566406,0.6833333333333333,0.6833333333333333,0.0,1,13,nearest,blind,energy_lag_only,61,15,-11.390547266666772,1.100018360625012,True,False,False
True,True,True,2.1417236328125,1.0,43.97926330566406,43.97926330566406,0.6833333333333333,0.6833333333333333,0.0,1,13,oracle,blind,energy_lag_only,61,15,-11.390547266666772,1.100018360625012,True,False,False
False,True,False,-1.44482421875,1.0,435.6214294433594,435.6214294433594,0.7,0.7,0.0,1,12,nearest,blind,energy_lag_only,61,16,-0.68732910000017,0.9093997365983538,True,False,False
False,True,False,-1.7918701171875,1.0,435.6214294433594,435.6214294433594,0.7,0.7,0.0,1,12,oracle,blind,energy_lag_only,61,16,-0.68732910000017,0.9093997365983538,True,False,False
True,True,True,14.260986328125,1.0,415.0872802734375,415.0872802734375,0.6833333333333333,0.6833333333333333,0.0,1,11,nearest,blind,energy_lag_only,61,17,-20.935927999999876,1.7353209830302878,False,False,False
True,True,True,14.260986328125,1.0,415.0872802734375,415.0872802734375,0.6833333333333333,0.6833333333333333,0.0,1,11,oracle,blind,energy_lag_only,61,17,-20.935927999999876,1.7353209830302878,False,False,False
False,True,False,-3.841064453125,1.0,282.0497131347656,282.0497131347656,0.6833333333333333,0.6833333333333333,0.0,1,12,nearest,blind,energy_lag_only,61,18,-0.9273000333332675,1.2569709600724137,True,False,False
False,True,False,-4.5294189453125,1.0,282.0497131347656,282.0497131347656,0.6833333333333333,0.6833333333333333,0.0,1,12,oracle,blind,energy_lag_only,61,18,-0.9273000333332675,1.2569709600724137,True,False,False
True,True,True,10.201171875,1.0,318.0704345703125,318.0704345703125,0.7,0.7,0.0,1,13,nearest,blind,energy_lag_only,61,19,-6.1899474333336,1.3813967551739297,True,False,False
True,True,True,10.164794921875,1.0,318.0704345703125,318.0704345703125,0.7,0.7,0.0,1,13,oracle,blind,energy_lag_only,61,19,-6.1899474333336,1.3813967551739297,True,False,False
True,True,True,6.4730224609375,1.0,261.11358642578125,261.11358642578125,0.6833333333333333,0.6833333333333333,0.0,1,15,nearest,blind,energy_lag_only,61,20,-42.50288106666676,1.5399084752861967,False,False,False
True,True,True,6.0460205078125,1.0,261.11358642578125,261.11358642578125,0.6833333333333333,0.6833333333333333,0.0,1,15,oracle,blind,energy_lag_only,61,20,-42.50288106666676,1.5399084752861967,False,False,False
True,True,True,4.8509521484375,1.0,55.35625076293945,55.35625076293945,0.6833333333333333,0.6833333333333333,0.0,1,15,nearest,blind,energy_lag_only,61,21,-9.65271843333312,1.0379183110557608,True,False,False
True,True,True,4.3875732421875,1.0,55.35625076293945,55.35625076293945,0.6833333333333333,0.6833333333333333,0.0,1,15,oracle,blind,energy_lag_only,61,21,-9.65271843333312,1.0379183110557608,True,False,False
False,True,False,-11.646484375,1.0,64.97998809814453,64.97998809814453,0.6833333333333333,0.6833333333333333,0.0,1,15,nearest,blind,energy_lag_only,61,22,-7.396650433333207,1.3626024051621788,True,False,False
False,True,False,-3.5447998046875,1.0,64.97998809814453,64.97998809814453,0.6833333333333333,0.6833333333333333,0.0,1,15,oracle,blind,energy_lag_only,61,22,-7.396650433333207,1.3626024051621788,True,False,False
True,True,True,2.463623046875,1.0,56.103233337402344,56.103233337402344,0.6833333333333333,0.6833333333333333,0.0,1,15,nearest,blind,energy_lag_only,61,23,-9.766937199999802,1.0666916247028768,True,False,False
True,True,True,4.2364501953125,1.0,56.103233337402344,56.103233337402344,0.6833333333333333,0.6833333333333333,0.0,1,15,oracle,blind,energy_lag_only,61,23,-9.766937199999802,1.0666916247028768,True,False,False
False,True,False,-6.41796875,1.0,146.6529998779297,146.6529998779297,0.6833333333333333,0.6833333333333333,0.0,1,13,nearest,blind,energy_lag_only,61,24,2.6033596666663925,0.9892806298684983,True,True,True
False,True,False,-3.5284423828125,1.0,146.6529998779297,146.6529998779297,0.6833333333333333,0.6833333333333333,0.0,1,13,oracle,blind,energy_lag_only,61,24,2.6033596666663925,0.9892806298684983,True,True,True
False,True,False,-8.7508544921875,1.0,100.08171844482422,100.08171844482422,0.6833333333333333,0.6833333333333333,0.0,1,14,nearest,blind,energy_lag_only,61,25,2.7125330333333295,0.864369958726694,True,True,True
False,True,False,-8.5338134765625,1.0,100.08171844482422,100.08171844482422,0.6833333333333333,0.6833333333333333,0.0,1,14,oracle,blind,energy_lag_only,61,25,2.7125330333333295,0.864369958726694,True,True,True
False,True,False,-8.7996826171875,1.0,157.24722290039062,157.24722290039062,0.6833333333333333,0.6833333333333333,0.0,1,14,nearest,blind,energy_lag_only,61,26,6.041002800000115,1.0058314150685175,True,True,True
False,True,False,-4.6116943359375,1.0,157.24722290039062,157.24722290039062,0.6833333333333333,0.6833333333333333,0.0,1,14,oracle,blind,energy_lag_only,61,26,6.041002800000115,1.0058314150685175,True,True,True
False,True,False,-3.322509765625,1.0,77.95539855957031,77.95539855957031,0.6833333333333333,0.6833333333333333,0.0,1,14,nearest,blind,energy_lag_only,61,27,-8.084932066666624,1.3697800725153892,True,False,False
False,True,False,-4.4002685546875,1.0,77.95539855957031,77.95539855957031,0.6833333333333333,0.6833333333333333,0.0,1,14,oracle,blind,energy_lag_only,61,27,-8.084932066666624,1.3697800725153892,True,False,False
False,True,False,-31.821044921875,1.0,236.1031036376953,236.1031036376953,0.6833333333333333,0.6833333333333333,0.0,1,14,nearest,blind,energy_lag_only,61,28,-14.90404036666655,1.4842478424253867,True,False,False
False,True,False,-29.8699951171875,1.0,236.1031036376953,236.1031036376953,0.6833333333333333,0.6833333333333333,0.0,1,14,oracle,blind,energy_lag_only,61,28,-14.90404036666655,1.4842478424253867,True,False,False
False,True,False,-30.361328125,1.0,248.54425048828125,248.54425048828125,0.6833333333333333,0.6833333333333333,0.0,1,15,nearest,blind,energy_lag_only,61,29,-20.467024966666713,1.0243031494338513,True,False,False
False,True,False,-29.131103515625,1.0,248.54425048828125,248.54425048828125,0.6833333333333333,0.6833333333333333,0.0,1,15,oracle,blind,energy_lag_only,61,29,-20.467024966666713,1.0243031494338513,True,False,False
False,True,False,-14.6031494140625,1.0,172.15069580078125,172.15069580078125,0.6833333333333333,0.6833333333333333,0.0,1,15,nearest,blind,energy_lag_only,61,30,-6.901203199999827,1.2699463911228557,True,False,False
False,True,False,-17.3819580078125,1.0,172.15069580078125,172.15069580078125,0.6833333333333333,0.6833333333333333,0.0,1,15,oracle,blind,energy_lag_only,61,30,-6.901203199999827,1.2699463911228557,True,False,False
False,True,False,-103.296142578125,1.0,308.0728454589844,308.0728454589844,0.6833333333333333,0.6833333333333333,0.0,1,16,nearest,blind,energy_lag_only,61,31,2.4200235666664867,3.878668320885857,False,True,False
False,True,False,-105.83544921875,1.0,308.0728454589844,308.0728454589844,0.6833333333333333,0.6833333333333333,0.0,1,16,oracle,blind,energy_lag_only,61,31,2.4200235666664867,3.878668320885857,False,True,False
True,True,True,85.82568359375,1.0,299.9139709472656,299.9139709472656,0.6833333333333333,0.6833333333333333,0.0,1,17,nearest,blind,energy_lag_only,61,32,-1.505666066666663,1.820547511130409,False,False,False
True,True,True,78.90234375,1.0,299.9139709472656,299.9139709472656,0.6833333333333333,0.6833333333333333,0.0,1,17,oracle,blind,energy_lag_only,61,32,-1.505666066666663,1.820547511130409,False,False,False
True,True,True,2.2164306640625,1.0,44.036258697509766,44.036258697509766,0.6833333333333333,0.6833333333333333,0.0,1,18,nearest,blind,energy_lag_only,61,33,-1.225533866666865,1.000398478862571,True,False,False
True,True,True,2.267822265625,1.0,44.036258697509766,44.036258697509766,0.6833333333333333,0.6833333333333333,0.0,1,18,oracle,blind,energy_lag_only,61,33,-1.225533866666865,1.000398478862571,True,False,False
True,True,True,3.222412109375,1.0,242.75408935546875,242.75408935546875,0.7,0.7,0.0,1,18,nearest,blind,energy_lag_only,61,34,-4.953867833333334,1.014918728519014,True,False,False
True,True,True,2.13525390625,1.0,242.75408935546875,242.75408935546875,0.7,0.7,0.0,1,18,oracle,blind,energy_lag_only,61,34,-4.953867833333334,1.014918728519014,True,False,False
True,True,True,95.4110107421875,1.0,254.79542541503906,254.79542541503906,0.6833333333333333,0.6833333333333333,0.0,1,19,nearest,blind,energy_lag_only,61,35,-30.082883033333474,1.7228744587620148,False,False,False
True,True,True,97.2164306640625,1.0,254.79542541503906,254.79542541503906,0.6833333333333333,0.6833333333333333,0.0,1,19,oracle,blind,energy_lag_only,61,35,-30.082883033333474,1.7228744587620148,False,False,False
False,True,False,-35.80224609375,1.0,227.04100036621094,227.04100036621094,0.6833333333333333,0.6833333333333333,0.0,1,19,nearest,blind,energy_lag_only,61,36,-40.450298200000134,1.2156721488898028,True,False,False
False,True,False,-60.9962158203125,1.0,227.04100036621094,227.04100036621094,0.6833333333333333,0.6833333333333333,0.0,1,19,oracle,blind,energy_lag_only,61,36,-40.450298200000134,1.2156721488898028,True,False,False
True,True,True,31.152587890625,1.0,272.6485900878906,272.6485900878906,0.7166666666666667,0.7166666666666667,0.0,1,19,nearest,blind,energy_lag_only,61,37,-36.545801799999936,1.8283143453535877,False,False,False
True,True,True,37.781982421875,1.0,272.6485900878906,272.6485900878906,0.7166666666666667,0.7166666666666667,0.0,1,19,oracle,blind,energy_lag_only,61,37,-36.545801799999936,1.8283143453535877,False,False,False
True,True,True,6.1781005859375,1.0,251.0452117919922,251.0452117919922,0.6833333333333333,0.6833333333333333,0.0,1,19,nearest,blind,energy_lag_only,61,38,-30.054339400000117,0.9975625999799427,True,False,False
True,True,True,6.7802734375,1.0,251.0452117919922,251.0452117919922,0.6833333333333333,0.6833333333333333,0.0,1,19,oracle,blind,energy_lag_only,61,38,-30.054339400000117,0.9975625999799427,True,False,False
False,True,False,-1.148193359375,1.0,49.385780334472656,49.385780334472656,0.6833333333333333,0.6833333333333333,0.0,1,19,nearest,blind,energy_lag_only,61,39,-25.037725733333218,1.0068100884229216,True,False,False
False,True,False,-0.912109375,1.0,49.385780334472656,49.385780334472656,0.6833333333333333,0.6833333333333333,0.0,1,19,oracle,blind,energy_lag_only,61,39,-25.037725733333218,1.0068100884229216,True,False,False
False,True,False,-1.059326171875,1.0,185.90570068359375,185.90570068359375,0.7,0.7,0.0,2,10,nearest,blind,energy_lag_only,61,0,14.864857233333396,0.9888759534831284,True,True,True
True,True,True,0.2188720703125,1.0,185.90570068359375,185.90570068359375,0.7,0.7,0.0,2,10,oracle,blind,energy_lag_only,61,0,14.864857233333396,0.9888759534831284,True,True,True
False,True,False,-1.1207275390625,1.0,212.7375030517578,212.7375030517578,0.6833333333333333,0.6833333333333333,0.0,2,10,nearest,blind,energy_lag_only,61,1,-8.178946266666571,1.4590337275020342,True,False,False
False,True,False,-5.15771484375,1.0,212.7375030517578,212.7375030517578,0.6833333333333333,0.6833333333333333,0.0,2,10,oracle,blind,energy_lag_only,61,1,-8.178946266666571,1.4590337275020342,True,False,False
False,True,False,-14.5218505859375,1.0,235.9856719970703,235.9856719970703,0.7,0.7,0.0,2,10,nearest,blind,energy_lag_only,61,2,8.658684666666659,1.0096476911659797,True,True,True
False,True,False,-17.91259765625,1.0,235.9856719970703,235.9856719970703,0.7,0.7,0.0,2,10,oracle,blind,energy_lag_only,61,2,8.658684666666659,1.0096476911659797,True,True,True
True,True,True,96.7703857421875,1.0,275.18365478515625,275.18365478515625,0.6833333333333333,0.6833333333333333,0.0,2,10,nearest,blind,energy_lag_only,61,3,-38.467573999999786,0.7331626511156996,True,False,False
True,True,True,96.29931640625,1.0,275.18365478515625,275.18365478515625,0.6833333333333333,0.6833333333333333,0.0,2,10,oracle,blind,energy_lag_only,61,3,-38.467573999999786,0.7331626511156996,True,False,False
False,True,False,-0.4432373046875,1.0,244.58348083496094,244.58348083496094,0.6833333333333333,0.6833333333333333,0.0,2,9,nearest,blind,energy_lag_only,61,4,-1.006126466666501,0.9554225889021297,True,False,False
False,True,False,-0.9437255859375,1.0,244.58348083496094,244.58348083496094,0.6833333333333333,0.6833333333333333,0.0,2,9,oracle,blind,energy_lag_only,61,4,-1.006126466666501,0.9554225889021297,True,False,False
False,True,False,-1.9583740234375,1.0,303.8834533691406,303.8834533691406,0.6833333333333333,0.6833333333333333,0.0,2,9,nearest,blind,energy_lag_only,61,5,6.722084966666671,0.7334992043767363,True,True,True
False,True,False,-2.3587646484375,1.0,303.8834533691406,303.8834533691406,0.6833333333333333,0.6833333333333333,0.0,2,9,oracle,blind,energy_lag_only,61,5,6.722084966666671,0.7334992043767363,True,True,True
False,True,False,-31.74169921875,1.0,347.1533203125,347.1533203125,0.7,0.7,0.0,2,9,nearest,blind,energy_lag_only,61,6,-1.052608699999837,0.9756900079793124,True,False,False
False,True,False,-24.468017578125,1.0,347.1533203125,347.1533203125,0.7,0.7,0.0,2,9,oracle,blind,energy_lag_only,61,6,-1.052608699999837,0.9756900079793124,True,False,False
False,True,False,-2.318603515625,1.0,237.00364685058594,237.00364685058594,0.7166666666666667,0.7166666666666667,0.0,2,9,nearest,blind,energy_lag_only,61,7,-0.5745735000000423,1.0216392303745232,True,False,False
False,True,False,-0.9090576171875,1.0,237.00364685058594,237.00364685058594,0.7166666666666667,0.7166666666666667,0.0,2,9,oracle,blind,energy_lag_only,61,7,-0.5745735000000423,1.0216392303745232,True,False,False
True,True,True,1.2120361328125,1.0,286.9585266113281,286.9585266113281,0.7166666666666667,0.7166666666666667,0.0,2,8,nearest,blind,energy_lag_only,61,8,1.1110168666666596,0.7688685333342811,True,True,True
True,True,True,0.3282470703125,1.0,286.9585266113281,286.9585266113281,0.7166666666666667,0.7166666666666667,0.0,2,8,oracle,blind,energy_lag_only,61,8,1.1110168666666596,0.7688685333342811,True,True,True
True,True,True,94.6748046875,1.0,249.48301696777344,249.48301696777344,0.7,0.7,0.0,2,8,nearest,blind,energy_lag_only,61,9,-29.776920333333237,1.076111669234759,True,False,False
True,True,True,92.8201904296875,1.0,249.48301696777344,249.48301696777344,0.7,0.7,0.0,2,8,oracle,blind,energy_lag_only,61,9,-29.776920333333237,1.076111669234759,True,False,False
False,True,False,-27.851806640625,1.0,251.3734130859375,251.3734130859375,0.6833333333333333,0.6833333333333333,0.0,2,8,nearest,blind,energy_lag_only,61,10,-1.1674140666664243,1.4028551350186098,True,False,False
False,True,False,-25.0101318359375,1.0,251.3734130859375,251.3734130859375,0.6833333333333333,0.6833333333333333,0.0,2,8,oracle,blind,energy_lag_only,61,10,-1.1674140666664243,1.4028551350186098,True,False,False
True,True,True,44.641845703125,1.0,340.4185485839844,340.4185485839844,0.6833333333333333,0.6833333333333333,0.0,2,7,nearest,blind,energy_lag_only,61,11,38.19397696666647,1.7871974332038971,False,True,False
True,True,True,39.446533203125,1.0,340.4185485839844,340.4185485839844,0.6833333333333333,0.6833333333333333,0.0,2,7,oracle,blind,energy_lag_only,61,11,38.19397696666647,1.7871974332038971,False,True,False
True,True,True,1.2574462890625,1.0,237.24331665039062,237.24331665039062,0.7,0.7,0.0,2,7,nearest,blind,energy_lag_only,61,12,-86.21341653333343,8.740349515850887,False,False,False
True,True,True,2.37890625,1.0,237.24331665039062,237.24331665039062,0.7,0.7,0.0,2,7,oracle,blind,energy_lag_only,61,12,-86.21341653333343,8.740349515850887,False,False,False
True,True,True,77.4990234375,1.0,331.598876953125,331.598876953125,0.7,0.7,0.0,2,8,nearest,blind,energy_lag_only,61,13,-44.29535916666646,1.1049882170238865,True,False,False
True,True,True,82.343505859375,1.0,331.598876953125,331.598876953125,0.7,0.7,0.0,2,8,oracle,blind,energy_lag_only,61,13,-44.29535916666646,1.1049882170238865,True,False,False
False,True,False,-34.1654052734375,1.0,327.06146240234375,327.06146240234375,0.6833333333333333,0.6833333333333333,0.0,2,9,nearest,blind,energy_lag_only,61,14,-10.156326333333482,1.9781608549217324,False,False,False
False,True,False,-33.4332275390625,1.0,327.06146240234375,327.06146240234375,0.6833333333333333,0.6833333333333333,0.0,2,9,oracle,blind,energy_lag_only,61,14,-10.156326333333482,1.9781608549217324,False,False,False
True,True,True,8.9449462890625,1.0,43.97926330566406,43.97926330566406,0.6833333333333333,0.6833333333333333,0.0,2,9,nearest,blind,energy_lag_only,61,15,-15.659811333333437,1.2021197043840604,True,False,False
True,True,True,9.2962646484375,1.0,43.97926330566406,43.97926330566406,0.6833333333333333,0.6833333333333333,0.0,2,9,oracle,blind,energy_lag_only,61,15,-15.659811333333437,1.2021197043840604,True,False,False
False,True,False,-2.166748046875,1.0,435.6214294433594,435.6214294433594,0.7,0.7,0.0,2,9,nearest,blind,energy_lag_only,61,16,2.4453411999998025,0.7025707477495011,True,True,True
False,True,False,-4.8018798828125,1.0,435.6214294433594,435.6214294433594,0.7,0.7,0.0,2,9,oracle,blind,energy_lag_only,61,16,2.4453411999998025,0.7025707477495011,True,True,True
True,True,True,5.4183349609375,1.0,415.0872802734375,415.0872802734375,0.6833333333333333,0.6833333333333333,0.0,2,9,nearest,blind,energy_lag_only,61,17,-28.864946633333375,0.37000520117784774,True,False,False
True,True,True,3.5040283203125,1.0,415.0872802734375,415.0872802734375,0.6833333333333333,0.6833333333333333,0.0,2,9,oracle,blind,energy_lag_only,61,17,-28.864946633333375,0.37000520117784774,True,False,False
True,True,True,63.9075927734375,1.0,282.0497131347656,282.0497131347656,0.6833333333333333,0.6833333333333333,0.0,2,9,nearest,blind,energy_lag_only,61,18,18.83853453333336,3.162165578699149,False,True,False
True,True,True,69.0101318359375,1.0,282.0497131347656,282.0497131347656,0.6833333333333333,0.6833333333333333,0.0,2,9,oracle,blind,energy_lag_only,61,18,18.83853453333336,3.162165578699149,False,True,False
True,True,True,56.88720703125,1.0,318.0704345703125,318.0704345703125,0.7,0.7,0.0,2,8,nearest,blind,energy_lag_only,61,19,4.171389033333071,1.8535000314014007,False,True,False
True,True,True,57.249267578125,1.0,318.0704345703125,318.0704345703125,0.7,0.7,0.0,2,8,oracle,blind,energy_lag_only,61,19,4.171389033333071,1.8535000314014007,False,True,False
True,True,True,0.0477294921875,1.0,261.11358642578125,261.11358642578125,0.6833333333333333,0.6833333333333333,0.0,2,8,nearest,blind,energy_lag_only,61,20,-89.13107366666691,22.15800149968234,False,False,False
False,True,False,-0.6461181640625,1.0,261.11358642578125,261.11358642578125,0.6833333333333333,0.6833333333333333,0.0,2,8,oracle,blind,energy_lag_only,61,20,-89.13107366666691,22.15800149968234,False,False,False
True,True,True,8.8450927734375,1.0,55.35625076293945,55.35625076293945,0.6833333333333333,0.6833333333333333,0.0,2,8,nearest,blind,energy_lag_only,61,21,-14.673009099999945,1.067307704305657,True,False,False
True,True,True,6.65185546875,1.0,55.35625076293945,55.35625076293945,0.6833333333333333,0.6833333333333333,0.0,2,8,oracle,blind,energy_lag_only,61,21,-14.673009099999945,1.067307704305657,True,False,False
True,True,True,7.33203125,1.0,64.97998809814453,64.97998809814453,0.6833333333333333,0.6833333333333333,0.0,2,7,nearest,blind,energy_lag_only,61,22,-21.724714733333258,1.1555041282029777,True,False,False
True,True,True,0.3480224609375,1.0,64.97998809814453,64.97998809814453,0.6833333333333333,0.6833333333333333,0.0,2,7,oracle,blind,energy_lag_only,61,22,-21.724714733333258,1.1555041282029777,True,False,False
False,True,False,-12.20654296875,1.0,56.103233337402344,56.103233337402344,0.6833333333333333,0.6833333333333333,0.0,2,7,nearest,blind,energy_lag_only,61,23,-19.39406096666653,1.0506975933694493,True,False,False
False,True,False,-14.8558349609375,1.0,56.103233337402344,56.103233337402344,0.6833333333333333,0.6833333333333333,0.0,2,7,oracle,blind,energy_lag_only,61,23,-19.39406096666653,1.0506975933694493,True,False,False
True,True,True,47.6053466796875,1.0,146.6529998779297,146.6529998779297,0.6833333333333333,0.6833333333333333,0.0,2,8,nearest,blind,energy_lag_only,61,24,-42.98126326666693,11.363455098026014,False,False,False
True,True,True,47.7314453125,1.0,146.6529998779297,146.6529998779297,0.6833333333333333,0.6833333333333333,0.0,2,8,oracle,blind,energy_lag_only,61,24,-42.98126326666693,11.363455098026014,False,False,False
True,True,True,2.5059814453125,1.0,100.08171844482422,100.08171844482422,0.6833333333333333,0.6833333333333333,0.0,2,6,nearest,blind,energy_lag_only,61,25,-27.826190100000076,1.0064872103530509,True,False,False
True,True,True,3.068603515625,1.0,100.08171844482422,100.08171844482422,0.6833333333333333,0.6833333333333333,0.0,2,6,oracle,blind,energy_lag_only,61,25,-27.826190100000076,1.0064872103530509,True,False,False
True,True,True,12.690185546875,1.0,157.24722290039062,157.24722290039062,0.6833333333333333,0.6833333333333333,0.0,2,6,nearest,blind,energy_lag_only,61,26,-45.50270499999988,1.021390187391,True,False,False
True,True,True,12.6297607421875,1.0,157.24722290039062,157.24722290039062,0.6833333333333333,0.6833333333333333,0.0,2,6,oracle,blind,energy_lag_only,61,26,-45.50270499999988,1.021390187391,True,False,False
True,True,True,12.623779296875,1.0,77.95539855957031,77.95539855957031,0.6833333333333333,0.6833333333333333,0.0,2,6,nearest,blind,energy_lag_only,61,27,-17.631678899999997,1.6497134422268718,False,False,False
True,True,True,3.1485595703125,1.0,77.95539855957031,77.95539855957031,0.6833333333333333,0.6833333333333333,0.0,2,6,oracle,blind,energy_lag_only,61,27,-17.631678899999997,1.6497134422268718,False,False,False
False,True,False,-4.439208984375,1.0,236.1031036376953,236.1031036376953,0.6833333333333333,0.6833333333333333,0.0,2,5,nearest,blind,energy_lag_only,61,28,-24.5313662333333,1.0645985642535187,True,False,False
False,True,False,-11.460693359375,1.0,236.1031036376953,236.1031036376953,0.6833333333333333,0.6833333333333333,0.0,2,5,oracle,blind,energy_lag_only,61,28,-24.5313662333333,1.0645985642535187,True,False,False
True,True,True,17.966552734375,1.0,248.54425048828125,248.54425048828125,0.6833333333333333,0.6833333333333333,0.0,2,5,nearest,blind,energy_lag_only,61,29,-45.07626736666657,9.305726041134806,False,False,False
True,True,True,17.966552734375,1.0,248.54425048828125,248.54425048828125,0.6833333333333333,0.6833333333333333,0.0,2,5,oracle,blind,energy_lag_only,61,29,-45.07626736666657,9.305726041134806,False,False,False
False,True,False,-10.90380859375,1.0,172.15069580078125,172.15069580078125,0.6833333333333333,0.6833333333333333,0.0,2,6,nearest,blind,energy_lag_only,61,30,-12.067986766666536,12.60799169563128,False,False,False
False,True,False,-10.90380859375,1.0,172.15069580078125,172.15069580078125,0.6833333333333333,0.6833333333333333,0.0,2,6,oracle,blind,energy_lag_only,61,30,-12.067986766666536,12.60799169563128,False,False,False
True,True,True,6.7882080078125,1.0,308.0728454589844,308.0728454589844,0.6833333333333333,0.6833333333333333,0.0,2,6,nearest,blind,energy_lag_only,61,31,-8.633197599999903,4.366150633090896,False,False,False
True,True,True,16.6104736328125,1.0,308.0728454589844,308.0728454589844,0.6833333333333333,0.6833333333333333,0.0,2,6,oracle,blind,energy_lag_only,61,31,-8.633197599999903,4.366150633090896,False,False,False
False,True,False,-33.043701171875,1.0,299.9139709472656,299.9139709472656,0.6833333333333333,0.6833333333333333,0.0,2,6,nearest,blind,energy_lag_only,61,32,12.766447666666636,0.9289147841604405,True,True,True
False,True,False,-33.74365234375,1.0,299.9139709472656,299.9139709472656,0.6833333333333333,0.6833333333333333,0.0,2,6,oracle,blind,energy_lag_only,61,32,12.766447666666636,0.9289147841604405,True,True,True
False,True,False,-2.4473876953125,1.0,44.036258697509766,44.036258697509766,0.6833333333333333,0.6833333333333333,0.0,2,6,nearest,blind,energy_lag_only,61,33,-7.500190633333432,1.036624119007333,True,False,False
True,True,True,2.669677734375,1.0,44.036258697509766,44.036258697509766,0.6833333333333333,0.6833333333333333,0.0,2,6,oracle,blind,energy_lag_only,61,33,-7.500190633333432,1.036624119007333,True,False,False
False,True,False,-4.1654052734375,1.0,242.75408935546875,242.75408935546875,0.7,0.7,0.0,2,6,nearest,blind,energy_lag_only,61,34,-9.860398600000053,1.0946524696915816,True,False,False
False,True,False,-8.124755859375,1.0,242.75408935546875,242.75408935546875,0.7,0.7,0.0,2,6,oracle,blind,energy_lag_only,61,34,-9.860398600000053,1.0946524696915816,True,False,False
True,True,True,11.8770751953125,1.0,254.79542541503906,254.79542541503906,0.6833333333333333,0.6833333333333333,0.0,2,5,nearest,blind,energy_lag_only,61,35,-14.078193633333512,1.826340975315445,False,False,False
True,True,True,13.8780517578125,1.0,254.79542541503906,254.79542541503906,0.6833333333333333,0.6833333333333333,0.0,2,5,oracle,blind,energy_lag_only,61,35,-14.078193633333512,1.826340975315445,False,False,False
False,True,False,-16.322998046875,1.0,227.04100036621094,227.04100036621094,0.6833333333333333,0.6833333333333333,0.0,2,5,nearest,blind,energy_lag_only,61,36,-23.22838569999999,2.573781231312626,False,False,False
False,True,False,-11.015380859375,1.0,227.04100036621094,227.04100036621094,0.6833333333333333,0.6833333333333333,0.0,2,5,oracle,blind,energy_lag_only,61,36,-23.22838569999999,2.573781231312626,False,False,False
True,True,True,36.0888671875,1.0,272.6485900878906,272.6485900878906,0.7166666666666667,0.7166666666666667,0.0,2,5,nearest,blind,energy_lag_only,61,37,-3.164002966666885,2.213693869180355,False,False,False
True,True,True,18.3994140625,1.0,272.6485900878906,272.6485900878906,0.7166666666666667,0.7166666666666667,0.0,2,5,oracle,blind,energy_lag_only,61,37,-3.164002966666885,2.213693869180355,False,False,False
False,True,False,-1.2047119140625,1.0,251.0452117919922,251.0452117919922,0.6833333333333333,0.6833333333333333,0.0,2,4,nearest,blind,energy_lag_only,61,38,-72.95921653333335,1.0346444077483639,True,False,False
False,True,False,-0.5294189453125,1.0,251.0452117919922,251.0452117919922,0.6833333333333333,0.6833333333333333,0.0,2,4,oracle,blind,energy_lag_only,61,38,-72.95921653333335,1.0346444077483639,True,False,False
False,True,False,-1.6451416015625,1.0,49.385780334472656,49.385780334472656,0.6833333333333333,0.6833333333333333,0.0,2,4,nearest,blind,energy_lag_only,61,39,-24.06741783333314,1.0546426384497067,True,False,False
False,True,False,-2.5609130859375,1.0,49.385780334472656,49.385780334472656,0.6833333333333333,0.6833333333333333,0.0,2,4,oracle,blind,energy_lag_only,61,39,-24.06741783333314,1.0546426384497067,True,False,False
True,True,True,2.421875,1.0,185.90570068359375,185.90570068359375,0.7,0.7,0.0,3,7,nearest,blind,energy_lag_only,61,0,6.520652366666809,1.0508762286389612,True,True,True
True,True,True,3.066162109375,1.0,185.90570068359375,185.90570068359375,0.7,0.7,0.0,3,7,oracle,blind,energy_lag_only,61,0,6.520652366666809,1.0508762286389612,True,True,True
False,True,False,-20.28564453125,1.0,212.7375030517578,212.7375030517578,0.6833333333333333,0.6833333333333333,0.0,3,7,nearest,blind,energy_lag_only,61,1,0.29075673333341,1.0023046444548163,True,True,True
False,True,False,-22.585693359375,1.0,212.7375030517578,212.7375030517578,0.6833333333333333,0.6833333333333333,0.0,3,7,oracle,blind,energy_lag_only,61,1,0.29075673333341,1.0023046444548163,True,True,True
True,True,True,2.48681640625,1.0,235.9856719970703,235.9856719970703,0.7,0.7,0.0,3,7,nearest,blind,energy_lag_only,61,2,12.621657799999866,0.9497429526478286,True,True,True
True,True,True,7.215087890625,1.0,235.9856719970703,235.9856719970703,0.7,0.7,0.0,3,7,oracle,blind,energy_lag_only,61,2,12.621657799999866,0.9497429526478286,True,True,True
True,True,True,2.873291015625,1.0,275.18365478515625,275.18365478515625,0.6833333333333333,0.6833333333333333,0.0,3,6,nearest,blind,energy_lag_only,61,3,-3.254433199999994,1.1539617222030372,True,False,False
True,True,True,1.9464111328125,1.0,275.18365478515625,275.18365478515625,0.6833333333333333,0.6833333333333333,0.0,3,6,oracle,blind,energy_lag_only,61,3,-3.254433199999994,1.1539617222030372,True,False,False
True,True,True,4.890869140625,1.0,244.58348083496094,244.58348083496094,0.6833333333333333,0.6833333333333333,0.0,3,5,nearest,blind,energy_lag_only,61,4,-19.99570093333341,1.0901231770026032,True,False,False
True,True,True,4.890869140625,1.0,244.58348083496094,244.58348083496094,0.6833333333333333,0.6833333333333333,0.0,3,5,oracle,blind,energy_lag_only,61,4,-19.99570093333341,1.0901231770026032,True,False,False
True,True,True,15.127685546875,1.0,303.8834533691406,303.8834533691406,0.6833333333333333,0.6833333333333333,0.0,3,4,nearest,blind,energy_lag_only,61,5,3.3277532666666048,0.8371502810063084,True,True,True
True,True,True,15.127685546875,1.0,303.8834533691406,303.8834533691406,0.6833333333333333,0.6833333333333333,0.0,3,4,oracle,blind,energy_lag_only,61,5,3.3277532666666048,0.8371502810063084,True,True,True
True,True,True,2.12646484375,1.0,347.1533203125,347.1533203125,0.7,0.7,0.0,3,4,nearest,blind,energy_lag_only,61,6,-1.8871341999999913,1.0051582606606795,True,False,False
True,True,True,2.12646484375,1.0,347.1533203125,347.1533203125,0.7,0.7,0.0,3,4,oracle,blind,energy_lag_only,61,6,-1.8871341999999913,1.0051582606606795,True,False,False
True,True,True,2.0936279296875,1.0,237.00364685058594,237.00364685058594,0.7166666666666667,0.7166666666666667,0.0,3,4,nearest,blind,energy_lag_only,61,7,-0.8070668000000296,0.9931772391523623,True,False,False
True,True,True,2.2022705078125,1.0,237.00364685058594,237.00364685058594,0.7166666666666667,0.7166666666666667,0.0,3,4,oracle,blind,energy_lag_only,61,7,-0.8070668000000296,0.9931772391523623,True,False,False
True,True,True,3.307373046875,1.0,286.9585266113281,286.9585266113281,0.7166666666666667,0.7166666666666667,0.0,3,4,nearest,blind,energy_lag_only,61,8,6.381240733333243,0.873970676041242,True,True,True
True,True,True,3.4453125,1.0,286.9585266113281,286.9585266113281,0.7166666666666667,0.7166666666666667,0.0,3,4,oracle,blind,energy_lag_only,61,8,6.381240733333243,0.873970676041242,True,True,True
False,True,False,-0.86767578125,1.0,249.48301696777344,249.48301696777344,0.7,0.7,0.0,3,4,nearest,blind,energy_lag_only,61,9,-15.466190333333316,0.9601287930471871,True,False,False
False,True,False,-1.307861328125,1.0,249.48301696777344,249.48301696777344,0.7,0.7,0.0,3,4,oracle,blind,energy_lag_only,61,9,-15.466190333333316,0.9601287930471871,True,False,False
True,True,True,7.03662109375,1.0,251.3734130859375,251.3734130859375,0.6833333333333333,0.6833333333333333,0.0,3,4,nearest,blind,energy_lag_only,61,10,2.2381830333335984,1.2621237654172879,True,True,True
True,True,True,7.03662109375,1.0,251.3734130859375,251.3734130859375,0.6833333333333333,0.6833333333333333,0.0,3,4,oracle,blind,energy_lag_only,61,10,2.2381830333335984,1.2621237654172879,True,True,True
True,True,True,18.060791015625,1.0,340.4185485839844,340.4185485839844,0.6833333333333333,0.6833333333333333,0.0,3,4,nearest,blind,energy_lag_only,61,11,27.00026949999983,1.6140110014926514,False,True,False
True,True,True,12.948974609375,1.0,340.4185485839844,340.4185485839844,0.6833333333333333,0.6833333333333333,0.0,3,4,oracle,blind,energy_lag_only,61,11,27.00026949999983,1.6140110014926514,False,True,False
True,True,True,4.6324462890625,1.0,237.24331665039062,237.24331665039062,0.7,0.7,0.0,3,4,nearest,blind,energy_lag_only,61,12,-62.29991323333343,4.342624535128006,False,False,False
True,True,True,3.7728271484375,1.0,237.24331665039062,237.24331665039062,0.7,0.7,0.0,3,4,oracle,blind,energy_lag_only,61,12,-62.29991323333343,4.342624535128006,False,False,False
True,True,True,6.700927734375,1.0,331.598876953125,331.598876953125,0.7,0.7,0.0,3,5,nearest,blind,energy_lag_only,61,13,-6.58969263333347,0.6357676430500306,True,False,False
True,True,True,21.529296875,1.0,331.598876953125,331.598876953125,0.7,0.7,0.0,3,5,oracle,blind,energy_lag_only,61,13,-6.58969263333347,0.6357676430500306,True,False,False
False,True,False,-4.1519775390625,1.0,327.06146240234375,327.06146240234375,0.6833333333333333,0.6833333333333333,0.0,3,5,nearest,blind,energy_lag_only,61,14,-14.776954933333627,6.87986470907451,False,False,False
False,True,False,-21.8682861328125,1.0,327.06146240234375,327.06146240234375,0.6833333333333333,0.6833333333333333,0.0,3,5,oracle,blind,energy_lag_only,61,14,-14.776954933333627,6.87986470907451,False,False,False
True,True,True,0.443359375,1.0,43.97926330566406,43.97926330566406,0.6833333333333333,0.6833333333333333,0.0,3,5,nearest,blind,energy_lag_only,61,15,3.6805031333331044,1.0122646991772664,True,True,True
True,True,True,0.443359375,1.0,43.97926330566406,43.97926330566406,0.6833333333333333,0.6833333333333333,0.0,3,5,oracle,blind,energy_lag_only,61,15,3.6805031333331044,1.0122646991772664,True,True,True
True,True,True,1.0533447265625,1.0,435.6214294433594,435.6214294433594,0.7,0.7,0.0,3,5,nearest,blind,energy_lag_only,61,16,-17.03120110000009,1.8712589986632386,False,False,False
True,True,True,1.4801025390625,1.0,435.6214294433594,435.6214294433594,0.7,0.7,0.0,3,5,oracle,blind,energy_lag_only,61,16,-17.03120110000009,1.8712589986632386,False,False,False
True,True,True,10.906005859375,1.0,415.0872802734375,415.0872802734375,0.6833333333333333,0.6833333333333333,0.0,3,6,nearest,blind,energy_lag_only,61,17,-12.644774433333396,0.9655348297933251,True,False,False
True,True,True,9.1968994140625,1.0,415.0872802734375,415.0872802734375,0.6833333333333333,0.6833333333333333,0.0,3,6,oracle,blind,energy_lag_only,61,17,-12.644774433333396,0.9655348297933251,True,False,False
False,True,False,-0.2978515625,1.0,282.0497131347656,282.0497131347656,0.6833333333333333,0.6833333333333333,0.0,3,6,nearest,blind,energy_lag_only,61,18,2.115690633333543,0.6103568862407378,True,True,True
True,True,True,2.7667236328125,1.0,282.0497131347656,282.0497131347656,0.6833333333333333,0.6833333333333333,0.0,3,6,oracle,blind,energy_lag_only,61,18,2.115690633333543,0.6103568862407378,True,True,True
True,True,True,14.26513671875,1.0,318.0704345703125,318.0704345703125,0.7,0.7,0.0,3,6,nearest,blind,energy_lag_only,61,19,40.68051859999969,1.257015561923831,True,True,True
True,True,True,7.5478515625,1.0,318.0704345703125,318.0704345703125,0.7,0.7,0.0,3,6,oracle,blind,energy_lag_only,61,19,40.68051859999969,1.257015561923831,True,True,True
True,True,True,4.255615234375,1.0,261.11358642578125,261.11358642578125,0.6833333333333333,0.6833333333333333,0.0,3,6,nearest,blind,energy_lag_only,61,20,-39.98266666666677,1.8389205966549216,False,False,False
True,True,True,4.8355712890625,1.0,261.11358642578125,261.11358642578125,0.6833333333333333,0.6833333333333333,0.0,3,6,oracle,blind,energy_lag_only,61,20,-39.98266666666677,1.8389205966549216,False,False,False
True,True,True,13.177978515625,1.0,55.35625076293945,55.35625076293945,0.6833333333333333,0.6833333333333333,0.0,3,8,nearest,blind,energy_lag_only,61,21,-5.281077933333108,1.0159880124725968,True,False,False
True,True,True,16.6429443359375,1.0,55.35625076293945,55.35625076293945,0.6833333333333333,0.6833333333333333,0.0,3,8,oracle,blind,energy_lag_only,61,21,-5.281077933333108,1.0159880124725968,True,False,False
True,True,True,10.942138671875,1.0,64.97998809814453,64.97998809814453,0.6833333333333333,0.6833333333333333,0.0,3,8,nearest,blind,energy_lag_only,61,22,-2.7483766666666725,1.06144767711277,True,False,False
True,True,True,9.1895751953125,1.0,64.97998809814453,64.97998809814453,0.6833333333333333,0.6833333333333333,0.0,3,8,oracle,blind,energy_lag_only,61,22,-2.7483766666666725,1.06144767711277,True,False,False
True,True,True,27.287841796875,1.0,56.103233337402344,56.103233337402344,0.6833333333333333,0.6833333333333333,0.0,3,9,nearest,blind,energy_lag_only,61,23,-19.72016606666648,0.9990774433561979,True,False,False
True,True,True,26.5455322265625,1.0,56.103233337402344,56.103233337402344,0.6833333333333333,0.6833333333333333,0.0,3,9,oracle,blind,energy_lag_only,61,23,-19.72016606666648,0.9990774433561979,True,False,False
True,True,True,0.877197265625,1.0,146.6529998779297,146.6529998779297,0.6833333333333333,0.6833333333333333,0.0,3,9,nearest,blind,energy_lag_only,61,24,7.082139666666535,1.0418341960635213,True,True,True
True,True,True,7.52978515625,1.0,146.6529998779297,146.6529998779297,0.6833333333333333,0.6833333333333333,0.0,3,9,oracle,blind,energy_lag_only,61,24,7.082139666666535,1.0418341960635213,True,True,True
True,True,True,6.7496337890625,1.0,100.08171844482422,100.08171844482422,0.6833333333333333,0.6833333333333333,0.0,3,8,nearest,blind,energy_lag_only,61,25,-3.267896900000096,0.865005268792262,True,False,False
True,True,True,4.3660888671875,1.0,100.08171844482422,100.08171844482422,0.6833333333333333,0.6833333333333333,0.0,3,8,oracle,blind,energy_lag_only,61,25,-3.267896900000096,0.865005268792262,True,False,False
True,True,True,46.676025390625,1.0,157.24722290039062,157.24722290039062,0.6833333333333333,0.6833333333333333,0.0,3,9,nearest,blind,energy_lag_only,61,26,3.4722998000002008,20.097426654453756,False,True,False
True,True,True,46.676025390625,1.0,157.24722290039062,157.24722290039062,0.6833333333333333,0.6833333333333333,0.0,3,9,oracle,blind,energy_lag_only,61,26,3.4722998000002008,20.097426654453756,False,True,False
True,True,True,20.16455078125,1.0,77.95539855957031,77.95539855957031,0.6833333333333333,0.6833333333333333,0.0,3,10,nearest,blind,energy_lag_only,61,27,5.216848566666613,0.8748319793327064,True,True,True
True,True,True,19.2861328125,1.0,77.95539855957031,77.95539855957031,0.6833333333333333,0.6833333333333333,0.0,3,10,oracle,blind,energy_lag_only,61,27,5.216848566666613,0.8748319793327064,True,True,True
True,True,True,5.12841796875,1.0,236.1031036376953,236.1031036376953,0.6833333333333333,0.6833333333333333,0.0,3,10,nearest,blind,energy_lag_only,61,28,-7.904399600000033,1.1713500376574482,True,False,False
False,True,False,-2.9569091796875,1.0,236.1031036376953,236.1031036376953,0.6833333333333333,0.6833333333333333,0.0,3,10,oracle,blind,energy_lag_only,61,28,-7.904399600000033,1.1713500376574482,True,False,False
True,True,True,22.484619140625,1.0,248.54425048828125,248.54425048828125,0.6833333333333333,0.6833333333333333,0.0,3,10,nearest,blind,energy_lag_only,61,29,-47.583690199999864,2.7681152800109965,False,False,False
True,True,True,21.877685546875,1.0,248.54425048828125,248.54425048828125,0.6833333333333333,0.6833333333333333,0.0,3,10,oracle,blind,energy_lag_only,61,29,-47.583690199999864,2.7681152800109965,False,False,False
True,True,True,31.7113037109375,1.0,172.15069580078125,172.15069580078125,0.6833333333333333,0.6833333333333333,0.0,3,10,nearest,blind,energy_lag_only,61,30,-5.588850866666462,10.629709330952833,False,False,False
True,True,True,31.685791015625,1.0,172.15069580078125,172.15069580078125,0.6833333333333333,0.6833333333333333,0.0,3,10,oracle,blind,energy_lag_only,61,30,-5.588850866666462,10.629709330952833,False,False,False
False,True,False,-26.13427734375,1.0,308.0728454589844,308.0728454589844,0.6833333333333333,0.6833333333333333,0.0,3,10,nearest,blind,energy_lag_only,61,31,-6.416819400000122,2.589210838659513,False,False,False
False,True,False,-23.37548828125,1.0,308.0728454589844,308.0728454589844,0.6833333333333333,0.6833333333333333,0.0,3,10,oracle,blind,energy_lag_only,61,31,-6.416819400000122,2.589210838659513,False,False,False
True,True,True,64.78759765625,1.0,299.9139709472656,299.9139709472656,0.6833333333333333,0.6833333333333333,0.0,3,11,nearest,blind,energy_lag_only,61,32,-4.2974644666667245,3.3059719949073743,False,False,False
True,True,True,73.850341796875,1.0,299.9139709472656,299.9139709472656,0.6833333333333333,0.6833333333333333,0.0,3,11,oracle,blind,energy_lag_only,61,32,-4.2974644666667245,3.3059719949073743,False,False,False
True,True,True,13.972412109375,1.0,44.036258697509766,44.036258697509766,0.6833333333333333,0.6833333333333333,0.0,3,10,nearest,blind,energy_lag_only,61,33,-2.5762052000002313,1.0019574874983512,True,False,False
True,True,True,14.648193359375,1.0,44.036258697509766,44.036258697509766,0.6833333333333333,0.6833333333333333,0.0,3,10,oracle,blind,energy_lag_only,61,33,-2.5762052000002313,1.0019574874983512,True,False,False
True,True,True,28.58056640625,1.0,242.75408935546875,242.75408935546875,0.7,0.7,0.0,3,10,nearest,blind,energy_lag_only,61,34,-35.24921160000031,4.122834988179906,False,False,False
True,True,True,35.01513671875,1.0,242.75408935546875,242.75408935546875,0.7,0.7,0.0,3,10,oracle,blind,energy_lag_only,61,34,-35.24921160000031,4.122834988179906,False,False,False
True,True,True,57.4554443359375,1.0,254.79542541503906,254.79542541503906,0.6833333333333333,0.6833333333333333,0.0,3,10,nearest,blind,energy_lag_only,61,35,30.88746083333308,11.844307956870596,False,True,False
True,True,True,57.4554443359375,1.0,254.79542541503906,254.79542541503906,0.6833333333333333,0.6833333333333333,0.0,3,10,oracle,blind,energy_lag_only,61,35,30.88746083333308,11.844307956870596,False,True,False
False,True,False,-2.3414306640625,1.0,227.04100036621094,227.04100036621094,0.6833333333333333,0.6833333333333333,0.0,3,9,nearest,blind,energy_lag_only,61,36,-53.57331450000015,1.1560085683439654,True,False,False
False,True,False,-13.04052734375,1.0,227.04100036621094,227.04100036621094,0.6833333333333333,0.6833333333333333,0.0,3,9,oracle,blind,energy_lag_only,61,36,-53.57331450000015,1.1560085683439654,True,False,False
True,True,True,50.603515625,1.0,272.6485900878906,272.6485900878906,0.7166666666666667,0.7166666666666667,0.0,3,9,nearest,blind,energy_lag_only,61,37,58.098749566666356,4.17500831744961,False,True,False
True,True,True,31.468505859375,1.0,272.6485900878906,272.6485900878906,0.7166666666666667,0.7166666666666667,0.0,3,9,oracle,blind,energy_lag_only,61,37,58.098749566666356,4.17500831744961,False,True,False
True,True,True,4.9552001953125,1.0,251.0452117919922,251.0452117919922,0.6833333333333333,0.6833333333333333,0.0,3,9,nearest,blind,energy_lag_only,61,38,-99.28486810000004,21.45485537228427,False,False,False
True,True,True,5.323974609375,1.0,251.0452117919922,251.0452117919922,0.6833333333333333,0.6833333333333333,0.0,3,9,oracle,blind,energy_lag_only,61,38,-99.28486810000004,21.45485537228427,False,False,False
True,True,True,15.16015625,1.0,49.385780334472656,49.385780334472656,0.6833333333333333,0.6833333333333333,0.0,3,9,nearest,blind,energy_lag_only,61,39,-9.270024766666438,1.0184595581769809,True,False,False
True,True,True,16.4324951171875,1.0,49.385780334472656,49.385780334472656,0.6833333333333333,0.6833333333333333,0.0,3,9,oracle,blind,energy_lag_only,61,39,-9.270024766666438,1.0184595581769809,True,False,False
False,True,False,-0.9503173828125,1.0,185.90570068359375,185.90570068359375,0.7,0.7,0.0,4,12,nearest,blind,energy_lag_only,61,0,9.70355890000019,0.9891706650867147,True,True,True
True,True,True,0.2506103515625,1.0,185.90570068359375,185.90570068359375,0.7,0.7,0.0,4,12,oracle,blind,energy_lag_only,61,0,9.70355890000019,0.9891706650867147,True,True,True
False,True,False,-1.8785400390625,1.0,212.7375030517578,212.7375030517578,0.6833333333333333,0.6833333333333333,0.0,4,13,nearest,blind,energy_lag_only,61,1,-4.564158933333374,1.0514611212804694,True,False,False
False,True,False,-5.1181640625,1.0,212.7375030517578,212.7375030517578,0.6833333333333333,0.6833333333333333,0.0,4,13,oracle,blind,energy_lag_only,61,1,-4.564158933333374,1.0514611212804694,True,False,False
False,True,False,-18.20947265625,1.0,235.9856719970703,235.9856719970703,0.7,0.7,0.0,4,13,nearest,blind,energy_lag_only,61,2,6.437456533333261,0.950851322590534,True,True,True
False,True,False,-14.7880859375,1.0,235.9856719970703,235.9856719970703,0.7,0.7,0.0,4,13,oracle,blind,energy_lag_only,61,2,6.437456533333261,0.950851322590534,True,True,True
False,True,False,-3.7803955078125,1.0,275.18365478515625,275.18365478515625,0.6833333333333333,0.6833333333333333,0.0,4,13,nearest,blind,energy_lag_only,61,3,2.073887133333301,0.9339094361139124,True,True,True
False,True,False,-5.84912109375,1.0,275.18365478515625,275.18365478515625,0.6833333333333333,0.6833333333333333,0.0,4,13,oracle,blind,energy_lag_only,61,3,2.073887133333301,0.9339094361139124,True,True,True
False,True,False,-5.8720703125,1.0,244.58348083496094,244.58348083496094,0.6833333333333333,0.6833333333333333,0.0,4,13,nearest,blind,energy_lag_only,61,4,-3.34094836666668,1.1079364272889105,True,False,False
False,True,False,-5.1844482421875,1.0,244.58348083496094,244.58348083496094,0.6833333333333333,0.6833333333333333,0.0,4,13,oracle,blind,energy_lag_only,61,4,-3.34094836666668,1.1079364272889105,True,False,False
True,True,True,78.400634765625,1.0,303.8834533691406,303.8834533691406,0.6833333333333333,0.6833333333333333,0.0,4,14,nearest,blind,energy_lag_only,61,5,-54.30783263333342,0.1931019612476346,True,False,False
True,True,True,77.5576171875,1.0,303.8834533691406,303.8834533691406,0.6833333333333333,0.6833333333333333,0.0,4,14,oracle,blind,energy_lag_only,61,5,-54.30783263333342,0.1931019612476346,True,False,False
False,True,False,-43.814453125,1.0,347.1533203125,347.1533203125,0.7,0.7,0.0,4,14,nearest,blind,energy_lag_only,61,6,-8.09107076666669,1.057512957012577,True,False,False
False,True,False,-36.9189453125,1.0,347.1533203125,347.1533203125,0.7,0.7,0.0,4,14,oracle,blind,energy_lag_only,61,6,-8.09107076666669,1.057512957012577,True,False,False
False,True,False,-3.2646484375,1.0,237.00364685058594,237.00364685058594,0.7166666666666667,0.7166666666666667,0.0,4,14,nearest,blind,energy_lag_only,61,7,-0.5768266333332122,1.020073546961594,True,False,False
False,True,False,-3.285888671875,1.0,237.00364685058594,237.00364685058594,0.7166666666666667,0.7166666666666667,0.0,4,14,oracle,blind,energy_lag_only,61,7,-0.5768266333332122,1.020073546961594,True,False,False
True,True,True,0.2392578125,1.0,286.9585266113281,286.9585266113281,0.7166666666666667,0.7166666666666667,0.0,4,13,nearest,blind,energy_lag_only,61,8,-8.44530786666678,1.0038294640724634,True,False,False
True,True,True,0.3807373046875,1.0,286.9585266113281,286.9585266113281,0.7166666666666667,0.7166666666666667,0.0,4,13,oracle,blind,energy_lag_only,61,8,-8.44530786666678,1.0038294640724634,True,False,False
False,True,False,-4.77099609375,1.0,249.48301696777344,249.48301696777344,0.7,0.7,0.0,4,14,nearest,blind,energy_lag_only,61,9,4.74318930000004,0.7575791532895725,True,True,True
False,True,False,-4.77099609375,1.0,249.48301696777344,249.48301696777344,0.7,0.7,0.0,4,14,oracle,blind,energy_lag_only,61,9,4.74318930000004,0.7575791532895725,True,True,True
True,True,True,55.7916259765625,1.0,251.3734130859375,251.3734130859375,0.6833333333333333,0.6833333333333333,0.0,4,12,nearest,blind,energy_lag_only,61,10,-52.77160439999966,1.3431286984268311,True,False,False
True,True,True,55.7916259765625,1.0,251.3734130859375,251.3734130859375,0.6833333333333333,0.6833333333333333,0.0,4,12,oracle,blind,energy_lag_only,61,10,-52.77160439999966,1.3431286984268311,True,False,False
True,True,True,49.33544921875,1.0,340.4185485839844,340.4185485839844,0.6833333333333333,0.6833333333333333,0.0,4,12,nearest,blind,energy_lag_only,61,11,-35.36827746666677,1.7282828843666336,False,False,False
True,True,True,49.33544921875,1.0,340.4185485839844,340.4185485839844,0.6833333333333333,0.6833333333333333,0.0,4,12,oracle,blind,energy_lag_only,61,11,-35.36827746666677,1.7282828843666336,False,False,False
True,True,True,2.6240234375,1.0,237.24331665039062,237.24331665039062,0.7,0.7,0.0,4,11,nearest,blind,energy_lag_only,61,12,-2.60722039999996,1.0429211248812944,True,False,False
True,True,True,2.6240234375,1.0,237.24331665039062,237.24331665039062,0.7,0.7,0.0,4,11,oracle,blind,energy_lag_only,61,12,-2.60722039999996,1.0429211248812944,True,False,False
True,True,True,79.6171875,1.0,331.598876953125,331.598876953125,0.7,0.7,0.0,4,10,nearest,blind,energy_lag_only,61,13,-34.679685800000016,0.6553859495487728,True,False,False
True,True,True,79.6171875,1.0,331.598876953125,331.598876953125,0.7,0.7,0.0,4,10,oracle,blind,energy_lag_only,61,13,-34.679685800000016,0.6553859495487728,True,False,False
False,True,False,-17.6082763671875,1.0,327.06146240234375,327.06146240234375,0.6833333333333333,0.6833333333333333,0.0,4,11,nearest,blind,energy_lag_only,61,14,-4.902121866666903,1.2057428888304358,True,False,False
False,True,False,-28.1551513671875,1.0,327.06146240234375,327.06146240234375,0.6833333333333333,0.6833333333333333,0.0,4,11,oracle,blind,energy_lag_only,61,14,-4.902121866666903,1.2057428888304358,True,False,False
False,True,False,-2.32421875,1.0,43.97926330566406,43.97926330566406,0.6833333333333333,0.6833333333333333,0.0,4,11,nearest,blind,energy_lag_only,61,15,-14.864381366666748,1.0518443151444175,True,False,False
False,True,False,-2.0799560546875,1.0,43.97926330566406,43.97926330566406,0.6833333333333333,0.6833333333333333,0.0,4,11,oracle,blind,energy_lag_only,61,15,-14.864381366666748,1.0518443151444175,True,False,False
False,True,False,-3.86865234375,1.0,435.6214294433594,435.6214294433594,0.7,0.7,0.0,4,12,nearest,blind,energy_lag_only,61,16,1.7115879000000405,0.8051629536396647,True,True,True
False,True,False,-6.10693359375,1.0,435.6214294433594,435.6214294433594,0.7,0.7,0.0,4,12,oracle,blind,energy_lag_only,61,16,1.7115879000000405,0.8051629536396647,True,True,True
True,True,True,74.3306884765625,1.0,415.0872802734375,415.0872802734375,0.6833333333333333,0.6833333333333333,0.0,4,13,nearest,blind,energy_lag_only,61,17,-50.00219579999998,0.26650789559915367,True,False,False
True,True,True,74.4556884765625,1.0,415.0872802734375,415.0872802734375,0.6833333333333333,0.6833333333333333,0.0,4,13,oracle,blind,energy_lag_only,61,17,-50.00219579999998,0.26650789559915367,True,False,False
False,True,False,-21.4815673828125,1.0,282.0497131347656,282.0497131347656,0.6833333333333333,0.6833333333333333,0.0,4,11,nearest,blind,energy_lag_only,61,18,-21.29756793333354,2.0784104576233275,False,False,False
False,True,False,-15.1578369140625,1.0,282.0497131347656,282.0497131347656,0.6833333333333333,0.6833333333333333,0.0,4,11,oracle,blind,energy_lag_only,61,18,-21.29756793333354,2.0784104576233275,False,False,False
True,True,True,61.48828125,1.0,318.0704345703125,318.0704345703125,0.7,0.7,0.0,4,11,nearest,blind,energy_lag_only,61,19,-44.17344233333324,0.9783901537557101,True,False,False
True,True,True,54.79150390625,1.0,318.0704345703125,318.0704345703125,0.7,0.7,0.0,4,11,oracle,blind,energy_lag_only,61,19,-44.17344233333324,0.9783901537557101,True,False,False
True,True,True,1.8372802734375,1.0,261.11358642578125,261.11358642578125,0.6833333333333333,0.6833333333333333,0.0,4,11,nearest,blind,energy_lag_only,61,20,-4.2913000333333,0.9055905652569832,True,False,False
True,True,True,0.0260009765625,1.0,261.11358642578125,261.11358642578125,0.6833333333333333,0.6833333333333333,0.0,4,11,oracle,blind,energy_lag_only,61,20,-4.2913000333333,0.9055905652569832,True,False,False
True,True,True,13.2647705078125,1.0,55.35625076293945,55.35625076293945,0.6833333333333333,0.6833333333333333,0.0,4,9,nearest,blind,energy_lag_only,61,21,-40.5414594333331,1.0867953504182348,True,False,False
True,True,True,15.2637939453125,1.0,55.35625076293945,55.35625076293945,0.6833333333333333,0.6833333333333333,0.0,4,9,oracle,blind,energy_lag_only,61,21,-40.5414594333331,1.0867953504182348,True,False,False
True,True,True,7.3226318359375,1.0,64.97998809814453,64.97998809814453,0.6833333333333333,0.6833333333333333,0.0,4,9,nearest,blind,energy_lag_only,61,22,-6.85482583333328,1.0708764778721944,True,False,False
True,True,True,1.15771484375,1.0,64.97998809814453,64.97998809814453,0.6833333333333333,0.6833333333333333,0.0,4,9,oracle,blind,energy_lag_only,61,22,-6.85482583333328,1.0708764778721944,True,False,False
False,True,False,-6.70166015625,1.0,56.103233337402344,56.103233337402344,0.6833333333333333,0.6833333333333333,0.0,4,8,nearest,blind,energy_lag_only,61,23,-23.241722699999855,1.0862913330644095,True,False,False
False,True,False,-7.1387939453125,1.0,56.103233337402344,56.103233337402344,0.6833333333333333,0.6833333333333333,0.0,4,8,oracle,blind,energy_lag_only,61,23,-23.241722699999855,1.0862913330644095,True,False,False
True,True,True,14.4871826171875,1.0,146.6529998779297,146.6529998779297,0.6833333333333333,0.6833333333333333,0.0,4,9,nearest,blind,energy_lag_only,61,24,-35.671961333333456,1.406808281218942,True,False,False
True,True,True,22.5281982421875,1.0,146.6529998779297,146.6529998779297,0.6833333333333333,0.6833333333333333,0.0,4,9,oracle,blind,energy_lag_only,61,24,-35.671961333333456,1.406808281218942,True,False,False
True,True,True,20.4068603515625,1.0,100.08171844482422,100.08171844482422,0.6833333333333333,0.6833333333333333,0.0,4,10,nearest,blind,energy_lag_only,61,25,-22.91091930000016,1.0400081619463724,True,False,False
True,True,True,16.8980712890625,1.0,100.08171844482422,100.08171844482422,0.6833333333333333,0.6833333333333333,0.0,4,10,oracle,blind,energy_lag_only,61,25,-22.91091930000016,1.0400081619463724,True,False,False
True,True,True,54.583251953125,1.0,157.24722290039062,157.24722290039062,0.6833333333333333,0.6833333333333333,0.0,4,10,nearest,blind,energy_lag_only,61,26,-28.971422766666592,1.4650209870304676,True,False,False
True,True,True,54.410888671875,1.0,157.24722290039062,157.24722290039062,0.6833333333333333,0.6833333333333333,0.0,4,10,oracle,blind,energy_lag_only,61,26,-28.971422766666592,1.4650209870304676,True,False,False
True,True,True,13.3104248046875,1.0,77.95539855957031,77.95539855957031,0.6833333333333333,0.6833333333333333,0.0,4,9,nearest,blind,energy_lag_only,61,27,-13.17687039999987,0.9279803455734223,True,False,False
True,True,True,10.681640625,1.0,77.95539855957031,77.95539855957031,0.6833333333333333,0.6833333333333333,0.0,4,9,oracle,blind,energy_lag_only,61,27,-13.17687039999987,0.9279803455734223,True,False,False
True,True,True,1.9342041015625,1.0,236.1031036376953,236.1031036376953,0.6833333333333333,0.6833333333333333,0.0,4,10,nearest,blind,energy_lag_only,61,28,-21.047346166666784,1.495229712430905,True,False,False
False,True,False,-10.9686279296875,1.0,236.1031036376953,236.1031036376953,0.6833333333333333,0.6833333333333333,0.0,4,10,oracle,blind,energy_lag_only,61,28,-21.047346166666784,1.495229712430905,True,False,False
True,True,True,9.2843017578125,1.0,248.54425048828125,248.54425048828125,0.6833333333333333,0.6833333333333333,0.0,4,10,nearest,blind,energy_lag_only,61,29,-50.34729853333329,4.791505670881415,False,False,False
True,True,True,9.1904296875,1.0,248.54425048828125,248.54425048828125,0.6833333333333333,0.6833333333333333,0.0,4,10,oracle,blind,energy_lag_only,61,29,-50.34729853333329,4.791505670881415,False,False,False
True,True,True,40.554443359375,1.0,172.15069580078125,172.15069580078125,0.6833333333333333,0.6833333333333333,0.0,4,10,nearest,blind,energy_lag_only,61,30,-24.5204539333331,4.042213495532783,False,False,False
True,True,True,45.8370361328125,1.0,172.15069580078125,172.15069580078125,0.6833333333333333,0.6833333333333333,0.0,4,10,oracle,blind,energy_lag_only,61,30,-24.5204539333331,4.042213495532783,False,False,False
False,True,False,-38.232177734375,1.0,308.0728454589844,308.0728454589844,0.6833333333333333,0.6833333333333333,0.0,4,10,nearest,blind,energy_lag_only,61,31,6.1626547999999275,1.013009697670062,True,True,True
False,True,False,-38.6318359375,1.0,308.0728454589844,308.0728454589844,0.6833333333333333,0.6833333333333333,0.0,4,10,oracle,blind,energy_lag_only,61,31,6.1626547999999275,1.013009697670062,True,True,True
True,True,True,35.2021484375,1.0,299.9139709472656,299.9139709472656,0.6833333333333333,0.6833333333333333,0.0,4,9,nearest,blind,energy_lag_only,61,32,-43.717285533333325,4.582926936161971,False,False,False
True,True,True,34.72509765625,1.0,299.9139709472656,299.9139709472656,0.6833333333333333,0.6833333333333333,0.0,4,9,oracle,blind,energy_lag_only,61,32,-43.717285533333325,4.582926936161971,False,False,False
True,True,True,6.681396484375,1.0,44.036258697509766,44.036258697509766,0.6833333333333333,0.6833333333333333,0.0,4,8,nearest,blind,energy_lag_only,61,33,-42.57816563333358,1.0934640246234495,True,False,False
True,True,True,9.4390869140625,1.0,44.036258697509766,44.036258697509766,0.6833333333333333,0.6833333333333333,0.0,4,8,oracle,blind,energy_lag_only,61,33,-42.57816563333358,1.0934640246234495,True,False,False
True,True,True,29.1339111328125,1.0,242.75408935546875,242.75408935546875,0.7,0.7,0.0,4,9,nearest,blind,energy_lag_only,61,34,-36.33475520000002,1.7994659799368702,False,False,False
True,True,True,26.883544921875,1.0,242.75408935546875,242.75408935546875,0.7,0.7,0.0,4,9,oracle,blind,energy_lag_only,61,34,-36.33475520000002,1.7994659799368702,False,False,False
True,True,True,7.4000244140625,1.0,254.79542541503906,254.79542541503906,0.6833333333333333,0.6833333333333333,0.0,4,9,nearest,blind,energy_lag_only,61,35,-8.309164000000237,8.207325833980887,False,False,False
True,True,True,7.571533203125,1.0,254.79542541503906,254.79542541503906,0.6833333333333333,0.6833333333333333,0.0,4,9,oracle,blind,energy_lag_only,61,35,-8.309164000000237,8.207325833980887,False,False,False
False,True,False,-18.5670166015625,1.0,227.04100036621094,227.04100036621094,0.6833333333333333,0.6833333333333333,0.0,4,10,nearest,blind,energy_lag_only,61,36,-27.703856466666593,1.922529519776395,False,False,False
False,True,False,-17.8289794921875,1.0,227.04100036621094,227.04100036621094,0.6833333333333333,0.6833333333333333,0.0,4,10,oracle,blind,energy_lag_only,61,36,-27.703856466666593,1.922529519776395,False,False,False
True,True,True,68.91943359375,1.0,272.6485900878906,272.6485900878906,0.7166666666666667,0.7166666666666667,0.0,4,9,nearest,blind,energy_lag_only,61,37,12.559847099999843,2.9351231327670257,False,True,False
True,True,True,45.54150390625,1.0,272.6485900878906,272.6485900878906,0.7166666666666667,0.7166666666666667,0.0,4,9,oracle,blind,energy_lag_only,61,37,12.559847099999843,2.9351231327670257,False,True,False
False,True,False,-1.008544921875,1.0,251.0452117919922,251.0452117919922,0.6833333333333333,0.6833333333333333,0.0,4,9,nearest,blind,energy_lag_only,61,38,-83.5816304,1.657536107547187,False,False,False
False,True,False,-0.930908203125,1.0,251.0452117919922,251.0452117919922,0.6833333333333333,0.6833333333333333,0.0,4,9,oracle,blind,energy_lag_only,61,38,-83.5816304,1.657536107547187,False,False,False
True,True,True,13.889404296875,1.0,49.385780334472656,49.385780334472656,0.6833333333333333,0.6833333333333333,0.0,4,9,nearest,blind,energy_lag_only,61,39,-30.377666066666507,1.0881745585157203,True,False,False
True,True,True,16.3624267578125,1.0,49.385780334472656,49.385780334472656,0.6833333333333333,0.6833333333333333,0.0,4,9,oracle,blind,energy_lag_only,61,39,-30.377666066666507,1.0881745585157203,True,False,False
True,True,True,3.1724853515625,1.0,185.90570068359375,185.90570068359375,0.7,0.7,0.0,5,8,nearest,blind,energy_lag_only,61,0,10.358159533333492,1.0101921359863364,True,True,True
True,True,True,2.194091796875,1.0,185.90570068359375,185.90570068359375,0.7,0.7,0.0,5,8,oracle,blind,energy_lag_only,61,0,10.358159533333492,1.0101921359863364,True,True,True
True,True,True,3.0272216796875,1.0,212.7375030517578,212.7375030517578,0.6833333333333333,0.6833333333333333,0.0,5,8,nearest,blind,energy_lag_only,61,1,1.1676817000000028,1.52894944454844,False,True,False
True,True,True,2.3856201171875,1.0,212.7375030517578,212.7375030517578,0.6833333333333333,0.6833333333333333,0.0,5,8,oracle,blind,energy_lag_only,61,1,1.1676817000000028,1.52894944454844,False,True,False
True,True,True,2.336669921875,1.0,235.9856719970703,235.9856719970703,0.7,0.7,0.0,5,7,nearest,blind,energy_lag_only,61,2,4.586766033333333,0.9715874892944493,True,True,True
True,True,True,13.9334716796875,1.0,235.9856719970703,235.9856719970703,0.7,0.7,0.0,5,7,oracle,blind,energy_lag_only,61,2,4.586766033333333,0.9715874892944493,True,True,True
True,True,True,1.639892578125,1.0,275.18365478515625,275.18365478515625,0.6833333333333333,0.6833333333333333,0.0,5,7,nearest,blind,energy_lag_only,61,3,2.937068100000033,0.985430258148574,True,True,True
True,True,True,0.974365234375,1.0,275.18365478515625,275.18365478515625,0.6833333333333333,0.6833333333333333,0.0,5,7,oracle,blind,energy_lag_only,61,3,2.937068100000033,0.985430258148574,True,True,True
True,True,True,2.08984375,1.0,244.58348083496094,244.58348083496094,0.6833333333333333,0.6833333333333333,0.0,5,8,nearest,blind,energy_lag_only,61,4,-5.3782341666667435,0.961279101538153,True,False,False
True,True,True,0.5870361328125,1.0,244.58348083496094,244.58348083496094,0.6833333333333333,0.6833333333333333,0.0,5,8,oracle,blind,energy_lag_only,61,4,-5.3782341666667435,0.961279101538153,True,False,False
True,True,True,17.916259765625,1.0,303.8834533691406,303.8834533691406,0.6833333333333333,0.6833333333333333,0.0,5,8,nearest,blind,energy_lag_only,61,5,6.876818133333245,0.7528070997822272,True,True,True
False,True,False,-2.189697265625,1.0,303.8834533691406,303.8834533691406,0.6833333333333333,0.6833333333333333,0.0,5,8,oracle,blind,energy_lag_only,61,5,6.876818133333245,0.7528070997822272,True,True,True
True,True,True,36.218994140625,1.0,347.1533203125,347.1533203125,0.7,0.7,0.0,5,8,nearest,blind,energy_lag_only,61,6,-46.433630900000026,1.8857215794092748,False,False,False
True,True,True,36.5958251953125,1.0,347.1533203125,347.1533203125,0.7,0.7,0.0,5,8,oracle,blind,energy_lag_only,61,6,-46.433630900000026,1.8857215794092748,False,False,False
True,True,True,1.427490234375,1.0,237.00364685058594,237.00364685058594,0.7166666666666667,0.7166666666666667,0.0,5,8,nearest,blind,energy_lag_only,61,7,-0.2159790000000612,0.9853661390429498,True,False,False
True,True,True,0.67919921875,1.0,237.00364685058594,237.00364685058594,0.7166666666666667,0.7166666666666667,0.0,5,8,oracle,blind,energy_lag_only,61,7,-0.2159790000000612,0.9853661390429498,True,False,False
True,True,True,3.87451171875,1.0,286.9585266113281,286.9585266113281,0.7166666666666667,0.7166666666666667,0.0,5,10,nearest,blind,energy_lag_only,61,8,3.8440655999997944,1.016232300870289,True,True,True
True,True,True,4.645263671875,1.0,286.9585266113281,286.9585266113281,0.7166666666666667,0.7166666666666667,0.0,5,10,oracle,blind,energy_lag_only,61,8,3.8440655999997944,1.016232300870289,True,True,True
True,True,True,8.2193603515625,1.0,249.48301696777344,249.48301696777344,0.7,0.7,0.0,5,10,nearest,blind,energy_lag_only,61,9,-7.170035299999881,1.9207614151897112,False,False,False
True,True,True,9.3846435546875,1.0,249.48301696777344,249.48301696777344,0.7,0.7,0.0,5,10,oracle,blind,energy_lag_only,61,9,-7.170035299999881,1.9207614151897112,False,False,False
True,True,True,98.75341796875,1.0,251.3734130859375,251.3734130859375,0.6833333333333333,0.6833333333333333,0.0,5,11,nearest,blind,energy_lag_only,61,10,-47.837620866666384,2.329466824990565,False,False,False
True,True,True,95.740478515625,1.0,251.3734130859375,251.3734130859375,0.6833333333333333,0.6833333333333333,0.0,5,11,oracle,blind,energy_lag_only,61,10,-47.837620866666384,2.329466824990565,False,False,False
True,True,True,89.99462890625,1.0,340.4185485839844,340.4185485839844,0.6833333333333333,0.6833333333333333,0.0,5,12,nearest,blind,energy_lag_only,61,11,68.0745165999997,3.34548452977546,False,True,False
True,True,True,79.615478515625,1.0,340.4185485839844,340.4185485839844,0.6833333333333333,0.6833333333333333,0.0,5,12,oracle,blind,energy_lag_only,61,11,68.0745165999997,3.34548452977546,False,True,False
True,True,True,5.9764404296875,1.0,237.24331665039062,237.24331665039062,0.7,0.7,0.0,5,12,nearest,blind,energy_lag_only,61,12,-169.04426336666666,13.630636800760838,False,False,False
True,True,True,6.2696533203125,1.0,237.24331665039062,237.24331665039062,0.7,0.7,0.0,5,12,oracle,blind,energy_lag_only,61,12,-169.04426336666666,13.630636800760838,False,False,False
True,True,True,67.5302734375,1.0,331.598876953125,331.598876953125,0.7,0.7,0.0,5,12,nearest,blind,energy_lag_only,61,13,-10.553793400000131,1.6789297320737735,False,False,False
True,True,True,63.542236328125,1.0,331.598876953125,331.598876953125,0.7,0.7,0.0,5,12,oracle,blind,energy_lag_only,61,13,-10.553793400000131,1.6789297320737735,False,False,False
True,True,True,83.4022216796875,1.0,327.06146240234375,327.06146240234375,0.6833333333333333,0.6833333333333333,0.0,5,11,nearest,blind,energy_lag_only,61,14,-63.0910844,3.2305540070854177,False,False,False
True,True,True,78.0269775390625,1.0,327.06146240234375,327.06146240234375,0.6833333333333333,0.6833333333333333,0.0,5,11,oracle,blind,energy_lag_only,61,14,-63.0910844,3.2305540070854177,False,False,False
True,True,True,16.7261962890625,1.0,43.97926330566406,43.97926330566406,0.6833333333333333,0.6833333333333333,0.0,5,11,nearest,blind,energy_lag_only,61,15,-14.218723000000182,1.0950187712597867,True,False,False
True,True,True,15.0455322265625,1.0,43.97926330566406,43.97926330566406,0.6833333333333333,0.6833333333333333,0.0,5,11,oracle,blind,energy_lag_only,61,15,-14.218723000000182,1.0950187712597867,True,False,False
True,True,True,4.0009765625,1.0,435.6214294433594,435.6214294433594,0.7,0.7,0.0,5,11,nearest,blind,energy_lag_only,61,16,-2.3767571333335127,1.2171868766129346,True,False,False
False,True,False,-4.107421875,1.0,435.6214294433594,435.6214294433594,0.7,0.7,0.0,5,11,oracle,blind,energy_lag_only,61,16,-2.3767571333335127,1.2171868766129346,True,False,False
True,True,True,14.8446044921875,1.0,415.0872802734375,415.0872802734375,0.6833333333333333,0.6833333333333333,0.0,5,10,nearest,blind,energy_lag_only,61,17,-13.031297666666433,0.8438415151281472,True,False,False
True,True,True,5.1461181640625,1.0,415.0872802734375,415.0872802734375,0.6833333333333333,0.6833333333333333,0.0,5,10,oracle,blind,energy_lag_only,61,17,-13.031297666666433,0.8438415151281472,True,False,False
True,True,True,76.3631591796875,1.0,282.0497131347656,282.0497131347656,0.6833333333333333,0.6833333333333333,0.0,5,10,nearest,blind,energy_lag_only,61,18,21.261369166666782,3.522139973323637,False,True,False
True,True,True,75.0838623046875,1.0,282.0497131347656,282.0497131347656,0.6833333333333333,0.6833333333333333,0.0,5,10,oracle,blind,energy_lag_only,61,18,21.261369166666782,3.522139973323637,False,True,False
True,True,True,98.03125,1.0,318.0704345703125,318.0704345703125,0.7,0.7,0.0,5,11,nearest,blind,energy_lag_only,61,19,91.58255556666654,1.9305594615874493,False,True,False
True,True,True,78.726318359375,1.0,318.0704345703125,318.0704345703125,0.7,0.7,0.0,5,11,oracle,blind,energy_lag_only,61,19,91.58255556666654,1.9305594615874493,False,True,False
True,True,True,4.7216796875,1.0,261.11358642578125,261.11358642578125,0.6833333333333333,0.6833333333333333,0.0,5,11,nearest,blind,energy_lag_only,61,20,-177.1502144333333,13.057928800727968,False,False,False
True,True,True,5.1689453125,1.0,261.11358642578125,261.11358642578125,0.6833333333333333,0.6833333333333333,0.0,5,11,oracle,blind,energy_lag_only,61,20,-177.1502144333333,13.057928800727968,False,False,False
True,True,True,15.067138671875,1.0,55.35625076293945,55.35625076293945,0.6833333333333333,0.6833333333333333,0.0,5,11,nearest,blind,energy_lag_only,61,21,-73.86984206666648,1.5059389716489209,False,False,False
True,True,True,17.33984375,1.0,55.35625076293945,55.35625076293945,0.6833333333333333,0.6833333333333333,0.0,5,11,oracle,blind,energy_lag_only,61,21,-73.86984206666648,1.5059389716489209,False,False,False
True,True,True,15.6011962890625,1.0,64.97998809814453,64.97998809814453,0.6833333333333333,0.6833333333333333,0.0,5,12,nearest,blind,energy_lag_only,61,22,-98.77908943333341,1.4359654229862806,True,False,False
True,True,True,6.3358154296875,1.0,64.97998809814453,64.97998809814453,0.6833333333333333,0.6833333333333333,0.0,5,12,oracle,blind,energy_lag_only,61,22,-98.77908943333341,1.4359654229862806,True,False,False
True,True,True,13.9765625,1.0,56.103233337402344,56.103233337402344,0.6833333333333333,0.6833333333333333,0.0,5,12,nearest,blind,energy_lag_only,61,23,-44.63783156666659,1.2169881773612927,True,False,False
True,True,True,12.8525390625,1.0,56.103233337402344,56.103233337402344,0.6833333333333333,0.6833333333333333,0.0,5,12,oracle,blind,energy_lag_only,61,23,-44.63783156666659,1.2169881773612927,True,False,False
True,True,True,41.591064453125,1.0,146.6529998779297,146.6529998779297,0.6833333333333333,0.6833333333333333,0.0,5,12,nearest,blind,energy_lag_only,61,24,-40.45295050000027,17.38422593364399,False,False,False
True,True,True,54.8228759765625,1.0,146.6529998779297,146.6529998779297,0.6833333333333333,0.6833333333333333,0.0,5,12,oracle,blind,energy_lag_only,61,24,-40.45295050000027,17.38422593364399,False,False,False
False,True,False,-8.497802734375,1.0,100.08171844482422,100.08171844482422,0.6833333333333333,0.6833333333333333,0.0,5,13,nearest,blind,energy_lag_only,61,25,-38.92732893333323,1.1230725766257124,True,False,False
False,True,False,-1.83935546875,1.0,100.08171844482422,100.08171844482422,0.6833333333333333,0.6833333333333333,0.0,5,13,oracle,blind,energy_lag_only,61,25,-38.92732893333323,1.1230725766257124,True,False,False
True,True,True,27.979736328125,1.0,157.24722290039062,157.24722290039062,0.6833333333333333,0.6833333333333333,0.0,5,13,nearest,blind,energy_lag_only,61,26,-17.588635699999713,6.582272981838261,False,False,False
True,True,True,27.2109375,1.0,157.24722290039062,157.24722290039062,0.6833333333333333,0.6833333333333333,0.0,5,13,oracle,blind,energy_lag_only,61,26,-17.588635699999713,6.582272981838261,False,False,False
True,True,True,74.006103515625,1.0,77.95539855957031,77.95539855957031,0.6833333333333333,0.6833333333333333,0.0,5,13,nearest,blind,energy_lag_only,61,27,-38.38878839999984,1.0716273853628824,True,False,False
True,True,True,74.006103515625,1.0,77.95539855957031,77.95539855957031,0.6833333333333333,0.6833333333333333,0.0,5,13,oracle,blind,energy_lag_only,61,27,-38.38878839999984,1.0716273853628824,True,False,False
True,True,True,5.762451171875,1.0,236.1031036376953,236.1031036376953,0.6833333333333333,0.6833333333333333,0.0,5,13,nearest,blind,energy_lag_only,61,28,-24.08931819999998,1.1366021453771404,True,False,False
False,True,False,-6.13330078125,1.0,236.1031036376953,236.1031036376953,0.6833333333333333,0.6833333333333333,0.0,5,13,oracle,blind,energy_lag_only,61,28,-24.08931819999998,1.1366021453771404,True,False,False
True,True,True,42.9859619140625,1.0,248.54425048828125,248.54425048828125,0.6833333333333333,0.6833333333333333,0.0,5,13,nearest,blind,energy_lag_only,61,29,-66.30922296666654,13.740217730441543,False,False,False
True,True,True,35.04248046875,1.0,248.54425048828125,248.54425048828125,0.6833333333333333,0.6833333333333333,0.0,5,13,oracle,blind,energy_lag_only,61,29,-66.30922296666654,13.740217730441543,False,False,False
True,True,True,68.8699951171875,1.0,172.15069580078125,172.15069580078125,0.6833333333333333,0.6833333333333333,0.0,5,12,nearest,blind,energy_lag_only,61,30,-28.89872463333313,11.004355237600238,False,False,False
True,True,True,56.3487548828125,1.0,172.15069580078125,172.15069580078125,0.6833333333333333,0.6833333333333333,0.0,5,12,oracle,blind,energy_lag_only,61,30,-28.89872463333313,11.004355237600238,False,False,False
True,True,True,39.43505859375,1.0,308.0728454589844,308.0728454589844,0.6833333333333333,0.6833333333333333,0.0,5,11,nearest,blind,energy_lag_only,61,31,-29.930995233333533,7.233008156816719,False,False,False
True,True,True,36.26904296875,1.0,308.0728454589844,308.0728454589844,0.6833333333333333,0.6833333333333333,0.0,5,11,oracle,blind,energy_lag_only,61,31,-29.930995233333533,7.233008156816719,False,False,False
True,True,True,102.294677734375,1.0,299.9139709472656,299.9139709472656,0.6833333333333333,0.6833333333333333,0.0,5,11,nearest,blind,energy_lag_only,61,32,-70.47462870000004,3.5493889520825457,False,False,False
True,True,True,103.89599609375,1.0,299.9139709472656,299.9139709472656,0.6833333333333333,0.6833333333333333,0.0,5,11,oracle,blind,energy_lag_only,61,32,-70.47462870000004,3.5493889520825457,False,False,False
True,True,True,9.4058837890625,1.0,44.036258697509766,44.036258697509766,0.6833333333333333,0.6833333333333333,0.0,5,11,nearest,blind,energy_lag_only,61,33,-23.640904600000113,1.0485702340273968,True,False,False
True,True,True,9.9791259765625,1.0,44.036258697509766,44.036258697509766,0.6833333333333333,0.6833333333333333,0.0,5,11,oracle,blind,energy_lag_only,61,33,-23.640904600000113,1.0485702340273968,True,False,False
False,True,False,-2.2425537109375,1.0,242.75408935546875,242.75408935546875,0.7,0.7,0.0,5,11,nearest,blind,energy_lag_only,61,34,-27.281965966666803,1.280712284788171,True,False,False
True,True,True,7.1982421875,1.0,242.75408935546875,242.75408935546875,0.7,0.7,0.0,5,11,oracle,blind,energy_lag_only,61,34,-27.281965966666803,1.280712284788171,True,False,False
True,True,True,0.605712890625,1.0,254.79542541503906,254.79542541503906,0.6833333333333333,0.6833333333333333,0.0,5,10,nearest,blind,energy_lag_only,61,35,15.529500266666446,0.8234962464296507,True,True,True
True,True,True,9.1846923828125,1.0,254.79542541503906,254.79542541503906,0.6833333333333333,0.6833333333333333,0.0,5,10,oracle,blind,energy_lag_only,61,35,15.529500266666446,0.8234962464296507,True,True,True
True,True,True,69.0322265625,1.0,227.04100036621094,227.04100036621094,0.6833333333333333,0.6833333333333333,0.0,5,10,nearest,blind,energy_lag_only,61,36,-42.31854483333336,2.9507447013138832,False,False,False
True,True,True,65.88134765625,1.0,227.04100036621094,227.04100036621094,0.6833333333333333,0.6833333333333333,0.0,5,10,oracle,blind,energy_lag_only,61,36,-42.31854483333336,2.9507447013138832,False,False,False
True,True,True,52.310302734375,1.0,272.6485900878906,272.6485900878906,0.7166666666666667,0.7166666666666667,0.0,5,10,nearest,blind,energy_lag_only,61,37,-3.2705997666671465,3.2174143423309545,False,False,False
True,True,True,33.692626953125,1.0,272.6485900878906,272.6485900878906,0.7166666666666667,0.7166666666666667,0.0,5,10,oracle,blind,energy_lag_only,61,37,-3.2705997666671465,3.2174143423309545,False,False,False
True,True,True,5.4345703125,1.0,251.0452117919922,251.0452117919922,0.6833333333333333,0.6833333333333333,0.0,5,11,nearest,blind,energy_lag_only,61,38,-120.06233753333345,2.0132393697734945,False,False,False
True,True,True,5.680419921875,1.0,251.0452117919922,251.0452117919922,0.6833333333333333,0.6833333333333333,0.0,5,11,oracle,blind,energy_lag_only,61,38,-120.06233753333345,2.0132393697734945,False,False,False
True,True,True,3.982177734375,1.0,49.385780334472656,49.385780334472656,0.6833333333333333,0.6833333333333333,0.0,5,11,nearest,blind,energy_lag_only,61,39,-21.750783333333175,1.0226570402319173,True,False,False
True,True,True,5.1898193359375,1.0,49.385780334472656,49.385780334472656,0.6833333333333333,0.6833333333333333,0.0,5,11,oracle,blind,energy_lag_only,61,39,-21.750783333333175,1.0226570402319173,True,False,False
False,True,False,-9.0968017578125,1.0,400.5577087402344,400.5577087402344,0.7333333333333333,0.7333333333333333,0.0,0,18,nearest,blind,energy_lag_only,62,0,12.779539533333491,0.9477886052941774,True,True,True
False,True,False,-9.3148193359375,1.0,400.5577087402344,400.5577087402344,0.7333333333333333,0.7333333333333333,0.0,0,18,oracle,blind,energy_lag_only,62,0,12.779539533333491,0.9477886052941774,True,True,True
True,True,True,70.756591796875,1.0,325.62103271484375,325.62103271484375,0.7333333333333333,0.7333333333333333,0.0,0,18,nearest,blind,energy_lag_only,62,1,17.171154200000046,2.5625786200411045,False,True,False
True,True,True,70.544189453125,1.0,325.62103271484375,325.62103271484375,0.7333333333333333,0.7333333333333333,0.0,0,18,oracle,blind,energy_lag_only,62,1,17.171154200000046,2.5625786200411045,False,True,False
False,True,False,-4.9105224609375,1.0,319.1858825683594,319.1858825683594,0.7333333333333333,0.7333333333333333,0.0,0,17,nearest,blind,energy_lag_only,62,2,-25.170744299999797,40.67323224001521,False,False,False
False,True,False,-3.8753662109375,1.0,319.1858825683594,319.1858825683594,0.7333333333333333,0.7333333333333333,0.0,0,17,oracle,blind,energy_lag_only,62,2,-25.170744299999797,40.67323224001521,False,False,False
False,True,False,-8.5283203125,1.0,382.312744140625,382.312744140625,0.7333333333333333,0.7333333333333333,0.0,0,16,nearest,blind,energy_lag_only,62,3,-46.97626593333348,0.8384138268166655,True,False,False
False,True,False,-10.189453125,1.0,382.312744140625,382.312744140625,0.7333333333333333,0.7333333333333333,0.0,0,16,oracle,blind,energy_lag_only,62,3,-46.97626593333348,0.8384138268166655,True,False,False
False,True,False,-18.582275390625,1.0,217.98646545410156,217.98646545410156,0.7333333333333333,0.7333333333333333,0.0,0,15,nearest,blind,energy_lag_only,62,4,2.909559766666689,1.4445715105105974,True,True,True
False,True,False,-13.458740234375,1.0,217.98646545410156,217.98646545410156,0.7333333333333333,0.7333333333333333,0.0,0,15,oracle,blind,energy_lag_only,62,4,2.909559766666689,1.4445715105105974,True,True,True
False,True,False,-40.7587890625,1.0,297.61370849609375,297.61370849609375,0.7333333333333333,0.7333333333333333,0.0,0,16,nearest,blind,energy_lag_only,62,5,14.620953466666833,1.1853910737318005,True,True,True
False,True,False,-38.04541015625,1.0,297.61370849609375,297.61370849609375,0.7333333333333333,0.7333333333333333,0.0,0,16,oracle,blind,energy_lag_only,62,5,14.620953466666833,1.1853910737318005,True,True,True
False,True,False,-10.254638671875,1.0,289.0044250488281,289.0044250488281,0.7166666666666667,0.7166666666666667,0.0,0,16,nearest,blind,energy_lag_only,62,6,-4.213010166666663,0.9874777870849318,True,False,False
False,True,False,-9.3248291015625,1.0,289.0044250488281,289.0044250488281,0.7166666666666667,0.7166666666666667,0.0,0,16,oracle,blind,energy_lag_only,62,6,-4.213010166666663,0.9874777870849318,True,False,False
False,True,False,-9.36962890625,1.0,235.211669921875,235.211669921875,0.7333333333333333,0.7333333333333333,0.0,0,17,nearest,blind,energy_lag_only,62,7,-2.9362022666668963,1.0987773951089754,True,False,False
False,True,False,-9.7205810546875,1.0,235.211669921875,235.211669921875,0.7333333333333333,0.7333333333333333,0.0,0,17,oracle,blind,energy_lag_only,62,7,-2.9362022666668963,1.0987773951089754,True,False,False
True,True,True,24.3809814453125,1.0,331.8609924316406,331.8609924316406,0.7333333333333333,0.7333333333333333,0.0,0,16,nearest,blind,energy_lag_only,62,8,23.00823953333338,1.6302527848215878,False,True,False
True,True,True,21.9549560546875,1.0,331.8609924316406,331.8609924316406,0.7333333333333333,0.7333333333333333,0.0,0,16,oracle,blind,energy_lag_only,62,8,23.00823953333338,1.6302527848215878,False,True,False
True,True,True,32.0953369140625,1.0,342.0003967285156,342.0003967285156,0.7333333333333333,0.7333333333333333,0.0,0,16,nearest,blind,energy_lag_only,62,9,-35.83143250000012,3.135072646590578,False,False,False
True,True,True,36.129150390625,1.0,342.0003967285156,342.0003967285156,0.7333333333333333,0.7333333333333333,0.0,0,16,oracle,blind,energy_lag_only,62,9,-35.83143250000012,3.135072646590578,False,False,False
False,True,False,-74.909423828125,1.0,353.32958984375,353.32958984375,0.7333333333333333,0.7333333333333333,0.0,0,15,nearest,blind,energy_lag_only,62,10,-51.42675343333349,1.2272094079627334,True,False,False
False,True,False,-84.14501953125,1.0,353.32958984375,353.32958984375,0.7333333333333333,0.7333333333333333,0.0,0,15,oracle,blind,energy_lag_only,62,10,-51.42675343333349,1.2272094079627334,True,False,False
True,True,True,40.872802734375,1.0,418.88641357421875,418.88641357421875,0.7333333333333333,0.7333333333333333,0.0,0,15,nearest,blind,energy_lag_only,62,11,89.84110766666663,1.927326189394728,False,True,False
True,True,True,44.032958984375,1.0,418.88641357421875,418.88641357421875,0.7333333333333333,0.7333333333333333,0.0,0,15,oracle,blind,energy_lag_only,62,11,89.84110766666663,1.927326189394728,False,True,False
False,True,False,-7.2393798828125,1.0,225.65196228027344,225.65196228027344,0.7333333333333333,0.7333333333333333,0.0,0,15,nearest,blind,energy_lag_only,62,12,-78.64348769999992,5.9452907845671294,False,False,False
False,True,False,-8.087890625,1.0,225.65196228027344,225.65196228027344,0.7333333333333333,0.7333333333333333,0.0,0,15,oracle,blind,energy_lag_only,62,12,-78.64348769999992,5.9452907845671294,False,False,False
False,True,False,-15.66796875,1.0,392.5611572265625,392.5611572265625,0.7333333333333333,0.7333333333333333,0.0,0,15,nearest,blind,energy_lag_only,62,13,-28.451137933333484,2.7718171668161675,False,False,False
False,True,False,-20.152587890625,1.0,392.5611572265625,392.5611572265625,0.7333333333333333,0.7333333333333333,0.0,0,15,oracle,blind,energy_lag_only,62,13,-28.451137933333484,2.7718171668161675,False,False,False
False,True,False,-32.6553955078125,1.0,329.94195556640625,329.94195556640625,0.7333333333333333,0.7333333333333333,0.0,0,15,nearest,blind,energy_lag_only,62,14,16.154781933333425,9.330427532082737,False,True,False
False,True,False,-24.8660888671875,1.0,329.94195556640625,329.94195556640625,0.7333333333333333,0.7333333333333333,0.0,0,15,oracle,blind,energy_lag_only,62,14,16.154781933333425,9.330427532082737,False,True,False
False,True,False,-0.41650390625,1.0,35.07803726196289,35.07803726196289,0.7333333333333333,0.7333333333333333,0.0,0,16,nearest,blind,energy_lag_only,62,15,-67.50732156666686,25.986549331593164,False,False,False
True,True,True,11.0908203125,1.0,35.07803726196289,35.07803726196289,0.7333333333333333,0.7333333333333333,0.0,0,16,oracle,blind,energy_lag_only,62,15,-67.50732156666686,25.986549331593164,False,False,False
True,True,True,47.445068359375,1.0,422.357177734375,422.357177734375,0.7333333333333333,0.7333333333333333,0.0,0,16,nearest,blind,energy_lag_only,62,16,-21.763644399999976,1.394600211297318,True,False,False
True,True,True,50.350830078125,1.0,422.357177734375,422.357177734375,0.7333333333333333,0.7333333333333333,0.0,0,16,oracle,blind,energy_lag_only,62,16,-21.763644399999976,1.394600211297318,True,False,False
False,True,False,-14.5198974609375,1.0,439.537353515625,439.537353515625,0.7333333333333333,0.7333333333333333,0.0,0,14,nearest,blind,energy_lag_only,62,17,-51.792296033333514,3.4304516668291125,False,False,False
False,True,False,-20.223388671875,1.0,439.537353515625,439.537353515625,0.7333333333333333,0.7333333333333333,0.0,0,14,oracle,blind,energy_lag_only,62,17,-51.792296033333514,3.4304516668291125,False,False,False
False,True,False,-12.704833984375,1.0,345.7677307128906,345.7677307128906,0.7333333333333333,0.7333333333333333,0.0,0,14,nearest,blind,energy_lag_only,62,18,-7.6278168666667625,1.4247584853724204,True,False,False
False,True,False,-10.745361328125,1.0,345.7677307128906,345.7677307128906,0.7333333333333333,0.7333333333333333,0.0,0,14,oracle,blind,energy_lag_only,62,18,-7.6278168666667625,1.4247584853724204,True,False,False
True,True,True,44.96875,1.0,430.4644775390625,430.4644775390625,0.7333333333333333,0.7333333333333333,0.0,0,14,nearest,blind,energy_lag_only,62,19,152.68152456666667,2.5051316873797798,False,True,False
True,True,True,42.699462890625,1.0,430.4644775390625,430.4644775390625,0.7333333333333333,0.7333333333333333,0.0,0,14,oracle,blind,energy_lag_only,62,19,152.68152456666667,2.5051316873797798,False,True,False
False,True,False,-6.451171875,1.0,431.3528747558594,431.3528747558594,0.7166666666666667,0.7166666666666667,0.0,0,13,nearest,blind,energy_lag_only,62,20,-205.81054696666683,22.19934591722191,False,False,False
False,True,False,-7.227783203125,1.0,431.3528747558594,431.3528747558594,0.7166666666666667,0.7166666666666667,0.0,0,13,oracle,blind,energy_lag_only,62,20,-205.81054696666683,22.19934591722191,False,False,False
True,True,True,4.0556640625,1.0,38.64982986450195,38.64982986450195,0.7333333333333333,0.7333333333333333,0.0,0,13,nearest,blind,energy_lag_only,62,21,-28.551240166666503,1.2989943817549394,True,False,False
False,True,False,-1.424560546875,1.0,38.64982986450195,38.64982986450195,0.7333333333333333,0.7333333333333333,0.0,0,13,oracle,blind,energy_lag_only,62,21,-28.551240166666503,1.2989943817549394,True,False,False
False,True,False,-17.70654296875,1.0,373.32879638671875,373.32879638671875,0.7333333333333333,0.7333333333333333,0.0,0,13,nearest,blind,energy_lag_only,62,22,9.16330159999984,1.2634624020098926,True,True,True
False,True,False,-31.12841796875,1.0,373.32879638671875,373.32879638671875,0.7333333333333333,0.7333333333333333,0.0,0,13,oracle,blind,energy_lag_only,62,22,9.16330159999984,1.2634624020098926,True,True,True
True,True,True,0.169189453125,1.0,134.1796112060547,134.1796112060547,0.7333333333333333,0.7333333333333333,0.0,0,13,nearest,blind,energy_lag_only,62,23,5.548359200000277,10.98276702195685,False,True,False
True,True,True,2.45361328125,1.0,134.1796112060547,134.1796112060547,0.7333333333333333,0.7333333333333333,0.0,0,13,oracle,blind,energy_lag_only,62,23,5.548359200000277,10.98276702195685,False,True,False
False,True,False,-1.610107421875,1.0,208.47413635253906,208.47413635253906,0.7333333333333333,0.7333333333333333,0.0,0,13,nearest,blind,energy_lag_only,62,24,9.551722633333384,1.1288787164111775,True,True,True
False,True,False,-0.8818359375,1.0,208.47413635253906,208.47413635253906,0.7333333333333333,0.7333333333333333,0.0,0,13,oracle,blind,energy_lag_only,62,24,9.551722633333384,1.1288787164111775,True,True,True
True,True,True,22.524658203125,1.0,118.07459259033203,118.07459259033203,0.7333333333333333,0.7333333333333333,0.0,0,12,nearest,blind,energy_lag_only,62,25,-4.214334166666504,17.182201858490654,False,False,False
True,True,True,13.109619140625,1.0,118.07459259033203,118.07459259033203,0.7333333333333333,0.7333333333333333,0.0,0,12,oracle,blind,energy_lag_only,62,25,-4.214334166666504,17.182201858490654,False,False,False
False,True,False,-9.857421875,1.0,173.80648803710938,173.80648803710938,0.7333333333333333,0.7333333333333333,0.0,0,11,nearest,blind,energy_lag_only,62,26,6.842726833333472,1.1310822049441598,True,True,True
False,True,False,-14.114501953125,1.0,173.80648803710938,173.80648803710938,0.7333333333333333,0.7333333333333333,0.0,0,11,oracle,blind,energy_lag_only,62,26,6.842726833333472,1.1310822049441598,True,True,True
False,True,False,-15.7904052734375,1.0,109.05591583251953,109.05591583251953,0.7333333333333333,0.7333333333333333,0.0,0,10,nearest,blind,energy_lag_only,62,27,-16.15054013333338,1.4774577584012034,True,False,False
False,True,False,-23.005126953125,1.0,109.05591583251953,109.05591583251953,0.7333333333333333,0.7333333333333333,0.0,0,10,oracle,blind,energy_lag_only,62,27,-16.15054013333338,1.4774577584012034,True,False,False
True,True,True,31.325927734375,1.0,288.23681640625,288.23681640625,0.7333333333333333,0.7333333333333333,0.0,0,10,nearest,blind,energy_lag_only,62,28,21.96438076666641,3.500228759053287,False,True,False
True,True,True,34.519775390625,1.0,288.23681640625,288.23681640625,0.7333333333333333,0.7333333333333333,0.0,0,10,oracle,blind,energy_lag_only,62,28,21.96438076666641,3.500228759053287,False,True,False
False,True,False,-23.782958984375,1.0,479.1635437011719,479.1635437011719,0.7333333333333333,0.7333333333333333,0.0,0,9,nearest,blind,energy_lag_only,62,29,-13.48440933333336,1.1707053558192577,True,False,False
False,True,False,-22.4234619140625,1.0,479.1635437011719,479.1635437011719,0.7333333333333333,0.7333333333333333,0.0,0,9,oracle,blind,energy_lag_only,62,29,-13.48440933333336,1.1707053558192577,True,False,False
False,True,False,-23.76123046875,1.0,230.87351989746094,230.87351989746094,0.7333333333333333,0.7333333333333333,0.0,0,9,nearest,blind,energy_lag_only,62,30,-3.0086544333332768,0.8294583041820935,True,False,False
False,True,False,-53.9189453125,1.0,230.87351989746094,230.87351989746094,0.7333333333333333,0.7333333333333333,0.0,0,9,oracle,blind,energy_lag_only,62,30,-3.0086544333332768,0.8294583041820935,True,False,False
True,True,True,20.214599609375,1.0,433.9499816894531,433.9499816894531,0.7333333333333333,0.7333333333333333,0.0,0,8,nearest,blind,energy_lag_only,62,31,33.801845666666395,2.5786684502293076,False,True,False
True,True,True,20.5947265625,1.0,433.9499816894531,433.9499816894531,0.7333333333333333,0.7333333333333333,0.0,0,8,oracle,blind,energy_lag_only,62,31,33.801845666666395,2.5786684502293076,False,True,False
False,True,False,-11.198486328125,1.0,309.2402648925781,309.2402648925781,0.75,0.75,0.0,0,8,nearest,blind,energy_lag_only,62,32,0.2679314333331604,1.2881613987668454,True,True,True
False,True,False,-12.673828125,1.0,309.2402648925781,309.2402648925781,0.75,0.75,0.0,0,8,oracle,blind,energy_lag_only,62,32,0.2679314333331604,1.2881613987668454,True,True,True
False,True,False,-10.493896484375,1.0,39.27842330932617,39.27842330932617,0.7333333333333333,0.7333333333333333,0.0,0,9,nearest,blind,energy_lag_only,62,33,-19.792232433333538,1.1595395463029021,True,False,False
False,True,False,-9.529296875,1.0,39.27842330932617,39.27842330932617,0.7333333333333333,0.7333333333333333,0.0,0,9,oracle,blind,energy_lag_only,62,33,-19.792232433333538,1.1595395463029021,True,False,False
True,True,True,34.343017578125,1.0,335.01898193359375,335.01898193359375,0.7333333333333333,0.7333333333333333,0.0,0,10,nearest,blind,energy_lag_only,62,34,0.5441230999999789,1.1857169044874423,True,True,True
True,True,True,36.4168701171875,1.0,335.01898193359375,335.01898193359375,0.7333333333333333,0.7333333333333333,0.0,0,10,oracle,blind,energy_lag_only,62,34,0.5441230999999789,1.1857169044874423,True,True,True
False,True,False,-27.30078125,1.0,314.6974792480469,314.6974792480469,0.7333333333333333,0.7333333333333333,0.0,0,8,nearest,blind,energy_lag_only,62,35,-10.719512900000154,0.7894824328763675,True,False,False
False,True,False,-24.343017578125,1.0,314.6974792480469,314.6974792480469,0.7333333333333333,0.7333333333333333,0.0,0,8,oracle,blind,energy_lag_only,62,35,-10.719512900000154,0.7894824328763675,True,False,False
False,True,False,-12.83984375,1.0,264.94921875,264.94921875,0.7333333333333333,0.7333333333333333,0.0,0,9,nearest,blind,energy_lag_only,62,36,-1.9022718333335433,0.8603736853795632,True,False,False
False,True,False,-14.2626953125,1.0,264.94921875,264.94921875,0.7333333333333333,0.7333333333333333,0.0,0,9,oracle,blind,energy_lag_only,62,36,-1.9022718333335433,0.8603736853795632,True,False,False
False,True,False,-6.240234375,1.0,299.3565979003906,299.3565979003906,0.7333333333333333,0.7333333333333333,0.0,0,8,nearest,blind,energy_lag_only,62,37,100.90276403333337,1.5223855233705987,False,True,False
False,True,False,-9.0146484375,1.0,299.3565979003906,299.3565979003906,0.7333333333333333,0.7333333333333333,0.0,0,8,oracle,blind,energy_lag_only,62,37,100.90276403333337,1.5223855233705987,False,True,False
False,True,False,-4.46630859375,1.0,329.3564147949219,329.3564147949219,0.7333333333333333,0.7333333333333333,0.0,0,8,nearest,blind,energy_lag_only,62,38,-131.34375646666672,13.900926648203365,False,False,False
False,True,False,-4.17333984375,1.0,329.3564147949219,329.3564147949219,0.7333333333333333,0.7333333333333333,0.0,0,8,oracle,blind,energy_lag_only,62,38,-131.34375646666672,13.900926648203365,False,False,False
False,True,False,-4.773681640625,1.0,35.208866119384766,35.208866119384766,0.7333333333333333,0.7333333333333333,0.0,0,7,nearest,blind,energy_lag_only,62,39,-8.752121266666563,0.968012403918855,True,False,False
False,True,False,-1.4876708984375,1.0,35.208866119384766,35.208866119384766,0.7333333333333333,0.7333333333333333,0.0,0,7,oracle,blind,energy_lag_only,62,39,-8.752121266666563,0.968012403918855,True,False,False
False,True,False,-0.8768310546875,1.0,400.5577087402344,400.5577087402344,0.7333333333333333,0.7333333333333333,0.0,1,12,nearest,blind,energy_lag_only,62,0,18.72706556666685,0.9495772791613498,True,True,True
False,True,False,-1.809326171875,1.0,400.5577087402344,400.5577087402344,0.7333333333333333,0.7333333333333333,0.0,1,12,oracle,blind,energy_lag_only,62,0,18.72706556666685,0.9495772791613498,True,True,True
False,True,False,-2.1558837890625,1.0,325.62103271484375,325.62103271484375,0.7333333333333333,0.7333333333333333,0.0,1,11,nearest,blind,energy_lag_only,62,1,5.6697555333335,0.8966641551412599,True,True,True
False,True,False,-2.3170166015625,1.0,325.62103271484375,325.62103271484375,0.7333333333333333,0.7333333333333333,0.0,1,11,oracle,blind,energy_lag_only,62,1,5.6697555333335,0.8966641551412599,True,True,True
True,True,True,52.20849609375,1.0,319.1858825683594,319.1858825683594,0.7333333333333333,0.7333333333333333,0.0,1,13,nearest,blind,energy_lag_only,62,2,-54.54698200000007,7.548189272211579,False,False,False
True,True,True,51.8419189453125,1.0,319.1858825683594,319.1858825683594,0.7333333333333333,0.7333333333333333,0.0,1,13,oracle,blind,energy_lag_only,62,2,-54.54698200000007,7.548189272211579,False,False,False
True,True,True,6.0198974609375,1.0,382.312744140625,382.312744140625,0.7333333333333333,0.7333333333333333,0.0,1,12,nearest,blind,energy_lag_only,62,3,-2.2729858666666587,1.9345765328498585,False,False,False
True,True,True,5.4013671875,1.0,382.312744140625,382.312744140625,0.7333333333333333,0.7333333333333333,0.0,1,12,oracle,blind,energy_lag_only,62,3,-2.2729858666666587,1.9345765328498585,False,False,False
False,True,False,-0.802490234375,1.0,217.98646545410156,217.98646545410156,0.7333333333333333,0.7333333333333333,0.0,1,12,nearest,blind,energy_lag_only,62,4,0.7504206000000977,1.4221064796559881,True,True,True
False,True,False,-1.30322265625,1.0,217.98646545410156,217.98646545410156,0.7333333333333333,0.7333333333333333,0.0,1,12,oracle,blind,energy_lag_only,62,4,0.7504206000000977,1.4221064796559881,True,True,True
False,True,False,-5.36376953125,1.0,297.61370849609375,297.61370849609375,0.7333333333333333,0.7333333333333333,0.0,1,12,nearest,blind,energy_lag_only,62,5,4.31254233333334,9.222609972055324,False,True,False
False,True,False,-5.4326171875,1.0,297.61370849609375,297.61370849609375,0.7333333333333333,0.7333333333333333,0.0,1,12,oracle,blind,energy_lag_only,62,5,4.31254233333334,9.222609972055324,False,True,False
True,True,True,0.56884765625,1.0,289.0044250488281,289.0044250488281,0.7166666666666667,0.7166666666666667,0.0,1,12,nearest,blind,energy_lag_only,62,6,-6.241225033333194,1.1379871930399925,True,False,False
True,True,True,0.577392578125,1.0,289.0044250488281,289.0044250488281,0.7166666666666667,0.7166666666666667,0.0,1,12,oracle,blind,energy_lag_only,62,6,-6.241225033333194,1.1379871930399925,True,False,False
False,True,False,-3.30517578125,1.0,235.211669921875,235.211669921875,0.7333333333333333,0.7333333333333333,0.0,1,11,nearest,blind,energy_lag_only,62,7,-1.7549422000001869,1.0323545274288017,True,False,False
False,True,False,-3.41845703125,1.0,235.211669921875,235.211669921875,0.7333333333333333,0.7333333333333333,0.0,1,11,oracle,blind,energy_lag_only,62,7,-1.7549422000001869,1.0323545274288017,True,False,False
True,True,True,20.800537109375,1.0,331.8609924316406,331.8609924316406,0.7333333333333333,0.7333333333333333,0.0,1,12,nearest,blind,energy_lag_only,62,8,-36.817784100000154,0.9157033858150655,True,False,False
True,True,True,18.792724609375,1.0,331.8609924316406,331.8609924316406,0.7333333333333333,0.7333333333333333,0.0,1,12,oracle,blind,energy_lag_only,62,8,-36.817784100000154,0.9157033858150655,True,False,False
False,True,False,-0.89892578125,1.0,342.0003967285156,342.0003967285156,0.7333333333333333,0.7333333333333333,0.0,1,13,nearest,blind,energy_lag_only,62,9,-11.388467700000092,1.6642160916497464,False,False,False
False,True,False,-0.9193115234375,1.0,342.0003967285156,342.0003967285156,0.7333333333333333,0.7333333333333333,0.0,1,13,oracle,blind,energy_lag_only,62,9,-11.388467700000092,1.6642160916497464,False,False,False
False,True,False,-21.3284912109375,1.0,353.32958984375,353.32958984375,0.7333333333333333,0.7333333333333333,0.0,1,14,nearest,blind,energy_lag_only,62,10,-17.45837396666684,1.7283014225133566,False,False,False
False,True,False,-21.3284912109375,1.0,353.32958984375,353.32958984375,0.7333333333333333,0.7333333333333333,0.0,1,14,oracle,blind,energy_lag_only,62,10,-17.45837396666684,1.7283014225133566,False,False,False
True,True,True,60.099609375,1.0,418.88641357421875,418.88641357421875,0.7333333333333333,0.7333333333333333,0.0,1,15,nearest,blind,energy_lag_only,62,11,109.63422716666719,1.4934501646893137,True,True,True
True,True,True,52.749267578125,1.0,418.88641357421875,418.88641357421875,0.7333333333333333,0.7333333333333333,0.0,1,15,oracle,blind,energy_lag_only,62,11,109.63422716666719,1.4934501646893137,True,True,True
False,True,False,-4.1973876953125,1.0,225.65196228027344,225.65196228027344,0.7333333333333333,0.7333333333333333,0.0,1,15,nearest,blind,energy_lag_only,62,12,-158.5757423,3.1280358816753373,False,False,False
False,True,False,-4.1973876953125,1.0,225.65196228027344,225.65196228027344,0.7333333333333333,0.7333333333333333,0.0,1,15,oracle,blind,energy_lag_only,62,12,-158.5757423,3.1280358816753373,False,False,False
False,True,False,-29.92333984375,1.0,392.5611572265625,392.5611572265625,0.7333333333333333,0.7333333333333333,0.0,1,16,nearest,blind,energy_lag_only,62,13,32.48159463333309,1.333933911540505,True,True,True
False,True,False,-24.10888671875,1.0,392.5611572265625,392.5611572265625,0.7333333333333333,0.7333333333333333,0.0,1,16,oracle,blind,energy_lag_only,62,13,32.48159463333309,1.333933911540505,True,True,True
True,True,True,42.4364013671875,1.0,329.94195556640625,329.94195556640625,0.7333333333333333,0.7333333333333333,0.0,1,14,nearest,blind,energy_lag_only,62,14,-60.02494300000012,2.433134846445171,False,False,False
True,True,True,39.3863525390625,1.0,329.94195556640625,329.94195556640625,0.7333333333333333,0.7333333333333333,0.0,1,14,oracle,blind,energy_lag_only,62,14,-60.02494300000012,2.433134846445171,False,False,False
False,True,False,-4.470947265625,1.0,35.07803726196289,35.07803726196289,0.7333333333333333,0.7333333333333333,0.0,1,13,nearest,blind,energy_lag_only,62,15,-5.5865040000001045,1.0699814069186802,True,False,False
False,True,False,-4.763671875,1.0,35.07803726196289,35.07803726196289,0.7333333333333333,0.7333333333333333,0.0,1,13,oracle,blind,energy_lag_only,62,15,-5.5865040000001045,1.0699814069186802,True,False,False
False,True,False,-2.62451171875,1.0,422.357177734375,422.357177734375,0.7333333333333333,0.7333333333333333,0.0,1,12,nearest,blind,energy_lag_only,62,16,-8.918044433333534,0.6639998232869415,True,False,False
False,True,False,-2.7655029296875,1.0,422.357177734375,422.357177734375,0.7333333333333333,0.7333333333333333,0.0,1,12,oracle,blind,energy_lag_only,62,16,-8.918044433333534,0.6639998232869415,True,False,False
True,True,True,46.5621337890625,1.0,439.537353515625,439.537353515625,0.7333333333333333,0.7333333333333333,0.0,1,14,nearest,blind,energy_lag_only,62,17,-8.783500033333667,2.044632840051186,False,False,False
True,True,True,46.5621337890625,1.0,439.537353515625,439.537353515625,0.7333333333333333,0.7333333333333333,0.0,1,14,oracle,blind,energy_lag_only,62,17,-8.783500033333667,2.044632840051186,False,False,False
True,True,True,5.8316650390625,1.0,345.7677307128906,345.7677307128906,0.7333333333333333,0.7333333333333333,0.0,1,14,nearest,blind,energy_lag_only,62,18,-0.5214885666669034,7.150313371606714,False,False,False
True,True,True,5.8316650390625,1.0,345.7677307128906,345.7677307128906,0.7333333333333333,0.7333333333333333,0.0,1,14,oracle,blind,energy_lag_only,62,18,-0.5214885666669034,7.150313371606714,False,False,False
True,True,True,53.6826171875,1.0,430.4644775390625,430.4644775390625,0.7333333333333333,0.7333333333333333,0.0,1,14,nearest,blind,energy_lag_only,62,19,66.59968103333313,1.8561027532616605,False,True,False
True,True,True,53.6826171875,1.0,430.4644775390625,430.4644775390625,0.7333333333333333,0.7333333333333333,0.0,1,14,oracle,blind,energy_lag_only,62,19,66.59968103333313,1.8561027532616605,False,True,False
False,True,False,-1.3057861328125,1.0,431.3528747558594,431.3528747558594,0.7166666666666667,0.7166666666666667,0.0,1,15,nearest,blind,energy_lag_only,62,20,-110.27342310000017,5.214936996242609,False,False,False
False,True,False,-1.0277099609375,1.0,431.3528747558594,431.3528747558594,0.7166666666666667,0.7166666666666667,0.0,1,15,oracle,blind,energy_lag_only,62,20,-110.27342310000017,5.214936996242609,False,False,False
False,True,False,-3.737060546875,1.0,38.64982986450195,38.64982986450195,0.7333333333333333,0.7333333333333333,0.0,1,15,nearest,blind,energy_lag_only,62,21,-9.010450433333062,1.0666483153435755,True,False,False
False,True,False,-3.49560546875,1.0,38.64982986450195,38.64982986450195,0.7333333333333333,0.7333333333333333,0.0,1,15,oracle,blind,energy_lag_only,62,21,-9.010450433333062,1.0666483153435755,True,False,False
False,True,False,-6.565673828125,1.0,373.32879638671875,373.32879638671875,0.7333333333333333,0.7333333333333333,0.0,1,15,nearest,blind,energy_lag_only,62,22,20.406603633333134,1.9726817898880378,False,True,False
False,True,False,-18.9326171875,1.0,373.32879638671875,373.32879638671875,0.7333333333333333,0.7333333333333333,0.0,1,15,oracle,blind,energy_lag_only,62,22,20.406603633333134,1.9726817898880378,False,True,False
False,True,False,-15.814208984375,1.0,134.1796112060547,134.1796112060547,0.7333333333333333,0.7333333333333333,0.0,1,16,nearest,blind,energy_lag_only,62,23,-43.32004889999985,12.422437216792112,False,False,False
False,True,False,-20.956298828125,1.0,134.1796112060547,134.1796112060547,0.7333333333333333,0.7333333333333333,0.0,1,16,oracle,blind,energy_lag_only,62,23,-43.32004889999985,12.422437216792112,False,False,False
True,True,True,33.272216796875,1.0,208.47413635253906,208.47413635253906,0.7333333333333333,0.7333333333333333,0.0,1,15,nearest,blind,energy_lag_only,62,24,-31.431483166666567,6.6740069343243995,False,False,False
True,True,True,24.18408203125,1.0,208.47413635253906,208.47413635253906,0.7333333333333333,0.7333333333333333,0.0,1,15,oracle,blind,energy_lag_only,62,24,-31.431483166666567,6.6740069343243995,False,False,False
False,True,False,-16.8096923828125,1.0,118.07459259033203,118.07459259033203,0.7333333333333333,0.7333333333333333,0.0,1,16,nearest,blind,energy_lag_only,62,25,-7.832004733333406,0.9410480159759715,True,False,False
False,True,False,-26.0399169921875,1.0,118.07459259033203,118.07459259033203,0.7333333333333333,0.7333333333333333,0.0,1,16,oracle,blind,energy_lag_only,62,25,-7.832004733333406,0.9410480159759715,True,False,False
False,True,False,-10.156982421875,1.0,173.80648803710938,173.80648803710938,0.7333333333333333,0.7333333333333333,0.0,1,15,nearest,blind,energy_lag_only,62,26,3.794414133333248,2.98106580016373,False,True,False
False,True,False,-10.156982421875,1.0,173.80648803710938,173.80648803710938,0.7333333333333333,0.7333333333333333,0.0,1,15,oracle,blind,energy_lag_only,62,26,3.794414133333248,2.98106580016373,False,True,False
False,True,False,-4.873779296875,1.0,109.05591583251953,109.05591583251953,0.7333333333333333,0.7333333333333333,0.0,1,15,nearest,blind,energy_lag_only,62,27,-19.79155056666673,1.114276950707128,True,False,False
False,True,False,-4.873779296875,1.0,109.05591583251953,109.05591583251953,0.7333333333333333,0.7333333333333333,0.0,1,15,oracle,blind,energy_lag_only,62,27,-19.79155056666673,1.114276950707128,True,False,False
True,True,True,34.379638671875,1.0,288.23681640625,288.23681640625,0.7333333333333333,0.7333333333333333,0.0,1,15,nearest,blind,energy_lag_only,62,28,-3.5103413000001638,3.263280008798295,False,False,False
True,True,True,34.379638671875,1.0,288.23681640625,288.23681640625,0.7333333333333333,0.7333333333333333,0.0,1,15,oracle,blind,energy_lag_only,62,28,-3.5103413000001638,3.263280008798295,False,False,False
True,True,True,9.5819091796875,1.0,479.1635437011719,479.1635437011719,0.7333333333333333,0.7333333333333333,0.0,1,16,nearest,blind,energy_lag_only,62,29,-30.569590366666716,1.876622138585856,False,False,False
True,True,True,5.145263671875,1.0,479.1635437011719,479.1635437011719,0.7333333333333333,0.7333333333333333,0.0,1,16,oracle,blind,energy_lag_only,62,29,-30.569590366666716,1.876622138585856,False,False,False
False,True,False,-8.840576171875,1.0,230.87351989746094,230.87351989746094,0.7333333333333333,0.7333333333333333,0.0,1,15,nearest,blind,energy_lag_only,62,30,-43.01109496666663,1.8130152717946224,False,False,False
False,True,False,-20.5185546875,1.0,230.87351989746094,230.87351989746094,0.7333333333333333,0.7333333333333333,0.0,1,15,oracle,blind,energy_lag_only,62,30,-43.01109496666663,1.8130152717946224,False,False,False
True,True,True,58.541015625,1.0,433.9499816894531,433.9499816894531,0.7333333333333333,0.7333333333333333,0.0,1,15,nearest,blind,energy_lag_only,62,31,5.865168799999992,3.7628664323849694,False,True,False
True,True,True,54.5283203125,1.0,433.9499816894531,433.9499816894531,0.7333333333333333,0.7333333333333333,0.0,1,15,oracle,blind,energy_lag_only,62,31,5.865168799999992,3.7628664323849694,False,True,False
False,True,False,-37.73193359375,1.0,309.2402648925781,309.2402648925781,0.75,0.75,0.0,1,15,nearest,blind,energy_lag_only,62,32,-73.27006476666656,1.1693589739466987,True,False,False
False,True,False,-34.7374267578125,1.0,309.2402648925781,309.2402648925781,0.75,0.75,0.0,1,15,oracle,blind,energy_lag_only,62,32,-73.27006476666656,1.1693589739466987,True,False,False
False,True,False,-1.771240234375,1.0,39.27842330932617,39.27842330932617,0.7333333333333333,0.7333333333333333,0.0,1,15,nearest,blind,energy_lag_only,62,33,-35.108968800000184,1.078578076753348,True,False,False
False,True,False,-0.25390625,1.0,39.27842330932617,39.27842330932617,0.7333333333333333,0.7333333333333333,0.0,1,15,oracle,blind,energy_lag_only,62,33,-35.108968800000184,1.078578076753348,True,False,False
False,True,False,-21.7999267578125,1.0,335.01898193359375,335.01898193359375,0.7333333333333333,0.7333333333333333,0.0,1,16,nearest,blind,energy_lag_only,62,34,-15.788262533333409,1.4478142227788524,True,False,False
False,True,False,-5.3226318359375,1.0,335.01898193359375,335.01898193359375,0.7333333333333333,0.7333333333333333,0.0,1,16,oracle,blind,energy_lag_only,62,34,-15.788262533333409,1.4478142227788524,True,False,False
True,True,True,36.201416015625,1.0,314.6974792480469,314.6974792480469,0.7333333333333333,0.7333333333333333,0.0,1,16,nearest,blind,energy_lag_only,62,35,-131.06721073333324,1.1963414097578846,True,False,False
True,True,True,36.947021484375,1.0,314.6974792480469,314.6974792480469,0.7333333333333333,0.7333333333333333,0.0,1,16,oracle,blind,energy_lag_only,62,35,-131.06721073333324,1.1963414097578846,True,False,False
False,True,False,-3.67822265625,1.0,264.94921875,264.94921875,0.7333333333333333,0.7333333333333333,0.0,1,17,nearest,blind,energy_lag_only,62,36,-17.00381900000002,2.774557541741526,False,False,False
True,True,True,1.363525390625,1.0,264.94921875,264.94921875,0.7333333333333333,0.7333333333333333,0.0,1,17,oracle,blind,energy_lag_only,62,36,-17.00381900000002,2.774557541741526,False,False,False
True,True,True,75.85498046875,1.0,299.3565979003906,299.3565979003906,0.7333333333333333,0.7333333333333333,0.0,1,15,nearest,blind,energy_lag_only,62,37,85.86767529999997,1.273235101357509,True,True,True
True,True,True,71.20947265625,1.0,299.3565979003906,299.3565979003906,0.7333333333333333,0.7333333333333333,0.0,1,15,oracle,blind,energy_lag_only,62,37,85.86767529999997,1.273235101357509,True,True,True
True,True,True,0.7010498046875,1.0,329.3564147949219,329.3564147949219,0.7333333333333333,0.7333333333333333,0.0,1,16,nearest,blind,energy_lag_only,62,38,-196.83066910000002,9.641902879766,False,False,False
False,True,False,-0.1470947265625,1.0,329.3564147949219,329.3564147949219,0.7333333333333333,0.7333333333333333,0.0,1,16,oracle,blind,energy_lag_only,62,38,-196.83066910000002,9.641902879766,False,False,False
True,True,True,4.6632080078125,1.0,35.208866119384766,35.208866119384766,0.7333333333333333,0.7333333333333333,0.0,1,17,nearest,blind,energy_lag_only,62,39,-21.693746133333207,1.0197710662206159,True,False,False
True,True,True,6.3541259765625,1.0,35.208866119384766,35.208866119384766,0.7333333333333333,0.7333333333333333,0.0,1,17,oracle,blind,energy_lag_only,62,39,-21.693746133333207,1.0197710662206159,True,False,False
False,True,False,-3.436767578125,1.0,400.5577087402344,400.5577087402344,0.7333333333333333,0.7333333333333333,0.0,2,11,nearest,blind,energy_lag_only,62,0,14.768594800000074,0.9483688168250687,True,True,True
False,True,False,-3.22705078125,1.0,400.5577087402344,400.5577087402344,0.7333333333333333,0.7333333333333333,0.0,2,11,oracle,blind,energy_lag_only,62,0,14.768594800000074,0.9483688168250687,True,True,True
False,True,False,-3.8880615234375,1.0,325.62103271484375,325.62103271484375,0.7333333333333333,0.7333333333333333,0.0,2,10,nearest,blind,energy_lag_only,62,1,2.6823399333334237,0.9273186282409611,True,True,True
False,True,False,-3.394775390625,1.0,325.62103271484375,325.62103271484375,0.7333333333333333,0.7333333333333333,0.0,2,10,oracle,blind,energy_lag_only,62,1,2.6823399333334237,0.9273186282409611,True,True,True
False,True,False,-2.7999267578125,1.0,319.1858825683594,319.1858825683594,0.7333333333333333,0.7333333333333333,0.0,2,10,nearest,blind,energy_lag_only,62,2,0.13034123333318348,2.0881845880649434,False,True,False
False,True,False,-2.8944091796875,1.0,319.1858825683594,319.1858825683594,0.7333333333333333,0.7333333333333333,0.0,2,10,oracle,blind,energy_lag_only,62,2,0.13034123333318348,2.0881845880649434,False,True,False
True,True,True,67.3079833984375,1.0,382.312744140625,382.312744140625,0.7333333333333333,0.7333333333333333,0.0,2,11,nearest,blind,energy_lag_only,62,3,-55.576019433333386,1.8232571678324219,False,False,False
True,True,True,67.1734619140625,1.0,382.312744140625,382.312744140625,0.7333333333333333,0.7333333333333333,0.0,2,11,oracle,blind,energy_lag_only,62,3,-55.576019433333386,1.8232571678324219,False,False,False
False,True,False,-4.33935546875,1.0,217.98646545410156,217.98646545410156,0.7333333333333333,0.7333333333333333,0.0,2,12,nearest,blind,energy_lag_only,62,4,-26.48847703333331,1.351181864645245,True,False,False
False,True,False,-4.72705078125,1.0,217.98646545410156,217.98646545410156,0.7333333333333333,0.7333333333333333,0.0,2,12,oracle,blind,energy_lag_only,62,4,-26.48847703333331,1.351181864645245,True,False,False
False,True,False,-6.9229736328125,1.0,297.61370849609375,297.61370849609375,0.7333333333333333,0.7333333333333333,0.0,2,12,nearest,blind,energy_lag_only,62,5,1.7479988000002322,1.0210561449749778,True,True,True
False,True,False,-9.2176513671875,1.0,297.61370849609375,297.61370849609375,0.7333333333333333,0.7333333333333333,0.0,2,12,oracle,blind,energy_lag_only,62,5,1.7479988000002322,1.0210561449749778,True,True,True
False,True,False,-5.83349609375,1.0,289.0044250488281,289.0044250488281,0.7166666666666667,0.7166666666666667,0.0,2,11,nearest,blind,energy_lag_only,62,6,-19.447796299999936,1.071527032533578,True,False,False
False,True,False,-6.541015625,1.0,289.0044250488281,289.0044250488281,0.7166666666666667,0.7166666666666667,0.0,2,11,oracle,blind,energy_lag_only,62,6,-19.447796299999936,1.071527032533578,True,False,False
False,True,False,-2.33154296875,1.0,235.211669921875,235.211669921875,0.7333333333333333,0.7333333333333333,0.0,2,11,nearest,blind,energy_lag_only,62,7,-2.5914484000002176,1.1191268029143153,True,False,False
False,True,False,-3.2247314453125,1.0,235.211669921875,235.211669921875,0.7333333333333333,0.7333333333333333,0.0,2,11,oracle,blind,energy_lag_only,62,7,-2.5914484000002176,1.1191268029143153,True,False,False
False,True,False,-35.8050537109375,1.0,331.8609924316406,331.8609924316406,0.7333333333333333,0.7333333333333333,0.0,2,11,nearest,blind,energy_lag_only,62,8,5.281910733333234,1.1649217900510924,True,True,True
False,True,False,-40.3673095703125,1.0,331.8609924316406,331.8609924316406,0.7333333333333333,0.7333333333333333,0.0,2,11,oracle,blind,energy_lag_only,62,8,5.281910733333234,1.1649217900510924,True,True,True
True,True,True,67.6712646484375,1.0,342.0003967285156,342.0003967285156,0.7333333333333333,0.7333333333333333,0.0,2,11,nearest,blind,energy_lag_only,62,9,-34.290314966666756,2.391979208760095,False,False,False
True,True,True,64.806396484375,1.0,342.0003967285156,342.0003967285156,0.7333333333333333,0.7333333333333333,0.0,2,11,oracle,blind,energy_lag_only,62,9,-34.290314966666756,2.391979208760095,False,False,False
False,True,False,-57.352783203125,1.0,353.32958984375,353.32958984375,0.7333333333333333,0.7333333333333333,0.0,2,11,nearest,blind,energy_lag_only,62,10,-37.500049033333426,1.0342235560213047,True,False,False
False,True,False,-73.1959228515625,1.0,353.32958984375,353.32958984375,0.7333333333333333,0.7333333333333333,0.0,2,11,oracle,blind,energy_lag_only,62,10,-37.500049033333426,1.0342235560213047,True,False,False
True,True,True,66.047119140625,1.0,418.88641357421875,418.88641357421875,0.7333333333333333,0.7333333333333333,0.0,2,11,nearest,blind,energy_lag_only,62,11,80.52500143333327,1.8686971585587187,False,True,False
True,True,True,63.09228515625,1.0,418.88641357421875,418.88641357421875,0.7333333333333333,0.7333333333333333,0.0,2,11,oracle,blind,energy_lag_only,62,11,80.52500143333327,1.8686971585587187,False,True,False
False,True,False,-2.6888427734375,1.0,225.65196228027344,225.65196228027344,0.7333333333333333,0.7333333333333333,0.0,2,11,nearest,blind,energy_lag_only,62,12,-136.33609279999996,5.214265456631638,False,False,False
False,True,False,-4.38232421875,1.0,225.65196228027344,225.65196228027344,0.7333333333333333,0.7333333333333333,0.0,2,11,oracle,blind,energy_lag_only,62,12,-136.33609279999996,5.214265456631638,False,False,False
True,True,True,17.1875,1.0,392.5611572265625,392.5611572265625,0.7333333333333333,0.7333333333333333,0.0,2,10,nearest,blind,energy_lag_only,62,13,-19.648349666666945,1.397675693833393,True,False,False
True,True,True,5.469970703125,1.0,392.5611572265625,392.5611572265625,0.7333333333333333,0.7333333333333333,0.0,2,10,oracle,blind,energy_lag_only,62,13,-19.648349666666945,1.397675693833393,True,False,False
False,True,False,-7.5177001953125,1.0,329.94195556640625,329.94195556640625,0.7333333333333333,0.7333333333333333,0.0,2,11,nearest,blind,energy_lag_only,62,14,-16.49777816666665,1.9380852050899344,False,False,False
False,True,False,-7.951416015625,1.0,329.94195556640625,329.94195556640625,0.7333333333333333,0.7333333333333333,0.0,2,11,oracle,blind,energy_lag_only,62,14,-16.49777816666665,1.9380852050899344,False,False,False
False,True,False,-1.6005859375,1.0,35.07803726196289,35.07803726196289,0.7333333333333333,0.7333333333333333,0.0,2,10,nearest,blind,energy_lag_only,62,15,-9.914027666666698,1.0120206528263118,True,False,False
False,True,False,-6.220458984375,1.0,35.07803726196289,35.07803726196289,0.7333333333333333,0.7333333333333333,0.0,2,10,oracle,blind,energy_lag_only,62,15,-9.914027666666698,1.0120206528263118,True,False,False
False,True,False,-0.4796142578125,1.0,422.357177734375,422.357177734375,0.7333333333333333,0.7333333333333333,0.0,2,11,nearest,blind,energy_lag_only,62,16,1.2589064999999664,0.789697198678068,True,True,True
False,True,False,-2.9515380859375,1.0,422.357177734375,422.357177734375,0.7333333333333333,0.7333333333333333,0.0,2,11,oracle,blind,energy_lag_only,62,16,1.2589064999999664,0.789697198678068,True,True,True
False,True,False,-7.27783203125,1.0,439.537353515625,439.537353515625,0.7333333333333333,0.7333333333333333,0.0,2,8,nearest,blind,energy_lag_only,62,17,-11.890593566666894,1.6443266634126905,False,False,False
False,True,False,-8.1103515625,1.0,439.537353515625,439.537353515625,0.7333333333333333,0.7333333333333333,0.0,2,8,oracle,blind,energy_lag_only,62,17,-11.890593566666894,1.6443266634126905,False,False,False
True,True,True,60.50634765625,1.0,345.7677307128906,345.7677307128906,0.7333333333333333,0.7333333333333333,0.0,2,8,nearest,blind,energy_lag_only,62,18,-56.748517966666896,8.025051377057453,False,False,False
True,True,True,60.9765625,1.0,345.7677307128906,345.7677307128906,0.7333333333333333,0.7333333333333333,0.0,2,8,oracle,blind,energy_lag_only,62,18,-56.748517966666896,8.025051377057453,False,False,False
True,True,True,48.948486328125,1.0,430.4644775390625,430.4644775390625,0.7333333333333333,0.7333333333333333,0.0,2,8,nearest,blind,energy_lag_only,62,19,37.807527700000264,1.584380085575503,False,True,False
True,True,True,54.158447265625,1.0,430.4644775390625,430.4644775390625,0.7333333333333333,0.7333333333333333,0.0,2,8,oracle,blind,energy_lag_only,62,19,37.807527700000264,1.584380085575503,False,True,False
False,True,False,-3.20166015625,1.0,431.3528747558594,431.3528747558594,0.7166666666666667,0.7166666666666667,0.0,2,8,nearest,blind,energy_lag_only,62,20,-101.25730540000018,12.07996023070583,False,False,False
False,True,False,-3.3702392578125,1.0,431.3528747558594,431.3528747558594,0.7166666666666667,0.7166666666666667,0.0,2,8,oracle,blind,energy_lag_only,62,20,-101.25730540000018,12.07996023070583,False,False,False
True,True,True,1.123046875,1.0,38.64982986450195,38.64982986450195,0.7333333333333333,0.7333333333333333,0.0,2,8,nearest,blind,energy_lag_only,62,21,-18.265982199999826,1.078230582781586,True,False,False
True,True,True,0.4857177734375,1.0,38.64982986450195,38.64982986450195,0.7333333333333333,0.7333333333333333,0.0,2,8,oracle,blind,energy_lag_only,62,21,-18.265982199999826,1.078230582781586,True,False,False
False,True,False,-11.1324462890625,1.0,373.32879638671875,373.32879638671875,0.7333333333333333,0.7333333333333333,0.0,2,8,nearest,blind,energy_lag_only,62,22,-10.10978950000026,0.917682100314543,True,False,False
False,True,False,-14.235595703125,1.0,373.32879638671875,373.32879638671875,0.7333333333333333,0.7333333333333333,0.0,2,8,oracle,blind,energy_lag_only,62,22,-10.10978950000026,0.917682100314543,True,False,False
True,True,True,16.665771484375,1.0,134.1796112060547,134.1796112060547,0.7333333333333333,0.7333333333333333,0.0,2,7,nearest,blind,energy_lag_only,62,23,-6.317396533333067,4.907422997437625,False,False,False
True,True,True,25.7296142578125,1.0,134.1796112060547,134.1796112060547,0.7333333333333333,0.7333333333333333,0.0,2,7,oracle,blind,energy_lag_only,62,23,-6.317396533333067,4.907422997437625,False,False,False
True,True,True,43.0250244140625,1.0,208.47413635253906,208.47413635253906,0.7333333333333333,0.7333333333333333,0.0,2,7,nearest,blind,energy_lag_only,62,24,-19.414420899999868,0.5692464093824104,True,False,False
True,True,True,42.1224365234375,1.0,208.47413635253906,208.47413635253906,0.7333333333333333,0.7333333333333333,0.0,2,7,oracle,blind,energy_lag_only,62,24,-19.414420899999868,0.5692464093824104,True,False,False
False,True,False,-3.3790283203125,1.0,118.07459259033203,118.07459259033203,0.7333333333333333,0.7333333333333333,0.0,2,6,nearest,blind,energy_lag_only,62,25,-19.335988633333272,2.132881434966157,False,False,False
False,True,False,-5.1248779296875,1.0,118.07459259033203,118.07459259033203,0.7333333333333333,0.7333333333333333,0.0,2,6,oracle,blind,energy_lag_only,62,25,-19.335988633333272,2.132881434966157,False,False,False
False,True,False,-7.108642578125,1.0,173.80648803710938,173.80648803710938,0.7333333333333333,0.7333333333333333,0.0,2,7,nearest,blind,energy_lag_only,62,26,-19.82901066666659,0.9856360840704168,True,False,False
False,True,False,-3.045166015625,1.0,173.80648803710938,173.80648803710938,0.7333333333333333,0.7333333333333333,0.0,2,7,oracle,blind,energy_lag_only,62,26,-19.82901066666659,0.9856360840704168,True,False,False
False,True,False,-13.0250244140625,1.0,109.05591583251953,109.05591583251953,0.7333333333333333,0.7333333333333333,0.0,2,7,nearest,blind,energy_lag_only,62,27,-28.578075633333356,1.2027480918715185,True,False,False
False,True,False,-0.0850830078125,1.0,109.05591583251953,109.05591583251953,0.7333333333333333,0.7333333333333333,0.0,2,7,oracle,blind,energy_lag_only,62,27,-28.578075633333356,1.2027480918715185,True,False,False
True,True,True,18.523193359375,1.0,288.23681640625,288.23681640625,0.7333333333333333,0.7333333333333333,0.0,2,7,nearest,blind,energy_lag_only,62,28,-30.1054903666668,1.915208660953367,False,False,False
True,True,True,20.526611328125,1.0,288.23681640625,288.23681640625,0.7333333333333333,0.7333333333333333,0.0,2,7,oracle,blind,energy_lag_only,62,28,-30.1054903666668,1.915208660953367,False,False,False
True,True,True,66.1617431640625,1.0,479.1635437011719,479.1635437011719,0.7333333333333333,0.7333333333333333,0.0,2,7,nearest,blind,energy_lag_only,62,29,-5.072412433333511,1.4205256508730637,True,False,False
True,True,True,66.126220703125,1.0,479.1635437011719,479.1635437011719,0.7333333333333333,0.7333333333333333,0.0,2,7,oracle,blind,energy_lag_only,62,29,-5.072412433333511,1.4205256508730637,True,False,False
False,True,False,-7.376220703125,1.0,230.87351989746094,230.87351989746094,0.7333333333333333,0.7333333333333333,0.0,2,7,nearest,blind,energy_lag_only,62,30,-29.10181426666645,0.938884912099977,True,False,False
False,True,False,-7.604736328125,1.0,230.87351989746094,230.87351989746094,0.7333333333333333,0.7333333333333333,0.0,2,7,oracle,blind,energy_lag_only,62,30,-29.10181426666645,0.938884912099977,True,False,False
True,True,True,64.19482421875,1.0,433.9499816894531,433.9499816894531,0.7333333333333333,0.7333333333333333,0.0,2,8,nearest,blind,energy_lag_only,62,31,9.845495233333168,2.2754320738340805,False,True,False
True,True,True,62.875244140625,1.0,433.9499816894531,433.9499816894531,0.7333333333333333,0.7333333333333333,0.0,2,8,oracle,blind,energy_lag_only,62,31,9.845495233333168,2.2754320738340805,False,True,False
True,True,True,3.558349609375,1.0,309.2402648925781,309.2402648925781,0.75,0.75,0.0,2,8,nearest,blind,energy_lag_only,62,32,-18.389803533333406,1.0737661842589477,True,False,False
True,True,True,4.8717041015625,1.0,309.2402648925781,309.2402648925781,0.75,0.75,0.0,2,8,oracle,blind,energy_lag_only,62,32,-18.389803533333406,1.0737661842589477,True,False,False
False,True,False,-3.12109375,1.0,39.27842330932617,39.27842330932617,0.7333333333333333,0.7333333333333333,0.0,2,9,nearest,blind,energy_lag_only,62,33,-29.992881900000157,1.0546219640231227,True,False,False
True,True,True,3.67041015625,1.0,39.27842330932617,39.27842330932617,0.7333333333333333,0.7333333333333333,0.0,2,9,oracle,blind,energy_lag_only,62,33,-29.992881900000157,1.0546219640231227,True,False,False
True,True,True,4.6507568359375,1.0,335.01898193359375,335.01898193359375,0.7333333333333333,0.7333333333333333,0.0,2,10,nearest,blind,energy_lag_only,62,34,-25.233919433333313,0.7026394925209132,True,False,False
True,True,True,4.955810546875,1.0,335.01898193359375,335.01898193359375,0.7333333333333333,0.7333333333333333,0.0,2,10,oracle,blind,energy_lag_only,62,34,-25.233919433333313,0.7026394925209132,True,False,False
True,True,True,14.2271728515625,1.0,314.6974792480469,314.6974792480469,0.7333333333333333,0.7333333333333333,0.0,2,9,nearest,blind,energy_lag_only,62,35,0.15501999999992222,0.788799427945216,True,True,True
True,True,True,20.3280029296875,1.0,314.6974792480469,314.6974792480469,0.7333333333333333,0.7333333333333333,0.0,2,9,oracle,blind,energy_lag_only,62,35,0.15501999999992222,0.788799427945216,True,True,True
True,True,True,58.609619140625,1.0,264.94921875,264.94921875,0.7333333333333333,0.7333333333333333,0.0,2,9,nearest,blind,energy_lag_only,62,36,-40.231951699999854,1.7212548340709453,False,False,False
True,True,True,60.7593994140625,1.0,264.94921875,264.94921875,0.7333333333333333,0.7333333333333333,0.0,2,9,oracle,blind,energy_lag_only,62,36,-40.231951699999854,1.7212548340709453,False,False,False
True,True,True,54.903564453125,1.0,299.3565979003906,299.3565979003906,0.7333333333333333,0.7333333333333333,0.0,2,10,nearest,blind,energy_lag_only,62,37,52.581156633333194,1.7867317201652058,False,True,False
True,True,True,54.903564453125,1.0,299.3565979003906,299.3565979003906,0.7333333333333333,0.7333333333333333,0.0,2,10,oracle,blind,energy_lag_only,62,37,52.581156633333194,1.7867317201652058,False,True,False
False,True,False,-1.728271484375,1.0,329.3564147949219,329.3564147949219,0.7333333333333333,0.7333333333333333,0.0,2,10,nearest,blind,energy_lag_only,62,38,-156.76538199999982,18.302379069111307,False,False,False
False,True,False,-1.728271484375,1.0,329.3564147949219,329.3564147949219,0.7333333333333333,0.7333333333333333,0.0,2,10,oracle,blind,energy_lag_only,62,38,-156.76538199999982,18.302379069111307,False,False,False
True,True,True,5.8221435546875,1.0,35.208866119384766,35.208866119384766,0.7333333333333333,0.7333333333333333,0.0,2,10,nearest,blind,energy_lag_only,62,39,-22.37306046666663,1.0646953681608173,True,False,False
True,True,True,6.6136474609375,1.0,35.208866119384766,35.208866119384766,0.7333333333333333,0.7333333333333333,0.0,2,10,oracle,blind,energy_lag_only,62,39,-22.37306046666663,1.0646953681608173,True,False,False
True,True,True,1.1715087890625,1.0,400.5577087402344,400.5577087402344,0.7333333333333333,0.7333333333333333,0.0,5,6,nearest,blind,energy_lag_only,62,0,13.3473045333335,0.9704659905067647,True,True,True
False,True,False,-1.6856689453125,1.0,400.5577087402344,400.5577087402344,0.7333333333333333,0.7333333333333333,0.0,5,6,oracle,blind,energy_lag_only,62,0,13.3473045333335,0.9704659905067647,True,True,True
False,True,False,-0.76025390625,1.0,325.62103271484375,325.62103271484375,0.7333333333333333,0.7333333333333333,0.0,5,7,nearest,blind,energy_lag_only,62,1,3.3252081000000544,0.9420700980139742,True,True,True
False,True,False,-1.0966796875,1.0,325.62103271484375,325.62103271484375,0.7333333333333333,0.7333333333333333,0.0,5,7,oracle,blind,energy_lag_only,62,1,3.3252081000000544,0.9420700980139742,True,True,True
True,True,True,0.8082275390625,1.0,319.1858825683594,319.1858825683594,0.7333333333333333,0.7333333333333333,0.0,5,7,nearest,blind,energy_lag_only,62,2,-18.845238999999992,3.2973286921601397,False,False,False
True,True,True,0.4129638671875,1.0,319.1858825683594,319.1858825683594,0.7333333333333333,0.7333333333333333,0.0,5,7,oracle,blind,energy_lag_only,62,2,-18.845238999999992,3.2973286921601397,False,False,False
True,True,True,4.59716796875,1.0,382.312744140625,382.312744140625,0.7333333333333333,0.7333333333333333,0.0,5,8,nearest,blind,energy_lag_only,62,3,-9.26335620000009,1.074133994719162,True,False,False
True,True,True,4.4677734375,1.0,382.312744140625,382.312744140625,0.7333333333333333,0.7333333333333333,0.0,5,8,oracle,blind,energy_lag_only,62,3,-9.26335620000009,1.074133994719162,True,False,False
True,True,True,0.773193359375,1.0,217.98646545410156,217.98646545410156,0.7333333333333333,0.7333333333333333,0.0,5,7,nearest,blind,energy_lag_only,62,4,2.350205066666831,0.8729296766390969,True,True,True
True,True,True,4.8369140625,1.0,217.98646545410156,217.98646545410156,0.7333333333333333,0.7333333333333333,0.0,5,7,oracle,blind,energy_lag_only,62,4,2.350205066666831,0.8729296766390969,True,True,True
False,True,False,-2.790283203125,1.0,297.61370849609375,297.61370849609375,0.7333333333333333,0.7333333333333333,0.0,5,7,nearest,blind,energy_lag_only,62,5,0.8653949666668268,0.8988846708080834,True,True,True
True,True,True,3.8970947265625,1.0,297.61370849609375,297.61370849609375,0.7333333333333333,0.7333333333333333,0.0,5,7,oracle,blind,energy_lag_only,62,5,0.8653949666668268,0.8988846708080834,True,True,True
True,True,True,7.636474609375,1.0,289.0044250488281,289.0044250488281,0.7166666666666667,0.7166666666666667,0.0,5,5,nearest,blind,energy_lag_only,62,6,-21.01102406666655,1.144697025146817,True,False,False
True,True,True,7.5386962890625,1.0,289.0044250488281,289.0044250488281,0.7166666666666667,0.7166666666666667,0.0,5,5,oracle,blind,energy_lag_only,62,6,-21.01102406666655,1.144697025146817,True,False,False
False,True,False,-0.264404296875,1.0,235.211669921875,235.211669921875,0.7333333333333333,0.7333333333333333,0.0,5,5,nearest,blind,energy_lag_only,62,7,-0.484175633333507,1.0972293403021627,True,False,False
False,True,False,-1.000732421875,1.0,235.211669921875,235.211669921875,0.7333333333333333,0.7333333333333333,0.0,5,5,oracle,blind,energy_lag_only,62,7,-0.484175633333507,1.0972293403021627,True,False,False
False,True,False,-0.6566162109375,1.0,331.8609924316406,331.8609924316406,0.7333333333333333,0.7333333333333333,0.0,5,4,nearest,blind,energy_lag_only,62,8,-2.1927924666665604,0.9932948758017908,True,False,False
False,True,False,-2.422607421875,1.0,331.8609924316406,331.8609924316406,0.7333333333333333,0.7333333333333333,0.0,5,4,oracle,blind,energy_lag_only,62,8,-2.1927924666665604,0.9932948758017908,True,False,False
True,True,True,3.218505859375,1.0,342.0003967285156,342.0003967285156,0.7333333333333333,0.7333333333333333,0.0,5,5,nearest,blind,energy_lag_only,62,9,-26.794813500000146,1.4367099728513775,True,False,False
True,True,True,3.218505859375,1.0,342.0003967285156,342.0003967285156,0.7333333333333333,0.7333333333333333,0.0,5,5,oracle,blind,energy_lag_only,62,9,-26.794813500000146,1.4367099728513775,True,False,False
False,True,False,-0.9195556640625,1.0,353.32958984375,353.32958984375,0.7333333333333333,0.7333333333333333,0.0,5,5,nearest,blind,energy_lag_only,62,10,-31.787659133333364,2.043542248711771,False,False,False
False,True,False,-0.9195556640625,1.0,353.32958984375,353.32958984375,0.7333333333333333,0.7333333333333333,0.0,5,5,oracle,blind,energy_lag_only,62,10,-31.787659133333364,2.043542248711771,False,False,False
True,True,True,3.90869140625,1.0,418.88641357421875,418.88641357421875,0.7333333333333333,0.7333333333333333,0.0,5,5,nearest,blind,energy_lag_only,62,11,-22.403558366666402,1.0875607122198734,True,False,False
True,True,True,5.78173828125,1.0,418.88641357421875,418.88641357421875,0.7333333333333333,0.7333333333333333,0.0,5,5,oracle,blind,energy_lag_only,62,11,-22.403558366666402,1.0875607122198734,True,False,False
False,True,False,-1.0465087890625,1.0,225.65196228027344,225.65196228027344,0.7333333333333333,0.7333333333333333,0.0,5,5,nearest,blind,energy_lag_only,62,12,-1.210080299999845,1.0742572997229898,True,False,False
False,True,False,-0.423583984375,1.0,225.65196228027344,225.65196228027344,0.7333333333333333,0.7333333333333333,0.0,5,5,oracle,blind,energy_lag_only,62,12,-1.210080299999845,1.0742572997229898,True,False,False
False,True,False,-20.49951171875,1.0,392.5611572265625,392.5611572265625,0.7333333333333333,0.7333333333333333,0.0,5,5,nearest,blind,energy_lag_only,62,13,4.62865069999998,0.9901217694367158,True,True,True
False,True,False,-14.37158203125,1.0,392.5611572265625,392.5611572265625,0.7333333333333333,0.7333333333333333,0.0,5,5,oracle,blind,energy_lag_only,62,13,4.62865069999998,0.9901217694367158,True,True,True
False,True,False,-5.301513671875,1.0,329.94195556640625,329.94195556640625,0.7333333333333333,0.7333333333333333,0.0,5,4,nearest,blind,energy_lag_only,62,14,-13.20142143333328,0.842551807862076,True,False,False
True,True,True,5.563720703125,1.0,329.94195556640625,329.94195556640625,0.7333333333333333,0.7333333333333333,0.0,5,4,oracle,blind,energy_lag_only,62,14,-13.20142143333328,0.842551807862076,True,False,False
False,True,False,-7.17138671875,1.0,35.07803726196289,35.07803726196289,0.7333333333333333,0.7333333333333333,0.0,5,4,nearest,blind,energy_lag_only,62,15,-7.655597133333458,1.0433885195640122,True,False,False
False,True,False,-0.691650390625,1.0,35.07803726196289,35.07803726196289,0.7333333333333333,0.7333333333333333,0.0,5,4,oracle,blind,energy_lag_only,62,15,-7.655597133333458,1.0433885195640122,True,False,False
True,True,True,0.5843505859375,1.0,422.357177734375,422.357177734375,0.7333333333333333,0.7333333333333333,0.0,5,4,nearest,blind,energy_lag_only,62,16,-4.02132030000007,0.6539386885826429,True,False,False
True,True,True,5.2725830078125,1.0,422.357177734375,422.357177734375,0.7333333333333333,0.7333333333333333,0.0,5,4,oracle,blind,energy_lag_only,62,16,-4.02132030000007,0.6539386885826429,True,False,False
False,True,False,-1.6148681640625,1.0,439.537353515625,439.537353515625,0.7333333333333333,0.7333333333333333,0.0,5,6,nearest,blind,energy_lag_only,62,17,0.13575769999988552,0.7857258109763648,True,True,True
True,True,True,3.13623046875,1.0,439.537353515625,439.537353515625,0.7333333333333333,0.7333333333333333,0.0,5,6,oracle,blind,energy_lag_only,62,17,0.13575769999988552,0.7857258109763648,True,True,True
True,True,True,9.69189453125,1.0,345.7677307128906,345.7677307128906,0.7333333333333333,0.7333333333333333,0.0,5,6,nearest,blind,energy_lag_only,62,18,-18.36624330000018,6.486719249757702,False,False,False
True,True,True,9.2135009765625,1.0,345.7677307128906,345.7677307128906,0.7333333333333333,0.7333333333333333,0.0,5,6,oracle,blind,energy_lag_only,62,18,-18.36624330000018,6.486719249757702,False,False,False
False,True,False,-4.289794921875,1.0,430.4644775390625,430.4644775390625,0.7333333333333333,0.7333333333333333,0.0,5,7,nearest,blind,energy_lag_only,62,19,-33.49386996666681,1.0455987117837293,True,False,False
False,True,False,-3.737548828125,1.0,430.4644775390625,430.4644775390625,0.7333333333333333,0.7333333333333333,0.0,5,7,oracle,blind,energy_lag_only,62,19,-33.49386996666681,1.0455987117837293,True,False,False
False,True,False,-0.9501953125,1.0,431.3528747558594,431.3528747558594,0.7166666666666667,0.7166666666666667,0.0,5,7,nearest,blind,energy_lag_only,62,20,-9.941659633333302,1.2986966507988968,True,False,False
False,True,False,-1.01904296875,1.0,431.3528747558594,431.3528747558594,0.7166666666666667,0.7166666666666667,0.0,5,7,oracle,blind,energy_lag_only,62,20,-9.941659633333302,1.2986966507988968,True,False,False
False,True,False,-3.01904296875,1.0,38.64982986450195,38.64982986450195,0.7333333333333333,0.7333333333333333,0.0,5,7,nearest,blind,energy_lag_only,62,21,-1.909318966666433,1.0114121649227068,True,False,False
False,True,False,-3.376220703125,1.0,38.64982986450195,38.64982986450195,0.7333333333333333,0.7333333333333333,0.0,5,7,oracle,blind,energy_lag_only,62,21,-1.909318966666433,1.0114121649227068,True,False,False
True,True,True,1.65576171875,1.0,373.32879638671875,373.32879638671875,0.7333333333333333,0.7333333333333333,0.0,5,7,nearest,blind,energy_lag_only,62,22,6.858160399999861,0.8322471387823595,True,True,True
True,True,True,1.713623046875,1.0,373.32879638671875,373.32879638671875,0.7333333333333333,0.7333333333333333,0.0,5,7,oracle,blind,energy_lag_only,62,22,6.858160399999861,0.8322471387823595,True,True,True
True,True,True,0.540283203125,1.0,134.1796112060547,134.1796112060547,0.7333333333333333,0.7333333333333333,0.0,5,7,nearest,blind,energy_lag_only,62,23,-22.835088999999698,0.9526434006840487,True,False,False
True,True,True,1.684326171875,1.0,134.1796112060547,134.1796112060547,0.7333333333333333,0.7333333333333333,0.0,5,7,oracle,blind,energy_lag_only,62,23,-22.835088999999698,0.9526434006840487,True,False,False
True,True,True,0.3271484375,1.0,208.47413635253906,208.47413635253906,0.7333333333333333,0.7333333333333333,0.0,5,7,nearest,blind,energy_lag_only,62,24,-27.856779966666636,3.5984628934744975,False,False,False
True,True,True,0.262451171875,1.0,208.47413635253906,208.47413635253906,0.7333333333333333,0.7333333333333333,0.0,5,7,oracle,blind,energy_lag_only,62,24,-27.856779966666636,3.5984628934744975,False,False,False
False,True,False,-3.306640625,1.0,118.07459259033203,118.07459259033203,0.7333333333333333,0.7333333333333333,0.0,5,7,nearest,blind,energy_lag_only,62,25,-44.0325289333332,2.007958379892395,False,False,False
False,True,False,-5.87646484375,1.0,118.07459259033203,118.07459259033203,0.7333333333333333,0.7333333333333333,0.0,5,7,oracle,blind,energy_lag_only,62,25,-44.0325289333332,2.007958379892395,False,False,False
False,True,False,-9.35595703125,1.0,173.80648803710938,173.80648803710938,0.7333333333333333,0.7333333333333333,0.0,5,7,nearest,blind,energy_lag_only,62,26,4.443997666666746,2.3270396136380302,False,True,False
False,True,False,-11.26904296875,1.0,173.80648803710938,173.80648803710938,0.7333333333333333,0.7333333333333333,0.0,5,7,oracle,blind,energy_lag_only,62,26,4.443997666666746,2.3270396136380302,False,True,False
True,True,True,3.697509765625,1.0,109.05591583251953,109.05591583251953,0.7333333333333333,0.7333333333333333,0.0,5,7,nearest,blind,energy_lag_only,62,27,-10.74282733333348,1.128957531252182,True,False,False
True,True,True,3.697509765625,1.0,109.05591583251953,109.05591583251953,0.7333333333333333,0.7333333333333333,0.0,5,7,oracle,blind,energy_lag_only,62,27,-10.74282733333348,1.128957531252182,True,False,False
True,True,True,1.824462890625,1.0,288.23681640625,288.23681640625,0.7333333333333333,0.7333333333333333,0.0,5,7,nearest,blind,energy_lag_only,62,28,-9.27497563333327,1.951311215029413,False,False,False
True,True,True,1.824462890625,1.0,288.23681640625,288.23681640625,0.7333333333333333,0.7333333333333333,0.0,5,7,oracle,blind,energy_lag_only,62,28,-9.27497563333327,1.951311215029413,False,False,False
False,True,False,-1.4329833984375,1.0,479.1635437011719,479.1635437011719,0.7333333333333333,0.7333333333333333,0.0,5,7,nearest,blind,energy_lag_only,62,29,7.813186133333147,1.3014817818001727,True,True,True
False,True,False,-1.5155029296875,1.0,479.1635437011719,479.1635437011719,0.7333333333333333,0.7333333333333333,0.0,5,7,oracle,blind,energy_lag_only,62,29,7.813186133333147,1.3014817818001727,True,True,True
True,True,True,1.2945556640625,1.0,230.87351989746094,230.87351989746094,0.7333333333333333,0.7333333333333333,0.0,5,7,nearest,blind,energy_lag_only,62,30,-8.476232699999855,2.4789952948156806,False,False,False
True,True,True,4.8040771484375,1.0,230.87351989746094,230.87351989746094,0.7333333333333333,0.7333333333333333,0.0,5,7,oracle,blind,energy_lag_only,62,30,-8.476232699999855,2.4789952948156806,False,False,False
True,True,True,2.988525390625,1.0,433.9499816894531,433.9499816894531,0.7333333333333333,0.7333333333333333,0.0,5,6,nearest,blind,energy_lag_only,62,31,11.82771433333346,1.493777973208824,True,True,True
True,True,True,5.581787109375,1.0,433.9499816894531,433.9499816894531,0.7333333333333333,0.7333333333333333,0.0,5,6,oracle,blind,energy_lag_only,62,31,11.82771433333346,1.493777973208824,True,True,True
False,True,False,-14.563720703125,1.0,309.2402648925781,309.2402648925781,0.75,0.75,0.0,5,6,nearest,blind,energy_lag_only,62,32,6.5577189666669256,1.1237523293220069,True,True,True
False,True,False,-6.791748046875,1.0,309.2402648925781,309.2402648925781,0.75,0.75,0.0,5,6,oracle,blind,energy_lag_only,62,32,6.5577189666669256,1.1237523293220069,True,True,True
False,True,False,-1.16455078125,1.0,39.27842330932617,39.27842330932617,0.7333333333333333,0.7333333333333333,0.0,5,5,nearest,blind,energy_lag_only,62,33,-6.926185066666903,1.0573869204931485,True,False,False
True,True,True,3.3623046875,1.0,39.27842330932617,39.27842330932617,0.7333333333333333,0.7333333333333333,0.0,5,5,oracle,blind,energy_lag_only,62,33,-6.926185066666903,1.0573869204931485,True,False,False
False,True,False,-20.3031005859375,1.0,335.01898193359375,335.01898193359375,0.7333333333333333,0.7333333333333333,0.0,5,4,nearest,blind,energy_lag_only,62,34,-6.736180266666679,0.6472252025817352,True,False,False
False,True,False,-25.7403564453125,1.0,335.01898193359375,335.01898193359375,0.7333333333333333,0.7333333333333333,0.0,5,4,oracle,blind,energy_lag_only,62,34,-6.736180266666679,0.6472252025817352,True,False,False
False,True,False,-4.146240234375,1.0,314.6974792480469,314.6974792480469,0.7333333333333333,0.7333333333333333,0.0,5,5,nearest,blind,energy_lag_only,62,35,-5.791637033333473,0.8318046997818237,True,False,False
False,True,False,-2.267578125,1.0,314.6974792480469,314.6974792480469,0.7333333333333333,0.7333333333333333,0.0,5,5,oracle,blind,energy_lag_only,62,35,-5.791637033333473,0.8318046997818237,True,False,False
True,True,True,24.316650390625,1.0,264.94921875,264.94921875,0.7333333333333333,0.7333333333333333,0.0,5,4,nearest,blind,energy_lag_only,62,36,-33.18429190000006,1.3713615502857015,True,False,False
True,True,True,24.325439453125,1.0,264.94921875,264.94921875,0.7333333333333333,0.7333333333333333,0.0,5,4,oracle,blind,energy_lag_only,62,36,-33.18429190000006,1.3713615502857015,True,False,False
True,True,True,12.042724609375,1.0,299.3565979003906,299.3565979003906,0.7333333333333333,0.7333333333333333,0.0,5,4,nearest,blind,energy_lag_only,62,37,40.98335760000009,1.2556626276546545,True,True,True
True,True,True,8.952880859375,1.0,299.3565979003906,299.3565979003906,0.7333333333333333,0.7333333333333333,0.0,5,4,oracle,blind,energy_lag_only,62,37,40.98335760000009,1.2556626276546545,True,True,True
True,True,True,0.4423828125,1.0,329.3564147949219,329.3564147949219,0.7333333333333333,0.7333333333333333,0.0,5,4,nearest,blind,energy_lag_only,62,38,-63.89541356666655,5.709797079319204,False,False,False
True,True,True,0.8641357421875,1.0,329.3564147949219,329.3564147949219,0.7333333333333333,0.7333333333333333,0.0,5,4,oracle,blind,energy_lag_only,62,38,-63.89541356666655,5.709797079319204,False,False,False
False,True,False,-4.7154541015625,1.0,35.208866119384766,35.208866119384766,0.7333333333333333,0.7333333333333333,0.0,5,4,nearest,blind,energy_lag_only,62,39,-10.009482766666451,1.0161964744581722,True,False,False
False,True,False,-3.6739501953125,1.0,35.208866119384766,35.208866119384766,0.7333333333333333,0.7333333333333333,0.0,5,4,oracle,blind,energy_lag_only,62,39,-10.009482766666451,1.0161964744581722,True,False,False
True,True,True,0.9617919921875,1.0,219.79481506347656,219.79481506347656,0.7166666666666667,0.7166666666666667,0.0,0,10,nearest,blind,energy_lag_only,63,0,12.954174100000046,1.0466252182086921,True,True,True
True,True,True,0.9617919921875,1.0,219.79481506347656,219.79481506347656,0.7166666666666667,0.7166666666666667,0.0,0,10,oracle,blind,energy_lag_only,63,0,12.954174100000046,1.0466252182086921,True,True,True
True,True,True,33.3482666015625,1.0,231.6071014404297,231.6071014404297,0.7166666666666667,0.7166666666666667,0.0,0,10,nearest,blind,energy_lag_only,63,1,-26.994391266666298,0.9753126192180266,True,False,False
True,True,True,33.4588623046875,1.0,231.6071014404297,231.6071014404297,0.7166666666666667,0.7166666666666667,0.0,0,10,oracle,blind,energy_lag_only,63,1,-26.994391266666298,0.9753126192180266,True,False,False
True,True,True,2.087158203125,1.0,325.2033386230469,325.2033386230469,0.7166666666666667,0.7166666666666667,0.0,0,10,nearest,blind,energy_lag_only,63,2,-2.8661634333334405,1.1218063284866846,True,False,False
True,True,True,2.087158203125,1.0,325.2033386230469,325.2033386230469,0.7166666666666667,0.7166666666666667,0.0,0,10,oracle,blind,energy_lag_only,63,2,-2.8661634333334405,1.1218063284866846,True,False,False
True,True,True,0.89013671875,1.0,215.23963928222656,215.23963928222656,0.7333333333333333,0.7333333333333333,0.0,0,10,nearest,blind,energy_lag_only,63,3,3.0462916999999834,0.8927186375688857,True,True,True
True,True,True,0.89013671875,1.0,215.23963928222656,215.23963928222656,0.7333333333333333,0.7333333333333333,0.0,0,10,oracle,blind,energy_lag_only,63,3,3.0462916999999834,0.8927186375688857,True,True,True
False,True,False,-12.95068359375,1.0,241.2650909423828,241.2650909423828,0.7166666666666667,0.7166666666666667,0.0,0,10,nearest,blind,energy_lag_only,63,4,2.813345133333314,1.051048594502166,True,True,True
False,True,False,-11.08203125,1.0,241.2650909423828,241.2650909423828,0.7166666666666667,0.7166666666666667,0.0,0,10,oracle,blind,energy_lag_only,63,4,2.813345133333314,1.051048594502166,True,True,True
True,True,True,2.498779296875,1.0,345.0313720703125,345.0313720703125,0.7166666666666667,0.7166666666666667,0.0,0,10,nearest,blind,energy_lag_only,63,5,2.285624199999802,1.003657739076402,True,True,True
True,True,True,2.924072265625,1.0,345.0313720703125,345.0313720703125,0.7166666666666667,0.7166666666666667,0.0,0,10,oracle,blind,energy_lag_only,63,5,2.285624199999802,1.003657739076402,True,True,True
True,True,True,0.6728515625,1.0,308.43994140625,308.43994140625,0.7166666666666667,0.7166666666666667,0.0,0,10,nearest,blind,energy_lag_only,63,6,-9.482441599999902,1.0307033737750788,True,False,False
True,True,True,1.1185302734375,1.0,308.43994140625,308.43994140625,0.7166666666666667,0.7166666666666667,0.0,0,10,oracle,blind,energy_lag_only,63,6,-9.482441599999902,1.0307033737750788,True,False,False
True,True,True,0.50390625,1.0,301.15106201171875,301.15106201171875,0.7166666666666667,0.7166666666666667,0.0,0,10,nearest,blind,energy_lag_only,63,7,-0.3888261333331684,1.091147026684883,True,False,False
True,True,True,0.5753173828125,1.0,301.15106201171875,301.15106201171875,0.7166666666666667,0.7166666666666667,0.0,0,10,oracle,blind,energy_lag_only,63,7,-0.3888261333331684,1.091147026684883,True,False,False
True,True,True,21.07080078125,1.0,344.3340759277344,344.3340759277344,0.7166666666666667,0.7166666666666667,0.0,0,11,nearest,blind,energy_lag_only,63,8,-29.794029100000216,2.7557325077319574,False,False,False
True,True,True,24.37255859375,1.0,344.3340759277344,344.3340759277344,0.7166666666666667,0.7166666666666667,0.0,0,11,oracle,blind,energy_lag_only,63,8,-29.794029100000216,2.7557325077319574,False,False,False
False,True,False,-19.4970703125,1.0,304.60076904296875,304.60076904296875,0.7166666666666667,0.7166666666666667,0.0,0,11,nearest,blind,energy_lag_only,63,9,-4.002453766666804,1.0856809774601945,True,False,False
False,True,False,-16.11083984375,1.0,304.60076904296875,304.60076904296875,0.7166666666666667,0.7166666666666667,0.0,0,11,oracle,blind,energy_lag_only,63,9,-4.002453766666804,1.0856809774601945,True,False,False
False,True,False,-1.5413818359375,1.0,273.3398132324219,273.3398132324219,0.7166666666666667,0.7166666666666667,0.0,0,11,nearest,blind,energy_lag_only,63,10,-0.1652116999998725,1.0354473052496123,True,False,False
False,True,False,-0.4439697265625,1.0,273.3398132324219,273.3398132324219,0.7166666666666667,0.7166666666666667,0.0,0,11,oracle,blind,energy_lag_only,63,10,-0.1652116999998725,1.0354473052496123,True,False,False
True,True,True,16.77099609375,1.0,313.2766418457031,313.2766418457031,0.7166666666666667,0.7166666666666667,0.0,0,11,nearest,blind,energy_lag_only,63,11,57.488783266666815,3.3252544886344717,False,True,False
True,True,True,15.916259765625,1.0,313.2766418457031,313.2766418457031,0.7166666666666667,0.7166666666666667,0.0,0,11,oracle,blind,energy_lag_only,63,11,57.488783266666815,3.3252544886344717,False,True,False
True,True,True,0.07275390625,1.0,494.6956481933594,494.6956481933594,0.7166666666666667,0.7166666666666667,0.0,0,11,nearest,blind,energy_lag_only,63,12,-109.89202483333338,11.232045159252701,False,False,False
False,True,False,-0.015380859375,1.0,494.6956481933594,494.6956481933594,0.7166666666666667,0.7166666666666667,0.0,0,11,oracle,blind,energy_lag_only,63,12,-109.89202483333338,11.232045159252701,False,False,False
True,True,True,37.22314453125,1.0,318.89019775390625,318.89019775390625,0.7333333333333333,0.7333333333333333,0.0,0,11,nearest,blind,energy_lag_only,63,13,-29.982227400000056,0.8240233358457383,True,False,False
True,True,True,36.1904296875,1.0,318.89019775390625,318.89019775390625,0.7333333333333333,0.7333333333333333,0.0,0,11,oracle,blind,energy_lag_only,63,13,-29.982227400000056,0.8240233358457383,True,False,False
False,True,False,-53.6461181640625,1.0,299.9389343261719,299.9389343261719,0.7166666666666667,0.7166666666666667,0.0,0,11,nearest,blind,energy_lag_only,63,14,-63.23959290000016,3.307600080710403,False,False,False
False,True,False,-53.6461181640625,1.0,299.9389343261719,299.9389343261719,0.7166666666666667,0.7166666666666667,0.0,0,11,oracle,blind,energy_lag_only,63,14,-63.23959290000016,3.307600080710403,False,False,False
True,True,True,5.767578125,1.0,59.44038009643555,59.44038009643555,0.7333333333333333,0.7333333333333333,0.0,0,11,nearest,blind,energy_lag_only,63,15,-28.934249099999988,1.121880210124218,True,False,False
True,True,True,6.2388916015625,1.0,59.44038009643555,59.44038009643555,0.7333333333333333,0.7333333333333333,0.0,0,11,oracle,blind,energy_lag_only,63,15,-28.934249099999988,1.121880210124218,True,False,False
True,True,True,16.611328125,1.0,334.7845764160156,334.7845764160156,0.7333333333333333,0.7333333333333333,0.0,0,11,nearest,blind,energy_lag_only,63,16,21.08802680000008,3.7662499200027826,False,True,False
True,True,True,17.6478271484375,1.0,334.7845764160156,334.7845764160156,0.7333333333333333,0.7333333333333333,0.0,0,11,oracle,blind,energy_lag_only,63,16,21.08802680000008,3.7662499200027826,False,True,False
False,True,False,-64.80810546875,1.0,323.1154479980469,323.1154479980469,0.75,0.75,0.0,0,11,nearest,blind,energy_lag_only,63,17,-81.71247656666674,14.185323975989512,False,False,False
False,True,False,-74.9908447265625,1.0,323.1154479980469,323.1154479980469,0.75,0.75,0.0,0,11,oracle,blind,energy_lag_only,63,17,-81.71247656666674,14.185323975989512,False,False,False
True,True,True,1.142333984375,1.0,302.6352844238281,302.6352844238281,0.7166666666666667,0.7166666666666667,0.0,0,11,nearest,blind,energy_lag_only,63,18,-8.763469966666662,1.0624800005529922,True,False,False
True,True,True,2.006103515625,1.0,302.6352844238281,302.6352844238281,0.7166666666666667,0.7166666666666667,0.0,0,11,oracle,blind,energy_lag_only,63,18,-8.763469966666662,1.0624800005529922,True,False,False
False,True,False,-6.757080078125,1.0,399.8149108886719,399.8149108886719,0.7166666666666667,0.7166666666666667,0.0,0,11,nearest,blind,energy_lag_only,63,19,58.01158396666642,1.9728585778428331,False,True,False
False,True,False,-19.205322265625,1.0,399.8149108886719,399.8149108886719,0.7166666666666667,0.7166666666666667,0.0,0,11,oracle,blind,energy_lag_only,63,19,58.01158396666642,1.9728585778428331,False,True,False
True,True,True,0.106201171875,1.0,336.11553955078125,336.11553955078125,0.7166666666666667,0.7166666666666667,0.0,0,11,nearest,blind,energy_lag_only,63,20,-48.828660433333425,3.486709502309199,False,False,False
True,True,True,0.0894775390625,1.0,336.11553955078125,336.11553955078125,0.7166666666666667,0.7166666666666667,0.0,0,11,oracle,blind,energy_lag_only,63,20,-48.828660433333425,3.486709502309199,False,False,False
True,True,True,11.586181640625,1.0,44.25633239746094,44.25633239746094,0.7166666666666667,0.7166666666666667,0.0,0,11,nearest,blind,energy_lag_only,63,21,-25.245410900000024,1.04886526677428,True,False,False
True,True,True,12.5843505859375,1.0,44.25633239746094,44.25633239746094,0.7166666666666667,0.7166666666666667,0.0,0,11,oracle,blind,energy_lag_only,63,21,-25.245410900000024,1.04886526677428,True,False,False
True,True,True,27.7900390625,1.0,77.25358581542969,77.25358581542969,0.7166666666666667,0.7166666666666667,0.0,0,11,nearest,blind,energy_lag_only,63,22,-43.21145640000009,1.5781218930610448,False,False,False
True,True,True,30.15380859375,1.0,77.25358581542969,77.25358581542969,0.7166666666666667,0.7166666666666667,0.0,0,11,oracle,blind,energy_lag_only,63,22,-43.21145640000009,1.5781218930610448,False,False,False
False,True,False,-2.834228515625,1.0,169.17352294921875,169.17352294921875,0.7166666666666667,0.7166666666666667,0.0,0,11,nearest,blind,energy_lag_only,63,23,-49.28956599999992,1.978088265654754,False,False,False
False,True,False,-7.673095703125,1.0,169.17352294921875,169.17352294921875,0.7166666666666667,0.7166666666666667,0.0,0,11,oracle,blind,energy_lag_only,63,23,-49.28956599999992,1.978088265654754,False,False,False
False,True,False,-23.9755859375,1.0,219.137939453125,219.137939453125,0.7166666666666667,0.7166666666666667,0.0,0,11,nearest,blind,energy_lag_only,63,24,-11.217587366666521,1.2048270875121019,True,False,False
False,True,False,-21.6142578125,1.0,219.137939453125,219.137939453125,0.7166666666666667,0.7166666666666667,0.0,0,11,oracle,blind,energy_lag_only,63,24,-11.217587366666521,1.2048270875121019,True,False,False
True,True,True,8.2923583984375,1.0,171.35227966308594,171.35227966308594,0.7166666666666667,0.7166666666666667,0.0,0,10,nearest,blind,energy_lag_only,63,25,-2.4405343333332894,7.712131694308852,False,False,False
True,True,True,7.79052734375,1.0,171.35227966308594,171.35227966308594,0.7166666666666667,0.7166666666666667,0.0,0,10,oracle,blind,energy_lag_only,63,25,-2.4405343333332894,7.712131694308852,False,False,False
False,True,False,-10.8349609375,1.0,55.38728332519531,55.38728332519531,0.7166666666666667,0.7166666666666667,0.0,0,10,nearest,blind,energy_lag_only,63,26,-34.51450276666674,1.417209357264147,True,False,False
False,True,False,-7.517822265625,1.0,55.38728332519531,55.38728332519531,0.7166666666666667,0.7166666666666667,0.0,0,10,oracle,blind,energy_lag_only,63,26,-34.51450276666674,1.417209357264147,True,False,False
True,True,True,7.7528076171875,1.0,59.05182647705078,59.05182647705078,0.7166666666666667,0.7166666666666667,0.0,0,10,nearest,blind,energy_lag_only,63,27,-27.88592963333349,1.1848992137319436,True,False,False
True,True,True,9.92724609375,1.0,59.05182647705078,59.05182647705078,0.7166666666666667,0.7166666666666667,0.0,0,10,oracle,blind,energy_lag_only,63,27,-27.88592963333349,1.1848992137319436,True,False,False
True,True,True,40.153076171875,1.0,255.24972534179688,255.24972534179688,0.7166666666666667,0.7166666666666667,0.0,0,11,nearest,blind,energy_lag_only,63,28,-48.657563900000014,4.112331290729349,False,False,False
True,True,True,39.21337890625,1.0,255.24972534179688,255.24972534179688,0.7166666666666667,0.7166666666666667,0.0,0,11,oracle,blind,energy_lag_only,63,28,-48.657563900000014,4.112331290729349,False,False,False
False,True,False,-80.6353759765625,1.0,436.33111572265625,436.33111572265625,0.7166666666666667,0.7166666666666667,0.0,0,11,nearest,blind,energy_lag_only,63,29,-18.03406843333346,2.154555552971401,False,False,False
False,True,False,-87.758056640625,1.0,436.33111572265625,436.33111572265625,0.7166666666666667,0.7166666666666667,0.0,0,11,oracle,blind,energy_lag_only,63,29,-18.03406843333346,2.154555552971401,False,False,False
False,True,False,-7.3731689453125,1.0,426.93865966796875,426.93865966796875,0.7166666666666667,0.7166666666666667,0.0,0,11,nearest,blind,energy_lag_only,63,30,-20.189823066666577,0.9395124975081818,True,False,False
False,True,False,-7.8115234375,1.0,426.93865966796875,426.93865966796875,0.7166666666666667,0.7166666666666667,0.0,0,11,oracle,blind,energy_lag_only,63,30,-20.189823066666577,0.9395124975081818,True,False,False
True,True,True,22.2685546875,1.0,408.6357421875,408.6357421875,0.7166666666666667,0.7166666666666667,0.0,0,12,nearest,blind,energy_lag_only,63,31,-13.909533033333219,1.4597823416991855,True,False,False
True,True,True,13.158447265625,1.0,408.6357421875,408.6357421875,0.7166666666666667,0.7166666666666667,0.0,0,12,oracle,blind,energy_lag_only,63,31,-13.909533033333219,1.4597823416991855,True,False,False
False,True,False,-2.9515380859375,1.0,311.404541015625,311.404541015625,0.7166666666666667,0.7166666666666667,0.0,0,10,nearest,blind,energy_lag_only,63,32,-31.577409333333208,2.1375861456097587,False,False,False
False,True,False,-6.6162109375,1.0,311.404541015625,311.404541015625,0.7166666666666667,0.7166666666666667,0.0,0,10,oracle,blind,energy_lag_only,63,32,-31.577409333333208,2.1375861456097587,False,False,False
True,True,True,7.5069580078125,1.0,44.70033264160156,44.70033264160156,0.7166666666666667,0.7166666666666667,0.0,0,11,nearest,blind,energy_lag_only,63,33,-27.853849899999886,1.12526235423446,True,False,False
True,True,True,9.7574462890625,1.0,44.70033264160156,44.70033264160156,0.7166666666666667,0.7166666666666667,0.0,0,11,oracle,blind,energy_lag_only,63,33,-27.853849899999886,1.12526235423446,True,False,False
True,True,True,19.445068359375,1.0,229.32412719726562,229.32412719726562,0.7166666666666667,0.7166666666666667,0.0,0,12,nearest,blind,energy_lag_only,63,34,-28.661509066666667,1.6476689507468143,False,False,False
True,True,True,12.986083984375,1.0,229.32412719726562,229.32412719726562,0.7166666666666667,0.7166666666666667,0.0,0,12,oracle,blind,energy_lag_only,63,34,-28.661509066666667,1.6476689507468143,False,False,False
True,True,True,8.946533203125,1.0,200.13394165039062,200.13394165039062,0.7166666666666667,0.7166666666666667,0.0,0,12,nearest,blind,energy_lag_only,63,35,-24.763681099999985,2.187073839464607,False,False,False
False,True,False,-29.593994140625,1.0,200.13394165039062,200.13394165039062,0.7166666666666667,0.7166666666666667,0.0,0,12,oracle,blind,energy_lag_only,63,35,-24.763681099999985,2.187073839464607,False,False,False
False,True,False,-10.5050048828125,1.0,281.7427673339844,281.7427673339844,0.7166666666666667,0.7166666666666667,0.0,0,12,nearest,blind,energy_lag_only,63,36,-3.3719171666666625,0.4774937145772917,True,False,False
False,True,False,-45.01513671875,1.0,281.7427673339844,281.7427673339844,0.7166666666666667,0.7166666666666667,0.0,0,12,oracle,blind,energy_lag_only,63,36,-3.3719171666666625,0.4774937145772917,True,False,False
True,True,True,9.8125,1.0,306.9636535644531,306.9636535644531,0.7166666666666667,0.7166666666666667,0.0,0,13,nearest,blind,energy_lag_only,63,37,80.17076253333289,2.145269383794934,False,True,False
True,True,True,6.83203125,1.0,306.9636535644531,306.9636535644531,0.7166666666666667,0.7166666666666667,0.0,0,13,oracle,blind,energy_lag_only,63,37,80.17076253333289,2.145269383794934,False,True,False
False,True,False,-1.1427001953125,1.0,255.1246795654297,255.1246795654297,0.7166666666666667,0.7166666666666667,0.0,0,14,nearest,blind,energy_lag_only,63,38,-155.46449766666638,17.641663732881526,False,False,False
False,True,False,-1.44580078125,1.0,255.1246795654297,255.1246795654297,0.7166666666666667,0.7166666666666667,0.0,0,14,oracle,blind,energy_lag_only,63,38,-155.46449766666638,17.641663732881526,False,False,False
True,True,True,9.537353515625,1.0,45.346649169921875,45.346649169921875,0.7166666666666667,0.7166666666666667,0.0,0,14,nearest,blind,energy_lag_only,63,39,-35.25739616666647,1.0720772704029768,True,False,False
True,True,True,3.714111328125,1.0,45.346649169921875,45.346649169921875,0.7166666666666667,0.7166666666666667,0.0,0,14,oracle,blind,energy_lag_only,63,39,-35.25739616666647,1.0720772704029768,True,False,False
True,True,True,3.3505859375,1.0,219.79481506347656,219.79481506347656,0.7166666666666667,0.7166666666666667,0.0,1,16,nearest,blind,energy_lag_only,63,0,13.160502400000041,1.0219346546081447,True,True,True
True,True,True,3.187744140625,1.0,219.79481506347656,219.79481506347656,0.7166666666666667,0.7166666666666667,0.0,1,16,oracle,blind,energy_lag_only,63,0,13.160502400000041,1.0219346546081447,True,True,True
False,True,False,-26.573486328125,1.0,231.6071014404297,231.6071014404297,0.7166666666666667,0.7166666666666667,0.0,1,15,nearest,blind,energy_lag_only,63,1,-3.746132466666495,1.0766557459264756,True,False,False
False,True,False,-26.335693359375,1.0,231.6071014404297,231.6071014404297,0.7166666666666667,0.7166666666666667,0.0,1,15,oracle,blind,energy_lag_only,63,1,-3.746132466666495,1.0766557459264756,True,False,False
True,True,True,54.691650390625,1.0,325.2033386230469,325.2033386230469,0.7166666666666667,0.7166666666666667,0.0,1,15,nearest,blind,energy_lag_only,63,2,-55.70577943333319,0.13017401860911013,True,False,False
True,True,True,54.2501220703125,1.0,325.2033386230469,325.2033386230469,0.7166666666666667,0.7166666666666667,0.0,1,15,oracle,blind,energy_lag_only,63,2,-55.70577943333319,0.13017401860911013,True,False,False
True,True,True,6.295166015625,1.0,215.23963928222656,215.23963928222656,0.7333333333333333,0.7333333333333333,0.0,1,15,nearest,blind,energy_lag_only,63,3,3.248421633333237,0.8363527173247786,True,True,True
True,True,True,6.295166015625,1.0,215.23963928222656,215.23963928222656,0.7333333333333333,0.7333333333333333,0.0,1,15,oracle,blind,energy_lag_only,63,3,3.248421633333237,0.8363527173247786,True,True,True
True,True,True,3.215087890625,1.0,241.2650909423828,241.2650909423828,0.7166666666666667,0.7166666666666667,0.0,1,15,nearest,blind,energy_lag_only,63,4,0.8074828666665326,0.9838470244728311,True,True,True
True,True,True,2.9390869140625,1.0,241.2650909423828,241.2650909423828,0.7166666666666667,0.7166666666666667,0.0,1,15,oracle,blind,energy_lag_only,63,4,0.8074828666665326,0.9838470244728311,True,True,True
True,True,True,3.556884765625,1.0,345.0313720703125,345.0313720703125,0.7166666666666667,0.7166666666666667,0.0,1,15,nearest,blind,energy_lag_only,63,5,-2.4399545000001126,1.0093718710014015,True,False,False
True,True,True,4.1552734375,1.0,345.0313720703125,345.0313720703125,0.7166666666666667,0.7166666666666667,0.0,1,15,oracle,blind,energy_lag_only,63,5,-2.4399545000001126,1.0093718710014015,True,False,False
False,True,False,-3.5771484375,1.0,308.43994140625,308.43994140625,0.7166666666666667,0.7166666666666667,0.0,1,16,nearest,blind,energy_lag_only,63,6,-8.108328266666604,1.046481014994576,True,False,False
True,True,True,3.26220703125,1.0,308.43994140625,308.43994140625,0.7166666666666667,0.7166666666666667,0.0,1,16,oracle,blind,energy_lag_only,63,6,-8.108328266666604,1.046481014994576,True,False,False
True,True,True,3.1190185546875,1.0,301.15106201171875,301.15106201171875,0.7166666666666667,0.7166666666666667,0.0,1,14,nearest,blind,energy_lag_only,63,7,-1.2281797666664716,1.0162557448477394,True,False,False
True,True,True,2.6826171875,1.0,301.15106201171875,301.15106201171875,0.7166666666666667,0.7166666666666667,0.0,1,14,oracle,blind,energy_lag_only,63,7,-1.2281797666664716,1.0162557448477394,True,False,False
True,True,True,20.24267578125,1.0,344.3340759277344,344.3340759277344,0.7166666666666667,0.7166666666666667,0.0,1,14,nearest,blind,energy_lag_only,63,8,-16.08491026666661,3.91227515549901,False,False,False
True,True,True,19.5390625,1.0,344.3340759277344,344.3340759277344,0.7166666666666667,0.7166666666666667,0.0,1,14,oracle,blind,energy_lag_only,63,8,-16.08491026666661,3.91227515549901,False,False,False
True,True,True,4.5872802734375,1.0,304.60076904296875,304.60076904296875,0.7166666666666667,0.7166666666666667,0.0,1,13,nearest,blind,energy_lag_only,63,9,-9.430569999999989,1.5969900455865536,False,False,False
True,True,True,6.1378173828125,1.0,304.60076904296875,304.60076904296875,0.7166666666666667,0.7166666666666667,0.0,1,13,oracle,blind,energy_lag_only,63,9,-9.430569999999989,1.5969900455865536,False,False,False
False,True,False,-2.280029296875,1.0,273.3398132324219,273.3398132324219,0.7166666666666667,0.7166666666666667,0.0,1,13,nearest,blind,energy_lag_only,63,10,2.359498600000279,0.961379837980631,True,True,True
True,True,True,25.1856689453125,1.0,273.3398132324219,273.3398132324219,0.7166666666666667,0.7166666666666667,0.0,1,13,oracle,blind,energy_lag_only,63,10,2.359498600000279,0.961379837980631,True,True,True
True,True,True,32.63134765625,1.0,313.2766418457031,313.2766418457031,0.7166666666666667,0.7166666666666667,0.0,1,13,nearest,blind,energy_lag_only,63,11,15.954055166666876,2.4070974757780923,False,True,False
True,True,True,34.9541015625,1.0,313.2766418457031,313.2766418457031,0.7166666666666667,0.7166666666666667,0.0,1,13,oracle,blind,energy_lag_only,63,11,15.954055166666876,2.4070974757780923,False,True,False
True,True,True,3.2158203125,1.0,494.6956481933594,494.6956481933594,0.7166666666666667,0.7166666666666667,0.0,1,13,nearest,blind,energy_lag_only,63,12,-49.5370597000001,2.1780588019746534,False,False,False
True,True,True,2.08251953125,1.0,494.6956481933594,494.6956481933594,0.7166666666666667,0.7166666666666667,0.0,1,13,oracle,blind,energy_lag_only,63,12,-49.5370597000001,2.1780588019746534,False,False,False
False,True,False,-23.7613525390625,1.0,318.89019775390625,318.89019775390625,0.7333333333333333,0.7333333333333333,0.0,1,13,nearest,blind,energy_lag_only,63,13,-4.967957566666655,0.9827787368255801,True,False,False
False,True,False,-27.1376953125,1.0,318.89019775390625,318.89019775390625,0.7333333333333333,0.7333333333333333,0.0,1,13,oracle,blind,energy_lag_only,63,13,-4.967957566666655,0.9827787368255801,True,False,False
False,True,False,-20.680908203125,1.0,299.9389343261719,299.9389343261719,0.7166666666666667,0.7166666666666667,0.0,1,13,nearest,blind,energy_lag_only,63,14,-24.633589433333327,1.4474104521405033,True,False,False
False,True,False,-16.29541015625,1.0,299.9389343261719,299.9389343261719,0.7166666666666667,0.7166666666666667,0.0,1,13,oracle,blind,energy_lag_only,63,14,-24.633589433333327,1.4474104521405033,True,False,False
True,True,True,1.658203125,1.0,59.44038009643555,59.44038009643555,0.7333333333333333,0.7333333333333333,0.0,1,14,nearest,blind,energy_lag_only,63,15,-8.843294966666463,1.032560284108761,True,False,False
True,True,True,2.7952880859375,1.0,59.44038009643555,59.44038009643555,0.7333333333333333,0.7333333333333333,0.0,1,14,oracle,blind,energy_lag_only,63,15,-8.843294966666463,1.032560284108761,True,False,False
False,True,False,-26.181884765625,1.0,334.7845764160156,334.7845764160156,0.7333333333333333,0.7333333333333333,0.0,1,14,nearest,blind,energy_lag_only,63,16,15.305301999999983,0.8430622105075481,True,True,True
False,True,False,-30.30078125,1.0,334.7845764160156,334.7845764160156,0.7333333333333333,0.7333333333333333,0.0,1,14,oracle,blind,energy_lag_only,63,16,15.305301999999983,0.8430622105075481,True,True,True
False,True,False,-18.9420166015625,1.0,323.1154479980469,323.1154479980469,0.75,0.75,0.0,1,15,nearest,blind,energy_lag_only,63,17,3.298708499999975,1.0428749832634034,True,True,True
False,True,False,-19.04541015625,1.0,323.1154479980469,323.1154479980469,0.75,0.75,0.0,1,15,oracle,blind,energy_lag_only,63,17,3.298708499999975,1.0428749832634034,True,True,True
False,True,False,-16.5445556640625,1.0,302.6352844238281,302.6352844238281,0.7166666666666667,0.7166666666666667,0.0,1,13,nearest,blind,energy_lag_only,63,18,2.044729566666774,6.397354257197489,False,True,False
False,True,False,-11.1619873046875,1.0,302.6352844238281,302.6352844238281,0.7166666666666667,0.7166666666666667,0.0,1,13,oracle,blind,energy_lag_only,63,18,2.044729566666774,6.397354257197489,False,True,False
False,True,False,-5.409423828125,1.0,399.8149108886719,399.8149108886719,0.7166666666666667,0.7166666666666667,0.0,1,13,nearest,blind,energy_lag_only,63,19,26.06472459999941,2.1251980671829496,False,True,False
False,True,False,-4.569091796875,1.0,399.8149108886719,399.8149108886719,0.7166666666666667,0.7166666666666667,0.0,1,13,oracle,blind,energy_lag_only,63,19,26.06472459999941,2.1251980671829496,False,True,False
True,True,True,2.443603515625,1.0,336.11553955078125,336.11553955078125,0.7166666666666667,0.7166666666666667,0.0,1,13,nearest,blind,energy_lag_only,63,20,-21.630932466666536,3.429833269010219,False,False,False
True,True,True,2.2525634765625,1.0,336.11553955078125,336.11553955078125,0.7166666666666667,0.7166666666666667,0.0,1,13,oracle,blind,energy_lag_only,63,20,-21.630932466666536,3.429833269010219,False,False,False
True,True,True,4.6722412109375,1.0,44.25633239746094,44.25633239746094,0.7166666666666667,0.7166666666666667,0.0,1,13,nearest,blind,energy_lag_only,63,21,-8.259725099999969,1.0127562764318705,True,False,False
True,True,True,6.5491943359375,1.0,44.25633239746094,44.25633239746094,0.7166666666666667,0.7166666666666667,0.0,1,13,oracle,blind,energy_lag_only,63,21,-8.259725099999969,1.0127562764318705,True,False,False
True,True,True,3.2005615234375,1.0,77.25358581542969,77.25358581542969,0.7166666666666667,0.7166666666666667,0.0,1,13,nearest,blind,energy_lag_only,63,22,-2.9777112666668017,1.399186976911328,True,False,False
True,True,True,0.523193359375,1.0,77.25358581542969,77.25358581542969,0.7166666666666667,0.7166666666666667,0.0,1,13,oracle,blind,energy_lag_only,63,22,-2.9777112666668017,1.399186976911328,True,False,False
False,True,False,-6.67529296875,1.0,169.17352294921875,169.17352294921875,0.7166666666666667,0.7166666666666667,0.0,1,13,nearest,blind,energy_lag_only,63,23,-16.169080699999768,1.3905714324153562,True,False,False
False,True,False,-0.9246826171875,1.0,169.17352294921875,169.17352294921875,0.7166666666666667,0.7166666666666667,0.0,1,13,oracle,blind,energy_lag_only,63,23,-16.169080699999768,1.3905714324153562,True,False,False
False,True,False,-48.552734375,1.0,219.137939453125,219.137939453125,0.7166666666666667,0.7166666666666667,0.0,1,14,nearest,blind,energy_lag_only,63,24,2.982131766666953,6.451625370558881,False,True,False
False,True,False,-44.0115966796875,1.0,219.137939453125,219.137939453125,0.7166666666666667,0.7166666666666667,0.0,1,14,oracle,blind,energy_lag_only,63,24,2.982131766666953,6.451625370558881,False,True,False
False,True,False,-3.20556640625,1.0,171.35227966308594,171.35227966308594,0.7166666666666667,0.7166666666666667,0.0,1,16,nearest,blind,energy_lag_only,63,25,8.850584566666612,0.7713043955344678,True,True,True
False,True,False,-2.620849609375,1.0,171.35227966308594,171.35227966308594,0.7166666666666667,0.7166666666666667,0.0,1,16,oracle,blind,energy_lag_only,63,25,8.850584566666612,0.7713043955344678,True,True,True
False,True,False,-4.624267578125,1.0,55.38728332519531,55.38728332519531,0.7166666666666667,0.7166666666666667,0.0,1,16,nearest,blind,energy_lag_only,63,26,-1.3864141000001382,1.0025584124069644,True,False,False
False,True,False,-4.82275390625,1.0,55.38728332519531,55.38728332519531,0.7166666666666667,0.7166666666666667,0.0,1,16,oracle,blind,energy_lag_only,63,26,-1.3864141000001382,1.0025584124069644,True,False,False
True,True,True,3.309326171875,1.0,59.05182647705078,59.05182647705078,0.7166666666666667,0.7166666666666667,0.0,1,15,nearest,blind,energy_lag_only,63,27,-3.2096221666668043,1.0441201709915378,True,False,False
True,True,True,4.166259765625,1.0,59.05182647705078,59.05182647705078,0.7166666666666667,0.7166666666666667,0.0,1,15,oracle,blind,energy_lag_only,63,27,-3.2096221666668043,1.0441201709915378,True,False,False
False,True,False,-23.861083984375,1.0,255.24972534179688,255.24972534179688,0.7166666666666667,0.7166666666666667,0.0,1,14,nearest,blind,energy_lag_only,63,28,-18.0991128666667,6.5506411226236425,False,False,False
False,True,False,-25.3616943359375,1.0,255.24972534179688,255.24972534179688,0.7166666666666667,0.7166666666666667,0.0,1,14,oracle,blind,energy_lag_only,63,28,-18.0991128666667,6.5506411226236425,False,False,False
False,True,False,-22.593017578125,1.0,436.33111572265625,436.33111572265625,0.7166666666666667,0.7166666666666667,0.0,1,14,nearest,blind,energy_lag_only,63,29,2.4926711333332605,1.910614115375131,False,True,False
False,True,False,-21.8758544921875,1.0,436.33111572265625,436.33111572265625,0.7166666666666667,0.7166666666666667,0.0,1,14,oracle,blind,energy_lag_only,63,29,2.4926711333332605,1.910614115375131,False,True,False
False,True,False,-4.352294921875,1.0,426.93865966796875,426.93865966796875,0.7166666666666667,0.7166666666666667,0.0,1,14,nearest,blind,energy_lag_only,63,30,1.6024617666666927,0.9914394109734298,True,True,True
False,True,False,-6.267333984375,1.0,426.93865966796875,426.93865966796875,0.7166666666666667,0.7166666666666667,0.0,1,14,oracle,blind,energy_lag_only,63,30,1.6024617666666927,0.9914394109734298,True,True,True
False,True,False,-39.036865234375,1.0,408.6357421875,408.6357421875,0.7166666666666667,0.7166666666666667,0.0,1,14,nearest,blind,energy_lag_only,63,31,-20.986949333333314,1.4460783925839338,True,False,False
False,True,False,-38.208984375,1.0,408.6357421875,408.6357421875,0.7166666666666667,0.7166666666666667,0.0,1,14,oracle,blind,energy_lag_only,63,31,-20.986949333333314,1.4460783925839338,True,False,False
False,True,False,-33.1220703125,1.0,311.404541015625,311.404541015625,0.7166666666666667,0.7166666666666667,0.0,1,15,nearest,blind,energy_lag_only,63,32,13.745268533333274,1.1172017866968909,True,True,True
False,True,False,-28.8209228515625,1.0,311.404541015625,311.404541015625,0.7166666666666667,0.7166666666666667,0.0,1,15,oracle,blind,energy_lag_only,63,32,13.745268533333274,1.1172017866968909,True,True,True
True,True,True,2.6595458984375,1.0,44.70033264160156,44.70033264160156,0.7166666666666667,0.7166666666666667,0.0,1,14,nearest,blind,energy_lag_only,63,33,-2.662215033333041,1.0560581346673765,True,False,False
True,True,True,5.17236328125,1.0,44.70033264160156,44.70033264160156,0.7166666666666667,0.7166666666666667,0.0,1,14,oracle,blind,energy_lag_only,63,33,-2.662215033333041,1.0560581346673765,True,False,False
False,True,False,-7.66015625,1.0,229.32412719726562,229.32412719726562,0.7166666666666667,0.7166666666666667,0.0,1,14,nearest,blind,energy_lag_only,63,34,4.731555566666657,0.8965890329238587,True,True,True
False,True,False,-11.23876953125,1.0,229.32412719726562,229.32412719726562,0.7166666666666667,0.7166666666666667,0.0,1,14,oracle,blind,energy_lag_only,63,34,4.731555566666657,0.8965890329238587,True,True,True
False,True,False,-44.67529296875,1.0,200.13394165039062,200.13394165039062,0.7166666666666667,0.7166666666666667,0.0,1,14,nearest,blind,energy_lag_only,63,35,-17.41411476666667,1.44680765819697,True,False,False
False,True,False,-43.7239990234375,1.0,200.13394165039062,200.13394165039062,0.7166666666666667,0.7166666666666667,0.0,1,14,oracle,blind,energy_lag_only,63,35,-17.41411476666667,1.44680765819697,True,False,False
False,True,False,-20.3350830078125,1.0,281.7427673339844,281.7427673339844,0.7166666666666667,0.7166666666666667,0.0,1,14,nearest,blind,energy_lag_only,63,36,5.7928749333332235,1.0348816801753031,True,True,True
False,True,False,-20.9046630859375,1.0,281.7427673339844,281.7427673339844,0.7166666666666667,0.7166666666666667,0.0,1,14,oracle,blind,energy_lag_only,63,36,5.7928749333332235,1.0348816801753031,True,True,True
True,True,True,18.431640625,1.0,306.9636535644531,306.9636535644531,0.7166666666666667,0.7166666666666667,0.0,1,13,nearest,blind,energy_lag_only,63,37,11.20278473333292,1.627922609739101,False,True,False
True,True,True,23.52587890625,1.0,306.9636535644531,306.9636535644531,0.7166666666666667,0.7166666666666667,0.0,1,13,oracle,blind,energy_lag_only,63,37,11.20278473333292,1.627922609739101,False,True,False
True,True,True,3.266845703125,1.0,255.1246795654297,255.1246795654297,0.7166666666666667,0.7166666666666667,0.0,1,13,nearest,blind,energy_lag_only,63,38,-25.65303139999969,3.5702550921486345,False,False,False
True,True,True,3.0445556640625,1.0,255.1246795654297,255.1246795654297,0.7166666666666667,0.7166666666666667,0.0,1,13,oracle,blind,energy_lag_only,63,38,-25.65303139999969,3.5702550921486345,False,False,False
True,True,True,2.740478515625,1.0,45.346649169921875,45.346649169921875,0.7166666666666667,0.7166666666666667,0.0,1,12,nearest,blind,energy_lag_only,63,39,-4.43460059999984,0.9969264862939392,True,False,False
True,True,True,5.5146484375,1.0,45.346649169921875,45.346649169921875,0.7166666666666667,0.7166666666666667,0.0,1,12,oracle,blind,energy_lag_only,63,39,-4.43460059999984,0.9969264862939392,True,False,False
False,True,False,-1.3289794921875,1.0,219.79481506347656,219.79481506347656,0.7166666666666667,0.7166666666666667,0.0,2,8,nearest,blind,energy_lag_only,63,0,12.131606033333128,1.0030017880349653,True,True,True
False,True,False,-0.923828125,1.0,219.79481506347656,219.79481506347656,0.7166666666666667,0.7166666666666667,0.0,2,8,oracle,blind,energy_lag_only,63,0,12.131606033333128,1.0030017880349653,True,True,True
False,True,False,-1.248046875,1.0,231.6071014404297,231.6071014404297,0.7166666666666667,0.7166666666666667,0.0,2,9,nearest,blind,energy_lag_only,63,1,-4.1561371999998755,1.4042455095874147,True,False,False
False,True,False,-1.248046875,1.0,231.6071014404297,231.6071014404297,0.7166666666666667,0.7166666666666667,0.0,2,9,oracle,blind,energy_lag_only,63,1,-4.1561371999998755,1.4042455095874147,True,False,False
True,True,True,2.883056640625,1.0,325.2033386230469,325.2033386230469,0.7166666666666667,0.7166666666666667,0.0,2,9,nearest,blind,energy_lag_only,63,2,-0.5199999000001299,0.9871094808489714,True,False,False
True,True,True,2.883056640625,1.0,325.2033386230469,325.2033386230469,0.7166666666666667,0.7166666666666667,0.0,2,9,oracle,blind,energy_lag_only,63,2,-0.5199999000001299,0.9871094808489714,True,False,False
True,True,True,90.0919189453125,1.0,215.23963928222656,215.23963928222656,0.7333333333333333,0.7333333333333333,0.0,2,9,nearest,blind,energy_lag_only,63,3,-22.768579600000066,0.23047024594582585,True,False,False
True,True,True,89.74853515625,1.0,215.23963928222656,215.23963928222656,0.7333333333333333,0.7333333333333333,0.0,2,9,oracle,blind,energy_lag_only,63,3,-22.768579600000066,0.23047024594582585,True,False,False
False,True,False,-1.82080078125,1.0,241.2650909423828,241.2650909423828,0.7166666666666667,0.7166666666666667,0.0,2,9,nearest,blind,energy_lag_only,63,4,2.8580804999999145,0.8165524235713452,True,True,True
False,True,False,-2.2237548828125,1.0,241.2650909423828,241.2650909423828,0.7166666666666667,0.7166666666666667,0.0,2,9,oracle,blind,energy_lag_only,63,4,2.8580804999999145,0.8165524235713452,True,True,True
False,True,False,-0.607177734375,1.0,345.0313720703125,345.0313720703125,0.7166666666666667,0.7166666666666667,0.0,2,9,nearest,blind,energy_lag_only,63,5,-4.4255741333333845,0.9962409625497797,True,False,False
False,True,False,-1.928955078125,1.0,345.0313720703125,345.0313720703125,0.7166666666666667,0.7166666666666667,0.0,2,9,oracle,blind,energy_lag_only,63,5,-4.4255741333333845,0.9962409625497797,True,False,False
False,True,False,-44.68798828125,1.0,308.43994140625,308.43994140625,0.7166666666666667,0.7166666666666667,0.0,2,8,nearest,blind,energy_lag_only,63,6,-4.957508899999766,1.013764245550162,True,False,False
False,True,False,-36.4888916015625,1.0,308.43994140625,308.43994140625,0.7166666666666667,0.7166666666666667,0.0,2,8,oracle,blind,energy_lag_only,63,6,-4.957508899999766,1.013764245550162,True,False,False
False,True,False,-2.1502685546875,1.0,301.15106201171875,301.15106201171875,0.7166666666666667,0.7166666666666667,0.0,2,8,nearest,blind,energy_lag_only,63,7,-0.5063356666664731,0.9880883343861075,True,False,False
False,True,False,-1.7977294921875,1.0,301.15106201171875,301.15106201171875,0.7166666666666667,0.7166666666666667,0.0,2,8,oracle,blind,energy_lag_only,63,7,-0.5063356666664731,0.9880883343861075,True,False,False
False,True,False,-9.849365234375,1.0,344.3340759277344,344.3340759277344,0.7166666666666667,0.7166666666666667,0.0,2,8,nearest,blind,energy_lag_only,63,8,-0.6829712666667547,0.9406535064788225,True,False,False
False,True,False,-8.961181640625,1.0,344.3340759277344,344.3340759277344,0.7166666666666667,0.7166666666666667,0.0,2,8,oracle,blind,energy_lag_only,63,8,-0.6829712666667547,0.9406535064788225,True,False,False
True,True,True,90.05419921875,1.0,304.60076904296875,304.60076904296875,0.7166666666666667,0.7166666666666667,0.0,2,8,nearest,blind,energy_lag_only,63,9,-42.35036156666661,1.8482342666665583,False,False,False
True,True,True,94.6907958984375,1.0,304.60076904296875,304.60076904296875,0.7166666666666667,0.7166666666666667,0.0,2,8,oracle,blind,energy_lag_only,63,9,-42.35036156666661,1.8482342666665583,False,False,False
False,True,False,-24.2508544921875,1.0,273.3398132324219,273.3398132324219,0.7166666666666667,0.7166666666666667,0.0,2,8,nearest,blind,energy_lag_only,63,10,-3.3390587999999752,1.0067702414644029,True,False,False
False,True,False,-19.2413330078125,1.0,273.3398132324219,273.3398132324219,0.7166666666666667,0.7166666666666667,0.0,2,8,oracle,blind,energy_lag_only,63,10,-3.3390587999999752,1.0067702414644029,True,False,False
True,True,True,62.651123046875,1.0,313.2766418457031,313.2766418457031,0.7166666666666667,0.7166666666666667,0.0,2,9,nearest,blind,energy_lag_only,63,11,5.4966762000003655,2.25800861416897,False,True,False
True,True,True,73.874267578125,1.0,313.2766418457031,313.2766418457031,0.7166666666666667,0.7166666666666667,0.0,2,9,oracle,blind,energy_lag_only,63,11,5.4966762000003655,2.25800861416897,False,True,False
False,True,False,-2.2198486328125,1.0,494.6956481933594,494.6956481933594,0.7166666666666667,0.7166666666666667,0.0,2,9,nearest,blind,energy_lag_only,63,12,-65.28377756666669,1.5062833050770188,False,False,False
False,True,False,-1.8916015625,1.0,494.6956481933594,494.6956481933594,0.7166666666666667,0.7166666666666667,0.0,2,9,oracle,blind,energy_lag_only,63,12,-65.28377756666669,1.5062833050770188,False,False,False
True,True,True,96.300537109375,1.0,318.89019775390625,318.89019775390625,0.7333333333333333,0.7333333333333333,0.0,2,9,nearest,blind,energy_lag_only,63,13,-54.03364236666653,1.2152186566550685,True,False,False
True,True,True,88.9168701171875,1.0,318.89019775390625,318.89019775390625,0.7333333333333333,0.7333333333333333,0.0,2,9,oracle,blind,energy_lag_only,63,13,-54.03364236666653,1.2152186566550685,True,False,False
False,True,False,-70.3258056640625,1.0,299.9389343261719,299.9389343261719,0.7166666666666667,0.7166666666666667,0.0,2,10,nearest,blind,energy_lag_only,63,14,-20.563789499999984,1.6958009186629721,False,False,False
False,True,False,-63.9549560546875,1.0,299.9389343261719,299.9389343261719,0.7166666666666667,0.7166666666666667,0.0,2,10,oracle,blind,energy_lag_only,63,14,-20.563789499999984,1.6958009186629721,False,False,False
True,True,True,8.2757568359375,1.0,59.44038009643555,59.44038009643555,0.7333333333333333,0.7333333333333333,0.0,2,9,nearest,blind,energy_lag_only,63,15,-23.74860396666668,1.0705247888902134,True,False,False
True,True,True,11.693115234375,1.0,59.44038009643555,59.44038009643555,0.7333333333333333,0.7333333333333333,0.0,2,9,oracle,blind,energy_lag_only,63,15,-23.74860396666668,1.0705247888902134,True,False,False
False,True,False,-1.525390625,1.0,334.7845764160156,334.7845764160156,0.7333333333333333,0.7333333333333333,0.0,2,10,nearest,blind,energy_lag_only,63,16,10.268215300000065,0.8656969776862233,True,True,True
False,True,False,-1.288330078125,1.0,334.7845764160156,334.7845764160156,0.7333333333333333,0.7333333333333333,0.0,2,10,oracle,blind,energy_lag_only,63,16,10.268215300000065,0.8656969776862233,True,True,True
False,True,False,-49.550048828125,1.0,323.1154479980469,323.1154479980469,0.75,0.75,0.0,2,9,nearest,blind,energy_lag_only,63,17,-12.959618399999954,1.0568229473368873,True,False,False
False,True,False,-59.9813232421875,1.0,323.1154479980469,323.1154479980469,0.75,0.75,0.0,2,9,oracle,blind,energy_lag_only,63,17,-12.959618399999954,1.0568229473368873,True,False,False
True,True,True,33.316650390625,1.0,302.6352844238281,302.6352844238281,0.7166666666666667,0.7166666666666667,0.0,2,9,nearest,blind,energy_lag_only,63,18,-37.76934860000006,12.214361561244544,False,False,False
True,True,True,68.0916748046875,1.0,302.6352844238281,302.6352844238281,0.7166666666666667,0.7166666666666667,0.0,2,9,oracle,blind,energy_lag_only,63,18,-37.76934860000006,12.214361561244544,False,False,False
True,True,True,45.291748046875,1.0,399.8149108886719,399.8149108886719,0.7166666666666667,0.7166666666666667,0.0,2,10,nearest,blind,energy_lag_only,63,19,-7.271376533333751,1.4197555579824666,True,False,False
True,True,True,45.203857421875,1.0,399.8149108886719,399.8149108886719,0.7166666666666667,0.7166666666666667,0.0,2,10,oracle,blind,energy_lag_only,63,19,-7.271376533333751,1.4197555579824666,True,False,False
False,True,False,-2.535888671875,1.0,336.11553955078125,336.11553955078125,0.7166666666666667,0.7166666666666667,0.0,2,9,nearest,blind,energy_lag_only,63,20,-32.714236633333485,1.0482042932653748,True,False,False
False,True,False,-2.3448486328125,1.0,336.11553955078125,336.11553955078125,0.7166666666666667,0.7166666666666667,0.0,2,9,oracle,blind,energy_lag_only,63,20,-32.714236633333485,1.0482042932653748,True,False,False
True,True,True,8.0296630859375,1.0,44.25633239746094,44.25633239746094,0.7166666666666667,0.7166666666666667,0.0,2,9,nearest,blind,energy_lag_only,63,21,-13.1416330666666,1.0376121988585039,True,False,False
True,True,True,7.12646484375,1.0,44.25633239746094,44.25633239746094,0.7166666666666667,0.7166666666666667,0.0,2,9,oracle,blind,energy_lag_only,63,21,-13.1416330666666,1.0376121988585039,True,False,False
True,True,True,7.9720458984375,1.0,77.25358581542969,77.25358581542969,0.7166666666666667,0.7166666666666667,0.0,2,9,nearest,blind,energy_lag_only,63,22,4.698237733333372,1.0713701443805672,True,True,True
True,True,True,8.430908203125,1.0,77.25358581542969,77.25358581542969,0.7166666666666667,0.7166666666666667,0.0,2,9,oracle,blind,energy_lag_only,63,22,4.698237733333372,1.0713701443805672,True,True,True
False,True,False,-14.169677734375,1.0,169.17352294921875,169.17352294921875,0.7166666666666667,0.7166666666666667,0.0,2,8,nearest,blind,energy_lag_only,63,23,-13.47291610000002,1.0660973337841813,True,False,False
False,True,False,-14.169677734375,1.0,169.17352294921875,169.17352294921875,0.7166666666666667,0.7166666666666667,0.0,2,8,oracle,blind,energy_lag_only,63,23,-13.47291610000002,1.0660973337841813,True,False,False
False,True,False,-22.8135986328125,1.0,219.137939453125,219.137939453125,0.7166666666666667,0.7166666666666667,0.0,2,7,nearest,blind,energy_lag_only,63,24,-7.21626973333332,1.1125502899815327,True,False,False
False,True,False,-20.76953125,1.0,219.137939453125,219.137939453125,0.7166666666666667,0.7166666666666667,0.0,2,7,oracle,blind,energy_lag_only,63,24,-7.21626973333332,1.1125502899815327,True,False,False
True,True,True,8.432373046875,1.0,171.35227966308594,171.35227966308594,0.7166666666666667,0.7166666666666667,0.0,2,8,nearest,blind,energy_lag_only,63,25,4.302289400000063,0.8674704633688386,True,True,True
True,True,True,2.8814697265625,1.0,171.35227966308594,171.35227966308594,0.7166666666666667,0.7166666666666667,0.0,2,8,oracle,blind,energy_lag_only,63,25,4.302289400000063,0.8674704633688386,True,True,True
True,True,True,7.199951171875,1.0,55.38728332519531,55.38728332519531,0.7166666666666667,0.7166666666666667,0.0,2,8,nearest,blind,energy_lag_only,63,26,1.6385079333333579,1.121366126142733,True,True,True
True,True,True,10.3272705078125,1.0,55.38728332519531,55.38728332519531,0.7166666666666667,0.7166666666666667,0.0,2,8,oracle,blind,energy_lag_only,63,26,1.6385079333333579,1.121366126142733,True,True,True
False,True,False,-26.0517578125,1.0,59.05182647705078,59.05182647705078,0.7166666666666667,0.7166666666666667,0.0,2,8,nearest,blind,energy_lag_only,63,27,-9.650312166666708,1.1421111502863939,True,False,False
False,True,False,-26.2125244140625,1.0,59.05182647705078,59.05182647705078,0.7166666666666667,0.7166666666666667,0.0,2,8,oracle,blind,energy_lag_only,63,27,-9.650312166666708,1.1421111502863939,True,False,False
False,True,False,-0.487060546875,1.0,255.24972534179688,255.24972534179688,0.7166666666666667,0.7166666666666667,0.0,2,7,nearest,blind,energy_lag_only,63,28,2.664665500000183,2.708102900618581,False,True,False
True,True,True,1.4287109375,1.0,255.24972534179688,255.24972534179688,0.7166666666666667,0.7166666666666667,0.0,2,7,oracle,blind,energy_lag_only,63,28,2.664665500000183,2.708102900618581,False,True,False
False,True,False,-9.1470947265625,1.0,436.33111572265625,436.33111572265625,0.7166666666666667,0.7166666666666667,0.0,2,6,nearest,blind,energy_lag_only,63,29,-20.977173600000015,1.8008694063953747,False,False,False
False,True,False,-48.7000732421875,1.0,436.33111572265625,436.33111572265625,0.7166666666666667,0.7166666666666667,0.0,2,6,oracle,blind,energy_lag_only,63,29,-20.977173600000015,1.8008694063953747,False,False,False
False,True,False,-23.3121337890625,1.0,426.93865966796875,426.93865966796875,0.7166666666666667,0.7166666666666667,0.0,2,7,nearest,blind,energy_lag_only,63,30,-3.6166094000000157,1.1223183655863023,True,False,False
False,True,False,-17.587890625,1.0,426.93865966796875,426.93865966796875,0.7166666666666667,0.7166666666666667,0.0,2,7,oracle,blind,energy_lag_only,63,30,-3.6166094000000157,1.1223183655863023,True,False,False
True,True,True,8.165771484375,1.0,408.6357421875,408.6357421875,0.7166666666666667,0.7166666666666667,0.0,2,7,nearest,blind,energy_lag_only,63,31,-10.999240600000121,1.5451214395065802,False,False,False
True,True,True,8.0560302734375,1.0,408.6357421875,408.6357421875,0.7166666666666667,0.7166666666666667,0.0,2,7,oracle,blind,energy_lag_only,63,31,-10.999240600000121,1.5451214395065802,False,False,False
False,True,False,-27.2796630859375,1.0,311.404541015625,311.404541015625,0.7166666666666667,0.7166666666666667,0.0,2,7,nearest,blind,energy_lag_only,63,32,-11.495344966666607,0.5633980664675138,True,False,False
False,True,False,-10.13818359375,1.0,311.404541015625,311.404541015625,0.7166666666666667,0.7166666666666667,0.0,2,7,oracle,blind,energy_lag_only,63,32,-11.495344966666607,0.5633980664675138,True,False,False
True,True,True,1.261962890625,1.0,44.70033264160156,44.70033264160156,0.7166666666666667,0.7166666666666667,0.0,2,7,nearest,blind,energy_lag_only,63,33,-9.13139853333314,1.014321728453166,True,False,False
True,True,True,2.0648193359375,1.0,44.70033264160156,44.70033264160156,0.7166666666666667,0.7166666666666667,0.0,2,7,oracle,blind,energy_lag_only,63,33,-9.13139853333314,1.014321728453166,True,False,False
False,True,False,-2.0732421875,1.0,229.32412719726562,229.32412719726562,0.7166666666666667,0.7166666666666667,0.0,2,6,nearest,blind,energy_lag_only,63,34,-5.183429799999885,0.6083811681241181,True,False,False
True,True,True,6.486083984375,1.0,229.32412719726562,229.32412719726562,0.7166666666666667,0.7166666666666667,0.0,2,6,oracle,blind,energy_lag_only,63,34,-5.183429799999885,0.6083811681241181,True,False,False
False,True,False,-12.6400146484375,1.0,200.13394165039062,200.13394165039062,0.7166666666666667,0.7166666666666667,0.0,2,6,nearest,blind,energy_lag_only,63,35,-3.4205675333332692,1.0301818418948794,True,False,False
False,True,False,-29.74169921875,1.0,200.13394165039062,200.13394165039062,0.7166666666666667,0.7166666666666667,0.0,2,6,oracle,blind,energy_lag_only,63,35,-3.4205675333332692,1.0301818418948794,True,False,False
False,True,False,-40.076416015625,1.0,281.7427673339844,281.7427673339844,0.7166666666666667,0.7166666666666667,0.0,2,6,nearest,blind,energy_lag_only,63,36,-8.436170533333552,1.0353471679255617,True,False,False
False,True,False,-37.02392578125,1.0,281.7427673339844,281.7427673339844,0.7166666666666667,0.7166666666666667,0.0,2,6,oracle,blind,energy_lag_only,63,36,-8.436170533333552,1.0353471679255617,True,False,False
False,True,False,-26.1162109375,1.0,306.9636535644531,306.9636535644531,0.7166666666666667,0.7166666666666667,0.0,2,6,nearest,blind,energy_lag_only,63,37,24.095910833333164,1.6052451618941077,False,True,False
False,True,False,-24.440185546875,1.0,306.9636535644531,306.9636535644531,0.7166666666666667,0.7166666666666667,0.0,2,6,oracle,blind,energy_lag_only,63,37,24.095910833333164,1.6052451618941077,False,True,False
False,True,False,-1.6209716796875,1.0,255.1246795654297,255.1246795654297,0.7166666666666667,0.7166666666666667,0.0,2,6,nearest,blind,energy_lag_only,63,38,-75.77160163333315,8.13262219653909,False,False,False
False,True,False,-1.7967529296875,1.0,255.1246795654297,255.1246795654297,0.7166666666666667,0.7166666666666667,0.0,2,6,oracle,blind,energy_lag_only,63,38,-75.77160163333315,8.13262219653909,False,False,False
False,True,False,-1.6810302734375,1.0,45.346649169921875,45.346649169921875,0.7166666666666667,0.7166666666666667,0.0,2,6,nearest,blind,energy_lag_only,63,39,-22.225997766666524,1.0572715757466593,True,False,False
False,True,False,-1.3299560546875,1.0,45.346649169921875,45.346649169921875,0.7166666666666667,0.7166666666666667,0.0,2,6,oracle,blind,energy_lag_only,63,39,-22.225997766666524,1.0572715757466593,True,False,False
True,True,True,4.9970703125,1.0,219.79481506347656,219.79481506347656,0.7166666666666667,0.7166666666666667,0.0,3,12,nearest,blind,energy_lag_only,63,0,12.320336800000177,1.043770184929961,True,True,True
True,True,True,4.90869140625,1.0,219.79481506347656,219.79481506347656,0.7166666666666667,0.7166666666666667,0.0,3,12,oracle,blind,energy_lag_only,63,0,12.320336800000177,1.043770184929961,True,True,True
False,True,False,-27.8609619140625,1.0,231.6071014404297,231.6071014404297,0.7166666666666667,0.7166666666666667,0.0,3,12,nearest,blind,energy_lag_only,63,1,-2.8419093999998495,0.9969618154689869,True,False,False
False,True,False,-27.857177734375,1.0,231.6071014404297,231.6071014404297,0.7166666666666667,0.7166666666666667,0.0,3,12,oracle,blind,energy_lag_only,63,1,-2.8419093999998495,0.9969618154689869,True,False,False
True,True,True,4.655029296875,1.0,325.2033386230469,325.2033386230469,0.7166666666666667,0.7166666666666667,0.0,3,12,nearest,blind,energy_lag_only,63,2,-5.625351666666575,1.0231019184085337,True,False,False
True,True,True,4.655029296875,1.0,325.2033386230469,325.2033386230469,0.7166666666666667,0.7166666666666667,0.0,3,12,oracle,blind,energy_lag_only,63,2,-5.625351666666575,1.0231019184085337,True,False,False
True,True,True,4.7091064453125,1.0,215.23963928222656,215.23963928222656,0.7333333333333333,0.7333333333333333,0.0,3,12,nearest,blind,energy_lag_only,63,3,-9.3384285333334,1.0616895853984636,True,False,False
True,True,True,7.87841796875,1.0,215.23963928222656,215.23963928222656,0.7333333333333333,0.7333333333333333,0.0,3,12,oracle,blind,energy_lag_only,63,3,-9.3384285333334,1.0616895853984636,True,False,False
True,True,True,36.190673828125,1.0,241.2650909423828,241.2650909423828,0.7166666666666667,0.7166666666666667,0.0,3,12,nearest,blind,energy_lag_only,63,4,-33.06077110000001,1.6730972988458537,False,False,False
True,True,True,36.48388671875,1.0,241.2650909423828,241.2650909423828,0.7166666666666667,0.7166666666666667,0.0,3,12,oracle,blind,energy_lag_only,63,4,-33.06077110000001,1.6730972988458537,False,False,False
True,True,True,4.0595703125,1.0,345.0313720703125,345.0313720703125,0.7166666666666667,0.7166666666666667,0.0,3,12,nearest,blind,energy_lag_only,63,5,1.3837798333333922,1.0168453014634122,True,True,True
True,True,True,4.829345703125,1.0,345.0313720703125,345.0313720703125,0.7166666666666667,0.7166666666666667,0.0,3,12,oracle,blind,energy_lag_only,63,5,1.3837798333333922,1.0168453014634122,True,True,True
True,True,True,5.31787109375,1.0,308.43994140625,308.43994140625,0.7166666666666667,0.7166666666666667,0.0,3,12,nearest,blind,energy_lag_only,63,6,-7.455960033333213,1.4787119360100955,True,False,False
True,True,True,11.0079345703125,1.0,308.43994140625,308.43994140625,0.7166666666666667,0.7166666666666667,0.0,3,12,oracle,blind,energy_lag_only,63,6,-7.455960033333213,1.4787119360100955,True,False,False
True,True,True,6.03125,1.0,301.15106201171875,301.15106201171875,0.7166666666666667,0.7166666666666667,0.0,3,12,nearest,blind,energy_lag_only,63,7,0.14548800000011397,0.9921612591804292,True,True,True
True,True,True,6.038330078125,1.0,301.15106201171875,301.15106201171875,0.7166666666666667,0.7166666666666667,0.0,3,12,oracle,blind,energy_lag_only,63,7,0.14548800000011397,0.9921612591804292,True,True,True
False,True,False,-19.664306640625,1.0,344.3340759277344,344.3340759277344,0.7166666666666667,0.7166666666666667,0.0,3,11,nearest,blind,energy_lag_only,63,8,10.896690533333185,0.9922444651167703,True,True,True
False,True,False,-15.4908447265625,1.0,344.3340759277344,344.3340759277344,0.7166666666666667,0.7166666666666667,0.0,3,11,oracle,blind,energy_lag_only,63,8,10.896690533333185,0.9922444651167703,True,True,True
True,True,True,40.9976806640625,1.0,304.60076904296875,304.60076904296875,0.7166666666666667,0.7166666666666667,0.0,3,12,nearest,blind,energy_lag_only,63,9,-31.223604366666677,1.156083121760985,True,False,False
True,True,True,38.2626953125,1.0,304.60076904296875,304.60076904296875,0.7166666666666667,0.7166666666666667,0.0,3,12,oracle,blind,energy_lag_only,63,9,-31.223604366666677,1.156083121760985,True,False,False
False,True,False,-1.020263671875,1.0,273.3398132324219,273.3398132324219,0.7166666666666667,0.7166666666666667,0.0,3,12,nearest,blind,energy_lag_only,63,10,2.1471656666667513,0.9901513457970097,True,True,True
False,True,False,-0.740478515625,1.0,273.3398132324219,273.3398132324219,0.7166666666666667,0.7166666666666667,0.0,3,12,oracle,blind,energy_lag_only,63,10,2.1471656666667513,0.9901513457970097,True,True,True
True,True,True,11.2431640625,1.0,313.2766418457031,313.2766418457031,0.7166666666666667,0.7166666666666667,0.0,3,12,nearest,blind,energy_lag_only,63,11,73.05658733333348,3.3795194707093223,False,True,False
True,True,True,7.4833984375,1.0,313.2766418457031,313.2766418457031,0.7166666666666667,0.7166666666666667,0.0,3,12,oracle,blind,energy_lag_only,63,11,73.05658733333348,3.3795194707093223,False,True,False
True,True,True,6.0340576171875,1.0,494.6956481933594,494.6956481933594,0.7166666666666667,0.7166666666666667,0.0,3,12,nearest,blind,energy_lag_only,63,12,-126.14401343333361,23.341187137207648,False,False,False
True,True,True,6.5155029296875,1.0,494.6956481933594,494.6956481933594,0.7166666666666667,0.7166666666666667,0.0,3,12,oracle,blind,energy_lag_only,63,12,-126.14401343333361,23.341187137207648,False,False,False
False,True,False,-23.563720703125,1.0,318.89019775390625,318.89019775390625,0.7333333333333333,0.7333333333333333,0.0,3,12,nearest,blind,energy_lag_only,63,13,2.4841152333335685,0.922699162334029,True,True,True
False,True,False,-25.28564453125,1.0,318.89019775390625,318.89019775390625,0.7333333333333333,0.7333333333333333,0.0,3,12,oracle,blind,energy_lag_only,63,13,2.4841152333335685,0.922699162334029,True,True,True
True,True,True,28.9854736328125,1.0,299.9389343261719,299.9389343261719,0.7166666666666667,0.7166666666666667,0.0,3,11,nearest,blind,energy_lag_only,63,14,-28.280023366666683,5.408429581327414,False,False,False
True,True,True,26.40380859375,1.0,299.9389343261719,299.9389343261719,0.7166666666666667,0.7166666666666667,0.0,3,11,oracle,blind,energy_lag_only,63,14,-28.280023366666683,5.408429581327414,False,False,False
True,True,True,17.06787109375,1.0,59.44038009643555,59.44038009643555,0.7333333333333333,0.7333333333333333,0.0,3,12,nearest,blind,energy_lag_only,63,15,-53.88535713333317,2.850651546088366,False,False,False
True,True,True,16.1767578125,1.0,59.44038009643555,59.44038009643555,0.7333333333333333,0.7333333333333333,0.0,3,12,oracle,blind,energy_lag_only,63,15,-53.88535713333317,2.850651546088366,False,False,False
True,True,True,6.243408203125,1.0,334.7845764160156,334.7845764160156,0.7333333333333333,0.7333333333333333,0.0,3,13,nearest,blind,energy_lag_only,63,16,55.764320433333296,4.4726829182547165,False,True,False
True,True,True,3.937255859375,1.0,334.7845764160156,334.7845764160156,0.7333333333333333,0.7333333333333333,0.0,3,13,oracle,blind,energy_lag_only,63,16,55.764320433333296,4.4726829182547165,False,True,False
False,True,False,-4.760986328125,1.0,323.1154479980469,323.1154479980469,0.75,0.75,0.0,3,13,nearest,blind,energy_lag_only,63,17,-51.66782950000015,12.778804608970963,False,False,False
False,True,False,-5.77587890625,1.0,323.1154479980469,323.1154479980469,0.75,0.75,0.0,3,13,oracle,blind,energy_lag_only,63,17,-51.66782950000015,12.778804608970963,False,False,False
True,True,True,3.25634765625,1.0,302.6352844238281,302.6352844238281,0.7166666666666667,0.7166666666666667,0.0,3,13,nearest,blind,energy_lag_only,63,18,-7.213513300000159,4.352721867828735,False,False,False
True,True,True,4.202392578125,1.0,302.6352844238281,302.6352844238281,0.7166666666666667,0.7166666666666667,0.0,3,13,oracle,blind,energy_lag_only,63,18,-7.213513300000159,4.352721867828735,False,False,False
False,True,False,-28.313232421875,1.0,399.8149108886719,399.8149108886719,0.7166666666666667,0.7166666666666667,0.0,3,13,nearest,blind,energy_lag_only,63,19,99.59976806666646,2.8917868802215994,False,True,False
False,True,False,-28.313232421875,1.0,399.8149108886719,399.8149108886719,0.7166666666666667,0.7166666666666667,0.0,3,13,oracle,blind,energy_lag_only,63,19,99.59976806666646,2.8917868802215994,False,True,False
True,True,True,6.443603515625,1.0,336.11553955078125,336.11553955078125,0.7166666666666667,0.7166666666666667,0.0,3,13,nearest,blind,energy_lag_only,63,20,-102.58979799999997,18.18683362043013,False,False,False
True,True,True,6.11181640625,1.0,336.11553955078125,336.11553955078125,0.7166666666666667,0.7166666666666667,0.0,3,13,oracle,blind,energy_lag_only,63,20,-102.58979799999997,18.18683362043013,False,False,False
True,True,True,12.4691162109375,1.0,44.25633239746094,44.25633239746094,0.7166666666666667,0.7166666666666667,0.0,3,14,nearest,blind,energy_lag_only,63,21,-20.962325133333252,1.0823720354496358,True,False,False
True,True,True,14.1983642578125,1.0,44.25633239746094,44.25633239746094,0.7166666666666667,0.7166666666666667,0.0,3,14,oracle,blind,energy_lag_only,63,21,-20.962325133333252,1.0823720354496358,True,False,False
True,True,True,22.47900390625,1.0,77.25358581542969,77.25358581542969,0.7166666666666667,0.7166666666666667,0.0,3,14,nearest,blind,energy_lag_only,63,22,-32.83853446666649,22.760238239997552,False,False,False
True,True,True,21.247802734375,1.0,77.25358581542969,77.25358581542969,0.7166666666666667,0.7166666666666667,0.0,3,14,oracle,blind,energy_lag_only,63,22,-32.83853446666649,22.760238239997552,False,False,False
True,True,True,3.573486328125,1.0,169.17352294921875,169.17352294921875,0.7166666666666667,0.7166666666666667,0.0,3,14,nearest,blind,energy_lag_only,63,23,-18.586780399999725,1.1664151618510272,True,False,False
True,True,True,6.966064453125,1.0,169.17352294921875,169.17352294921875,0.7166666666666667,0.7166666666666667,0.0,3,14,oracle,blind,energy_lag_only,63,23,-18.586780399999725,1.1664151618510272,True,False,False
True,True,True,7.04931640625,1.0,219.137939453125,219.137939453125,0.7166666666666667,0.7166666666666667,0.0,3,13,nearest,blind,energy_lag_only,63,24,0.1306944000000385,0.9939638696884856,True,True,True
True,True,True,7.04931640625,1.0,219.137939453125,219.137939453125,0.7166666666666667,0.7166666666666667,0.0,3,13,oracle,blind,energy_lag_only,63,24,0.1306944000000385,0.9939638696884856,True,True,True
True,True,True,27.298828125,1.0,171.35227966308594,171.35227966308594,0.7166666666666667,0.7166666666666667,0.0,3,12,nearest,blind,energy_lag_only,63,25,13.978897266666763,22.935969888252462,False,True,False
True,True,True,29.6212158203125,1.0,171.35227966308594,171.35227966308594,0.7166666666666667,0.7166666666666667,0.0,3,12,oracle,blind,energy_lag_only,63,25,13.978897266666763,22.935969888252462,False,True,False
False,True,False,-1.701416015625,1.0,55.38728332519531,55.38728332519531,0.7166666666666667,0.7166666666666667,0.0,3,12,nearest,blind,energy_lag_only,63,26,-59.44368683333323,28.358198257442616,False,False,False
True,True,True,1.09423828125,1.0,55.38728332519531,55.38728332519531,0.7166666666666667,0.7166666666666667,0.0,3,12,oracle,blind,energy_lag_only,63,26,-59.44368683333323,28.358198257442616,False,False,False
True,True,True,8.671142578125,1.0,59.05182647705078,59.05182647705078,0.7166666666666667,0.7166666666666667,0.0,3,12,nearest,blind,energy_lag_only,63,27,-71.6556297333334,1.5120180443129845,False,False,False
True,True,True,8.671142578125,1.0,59.05182647705078,59.05182647705078,0.7166666666666667,0.7166666666666667,0.0,3,12,oracle,blind,energy_lag_only,63,27,-71.6556297333334,1.5120180443129845,False,False,False
True,True,True,16.568115234375,1.0,255.24972534179688,255.24972534179688,0.7166666666666667,0.7166666666666667,0.0,3,13,nearest,blind,energy_lag_only,63,28,-18.777340666666532,4.810843997961585,False,False,False
True,True,True,22.03662109375,1.0,255.24972534179688,255.24972534179688,0.7166666666666667,0.7166666666666667,0.0,3,13,oracle,blind,energy_lag_only,63,28,-18.777340666666532,4.810843997961585,False,False,False
True,True,True,40.575439453125,1.0,436.33111572265625,436.33111572265625,0.7166666666666667,0.7166666666666667,0.0,3,13,nearest,blind,energy_lag_only,63,29,-24.664687766666702,2.9476442792634847,False,False,False
True,True,True,39.3082275390625,1.0,436.33111572265625,436.33111572265625,0.7166666666666667,0.7166666666666667,0.0,3,13,oracle,blind,energy_lag_only,63,29,-24.664687766666702,2.9476442792634847,False,False,False
False,True,False,-3.8233642578125,1.0,426.93865966796875,426.93865966796875,0.7166666666666667,0.7166666666666667,0.0,3,13,nearest,blind,energy_lag_only,63,30,-10.434985433333395,1.0963103522455644,True,False,False
True,True,True,0.4212646484375,1.0,426.93865966796875,426.93865966796875,0.7166666666666667,0.7166666666666667,0.0,3,13,oracle,blind,energy_lag_only,63,30,-10.434985433333395,1.0963103522455644,True,False,False
False,True,False,-18.149169921875,1.0,408.6357421875,408.6357421875,0.7166666666666667,0.7166666666666667,0.0,3,12,nearest,blind,energy_lag_only,63,31,-52.20096990000002,0.9177004311118329,True,False,False
False,True,False,-24.566162109375,1.0,408.6357421875,408.6357421875,0.7166666666666667,0.7166666666666667,0.0,3,12,oracle,blind,energy_lag_only,63,31,-52.20096990000002,0.9177004311118329,True,False,False
False,True,False,-7.7257080078125,1.0,311.404541015625,311.404541015625,0.7166666666666667,0.7166666666666667,0.0,3,14,nearest,blind,energy_lag_only,63,32,21.554892699999982,12.15903390869932,False,True,False
False,True,False,-6.5040283203125,1.0,311.404541015625,311.404541015625,0.7166666666666667,0.7166666666666667,0.0,3,14,oracle,blind,energy_lag_only,63,32,21.554892699999982,12.15903390869932,False,True,False
True,True,True,15.1162109375,1.0,44.70033264160156,44.70033264160156,0.7166666666666667,0.7166666666666667,0.0,3,14,nearest,blind,energy_lag_only,63,33,-59.06589989999998,3.6498787528401846,False,False,False
True,True,True,14.67431640625,1.0,44.70033264160156,44.70033264160156,0.7166666666666667,0.7166666666666667,0.0,3,14,oracle,blind,energy_lag_only,63,33,-59.06589989999998,3.6498787528401846,False,False,False
False,True,False,-3.164794921875,1.0,229.32412719726562,229.32412719726562,0.7166666666666667,0.7166666666666667,0.0,3,13,nearest,blind,energy_lag_only,63,34,56.048252866666644,4.003933473806334,False,True,False
False,True,False,-3.164794921875,1.0,229.32412719726562,229.32412719726562,0.7166666666666667,0.7166666666666667,0.0,3,13,oracle,blind,energy_lag_only,63,34,56.048252866666644,4.003933473806334,False,True,False
False,True,False,-37.3326416015625,1.0,200.13394165039062,200.13394165039062,0.7166666666666667,0.7166666666666667,0.0,3,12,nearest,blind,energy_lag_only,63,35,-81.15524140000002,19.578340576584345,False,False,False
False,True,False,-36.52587890625,1.0,200.13394165039062,200.13394165039062,0.7166666666666667,0.7166666666666667,0.0,3,12,oracle,blind,energy_lag_only,63,35,-81.15524140000002,19.578340576584345,False,False,False
True,True,True,9.3353271484375,1.0,281.7427673339844,281.7427673339844,0.7166666666666667,0.7166666666666667,0.0,3,12,nearest,blind,energy_lag_only,63,36,-34.42861916666675,0.7570819593898439,True,False,False
True,True,True,15.2952880859375,1.0,281.7427673339844,281.7427673339844,0.7166666666666667,0.7166666666666667,0.0,3,12,oracle,blind,energy_lag_only,63,36,-34.42861916666675,0.7570819593898439,True,False,False
True,True,True,13.3486328125,1.0,306.9636535644531,306.9636535644531,0.7166666666666667,0.7166666666666667,0.0,3,11,nearest,blind,energy_lag_only,63,37,68.1309405333327,3.771264178857945,False,True,False
True,True,True,11.68798828125,1.0,306.9636535644531,306.9636535644531,0.7166666666666667,0.7166666666666667,0.0,3,11,oracle,blind,energy_lag_only,63,37,68.1309405333327,3.771264178857945,False,True,False
True,True,True,5.0322265625,1.0,255.1246795654297,255.1246795654297,0.7166666666666667,0.7166666666666667,0.0,3,10,nearest,blind,energy_lag_only,63,38,-118.68867946666637,50.27481446051203,False,False,False
True,True,True,4.874267578125,1.0,255.1246795654297,255.1246795654297,0.7166666666666667,0.7166666666666667,0.0,3,10,oracle,blind,energy_lag_only,63,38,-118.68867946666637,50.27481446051203,False,False,False
True,True,True,11.61669921875,1.0,45.346649169921875,45.346649169921875,0.7166666666666667,0.7166666666666667,0.0,3,11,nearest,blind,energy_lag_only,63,39,-12.261831233333169,1.0337921736400713,True,False,False
True,True,True,11.700439453125,1.0,45.346649169921875,45.346649169921875,0.7166666666666667,0.7166666666666667,0.0,3,11,oracle,blind,energy_lag_only,63,39,-12.261831233333169,1.0337921736400713,True,False,False
True,True,True,0.1875,1.0,219.79481506347656,219.79481506347656,0.7166666666666667,0.7166666666666667,0.0,4,5,nearest,blind,energy_lag_only,63,0,13.644819533333475,1.0467961164251254,True,True,True
False,True,False,-0.077880859375,1.0,219.79481506347656,219.79481506347656,0.7166666666666667,0.7166666666666667,0.0,4,5,oracle,blind,energy_lag_only,63,0,13.644819533333475,1.0467961164251254,True,True,True
False,True,False,-0.0875244140625,1.0,231.6071014404297,231.6071014404297,0.7166666666666667,0.7166666666666667,0.0,4,5,nearest,blind,energy_lag_only,63,1,-3.3189111666665667,1.0413799147023053,True,False,False
True,True,True,0.897705078125,1.0,231.6071014404297,231.6071014404297,0.7166666666666667,0.7166666666666667,0.0,4,5,oracle,blind,energy_lag_only,63,1,-3.3189111666665667,1.0413799147023053,True,False,False
False,True,False,-0.353271484375,1.0,325.2033386230469,325.2033386230469,0.7166666666666667,0.7166666666666667,0.0,4,5,nearest,blind,energy_lag_only,63,2,-4.607251566666491,0.9835277510928967,True,False,False
True,True,True,1.66162109375,1.0,325.2033386230469,325.2033386230469,0.7166666666666667,0.7166666666666667,0.0,4,5,oracle,blind,energy_lag_only,63,2,-4.607251566666491,0.9835277510928967,True,False,False
False,True,False,-0.1630859375,1.0,215.23963928222656,215.23963928222656,0.7333333333333333,0.7333333333333333,0.0,4,5,nearest,blind,energy_lag_only,63,3,-2.6565064000001257,1.0294173958787625,True,False,False
False,True,False,-0.1466064453125,1.0,215.23963928222656,215.23963928222656,0.7333333333333333,0.7333333333333333,0.0,4,5,oracle,blind,energy_lag_only,63,3,-2.6565064000001257,1.0294173958787625,True,False,False
False,True,False,-7.652587890625,1.0,241.2650909423828,241.2650909423828,0.7166666666666667,0.7166666666666667,0.0,4,5,nearest,blind,energy_lag_only,63,4,4.174373033333495,0.8766889337883879,True,True,True
False,True,False,-4.43017578125,1.0,241.2650909423828,241.2650909423828,0.7166666666666667,0.7166666666666667,0.0,4,5,oracle,blind,energy_lag_only,63,4,4.174373033333495,0.8766889337883879,True,True,True
True,True,True,5.612060546875,1.0,345.0313720703125,345.0313720703125,0.7166666666666667,0.7166666666666667,0.0,4,5,nearest,blind,energy_lag_only,63,5,-5.95578433333344,1.1169135744244258,True,False,False
True,True,True,5.924560546875,1.0,345.0313720703125,345.0313720703125,0.7166666666666667,0.7166666666666667,0.0,4,5,oracle,blind,energy_lag_only,63,5,-5.95578433333344,1.1169135744244258,True,False,False
False,True,False,-34.5986328125,1.0,308.43994140625,308.43994140625,0.7166666666666667,0.7166666666666667,0.0,4,6,nearest,blind,energy_lag_only,63,6,-8.554473200000075,1.099445397159593,True,False,False
False,True,False,-12.8270263671875,1.0,308.43994140625,308.43994140625,0.7166666666666667,0.7166666666666667,0.0,4,6,oracle,blind,energy_lag_only,63,6,-8.554473200000075,1.099445397159593,True,False,False
False,True,False,-0.2958984375,1.0,301.15106201171875,301.15106201171875,0.7166666666666667,0.7166666666666667,0.0,4,8,nearest,blind,energy_lag_only,63,7,0.3536922666667124,0.9860884031679349,True,True,True
False,True,False,-0.4036865234375,1.0,301.15106201171875,301.15106201171875,0.7166666666666667,0.7166666666666667,0.0,4,8,oracle,blind,energy_lag_only,63,7,0.3536922666667124,0.9860884031679349,True,True,True
False,True,False,-3.0537109375,1.0,344.3340759277344,344.3340759277344,0.7166666666666667,0.7166666666666667,0.0,4,7,nearest,blind,energy_lag_only,63,8,9.829894333333186,1.1529295547647977,True,True,True
True,True,True,0.93408203125,1.0,344.3340759277344,344.3340759277344,0.7166666666666667,0.7166666666666667,0.0,4,7,oracle,blind,energy_lag_only,63,8,9.829894333333186,1.1529295547647977,True,True,True
False,True,False,-9.6680908203125,1.0,304.60076904296875,304.60076904296875,0.7166666666666667,0.7166666666666667,0.0,4,8,nearest,blind,energy_lag_only,63,9,-8.797167633333174,1.1385482217456218,True,False,False
False,True,False,-5.8509521484375,1.0,304.60076904296875,304.60076904296875,0.7166666666666667,0.7166666666666667,0.0,4,8,oracle,blind,energy_lag_only,63,9,-8.797167633333174,1.1385482217456218,True,False,False
False,True,False,-14.889892578125,1.0,273.3398132324219,273.3398132324219,0.7166666666666667,0.7166666666666667,0.0,4,8,nearest,blind,energy_lag_only,63,10,-32.66188006666653,1.8434194826454489,False,False,False
False,True,False,-10.874755859375,1.0,273.3398132324219,273.3398132324219,0.7166666666666667,0.7166666666666667,0.0,4,8,oracle,blind,energy_lag_only,63,10,-32.66188006666653,1.8434194826454489,False,False,False
False,True,False,-27.47412109375,1.0,313.2766418457031,313.2766418457031,0.7166666666666667,0.7166666666666667,0.0,4,8,nearest,blind,energy_lag_only,63,11,-37.025790133332976,1.5150218919619831,False,False,False
False,True,False,-26.10546875,1.0,313.2766418457031,313.2766418457031,0.7166666666666667,0.7166666666666667,0.0,4,8,oracle,blind,energy_lag_only,63,11,-37.025790133332976,1.5150218919619831,False,False,False
True,True,True,0.8134765625,1.0,494.6956481933594,494.6956481933594,0.7166666666666667,0.7166666666666667,0.0,4,8,nearest,blind,energy_lag_only,63,12,-0.778394900000194,1.0244250523260614,True,False,False
True,True,True,0.3358154296875,1.0,494.6956481933594,494.6956481933594,0.7166666666666667,0.7166666666666667,0.0,4,8,oracle,blind,energy_lag_only,63,12,-0.778394900000194,1.0244250523260614,True,False,False
True,True,True,8.5843505859375,1.0,318.89019775390625,318.89019775390625,0.7333333333333333,0.7333333333333333,0.0,4,8,nearest,blind,energy_lag_only,63,13,-13.956443399999898,1.0263463089676321,True,False,False
True,True,True,4.8546142578125,1.0,318.89019775390625,318.89019775390625,0.7333333333333333,0.7333333333333333,0.0,4,8,oracle,blind,energy_lag_only,63,13,-13.956443399999898,1.0263463089676321,True,False,False
False,True,False,-38.44970703125,1.0,299.9389343261719,299.9389343261719,0.7166666666666667,0.7166666666666667,0.0,4,8,nearest,blind,energy_lag_only,63,14,-36.45852076666665,2.268452822150669,False,False,False
False,True,False,-34.397705078125,1.0,299.9389343261719,299.9389343261719,0.7166666666666667,0.7166666666666667,0.0,4,8,oracle,blind,energy_lag_only,63,14,-36.45852076666665,2.268452822150669,False,False,False
True,True,True,0.076904296875,1.0,59.44038009643555,59.44038009643555,0.7333333333333333,0.7333333333333333,0.0,4,7,nearest,blind,energy_lag_only,63,15,-6.000090266666575,1.041926726930526,True,False,False
True,True,True,0.076904296875,1.0,59.44038009643555,59.44038009643555,0.7333333333333333,0.7333333333333333,0.0,4,7,oracle,blind,energy_lag_only,63,15,-6.000090266666575,1.041926726930526,True,False,False
False,True,False,-8.7647705078125,1.0,334.7845764160156,334.7845764160156,0.7333333333333333,0.7333333333333333,0.0,4,6,nearest,blind,energy_lag_only,63,16,8.336959166666702,0.7396750184116943,True,True,True
False,True,False,-9.0028076171875,1.0,334.7845764160156,334.7845764160156,0.7333333333333333,0.7333333333333333,0.0,4,6,oracle,blind,energy_lag_only,63,16,8.336959166666702,0.7396750184116943,True,True,True
True,True,True,2.5296630859375,1.0,323.1154479980469,323.1154479980469,0.75,0.75,0.0,4,6,nearest,blind,energy_lag_only,63,17,-7.910300333333225,1.2498902442476305,True,False,False
False,True,False,-1.398681640625,1.0,323.1154479980469,323.1154479980469,0.75,0.75,0.0,4,6,oracle,blind,energy_lag_only,63,17,-7.910300333333225,1.2498902442476305,True,False,False
False,True,False,-4.373046875,1.0,302.6352844238281,302.6352844238281,0.7166666666666667,0.7166666666666667,0.0,4,7,nearest,blind,energy_lag_only,63,18,-1.3911729000001287,3.7144171381276925,False,False,False
False,True,False,-0.6328125,1.0,302.6352844238281,302.6352844238281,0.7166666666666667,0.7166666666666667,0.0,4,7,oracle,blind,energy_lag_only,63,18,-1.3911729000001287,3.7144171381276925,False,False,False
False,True,False,-21.721435546875,1.0,399.8149108886719,399.8149108886719,0.7166666666666667,0.7166666666666667,0.0,4,7,nearest,blind,energy_lag_only,63,19,16.010408233332782,1.2850676379066273,True,True,True
False,True,False,-17.994140625,1.0,399.8149108886719,399.8149108886719,0.7166666666666667,0.7166666666666667,0.0,4,7,oracle,blind,energy_lag_only,63,19,16.010408233332782,1.2850676379066273,True,True,True
True,True,True,0.218505859375,1.0,336.11553955078125,336.11553955078125,0.7166666666666667,0.7166666666666667,0.0,4,7,nearest,blind,energy_lag_only,63,20,2.5040466333334734,0.9708429341793113,True,True,True
True,True,True,0.123046875,1.0,336.11553955078125,336.11553955078125,0.7166666666666667,0.7166666666666667,0.0,4,7,oracle,blind,energy_lag_only,63,20,2.5040466333334734,0.9708429341793113,True,True,True
True,True,True,2.5335693359375,1.0,44.25633239746094,44.25633239746094,0.7166666666666667,0.7166666666666667,0.0,4,6,nearest,blind,energy_lag_only,63,21,-8.715184766666653,1.0341118359290984,True,False,False
True,True,True,5.4954833984375,1.0,44.25633239746094,44.25633239746094,0.7166666666666667,0.7166666666666667,0.0,4,6,oracle,blind,energy_lag_only,63,21,-8.715184766666653,1.0341118359290984,True,False,False
True,True,True,2.48681640625,1.0,77.25358581542969,77.25358581542969,0.7166666666666667,0.7166666666666667,0.0,4,6,nearest,blind,energy_lag_only,63,22,-1.4411523999999645,1.066294398736432,True,False,False
True,True,True,5.559326171875,1.0,77.25358581542969,77.25358581542969,0.7166666666666667,0.7166666666666667,0.0,4,6,oracle,blind,energy_lag_only,63,22,-1.4411523999999645,1.066294398736432,True,False,False
False,True,False,-3.9869384765625,1.0,169.17352294921875,169.17352294921875,0.7166666666666667,0.7166666666666667,0.0,4,6,nearest,blind,energy_lag_only,63,23,-8.059924499999852,1.0084572149712496,True,False,False
False,True,False,-0.6201171875,1.0,169.17352294921875,169.17352294921875,0.7166666666666667,0.7166666666666667,0.0,4,6,oracle,blind,energy_lag_only,63,23,-8.059924499999852,1.0084572149712496,True,False,False
False,True,False,-27.86572265625,1.0,219.137939453125,219.137939453125,0.7166666666666667,0.7166666666666667,0.0,4,7,nearest,blind,energy_lag_only,63,24,-24.331055166666374,1.5329927224585136,False,False,False
False,True,False,-35.4571533203125,1.0,219.137939453125,219.137939453125,0.7166666666666667,0.7166666666666667,0.0,4,7,oracle,blind,energy_lag_only,63,24,-24.331055166666374,1.5329927224585136,False,False,False
True,True,True,15.424072265625,1.0,171.35227966308594,171.35227966308594,0.7166666666666667,0.7166666666666667,0.0,4,7,nearest,blind,energy_lag_only,63,25,-12.10979139999995,10.754728579597705,False,False,False
True,True,True,15.57568359375,1.0,171.35227966308594,171.35227966308594,0.7166666666666667,0.7166666666666667,0.0,4,7,oracle,blind,energy_lag_only,63,25,-12.10979139999995,10.754728579597705,False,False,False
True,True,True,6.79931640625,1.0,55.38728332519531,55.38728332519531,0.7166666666666667,0.7166666666666667,0.0,4,8,nearest,blind,energy_lag_only,63,26,-16.68718630000012,1.1165809812912042,True,False,False
True,True,True,5.632568359375,1.0,55.38728332519531,55.38728332519531,0.7166666666666667,0.7166666666666667,0.0,4,8,oracle,blind,energy_lag_only,63,26,-16.68718630000012,1.1165809812912042,True,False,False
True,True,True,10.6900634765625,1.0,59.05182647705078,59.05182647705078,0.7166666666666667,0.7166666666666667,0.0,4,9,nearest,blind,energy_lag_only,63,27,-20.93463613333347,1.146621193849759,True,False,False
True,True,True,10.6900634765625,1.0,59.05182647705078,59.05182647705078,0.7166666666666667,0.7166666666666667,0.0,4,9,oracle,blind,energy_lag_only,63,27,-20.93463613333347,1.146621193849759,True,False,False
True,True,True,4.3524169921875,1.0,255.24972534179688,255.24972534179688,0.7166666666666667,0.7166666666666667,0.0,4,8,nearest,blind,energy_lag_only,63,28,-24.80301079999981,1.4417538193029085,True,False,False
True,True,True,7.73095703125,1.0,255.24972534179688,255.24972534179688,0.7166666666666667,0.7166666666666667,0.0,4,8,oracle,blind,energy_lag_only,63,28,-24.80301079999981,1.4417538193029085,True,False,False
False,True,False,-13.701904296875,1.0,436.33111572265625,436.33111572265625,0.7166666666666667,0.7166666666666667,0.0,4,9,nearest,blind,energy_lag_only,63,29,-1.0151694000001044,3.547900121112106,False,False,False
False,True,False,-52.617431640625,1.0,436.33111572265625,436.33111572265625,0.7166666666666667,0.7166666666666667,0.0,4,9,oracle,blind,energy_lag_only,63,29,-1.0151694000001044,3.547900121112106,False,False,False
False,True,False,-5.650146484375,1.0,426.93865966796875,426.93865966796875,0.7166666666666667,0.7166666666666667,0.0,4,9,nearest,blind,energy_lag_only,63,30,-21.50263016666645,1.012111610819516,True,False,False
True,True,True,0.037841796875,1.0,426.93865966796875,426.93865966796875,0.7166666666666667,0.7166666666666667,0.0,4,9,oracle,blind,energy_lag_only,63,30,-21.50263016666645,1.012111610819516,True,False,False
False,True,False,-10.1104736328125,1.0,408.6357421875,408.6357421875,0.7166666666666667,0.7166666666666667,0.0,4,9,nearest,blind,energy_lag_only,63,31,-19.931161833333363,1.2462960584910447,True,False,False
False,True,False,-5.093994140625,1.0,408.6357421875,408.6357421875,0.7166666666666667,0.7166666666666667,0.0,4,9,oracle,blind,energy_lag_only,63,31,-19.931161833333363,1.2462960584910447,True,False,False
False,True,False,-9.30712890625,1.0,311.404541015625,311.404541015625,0.7166666666666667,0.7166666666666667,0.0,4,8,nearest,blind,energy_lag_only,63,32,15.996682166666687,8.466379998591448,False,True,False
False,True,False,-0.00537109375,1.0,311.404541015625,311.404541015625,0.7166666666666667,0.7166666666666667,0.0,4,8,oracle,blind,energy_lag_only,63,32,15.996682166666687,8.466379998591448,False,True,False
True,True,True,2.6072998046875,1.0,44.70033264160156,44.70033264160156,0.7166666666666667,0.7166666666666667,0.0,4,8,nearest,blind,energy_lag_only,63,33,-19.70847089999984,1.0633882606717757,True,False,False
True,True,True,4.8411865234375,1.0,44.70033264160156,44.70033264160156,0.7166666666666667,0.7166666666666667,0.0,4,8,oracle,blind,energy_lag_only,63,33,-19.70847089999984,1.0633882606717757,True,False,False
True,True,True,22.580810546875,1.0,229.32412719726562,229.32412719726562,0.7166666666666667,0.7166666666666667,0.0,4,8,nearest,blind,energy_lag_only,63,34,-34.16579003333345,1.1143463088267027,True,False,False
True,True,True,21.191162109375,1.0,229.32412719726562,229.32412719726562,0.7166666666666667,0.7166666666666667,0.0,4,8,oracle,blind,energy_lag_only,63,34,-34.16579003333345,1.1143463088267027,True,False,False
True,True,True,9.028076171875,1.0,200.13394165039062,200.13394165039062,0.7166666666666667,0.7166666666666667,0.0,4,9,nearest,blind,energy_lag_only,63,35,-5.053517899999861,1.2440507518939343,True,False,False
False,True,False,-2.1907958984375,1.0,200.13394165039062,200.13394165039062,0.7166666666666667,0.7166666666666667,0.0,4,9,oracle,blind,energy_lag_only,63,35,-5.053517899999861,1.2440507518939343,True,False,False
False,True,False,-7.150390625,1.0,281.7427673339844,281.7427673339844,0.7166666666666667,0.7166666666666667,0.0,4,9,nearest,blind,energy_lag_only,63,36,-6.358393433333504,0.8235509668115802,True,False,False
False,True,False,-8.0797119140625,1.0,281.7427673339844,281.7427673339844,0.7166666666666667,0.7166666666666667,0.0,4,9,oracle,blind,energy_lag_only,63,36,-6.358393433333504,0.8235509668115802,True,False,False
True,True,True,32.71630859375,1.0,306.9636535644531,306.9636535644531,0.7166666666666667,0.7166666666666667,0.0,4,10,nearest,blind,energy_lag_only,63,37,6.643046833332846,1.7664653411983429,False,True,False
True,True,True,36.8681640625,1.0,306.9636535644531,306.9636535644531,0.7166666666666667,0.7166666666666667,0.0,4,10,oracle,blind,energy_lag_only,63,37,6.643046833332846,1.7664653411983429,False,True,False
False,True,False,-1.1611328125,1.0,255.1246795654297,255.1246795654297,0.7166666666666667,0.7166666666666667,0.0,4,11,nearest,blind,energy_lag_only,63,38,-73.03764840000008,7.695810463547207,False,False,False
False,True,False,-0.9146728515625,1.0,255.1246795654297,255.1246795654297,0.7166666666666667,0.7166666666666667,0.0,4,11,oracle,blind,energy_lag_only,63,38,-73.03764840000008,7.695810463547207,False,False,False
True,True,True,7.88818359375,1.0,45.346649169921875,45.346649169921875,0.7166666666666667,0.7166666666666667,0.0,4,11,nearest,blind,energy_lag_only,63,39,-27.928972666666596,1.0474615030190717,True,False,False
True,True,True,8.1253662109375,1.0,45.346649169921875,45.346649169921875,0.7166666666666667,0.7166666666666667,0.0,4,11,oracle,blind,energy_lag_only,63,39,-27.928972666666596,1.0474615030190717,True,False,False
False,True,False,-0.3570556640625,1.0,219.79481506347656,219.79481506347656,0.7166666666666667,0.7166666666666667,0.0,5,9,nearest,blind,energy_lag_only,63,0,12.947287199999892,1.0533089222593885,True,True,True
False,True,False,-0.869873046875,1.0,219.79481506347656,219.79481506347656,0.7166666666666667,0.7166666666666667,0.0,5,9,oracle,blind,energy_lag_only,63,0,12.947287199999892,1.0533089222593885,True,True,True
False,True,False,-0.6865234375,1.0,231.6071014404297,231.6071014404297,0.7166666666666667,0.7166666666666667,0.0,5,9,nearest,blind,energy_lag_only,63,1,-2.0313576666665085,0.9987752671207003,True,False,False
False,True,False,-0.07470703125,1.0,231.6071014404297,231.6071014404297,0.7166666666666667,0.7166666666666667,0.0,5,9,oracle,blind,energy_lag_only,63,1,-2.0313576666665085,0.9987752671207003,True,False,False
False,True,False,-0.822998046875,1.0,325.2033386230469,325.2033386230469,0.7166666666666667,0.7166666666666667,0.0,5,9,nearest,blind,energy_lag_only,63,2,-4.745751533333532,1.0310306108093419,True,False,False
False,True,False,-1.80615234375,1.0,325.2033386230469,325.2033386230469,0.7166666666666667,0.7166666666666667,0.0,5,9,oracle,blind,energy_lag_only,63,2,-4.745751533333532,1.0310306108093419,True,False,False
True,True,True,3.65283203125,1.0,215.23963928222656,215.23963928222656,0.7333333333333333,0.7333333333333333,0.0,5,9,nearest,blind,energy_lag_only,63,3,-1.465351099999907,1.0259683792195478,True,False,False
True,True,True,8.97900390625,1.0,215.23963928222656,215.23963928222656,0.7333333333333333,0.7333333333333333,0.0,5,9,oracle,blind,energy_lag_only,63,3,-1.465351099999907,1.0259683792195478,True,False,False
False,True,False,-0.5703125,1.0,241.2650909423828,241.2650909423828,0.7166666666666667,0.7166666666666667,0.0,5,9,nearest,blind,energy_lag_only,63,4,10.208404333333192,0.9158833342193341,True,True,True
False,True,False,-0.389892578125,1.0,241.2650909423828,241.2650909423828,0.7166666666666667,0.7166666666666667,0.0,5,9,oracle,blind,energy_lag_only,63,4,10.208404333333192,0.9158833342193341,True,True,True
False,True,False,-3.81787109375,1.0,345.0313720703125,345.0313720703125,0.7166666666666667,0.7166666666666667,0.0,5,9,nearest,blind,energy_lag_only,63,5,-1.1954528666667557,0.9680334290986765,True,False,False
False,True,False,-3.81787109375,1.0,345.0313720703125,345.0313720703125,0.7166666666666667,0.7166666666666667,0.0,5,9,oracle,blind,energy_lag_only,63,5,-1.1954528666667557,0.9680334290986765,True,False,False
True,True,True,23.0894775390625,1.0,308.43994140625,308.43994140625,0.7166666666666667,0.7166666666666667,0.0,5,8,nearest,blind,energy_lag_only,63,6,-52.91477696666652,1.14374830993631,True,False,False
True,True,True,23.0125732421875,1.0,308.43994140625,308.43994140625,0.7166666666666667,0.7166666666666667,0.0,5,8,oracle,blind,energy_lag_only,63,6,-52.91477696666652,1.14374830993631,True,False,False
True,True,True,0.1812744140625,1.0,301.15106201171875,301.15106201171875,0.7166666666666667,0.7166666666666667,0.0,5,8,nearest,blind,energy_lag_only,63,7,-0.35086956666646074,1.022839166762313,True,False,False
False,True,False,-0.2503662109375,1.0,301.15106201171875,301.15106201171875,0.7166666666666667,0.7166666666666667,0.0,5,8,oracle,blind,energy_lag_only,63,7,-0.35086956666646074,1.022839166762313,True,False,False
True,True,True,9.3681640625,1.0,344.3340759277344,344.3340759277344,0.7166666666666667,0.7166666666666667,0.0,5,9,nearest,blind,energy_lag_only,63,8,1.4315061333331869,0.9498774220981038,True,True,True
True,True,True,14.44775390625,1.0,344.3340759277344,344.3340759277344,0.7166666666666667,0.7166666666666667,0.0,5,9,oracle,blind,energy_lag_only,63,8,1.4315061333331869,0.9498774220981038,True,True,True
True,True,True,2.7188720703125,1.0,304.60076904296875,304.60076904296875,0.7166666666666667,0.7166666666666667,0.0,5,8,nearest,blind,energy_lag_only,63,9,2.551188966666814,1.0408706621998567,True,True,True
True,True,True,7.9256591796875,1.0,304.60076904296875,304.60076904296875,0.7166666666666667,0.7166666666666667,0.0,5,8,oracle,blind,energy_lag_only,63,9,2.551188966666814,1.0408706621998567,True,True,True
True,True,True,57.613037109375,1.0,273.3398132324219,273.3398132324219,0.7166666666666667,0.7166666666666667,0.0,5,8,nearest,blind,energy_lag_only,63,10,-38.638157599999886,1.03969178334539,True,False,False
True,True,True,58.6217041015625,1.0,273.3398132324219,273.3398132324219,0.7166666666666667,0.7166666666666667,0.0,5,8,oracle,blind,energy_lag_only,63,10,-38.638157599999886,1.03969178334539,True,False,False
True,True,True,61.8642578125,1.0,313.2766418457031,313.2766418457031,0.7166666666666667,0.7166666666666667,0.0,5,7,nearest,blind,energy_lag_only,63,11,15.767144466667105,2.4496612037134735,False,True,False
True,True,True,63.95263671875,1.0,313.2766418457031,313.2766418457031,0.7166666666666667,0.7166666666666667,0.0,5,7,oracle,blind,energy_lag_only,63,11,15.767144466667105,2.4496612037134735,False,True,False
True,True,True,0.0579833984375,1.0,494.6956481933594,494.6956481933594,0.7166666666666667,0.7166666666666667,0.0,5,7,nearest,blind,energy_lag_only,63,12,-79.17391410000005,3.055326138239531,False,False,False
False,True,False,-0.04931640625,1.0,494.6956481933594,494.6956481933594,0.7166666666666667,0.7166666666666667,0.0,5,7,oracle,blind,energy_lag_only,63,12,-79.17391410000005,3.055326138239531,False,False,False
False,True,False,-3.7352294921875,1.0,318.89019775390625,318.89019775390625,0.7333333333333333,0.7333333333333333,0.0,5,7,nearest,blind,energy_lag_only,63,13,4.304274433333603,0.7959803195740522,True,True,True
False,True,False,-7.362548828125,1.0,318.89019775390625,318.89019775390625,0.7333333333333333,0.7333333333333333,0.0,5,7,oracle,blind,energy_lag_only,63,13,4.304274433333603,0.7959803195740522,True,True,True
True,True,True,61.3475341796875,1.0,299.9389343261719,299.9389343261719,0.7166666666666667,0.7166666666666667,0.0,5,7,nearest,blind,energy_lag_only,63,14,-50.62809570000013,2.758496824007535,False,False,False
True,True,True,61.58740234375,1.0,299.9389343261719,299.9389343261719,0.7166666666666667,0.7166666666666667,0.0,5,7,oracle,blind,energy_lag_only,63,14,-50.62809570000013,2.758496824007535,False,False,False
False,True,False,-2.5238037109375,1.0,59.44038009643555,59.44038009643555,0.7333333333333333,0.7333333333333333,0.0,5,7,nearest,blind,energy_lag_only,63,15,-9.517006066666454,1.0507380807896032,True,False,False
False,True,False,-0.646240234375,1.0,59.44038009643555,59.44038009643555,0.7333333333333333,0.7333333333333333,0.0,5,7,oracle,blind,energy_lag_only,63,15,-9.517006066666454,1.0507380807896032,True,False,False
True,True,True,0.019775390625,1.0,334.7845764160156,334.7845764160156,0.7333333333333333,0.7333333333333333,0.0,5,6,nearest,blind,energy_lag_only,63,16,22.73432333333335,0.6455664897844909,True,True,True
False,True,False,-0.152587890625,1.0,334.7845764160156,334.7845764160156,0.7333333333333333,0.7333333333333333,0.0,5,6,oracle,blind,energy_lag_only,63,16,22.73432333333335,0.6455664897844909,True,True,True
True,True,True,5.6011962890625,1.0,323.1154479980469,323.1154479980469,0.75,0.75,0.0,5,6,nearest,blind,energy_lag_only,63,17,-11.434668999999985,1.0729414550852407,True,False,False
True,True,True,6.7164306640625,1.0,323.1154479980469,323.1154479980469,0.75,0.75,0.0,5,6,oracle,blind,energy_lag_only,63,17,-11.434668999999985,1.0729414550852407,True,False,False
True,True,True,5.8641357421875,1.0,302.6352844238281,302.6352844238281,0.7166666666666667,0.7166666666666667,0.0,5,7,nearest,blind,energy_lag_only,63,18,-0.7063200000000052,20.24297470807032,False,False,False
False,True,False,-1.018310546875,1.0,302.6352844238281,302.6352844238281,0.7166666666666667,0.7166666666666667,0.0,5,7,oracle,blind,energy_lag_only,63,18,-0.7063200000000052,20.24297470807032,False,False,False
True,True,True,46.077880859375,1.0,399.8149108886719,399.8149108886719,0.7166666666666667,0.7166666666666667,0.0,5,6,nearest,blind,energy_lag_only,63,19,12.977692766666223,1.6562453759832876,False,True,False
True,True,True,42.428466796875,1.0,399.8149108886719,399.8149108886719,0.7166666666666667,0.7166666666666667,0.0,5,6,oracle,blind,energy_lag_only,63,19,12.977692766666223,1.6562453759832876,False,True,False
True,True,True,0.225830078125,1.0,336.11553955078125,336.11553955078125,0.7166666666666667,0.7166666666666667,0.0,5,7,nearest,blind,energy_lag_only,63,20,4.552935600000183,0.9881482270292132,True,True,True
False,True,False,-1.02001953125,1.0,336.11553955078125,336.11553955078125,0.7166666666666667,0.7166666666666667,0.0,5,7,oracle,blind,energy_lag_only,63,20,4.552935600000183,0.9881482270292132,True,True,True
False,True,False,-1.4503173828125,1.0,44.25633239746094,44.25633239746094,0.7166666666666667,0.7166666666666667,0.0,5,7,nearest,blind,energy_lag_only,63,21,-21.60077363333312,1.0677860379117612,True,False,False
True,True,True,0.3167724609375,1.0,44.25633239746094,44.25633239746094,0.7166666666666667,0.7166666666666667,0.0,5,7,oracle,blind,energy_lag_only,63,21,-21.60077363333312,1.0677860379117612,True,False,False
False,True,False,-2.4647216796875,1.0,77.25358581542969,77.25358581542969,0.7166666666666667,0.7166666666666667,0.0,5,7,nearest,blind,energy_lag_only,63,22,-18.738213366666514,1.1501171794435407,True,False,False
False,True,False,-1.6055908203125,1.0,77.25358581542969,77.25358581542969,0.7166666666666667,0.7166666666666667,0.0,5,7,oracle,blind,energy_lag_only,63,22,-18.738213366666514,1.1501171794435407,True,False,False
True,True,True,7.66748046875,1.0,169.17352294921875,169.17352294921875,0.7166666666666667,0.7166666666666667,0.0,5,8,nearest,blind,energy_lag_only,63,23,-18.605270366666446,0.9867929956313481,True,False,False
True,True,True,8.919677734375,1.0,169.17352294921875,169.17352294921875,0.7166666666666667,0.7166666666666667,0.0,5,8,oracle,blind,energy_lag_only,63,23,-18.605270366666446,0.9867929956313481,True,False,False
False,True,False,-6.22900390625,1.0,219.137939453125,219.137939453125,0.7166666666666667,0.7166666666666667,0.0,5,8,nearest,blind,energy_lag_only,63,24,-16.885122799999863,1.0153065077884482,True,False,False
False,True,False,-2.985595703125,1.0,219.137939453125,219.137939453125,0.7166666666666667,0.7166666666666667,0.0,5,8,oracle,blind,energy_lag_only,63,24,-16.885122799999863,1.0153065077884482,True,False,False
False,True,False,-10.7911376953125,1.0,171.35227966308594,171.35227966308594,0.7166666666666667,0.7166666666666667,0.0,5,7,nearest,blind,energy_lag_only,63,25,-21.82772460000001,0.9695960275053727,True,False,False
False,True,False,-8.9788818359375,1.0,171.35227966308594,171.35227966308594,0.7166666666666667,0.7166666666666667,0.0,5,7,oracle,blind,energy_lag_only,63,25,-21.82772460000001,0.9695960275053727,True,False,False
False,True,False,-3.4730224609375,1.0,55.38728332519531,55.38728332519531,0.7166666666666667,0.7166666666666667,0.0,5,6,nearest,blind,energy_lag_only,63,26,-26.114832766666723,1.0531172567028741,True,False,False
False,True,False,-2.0394287109375,1.0,55.38728332519531,55.38728332519531,0.7166666666666667,0.7166666666666667,0.0,5,6,oracle,blind,energy_lag_only,63,26,-26.114832766666723,1.0531172567028741,True,False,False
True,True,True,4.60693359375,1.0,59.05182647705078,59.05182647705078,0.7166666666666667,0.7166666666666667,0.0,5,6,nearest,blind,energy_lag_only,63,27,-60.107870300000286,1.0308421603631737,True,False,False
True,True,True,4.586669921875,1.0,59.05182647705078,59.05182647705078,0.7166666666666667,0.7166666666666667,0.0,5,6,oracle,blind,energy_lag_only,63,27,-60.107870300000286,1.0308421603631737,True,False,False
True,True,True,2.7001953125,1.0,255.24972534179688,255.24972534179688,0.7166666666666667,0.7166666666666667,0.0,5,7,nearest,blind,energy_lag_only,63,28,-14.644242300000087,1.9293446209307756,False,False,False
True,True,True,7.552734375,1.0,255.24972534179688,255.24972534179688,0.7166666666666667,0.7166666666666667,0.0,5,7,oracle,blind,energy_lag_only,63,28,-14.644242300000087,1.9293446209307756,False,False,False
False,True,False,-7.5028076171875,1.0,436.33111572265625,436.33111572265625,0.7166666666666667,0.7166666666666667,0.0,5,7,nearest,blind,energy_lag_only,63,29,-10.452212733333226,0.9725738839101894,True,False,False
False,True,False,-7.314208984375,1.0,436.33111572265625,436.33111572265625,0.7166666666666667,0.7166666666666667,0.0,5,7,oracle,blind,energy_lag_only,63,29,-10.452212733333226,0.9725738839101894,True,False,False
True,True,True,50.3212890625,1.0,426.93865966796875,426.93865966796875,0.7166666666666667,0.7166666666666667,0.0,5,6,nearest,blind,energy_lag_only,63,30,-25.895172900000034,1.3498563505609955,True,False,False
True,True,True,51.3616943359375,1.0,426.93865966796875,426.93865966796875,0.7166666666666667,0.7166666666666667,0.0,5,6,oracle,blind,energy_lag_only,63,30,-25.895172900000034,1.3498563505609955,True,False,False
False,True,False,-3.83251953125,1.0,408.6357421875,408.6357421875,0.7166666666666667,0.7166666666666667,0.0,5,6,nearest,blind,energy_lag_only,63,31,-11.93087586666661,0.7960698585150021,True,False,False
True,True,True,3.827880859375,1.0,408.6357421875,408.6357421875,0.7166666666666667,0.7166666666666667,0.0,5,6,oracle,blind,energy_lag_only,63,31,-11.93087586666661,0.7960698585150021,True,False,False
True,True,True,4.5819091796875,1.0,311.404541015625,311.404541015625,0.7166666666666667,0.7166666666666667,0.0,5,6,nearest,blind,energy_lag_only,63,32,-37.842719966666664,3.120664400388434,False,False,False
True,True,True,9.6470947265625,1.0,311.404541015625,311.404541015625,0.7166666666666667,0.7166666666666667,0.0,5,6,oracle,blind,energy_lag_only,63,32,-37.842719966666664,3.120664400388434,False,False,False
False,True,False,-3.41259765625,1.0,44.70033264160156,44.70033264160156,0.7166666666666667,0.7166666666666667,0.0,5,6,nearest,blind,energy_lag_only,63,33,-10.410306799999944,1.0280804430600141,True,False,False
False,True,False,-3.24560546875,1.0,44.70033264160156,44.70033264160156,0.7166666666666667,0.7166666666666667,0.0,5,6,oracle,blind,energy_lag_only,63,33,-10.410306799999944,1.0280804430600141,True,False,False
False,True,False,-1.9219970703125,1.0,229.32412719726562,229.32412719726562,0.7166666666666667,0.7166666666666667,0.0,5,7,nearest,blind,energy_lag_only,63,34,4.994334333333427,0.7444210427060115,True,True,True
False,True,False,-0.767822265625,1.0,229.32412719726562,229.32412719726562,0.7166666666666667,0.7166666666666667,0.0,5,7,oracle,blind,energy_lag_only,63,34,4.994334333333427,0.7444210427060115,True,True,True
False,True,False,-2.884765625,1.0,200.13394165039062,200.13394165039062,0.7166666666666667,0.7166666666666667,0.0,5,7,nearest,blind,energy_lag_only,63,35,-3.505339499999991,1.0297327395701301,True,False,False
False,True,False,-8.787109375,1.0,200.13394165039062,200.13394165039062,0.7166666666666667,0.7166666666666667,0.0,5,7,oracle,blind,energy_lag_only,63,35,-3.505339499999991,1.0297327395701301,True,False,False
True,True,True,25.49365234375,1.0,281.7427673339844,281.7427673339844,0.7166666666666667,0.7166666666666667,0.0,5,7,nearest,blind,energy_lag_only,63,36,-36.91659153333353,0.5528659079177881,True,False,False
True,True,True,24.033203125,1.0,281.7427673339844,281.7427673339844,0.7166666666666667,0.7166666666666667,0.0,5,7,oracle,blind,energy_lag_only,63,36,-36.91659153333353,0.5528659079177881,True,False,False
True,True,True,59.070556640625,1.0,306.9636535644531,306.9636535644531,0.7166666666666667,0.7166666666666667,0.0,5,7,nearest,blind,energy_lag_only,63,37,2.3443194999999832,1.3146202501090387,True,True,True
True,True,True,57.01708984375,1.0,306.9636535644531,306.9636535644531,0.7166666666666667,0.7166666666666667,0.0,5,7,oracle,blind,energy_lag_only,63,37,2.3443194999999832,1.3146202501090387,True,True,True
True,True,True,0.880859375,1.0,255.1246795654297,255.1246795654297,0.7166666666666667,0.7166666666666667,0.0,5,6,nearest,blind,energy_lag_only,63,38,-32.48807880000004,2.1310345995580855,False,False,False
True,True,True,0.3551025390625,1.0,255.1246795654297,255.1246795654297,0.7166666666666667,0.7166666666666667,0.0,5,6,oracle,blind,energy_lag_only,63,38,-32.48807880000004,2.1310345995580855,False,False,False
False,True,False,-2.186279296875,1.0,45.346649169921875,45.346649169921875,0.7166666666666667,0.7166666666666667,0.0,5,6,nearest,blind,energy_lag_only,63,39,-15.870231233333243,1.0465741164664162,True,False,False
False,True,False,-1.58251953125,1.0,45.346649169921875,45.346649169921875,0.7166666666666667,0.7166666666666667,0.0,5,6,oracle,blind,energy_lag_only,63,39,-15.870231233333243,1.0465741164664162,True,False,False
