approved,safe,saves_energy,predicted_saving_w,pred_d95_ratio,pred_d95_cf,pred_d95_base,violation_rate_cf,violation_rate_base,violation_increase,cell,n_stranded,reassign,kind,tag,seed,phase,true_saved_w,true_d95_ratio,true_safe,true_saves,true_approve
True,True,True,3.0379638671875,0.9966095904711609,20.62123680114746,20.691389083862305,0.6833333333333333,0.6833333333333333,0.0,0,9,nearest,gnn,energy_lag_only,61,0,13.890583399999969,1.0056064056268186,True,True,True
True,True,True,3.17138671875,0.9823143776132678,20.325448989868164,20.691389083862305,0.6833333333333333,0.6833333333333333,0.0,0,9,oracle,gnn,energy_lag_only,61,0,13.890583399999969,1.0056064056268186,True,True,True
True,True,True,33.677001953125,0.7962364617264365,20.77864646911621,26.0960750579834,0.6833333333333333,0.6833333333333333,0.0,0,8,nearest,gnn,energy_lag_only,61,1,-11.020424466666555,1.0655403018373895,True,False,False
True,True,True,33.5377197265625,0.7812725595257194,20.388147354125977,26.0960750579834,0.6833333333333333,0.6833333333333333,0.0,0,8,oracle,gnn,energy_lag_only,61,1,-11.020424466666555,1.0655403018373895,True,False,False
False,False,False,-12.64990234375,9.101654408908127,384.2942199707031,42.22245788574219,0.6833333333333333,0.6833333333333333,0.0,0,8,nearest,gnn,energy_lag_only,61,2,3.944507799999883,1.0473523100451028,True,True,True
False,False,False,-13.53271484375,7.212641000964551,304.5354309082031,42.22245788574219,0.6833333333333333,0.6833333333333333,0.0,0,8,oracle,gnn,energy_lag_only,61,2,3.944507799999883,1.0473523100451028,True,True,True
True,True,True,3.9295654296875,0.9760360353112653,273.9832458496094,280.7101745605469,0.6833333333333333,0.6833333333333333,0.0,0,10,nearest,gnn,energy_lag_only,61,3,8.766797233333364,1.046168298655292,True,True,True
True,True,True,5.041259765625,0.992733883427077,278.6705017089844,280.7101745605469,0.6833333333333333,0.6833333333333333,0.0,0,10,oracle,gnn,energy_lag_only,61,3,8.766797233333364,1.046168298655292,True,True,True
True,True,True,4.0272216796875,0.9367851416879,21.409786224365234,22.85453224182129,0.6833333333333333,0.6833333333333333,0.0,0,12,nearest,gnn,energy_lag_only,61,4,-5.415719766666598,1.086681591882506,True,False,False
True,True,True,3.64111328125,0.9019384082781042,20.613380432128906,22.85453224182129,0.6833333333333333,0.6833333333333333,0.0,0,12,oracle,gnn,energy_lag_only,61,4,-5.415719766666598,1.086681591882506,True,False,False
True,True,True,2.940673828125,1.019999817666433,372.1688537597656,364.8714904785156,0.6833333333333333,0.6833333333333333,0.0,0,13,nearest,gnn,energy_lag_only,61,5,11.222080000000005,0.8127337646494677,True,True,True
True,True,True,3.7357177734375,1.0292586827370007,375.5471496582031,364.8714904785156,0.6833333333333333,0.6833333333333333,0.0,0,13,oracle,gnn,energy_lag_only,61,5,11.222080000000005,0.8127337646494677,True,True,True
True,True,True,12.699951171875,0.9069687076882287,25.550403594970703,28.171207427978516,0.6833333333333333,0.6833333333333333,0.0,0,14,nearest,gnn,energy_lag_only,61,6,-4.406086033333395,1.0676184019670558,True,False,False
True,True,True,13.236328125,0.8874283962451555,24.999929428100586,28.171207427978516,0.6833333333333333,0.6833333333333333,0.0,0,14,oracle,gnn,energy_lag_only,61,6,-4.406086033333395,1.0676184019670558,True,False,False
True,True,True,4.434326171875,0.9722348794465547,20.669906616210938,21.26019859313965,0.6833333333333333,0.6833333333333333,0.0,0,14,nearest,gnn,energy_lag_only,61,7,-4.151432533333264,1.002507324659881,True,False,False
True,True,True,4.806396484375,0.9690730704177386,20.602685928344727,21.26019859313965,0.6833333333333333,0.6833333333333333,0.0,0,14,oracle,gnn,energy_lag_only,61,7,-4.151432533333264,1.002507324659881,True,False,False
True,True,True,149.2650146484375,0.06243525263868493,29.777259826660156,476.93023681640625,0.6833333333333333,0.75,-0.06666666666666665,0,14,nearest,gnn,energy_lag_only,61,8,6.304782766666676,3.9837846144343585,False,True,False
True,True,True,155.011962890625,0.061075829997984395,29.128910064697266,476.93023681640625,0.6833333333333333,0.75,-0.06666666666666665,0,14,oracle,gnn,energy_lag_only,61,8,6.304782766666676,3.9837846144343585,False,True,False
True,True,True,42.402587890625,0.9561454021637394,198.83651733398438,207.95635986328125,0.6833333333333333,0.6833333333333333,0.0,0,13,nearest,gnn,energy_lag_only,61,9,-103.0977926999999,1.5715477663537436,False,False,False
True,True,True,41.532958984375,1.0189639778853747,211.90003967285156,207.95635986328125,0.6833333333333333,0.6833333333333333,0.0,0,13,oracle,gnn,energy_lag_only,61,9,-103.0977926999999,1.5715477663537436,False,False,False
True,True,True,5.343017578125,0.994425612667071,234.43336486816406,235.7475128173828,0.6833333333333333,0.6833333333333333,0.0,0,12,nearest,gnn,energy_lag_only,61,10,2.0773339000002125,1.1860263024282927,True,True,True
True,True,True,4.6573486328125,1.003085447078175,236.4748992919922,235.7475128173828,0.6833333333333333,0.6833333333333333,0.0,0,12,oracle,gnn,energy_lag_only,61,10,2.0773339000002125,1.1860263024282927,True,True,True
True,True,True,51.874755859375,0.8879875824366503,1042.0018310546875,1173.44189453125,0.8833333333333333,0.8666666666666667,0.016666666666666607,0,12,nearest,gnn,energy_lag_only,61,11,47.92111866666664,2.611581363556213,False,True,False
True,True,True,56.843505859375,1.2729779224362092,1493.765625,1173.44189453125,0.8833333333333333,0.8666666666666667,0.016666666666666607,0,12,oracle,gnn,energy_lag_only,61,11,47.92111866666664,2.611581363556213,False,True,False
True,True,True,2.3248291015625,0.9730664213130203,19.95009994506836,20.502300262451172,0.6833333333333333,0.6833333333333333,0.0,0,12,nearest,gnn,energy_lag_only,61,12,-95.18273853333335,31.37893112765215,False,False,False
True,True,True,2.3704833984375,0.973753920091989,19.964195251464844,20.502300262451172,0.6833333333333333,0.6833333333333333,0.0,0,12,oracle,gnn,energy_lag_only,61,12,-95.18273853333335,31.37893112765215,False,False,False
True,True,True,214.118408203125,0.5642300715098432,377.0355529785156,668.2301635742188,0.6833333333333333,0.7333333333333333,-0.04999999999999993,0,11,nearest,gnn,energy_lag_only,61,13,-45.40875316666643,1.099382534805502,True,False,False
True,True,True,215.2476806640625,0.576614890206985,385.31146240234375,668.2301635742188,0.6833333333333333,0.7333333333333333,-0.04999999999999993,0,11,oracle,gnn,energy_lag_only,61,13,-45.40875316666643,1.099382534805502,True,False,False
True,True,True,68.04736328125,1.0294522276244185,243.71726989746094,236.74461364746094,0.6833333333333333,0.6833333333333333,0.0,0,10,nearest,gnn,energy_lag_only,61,14,-27.09851576666688,11.196674128159232,False,False,False
True,True,True,77.013671875,1.0874346894467686,257.4443054199219,236.74461364746094,0.6833333333333333,0.6833333333333333,0.0,0,10,oracle,gnn,energy_lag_only,61,14,-27.09851576666688,11.196674128159232,False,False,False
True,True,True,27.3038330078125,0.9899130230407628,25.7391414642334,26.00141716003418,0.6833333333333333,0.6833333333333333,0.0,0,11,nearest,gnn,energy_lag_only,61,15,-38.87063473333342,1.228540231076628,True,False,False
True,True,True,22.115966796875,0.9869942784860379,25.663249969482422,26.00141716003418,0.6833333333333333,0.6833333333333333,0.0,0,11,oracle,gnn,energy_lag_only,61,15,-38.87063473333342,1.228540231076628,True,False,False
True,True,True,140.693115234375,0.06911774304461732,21.781291961669922,315.1331481933594,0.6833333333333333,0.6833333333333333,0.0,0,11,nearest,gnn,energy_lag_only,61,16,-50.13599683333359,1.3620346213568262,True,False,False
True,True,True,146.89892578125,0.07036786010028971,22.17524528503418,315.1331481933594,0.6833333333333333,0.6833333333333333,0.0,0,11,oracle,gnn,energy_lag_only,61,16,-50.13599683333359,1.3620346213568262,True,False,False
True,True,True,18.5533447265625,1.046467240900469,372.90911865234375,356.3504943847656,0.6833333333333333,0.6833333333333333,0.0,0,11,nearest,gnn,energy_lag_only,61,17,-17.587031499999966,0.24121780353056163,True,False,False
True,True,True,16.112548828125,0.7717308020207088,275.00665283203125,356.3504943847656,0.6833333333333333,0.6833333333333333,0.0,0,11,oracle,gnn,energy_lag_only,61,17,-17.587031499999966,0.24121780353056163,True,False,False
True,True,True,6.895751953125,0.9243719808668449,207.43975830078125,224.41156005859375,0.6833333333333333,0.6833333333333333,0.0,0,12,nearest,gnn,energy_lag_only,61,18,-30.752922433333424,0.6369879153571719,True,False,False
True,True,True,6.868408203125,0.9189077255267479,206.21351623535156,224.41156005859375,0.6833333333333333,0.6833333333333333,0.0,0,12,oracle,gnn,energy_lag_only,61,18,-30.752922433333424,0.6369879153571719,True,False,False
True,True,True,98.209716796875,0.648586293264764,718.4660034179688,1107.7415771484375,0.7166666666666667,0.7666666666666667,-0.050000000000000044,0,11,nearest,gnn,energy_lag_only,61,19,14.439381199999843,1.7526646637146197,False,True,False
True,True,True,148.3828125,0.3862906255348021,427.9101867675781,1107.7415771484375,0.7166666666666667,0.7666666666666667,-0.050000000000000044,0,11,oracle,gnn,energy_lag_only,61,19,14.439381199999843,1.7526646637146197,False,True,False
True,True,True,2.5369873046875,0.9897503194803242,20.59275245666504,20.806007385253906,0.6833333333333333,0.6833333333333333,0.0,0,9,nearest,gnn,energy_lag_only,61,20,-73.77189466666664,16.99290581328298,False,False,False
True,True,True,2.8402099609375,1.0018536275913659,20.844573974609375,20.806007385253906,0.6833333333333333,0.6833333333333333,0.0,0,9,oracle,gnn,energy_lag_only,61,20,-73.77189466666664,16.99290581328298,False,False,False
True,True,True,25.386474609375,0.9559330134131684,24.477798461914062,25.606185913085938,0.6833333333333333,0.6833333333333333,0.0,0,9,nearest,gnn,energy_lag_only,61,21,-27.921950533333074,1.0526180136270402,True,False,False
True,True,True,25.517822265625,0.9647017180463695,24.70233154296875,25.606185913085938,0.6833333333333333,0.6833333333333333,0.0,0,9,oracle,gnn,energy_lag_only,61,21,-27.921950533333074,1.0526180136270402,True,False,False
True,True,True,105.8670654296875,0.5991615766364564,24.925758361816406,41.6010627746582,0.6833333333333333,0.6833333333333333,0.0,0,9,nearest,gnn,energy_lag_only,61,22,-36.642168099999935,1.7693759852962205,False,False,False
True,True,True,101.9189453125,0.591885365040238,24.62306022644043,41.6010627746582,0.6833333333333333,0.6833333333333333,0.0,0,9,oracle,gnn,energy_lag_only,61,22,-36.642168099999935,1.7693759852962205,False,False,False
True,True,True,10.3072509765625,0.9806411617203059,32.681640625,33.32680892944336,0.6833333333333333,0.6833333333333333,0.0,0,9,nearest,gnn,energy_lag_only,61,23,-3.601908199999798,3.3006829731936347,False,False,False
True,True,True,9.3773193359375,1.0295432123650605,34.3113899230957,33.32680892944336,0.6833333333333333,0.6833333333333333,0.0,0,9,oracle,gnn,energy_lag_only,61,23,-3.601908199999798,3.3006829731936347,False,False,False
True,True,True,13.2510986328125,0.9483879177208338,93.02780151367188,98.0904541015625,0.6833333333333333,0.6833333333333333,0.0,0,9,nearest,gnn,energy_lag_only,61,24,-56.879328433333285,5.3350454929380575,False,False,False
True,True,True,39.47021484375,0.4357182346740804,42.73979949951172,98.0904541015625,0.6833333333333333,0.6833333333333333,0.0,0,9,oracle,gnn,energy_lag_only,61,24,-56.879328433333285,5.3350454929380575,False,False,False
True,True,True,22.71435546875,1.0463367436943771,28.560871124267578,27.29606056213379,0.6833333333333333,0.6833333333333333,0.0,0,9,nearest,gnn,energy_lag_only,61,25,-37.21127363333335,1.0186678631748816,True,False,False
True,True,True,21.521484375,1.0502647719093225,28.6680908203125,27.29606056213379,0.6833333333333333,0.6833333333333333,0.0,0,9,oracle,gnn,energy_lag_only,61,25,-37.21127363333335,1.0186678631748816,True,False,False
False,False,False,-0.5604248046875,2.0772207713291784,311.71484375,150.06341552734375,0.6833333333333333,0.6833333333333333,0.0,0,8,nearest,gnn,energy_lag_only,61,26,-17.94265306666648,0.9495644715992411,True,False,False
False,False,False,-5.8349609375,1.9389747742551875,290.96917724609375,150.06341552734375,0.6833333333333333,0.6833333333333333,0.0,0,8,oracle,gnn,energy_lag_only,61,26,-17.94265306666648,0.9495644715992411,True,False,False
True,True,True,17.1053466796875,1.0860584401007007,41.339027404785156,38.0633544921875,0.6833333333333333,0.6833333333333333,0.0,0,8,nearest,gnn,energy_lag_only,61,27,-17.2229738333333,1.2573965022353393,True,False,False
True,True,True,17.0889892578125,0.9880703502076552,37.60927200317383,38.0633544921875,0.6833333333333333,0.6833333333333333,0.0,0,8,oracle,gnn,energy_lag_only,61,27,-17.2229738333333,1.2573965022353393,True,False,False
True,True,True,104.87060546875,0.6637142973832608,30.500404357910156,45.95411682128906,0.6833333333333333,0.6833333333333333,0.0,0,8,nearest,gnn,energy_lag_only,61,28,-32.39956849999999,4.6131490903423575,False,False,False
True,True,True,105.4886474609375,0.6755698456227801,31.045215606689453,45.95411682128906,0.6833333333333333,0.6833333333333333,0.0,0,8,oracle,gnn,energy_lag_only,61,28,-32.39956849999999,4.6131490903423575,False,False,False
True,True,True,14.4815673828125,0.9535912280959601,48.263824462890625,50.61269760131836,0.6833333333333333,0.6833333333333333,0.0,0,7,nearest,gnn,energy_lag_only,61,29,-66.76301679999983,1.5705174396557517,False,False,False
True,True,True,12.1171875,0.9660718814665414,48.895503997802734,50.61269760131836,0.6833333333333333,0.6833333333333333,0.0,0,7,oracle,gnn,energy_lag_only,61,29,-66.76301679999983,1.5705174396557517,False,False,False
False,True,False,-18.38525390625,1.0466085128579006,166.73963928222656,159.31423950195312,0.6833333333333333,0.6833333333333333,0.0,0,7,nearest,gnn,energy_lag_only,61,30,7.1637543333336,1.012974949136309,True,True,True
False,True,False,-15.3287353515625,1.0479611846504746,166.95513916015625,159.31423950195312,0.6833333333333333,0.6833333333333333,0.0,0,7,oracle,gnn,energy_lag_only,61,30,7.1637543333336,1.012974949136309,True,True,True
True,True,True,195.7696533203125,0.7762172280146769,246.5857696533203,317.6762390136719,0.6833333333333333,0.6833333333333333,0.0,0,7,nearest,gnn,energy_lag_only,61,31,2.0496886333332895,7.7891285847189895,False,True,False
True,True,True,204.800537109375,0.9495835340692235,301.6601257324219,317.6762390136719,0.6833333333333333,0.6833333333333333,0.0,0,7,oracle,gnn,energy_lag_only,61,31,2.0496886333332895,7.7891285847189895,False,True,False
False,False,True,19.62353515625,2.3036459244748846,1178.7135009765625,511.67303466796875,0.8,0.6833333333333333,0.1166666666666667,0,6,nearest,gnn,energy_lag_only,61,32,-56.851441466666756,3.3109342752800313,False,False,False
False,False,True,37.13330078125,2.4133250930933596,1234.8333740234375,511.67303466796875,0.8833333333333333,0.6833333333333333,0.19999999999999996,0,6,oracle,gnn,energy_lag_only,61,32,-56.851441466666756,3.3109342752800313,False,False,False
True,True,True,21.0399169921875,1.002818778078381,26.881364822387695,26.805805206298828,0.6833333333333333,0.6833333333333333,0.0,0,7,nearest,gnn,energy_lag_only,61,33,-11.821652166666809,1.0841453968101904,True,False,False
True,True,True,21.33203125,1.004963795974402,26.93886375427246,26.805805206298828,0.6833333333333333,0.6833333333333333,0.0,0,7,oracle,gnn,energy_lag_only,61,33,-11.821652166666809,1.0841453968101904,True,False,False
True,True,True,20.7318115234375,1.0148035494352858,50.035667419433594,49.30576705932617,0.6833333333333333,0.6833333333333333,0.0,0,6,nearest,gnn,energy_lag_only,61,34,-8.682782800000268,1.0177546226018037,True,False,False
True,True,True,21.5921630859375,1.018934932667637,50.2393684387207,49.30576705932617,0.6833333333333333,0.6833333333333333,0.0,0,6,oracle,gnn,energy_lag_only,61,34,-8.682782800000268,1.0177546226018037,True,False,False
True,True,True,29.830810546875,1.0969516003764783,642.9243774414062,586.1009521484375,0.6833333333333333,0.6833333333333333,0.0,0,7,nearest,gnn,energy_lag_only,61,35,-16.628457000000026,3.3767118378265164,False,False,False
True,True,True,29.374755859375,0.9952892307749984,583.3399658203125,586.1009521484375,0.7,0.6833333333333333,0.016666666666666607,0,7,oracle,gnn,energy_lag_only,61,35,-16.628457000000026,3.3767118378265164,False,False,False
True,True,True,15.017578125,0.9489512950986819,100.70330047607422,106.12062072753906,0.6833333333333333,0.6833333333333333,0.0,0,7,nearest,gnn,energy_lag_only,61,36,-44.98465003333331,1.1140342012415587,True,False,False
True,True,True,15.36865234375,0.9497310531939384,100.78604888916016,106.12062072753906,0.6833333333333333,0.6833333333333333,0.0,0,7,oracle,gnn,energy_lag_only,61,36,-44.98465003333331,1.1140342012415587,True,False,False
True,True,True,175.242431640625,1.3996027859605897,1513.8525390625,1081.630126953125,0.9333333333333333,0.9333333333333333,0.0,0,8,nearest,gnn,energy_lag_only,61,37,0.09917043333325637,2.5722847242774254,False,True,False
True,True,True,172.486328125,1.4468266327070256,1564.9312744140625,1081.630126953125,0.9333333333333333,0.9333333333333333,0.0,0,8,oracle,gnn,energy_lag_only,61,37,0.09917043333325637,2.5722847242774254,False,True,False
True,True,True,2.2813720703125,0.9597972671110211,19.709854125976562,20.53543472290039,0.6833333333333333,0.6833333333333333,0.0,0,8,nearest,gnn,energy_lag_only,61,38,-68.57255936666684,4.023732566543321,False,False,False
True,True,True,2.57177734375,0.9588118012921956,19.689617156982422,20.53543472290039,0.6833333333333333,0.6833333333333333,0.0,0,8,oracle,gnn,energy_lag_only,61,38,-68.57255936666684,4.023732566543321,False,False,False
True,True,True,15.62109375,0.997374024706949,26.704729080200195,26.775039672851562,0.6833333333333333,0.6833333333333333,0.0,0,8,nearest,gnn,energy_lag_only,61,39,-18.17676173333325,1.051860044920582,True,False,False
True,True,True,15.652587890625,0.9423556287039195,25.231609344482422,26.775039672851562,0.6833333333333333,0.6833333333333333,0.0,0,8,oracle,gnn,energy_lag_only,61,39,-18.17676173333325,1.051860044920582,True,False,False
True,True,True,1.0194091796875,0.9826241972550956,20.331859588623047,20.691389083862305,0.6833333333333333,0.6833333333333333,0.0,1,14,nearest,gnn,energy_lag_only,61,0,3.4481281000000763,0.9786908847684882,True,True,True
False,True,False,-0.36669921875,0.9786768313811439,20.25018310546875,20.691389083862305,0.6833333333333333,0.6833333333333333,0.0,1,14,oracle,gnn,energy_lag_only,61,0,3.4481281000000763,0.9786908847684882,True,True,True
False,False,False,-28.265380859375,1.525440073604033,39.80799865722656,26.0960750579834,0.6833333333333333,0.6833333333333333,0.0,1,14,nearest,gnn,energy_lag_only,61,1,-6.319989299999861,1.1073857394131859,True,False,False
False,False,False,-50.59326171875,3.789395870838897,98.88835906982422,26.0960750579834,0.6833333333333333,0.6833333333333333,0.0,1,14,oracle,gnn,energy_lag_only,61,1,-6.319989299999861,1.1073857394131859,True,False,False
True,True,True,114.501708984375,0.5191031845356731,21.91781234741211,42.22245788574219,0.6833333333333333,0.6833333333333333,0.0,1,15,nearest,gnn,energy_lag_only,61,2,-19.635116200000084,1.0788918502212181,True,False,False
True,True,True,113.50439453125,0.5188623178637782,21.907642364501953,42.22245788574219,0.6833333333333333,0.6833333333333333,0.0,1,15,oracle,gnn,energy_lag_only,61,2,-19.635116200000084,1.0788918502212181,True,False,False
True,True,True,8.1185302734375,1.116601406497345,313.4413757324219,280.7101745605469,0.6833333333333333,0.6833333333333333,0.0,1,14,nearest,gnn,energy_lag_only,61,3,24.516336533333288,1.787761589033308,False,True,False
True,True,True,10.38037109375,1.131488161250473,317.6202392578125,280.7101745605469,0.6833333333333333,0.6833333333333333,0.0,1,14,oracle,gnn,energy_lag_only,61,3,24.516336533333288,1.787761589033308,False,True,False
False,True,False,-1.8218994140625,1.034603375612995,23.645376205444336,22.85453224182129,0.6833333333333333,0.6833333333333333,0.0,1,13,nearest,gnn,energy_lag_only,61,4,-33.48885016666668,1.7026352756453578,False,False,False
False,True,False,-2.3345947265625,1.0139877321298305,23.17421531677246,22.85453224182129,0.6833333333333333,0.6833333333333333,0.0,1,13,oracle,gnn,energy_lag_only,61,4,-33.48885016666668,1.7026352756453578,False,False,False
True,True,True,7.6607666015625,1.1342223460826595,413.84539794921875,364.8714904785156,0.6833333333333333,0.6833333333333333,0.0,1,12,nearest,gnn,energy_lag_only,61,5,22.7442529333332,1.1989609283232059,True,True,True
True,True,True,1.851318359375,1.057325757066952,385.78802490234375,364.8714904785156,0.6833333333333333,0.6833333333333333,0.0,1,12,oracle,gnn,energy_lag_only,61,5,22.7442529333332,1.1989609283232059,True,True,True
False,True,False,-3.4677734375,0.9175737073679812,25.849159240722656,28.171207427978516,0.6833333333333333,0.6833333333333333,0.0,1,11,nearest,gnn,energy_lag_only,61,6,-19.056073166666692,2.0080631313398576,False,False,False
False,True,False,-4.4014892578125,0.9200112445468214,25.917827606201172,28.171207427978516,0.6833333333333333,0.6833333333333333,0.0,1,11,oracle,gnn,energy_lag_only,61,6,-19.056073166666692,2.0080631313398576,False,False,False
True,True,True,1.8221435546875,0.9409373391586769,20.004514694213867,21.26019859313965,0.6833333333333333,0.6833333333333333,0.0,1,11,nearest,gnn,energy_lag_only,61,7,-0.8344759666665595,1.0314626403969775,True,False,False
True,True,True,1.5721435546875,0.9249153117306138,19.663883209228516,21.26019859313965,0.6833333333333333,0.6833333333333333,0.0,1,11,oracle,gnn,energy_lag_only,61,7,-0.8344759666665595,1.0314626403969775,True,False,False
True,True,True,21.0245361328125,1.0029296041412716,478.32745361328125,476.93023681640625,0.75,0.75,0.0,1,11,nearest,gnn,energy_lag_only,61,8,-50.92870333333349,1.3329097552970448,True,False,False
True,True,True,19.692626953125,0.9170373783037551,437.36285400390625,476.93023681640625,0.7166666666666667,0.75,-0.033333333333333326,1,11,oracle,gnn,energy_lag_only,61,8,-50.92870333333349,1.3329097552970448,True,False,False
True,True,True,6.051025390625,1.2969980543896276,269.718994140625,207.95635986328125,0.6833333333333333,0.6833333333333333,0.0,1,11,nearest,gnn,energy_lag_only,61,9,-33.293167766666784,1.0196318536143703,True,False,False
True,True,True,4.564208984375,1.299562655903441,270.2523193359375,207.95635986328125,0.6833333333333333,0.6833333333333333,0.0,1,11,oracle,gnn,energy_lag_only,61,9,-33.293167766666784,1.0196318536143703,True,False,False
True,True,True,3.741455078125,0.9837451243366564,231.91546630859375,235.7475128173828,0.6833333333333333,0.6833333333333333,0.0,1,13,nearest,gnn,energy_lag_only,61,10,-11.779157099999793,1.336734935304769,True,False,False
True,True,True,2.68505859375,0.9479205400613296,223.46990966796875,235.7475128173828,0.6833333333333333,0.6833333333333333,0.0,1,13,oracle,gnn,energy_lag_only,61,10,-11.779157099999793,1.336734935304769,True,False,False
True,True,True,13.22021484375,1.2249110460222146,1437.3619384765625,1173.44189453125,0.8666666666666667,0.8666666666666667,0.0,1,13,nearest,gnn,energy_lag_only,61,11,31.105822466666268,1.5061699189261621,False,True,False
True,True,True,8.048583984375,1.1540215603386972,1354.17724609375,1173.44189453125,0.85,0.8666666666666667,-0.01666666666666672,1,13,oracle,gnn,energy_lag_only,61,11,31.105822466666268,1.5061699189261621,False,True,False
True,True,True,0.79052734375,0.9889568531720301,20.275890350341797,20.502300262451172,0.6833333333333333,0.6833333333333333,0.0,1,14,nearest,gnn,energy_lag_only,61,12,-85.55362049999985,3.3584002352671476,False,False,False
True,True,True,0.7530517578125,0.9984897354292588,20.471336364746094,20.502300262451172,0.6833333333333333,0.6833333333333333,0.0,1,14,oracle,gnn,energy_lag_only,61,12,-85.55362049999985,3.3584002352671476,False,False,False
False,False,False,-13.65185546875,1.8137510694599326,1212.003173828125,668.2301635742188,0.8166666666666667,0.7333333333333333,0.08333333333333337,1,14,nearest,gnn,energy_lag_only,61,13,-29.91805033333344,1.2880424811320659,True,False,False
False,False,False,-13.65185546875,1.8137510694599326,1212.003173828125,668.2301635742188,0.8166666666666667,0.7333333333333333,0.08333333333333337,1,14,oracle,gnn,energy_lag_only,61,13,-29.91805033333344,1.2880424811320659,True,False,False
False,True,False,-40.301513671875,1.0924956309241944,258.6424560546875,236.74461364746094,0.6833333333333333,0.6833333333333333,0.0,1,14,nearest,gnn,energy_lag_only,61,14,-35.370481000000154,3.8046501973316538,False,False,False
False,False,False,-63.9676513671875,1.5995537306896195,378.68572998046875,236.74461364746094,0.6833333333333333,0.6833333333333333,0.0,1,14,oracle,gnn,energy_lag_only,61,14,-35.370481000000154,3.8046501973316538,False,False,False
True,True,True,36.4349365234375,1.0020285747798727,26.054162979125977,26.00141716003418,0.6833333333333333,0.6833333333333333,0.0,1,13,nearest,gnn,energy_lag_only,61,15,-11.390547266666772,1.100018360625012,True,False,False
True,True,True,36.1204833984375,1.0036143753726003,26.095396041870117,26.00141716003418,0.6833333333333333,0.6833333333333333,0.0,1,13,oracle,gnn,energy_lag_only,61,15,-11.390547266666772,1.100018360625012,True,False,False
False,True,False,-3.1099853515625,1.0961905653757504,345.44598388671875,315.1331481933594,0.6833333333333333,0.6833333333333333,0.0,1,12,nearest,gnn,energy_lag_only,61,16,-0.68732910000017,0.9093997365983538,True,False,False
False,False,False,-1.83251953125,1.7935071119007682,565.1935424804688,315.1331481933594,0.6833333333333333,0.6833333333333333,0.0,1,12,oracle,gnn,energy_lag_only,61,16,-0.68732910000017,0.9093997365983538,True,False,False
True,True,True,17.17041015625,1.1184440073228383,398.5580749511719,356.3504943847656,0.6833333333333333,0.6833333333333333,0.0,1,11,nearest,gnn,energy_lag_only,61,17,-20.935927999999876,1.7353209830302878,False,False,False
True,True,True,17.17041015625,1.1184440073228383,398.5580749511719,356.3504943847656,0.6833333333333333,0.6833333333333333,0.0,1,11,oracle,gnn,energy_lag_only,61,17,-20.935927999999876,1.7353209830302878,False,False,False
False,True,False,-2.0400390625,1.1637123890905006,261.1505126953125,224.41156005859375,0.6833333333333333,0.6833333333333333,0.0,1,12,nearest,gnn,energy_lag_only,61,18,-0.9273000333332675,1.2569709600724137,True,False,False
False,True,False,-8.0445556640625,1.0710320556772963,240.3519744873047,224.41156005859375,0.6833333333333333,0.6833333333333333,0.0,1,12,oracle,gnn,energy_lag_only,61,18,-0.9273000333332675,1.2569709600724137,True,False,False
True,True,True,41.48828125,1.1150386589233112,1235.1746826171875,1107.7415771484375,0.8166666666666667,0.7666666666666667,0.04999999999999993,1,13,nearest,gnn,energy_lag_only,61,19,-6.1899474333336,1.3813967551739297,True,False,False
True,True,True,44.3486328125,1.1492424089650486,1273.0635986328125,1107.7415771484375,0.8333333333333334,0.7666666666666667,0.06666666666666665,1,13,oracle,gnn,energy_lag_only,61,19,-6.1899474333336,1.3813967551739297,True,False,False
True,True,True,0.7275390625,0.9995547443515695,20.796743392944336,20.806007385253906,0.6833333333333333,0.6833333333333333,0.0,1,15,nearest,gnn,energy_lag_only,61,20,-42.50288106666676,1.5399084752861967,False,False,False
True,True,True,0.5498046875,1.0022371873263942,20.852554321289062,20.806007385253906,0.6833333333333333,0.6833333333333333,0.0,1,15,oracle,gnn,energy_lag_only,61,20,-42.50288106666676,1.5399084752861967,False,False,False
True,True,True,26.981689453125,0.9855230712574198,25.23548698425293,25.606185913085938,0.6833333333333333,0.6833333333333333,0.0,1,15,nearest,gnn,energy_lag_only,61,21,-9.65271843333312,1.0379183110557608,True,False,False
True,True,True,24.75634765625,0.9899532335752896,25.348926544189453,25.606185913085938,0.6833333333333333,0.6833333333333333,0.0,1,15,oracle,gnn,energy_lag_only,61,21,-9.65271843333312,1.0379183110557608,True,False,False
True,True,True,16.268310546875,1.2141061516932468,50.50810623168945,41.6010627746582,0.6833333333333333,0.6833333333333333,0.0,1,15,nearest,gnn,energy_lag_only,61,22,-7.396650433333207,1.3626024051621788,True,False,False
True,True,True,18.2467041015625,1.2503192664157772,52.014610290527344,41.6010627746582,0.6833333333333333,0.6833333333333333,0.0,1,15,oracle,gnn,energy_lag_only,61,22,-7.396650433333207,1.3626024051621788,True,False,False
True,True,True,24.6763916015625,0.9964466006281976,33.2083854675293,33.32680892944336,0.6833333333333333,0.6833333333333333,0.0,1,15,nearest,gnn,energy_lag_only,61,23,-9.766937199999802,1.0666916247028768,True,False,False
True,True,True,65.5758056640625,0.862317335138191,28.738285064697266,33.32680892944336,0.6833333333333333,0.6833333333333333,0.0,1,15,oracle,gnn,energy_lag_only,61,23,-9.766937199999802,1.0666916247028768,True,False,False
True,True,True,27.31689453125,1.1418063684343487,112.00030517578125,98.0904541015625,0.6833333333333333,0.6833333333333333,0.0,1,13,nearest,gnn,energy_lag_only,61,24,2.6033596666663925,0.9892806298684983,True,True,True
True,True,True,23.5447998046875,0.6301302754502792,61.80976486206055,98.0904541015625,0.6833333333333333,0.6833333333333333,0.0,1,13,oracle,gnn,energy_lag_only,61,24,2.6033596666663925,0.9892806298684983,True,True,True
True,True,True,16.863037109375,0.9961859400850968,27.191951751708984,27.29606056213379,0.6833333333333333,0.6833333333333333,0.0,1,14,nearest,gnn,energy_lag_only,61,25,2.7125330333333295,0.864369958726694,True,True,True
True,True,True,8.2723388671875,0.99126629682055,27.05766487121582,27.29606056213379,0.6833333333333333,0.6833333333333333,0.0,1,14,oracle,gnn,energy_lag_only,61,25,2.7125330333333295,0.864369958726694,True,True,True
True,True,True,20.54443359375,1.1471530590704857,172.1457061767578,150.06341552734375,0.6833333333333333,0.6833333333333333,0.0,1,14,nearest,gnn,energy_lag_only,61,26,6.041002800000115,1.0058314150685175,True,True,True
True,True,True,21.0904541015625,0.9606741778683248,144.16204833984375,150.06341552734375,0.6833333333333333,0.6833333333333333,0.0,1,14,oracle,gnn,energy_lag_only,61,26,6.041002800000115,1.0058314150685175,True,True,True
True,True,True,12.5516357421875,1.0038203742603788,38.208770751953125,38.0633544921875,0.6833333333333333,0.6833333333333333,0.0,1,14,nearest,gnn,energy_lag_only,61,27,-8.084932066666624,1.3697800725153892,True,False,False
True,True,True,12.4793701171875,1.0474391866972403,39.869049072265625,38.0633544921875,0.6833333333333333,0.6833333333333333,0.0,1,14,oracle,gnn,energy_lag_only,61,27,-8.084932066666624,1.3697800725153892,True,False,False
False,True,False,-9.1231689453125,1.4378561379496748,66.07540893554688,45.95411682128906,0.6833333333333333,0.6833333333333333,0.0,1,14,nearest,gnn,energy_lag_only,61,28,-14.90404036666655,1.4842478424253867,True,False,False
False,True,False,-26.63720703125,1.4502634603169227,66.64557647705078,45.95411682128906,0.6833333333333333,0.6833333333333333,0.0,1,14,oracle,gnn,energy_lag_only,61,28,-14.90404036666655,1.4842478424253867,True,False,False
False,True,False,-1.548828125,1.0433672763751982,52.80763244628906,50.61269760131836,0.6833333333333333,0.6833333333333333,0.0,1,15,nearest,gnn,energy_lag_only,61,29,-20.467024966666713,1.0243031494338513,True,False,False
False,True,False,-7.5755615234375,1.0486594062398369,53.07548141479492,50.61269760131836,0.6833333333333333,0.6833333333333333,0.0,1,15,oracle,gnn,energy_lag_only,61,29,-20.467024966666713,1.0243031494338513,True,False,False
False,True,False,-7.9102783203125,1.4450075654991783,230.2102813720703,159.31423950195312,0.6833333333333333,0.6833333333333333,0.0,1,15,nearest,gnn,energy_lag_only,61,30,-6.901203199999827,1.2699463911228557,True,False,False
False,True,False,-12.881103515625,1.194900629433441,190.36468505859375,159.31423950195312,0.6833333333333333,0.6833333333333333,0.0,1,15,oracle,gnn,energy_lag_only,61,30,-6.901203199999827,1.2699463911228557,True,False,False
False,True,False,-47.64990234375,1.139384597797325,361.9554138183594,317.6762390136719,0.6833333333333333,0.6833333333333333,0.0,1,16,nearest,gnn,energy_lag_only,61,31,2.4200235666664867,3.878668320885857,False,True,False
False,True,False,-65.563720703125,1.1417195544695937,362.6971740722656,317.6762390136719,0.6833333333333333,0.6833333333333333,0.0,1,16,oracle,gnn,energy_lag_only,61,31,2.4200235666664867,3.878668320885857,False,True,False
True,True,True,139.352294921875,0.8286814983829066,424.01397705078125,511.67303466796875,0.6833333333333333,0.6833333333333333,0.0,1,17,nearest,gnn,energy_lag_only,61,32,-1.505666066666663,1.820547511130409,False,False,False
True,True,True,133.034423828125,0.7379117600081401,377.5695495605469,511.67303466796875,0.6833333333333333,0.6833333333333333,0.0,1,17,oracle,gnn,energy_lag_only,61,32,-1.505666066666663,1.820547511130409,False,False,False
True,True,True,22.6326904296875,1.012862351556095,27.150590896606445,26.805805206298828,0.6833333333333333,0.6833333333333333,0.0,1,18,nearest,gnn,energy_lag_only,61,33,-1.225533866666865,1.000398478862571,True,False,False
True,True,True,18.76171875,1.0157685782841877,27.22849464416504,26.805805206298828,0.6833333333333333,0.6833333333333333,0.0,1,18,oracle,gnn,energy_lag_only,61,33,-1.225533866666865,1.000398478862571,True,False,False
False,True,False,-3.986328125,1.0020436803700923,49.406532287597656,49.30576705932617,0.6833333333333333,0.6833333333333333,0.0,1,18,nearest,gnn,energy_lag_only,61,34,-4.953867833333334,1.014918728519014,True,False,False
False,True,False,-4.997314453125,0.9967985048754716,49.14791488647461,49.30576705932617,0.6833333333333333,0.6833333333333333,0.0,1,18,oracle,gnn,energy_lag_only,61,34,-4.953867833333334,1.014918728519014,True,False,False
True,True,True,112.982421875,0.6825722991023963,400.0562744140625,586.1009521484375,0.6833333333333333,0.6833333333333333,0.0,1,19,nearest,gnn,energy_lag_only,61,35,-30.082883033333474,1.7228744587620148,False,False,False
True,True,True,111.9453125,0.5654882939946544,331.4332275390625,586.1009521484375,0.6833333333333333,0.6833333333333333,0.0,1,19,oracle,gnn,energy_lag_only,61,35,-30.082883033333474,1.7228744587620148,False,False,False
False,True,False,-32.57958984375,1.072456608971086,113.80976104736328,106.12062072753906,0.6833333333333333,0.6833333333333333,0.0,1,19,nearest,gnn,energy_lag_only,61,36,-40.450298200000134,1.2156721488898028,True,False,False
False,True,False,-43.571533203125,1.0444906416806656,110.84199523925781,106.12062072753906,0.6833333333333333,0.6833333333333333,0.0,1,19,oracle,gnn,energy_lag_only,61,36,-40.450298200000134,1.2156721488898028,True,False,False
False,True,False,-83.708740234375,1.133954667761537,1226.51953125,1081.630126953125,0.9666666666666667,0.9333333333333333,0.033333333333333326,1,19,nearest,gnn,energy_lag_only,61,37,-36.545801799999936,1.8283143453535877,False,False,False
False,True,False,-76.07421875,1.058061686676717,1144.431396484375,1081.630126953125,0.9,0.9333333333333333,-0.033333333333333326,1,19,oracle,gnn,energy_lag_only,61,37,-36.545801799999936,1.8283143453535877,False,False,False
True,True,True,0.0054931640625,0.976058381930142,20.04378318786621,20.53543472290039,0.6833333333333333,0.6833333333333333,0.0,1,19,nearest,gnn,energy_lag_only,61,38,-30.054339400000117,0.9975625999799427,True,False,False
True,True,True,0.1845703125,0.9681580297073826,19.881546020507812,20.53543472290039,0.6833333333333333,0.6833333333333333,0.0,1,19,oracle,gnn,energy_lag_only,61,38,-30.054339400000117,0.9975625999799427,True,False,False
False,True,False,-9.2056884765625,1.0587664818897962,28.348514556884766,26.775039672851562,0.6833333333333333,0.6833333333333333,0.0,1,19,nearest,gnn,energy_lag_only,61,39,-25.037725733333218,1.0068100884229216,True,False,False
False,True,False,-6.7470703125,0.9621143777757135,25.760650634765625,26.775039672851562,0.6833333333333333,0.6833333333333333,0.0,1,19,oracle,gnn,energy_lag_only,61,39,-25.037725733333218,1.0068100884229216,True,False,False
True,True,True,1.8416748046875,0.9968165363491447,20.625518798828125,20.691389083862305,0.6833333333333333,0.6833333333333333,0.0,2,10,nearest,gnn,energy_lag_only,61,0,14.864857233333396,0.9888759534831284,True,True,True
True,True,True,0.4388427734375,0.992780584734105,20.542009353637695,20.691389083862305,0.6833333333333333,0.6833333333333333,0.0,2,10,oracle,gnn,energy_lag_only,61,0,14.864857233333396,0.9888759534831284,True,True,True
False,True,False,-2.517578125,1.0115677993758012,26.39794921875,26.0960750579834,0.6833333333333333,0.6833333333333333,0.0,2,10,nearest,gnn,energy_lag_only,61,1,-8.178946266666571,1.4590337275020342,True,False,False
False,True,False,-12.580810546875,1.2798499092849882,33.3990592956543,26.0960750579834,0.6833333333333333,0.6833333333333333,0.0,2,10,oracle,gnn,energy_lag_only,61,1,-8.178946266666571,1.4590337275020342,True,False,False
False,False,False,-12.41015625,6.651807981739668,280.8556823730469,42.22245788574219,0.6833333333333333,0.6833333333333333,0.0,2,10,nearest,gnn,energy_lag_only,61,2,8.658684666666659,1.0096476911659797,True,True,True
False,False,False,-12.3162841796875,5.65081994050792,238.5915069580078,42.22245788574219,0.6833333333333333,0.6833333333333333,0.0,2,10,oracle,gnn,energy_lag_only,61,2,8.658684666666659,1.0096476911659797,True,True,True
True,True,True,45.34326171875,0.09355940454720438,26.263076782226562,280.7101745605469,0.6833333333333333,0.6833333333333333,0.0,2,10,nearest,gnn,energy_lag_only,61,3,-38.467573999999786,0.7331626511156996,True,False,False
True,True,True,47.617431640625,0.09242064249621479,25.94341468811035,280.7101745605469,0.6833333333333333,0.6833333333333333,0.0,2,10,oracle,gnn,energy_lag_only,61,3,-38.467573999999786,0.7331626511156996,True,False,False
True,True,True,1.51171875,1.0593028566917178,24.209871292114258,22.85453224182129,0.6833333333333333,0.6833333333333333,0.0,2,9,nearest,gnn,energy_lag_only,61,4,-1.006126466666501,0.9554225889021297,True,False,False
True,True,True,2.6513671875,1.0521172086593649,24.04564666748047,22.85453224182129,0.6833333333333333,0.6833333333333333,0.0,2,9,oracle,gnn,energy_lag_only,61,4,-1.006126466666501,0.9554225889021297,True,False,False
True,True,True,2.274169921875,1.0135665374077805,369.821533203125,364.8714904785156,0.6833333333333333,0.6833333333333333,0.0,2,9,nearest,gnn,energy_lag_only,61,5,6.722084966666671,0.7334992043767363,True,True,True
True,True,True,2.7115478515625,1.0152404933745585,370.43231201171875,364.8714904785156,0.6833333333333333,0.6833333333333333,0.0,2,9,oracle,gnn,energy_lag_only,61,5,6.722084966666671,0.7334992043767363,True,True,True
False,False,False,-92.0140380859375,5.612396517061203,158.1079864501953,28.171207427978516,0.6833333333333333,0.6833333333333333,0.0,2,9,nearest,gnn,energy_lag_only,61,6,-1.052608699999837,0.9756900079793124,True,False,False
False,False,False,-67.14306640625,4.021235727489274,113.28306579589844,28.171207427978516,0.6833333333333333,0.6833333333333333,0.0,2,9,oracle,gnn,energy_lag_only,61,6,-1.052608699999837,0.9756900079793124,True,False,False
True,True,True,2.6805419921875,0.9764986519943942,20.760555267333984,21.26019859313965,0.6833333333333333,0.6833333333333333,0.0,2,9,nearest,gnn,energy_lag_only,61,7,-0.5745735000000423,1.0216392303745232,True,False,False
True,True,True,3.1865234375,0.9461678754353285,20.1157169342041,21.26019859313965,0.6833333333333333,0.6833333333333333,0.0,2,9,oracle,gnn,energy_lag_only,61,7,-0.5745735000000423,1.0216392303745232,True,False,False
True,True,True,1.8187255859375,0.8912173303771104,425.0484924316406,476.93023681640625,0.7166666666666667,0.75,-0.033333333333333326,2,8,nearest,gnn,energy_lag_only,61,8,1.1110168666666596,0.7688685333342811,True,True,True
True,True,True,5.8363037109375,0.8260759979651972,393.9806213378906,476.93023681640625,0.6833333333333333,0.75,-0.06666666666666665,2,8,oracle,gnn,energy_lag_only,61,8,1.1110168666666596,0.7688685333342811,True,True,True
True,True,True,19.353759765625,0.219872664365041,45.72391891479492,207.95635986328125,0.6833333333333333,0.6833333333333333,0.0,2,8,nearest,gnn,energy_lag_only,61,9,-29.776920333333237,1.076111669234759,True,False,False
True,True,True,19.51025390625,0.21914981097143454,45.5735969543457,207.95635986328125,0.6833333333333333,0.6833333333333333,0.0,2,8,oracle,gnn,energy_lag_only,61,9,-29.776920333333237,1.076111669234759,True,False,False
False,True,False,-10.332763671875,1.478343909096399,348.5158996582031,235.7475128173828,0.6833333333333333,0.6833333333333333,0.0,2,8,nearest,gnn,energy_lag_only,61,10,-1.1674140666664243,1.4028551350186098,True,False,False
False,True,False,-10.339111328125,1.446424839331185,340.9910583496094,235.7475128173828,0.6833333333333333,0.6833333333333333,0.0,2,8,oracle,gnn,energy_lag_only,61,10,-1.1674140666664243,1.4028551350186098,True,False,False
True,True,True,9.322998046875,1.0522373418208737,1234.7393798828125,1173.44189453125,0.8833333333333333,0.8666666666666667,0.016666666666666607,2,7,nearest,gnn,energy_lag_only,61,11,38.19397696666647,1.7871974332038971,False,True,False
True,True,True,1.75927734375,1.0448232966837259,1226.0394287109375,1173.44189453125,0.8666666666666667,0.8666666666666667,0.0,2,7,oracle,gnn,energy_lag_only,61,11,38.19397696666647,1.7871974332038971,False,True,False
True,True,True,1.570556640625,0.9627075171804922,19.73771858215332,20.502300262451172,0.6833333333333333,0.6833333333333333,0.0,2,7,nearest,gnn,energy_lag_only,61,12,-86.21341653333343,8.740349515850887,False,False,False
True,True,True,1.632568359375,0.9898157149754724,20.293498992919922,20.502300262451172,0.6833333333333333,0.6833333333333333,0.0,2,7,oracle,gnn,energy_lag_only,61,12,-86.21341653333343,8.740349515850887,False,False,False
False,True,False,-31.76318359375,0.8159877672142746,545.2676391601562,668.2301635742188,0.7666666666666667,0.7333333333333333,0.03333333333333344,2,8,nearest,gnn,energy_lag_only,61,13,-44.29535916666646,1.1049882170238865,True,False,False
False,True,False,-37.421630859375,0.8636718652596028,577.131591796875,668.2301635742188,0.7666666666666667,0.7333333333333333,0.03333333333333344,2,8,oracle,gnn,energy_lag_only,61,13,-44.29535916666646,1.1049882170238865,True,False,False
False,True,False,-2.77978515625,1.2825301742570798,303.6321105957031,236.74461364746094,0.6833333333333333,0.6833333333333333,0.0,2,9,nearest,gnn,energy_lag_only,61,14,-10.156326333333482,1.9781608549217324,False,False,False
False,True,False,-90.180419921875,1.2511179452275965,296.1954345703125,236.74461364746094,0.6833333333333333,0.6833333333333333,0.0,2,9,oracle,gnn,energy_lag_only,61,14,-10.156326333333482,1.9781608549217324,False,False,False
True,True,True,36.0732421875,1.0319072498111277,26.831050872802734,26.00141716003418,0.6833333333333333,0.6833333333333333,0.0,2,9,nearest,gnn,energy_lag_only,61,15,-15.659811333333437,1.2021197043840604,True,False,False
True,True,True,36.39892578125,1.0329902713649732,26.859210968017578,26.00141716003418,0.6833333333333333,0.6833333333333333,0.0,2,9,oracle,gnn,energy_lag_only,61,15,-15.659811333333437,1.2021197043840604,True,False,False
False,True,False,-0.385498046875,0.8879314076517175,279.8166198730469,315.1331481933594,0.6833333333333333,0.6833333333333333,0.0,2,9,nearest,gnn,energy_lag_only,61,16,2.4453411999998025,0.7025707477495011,True,True,True
True,True,True,0.7904052734375,0.8492504999136669,267.6269836425781,315.1331481933594,0.6833333333333333,0.6833333333333333,0.0,2,9,oracle,gnn,energy_lag_only,61,16,2.4453411999998025,0.7025707477495011,True,True,True
True,True,True,19.4150390625,1.0219895823315328,364.1864929199219,356.3504943847656,0.6833333333333333,0.6833333333333333,0.0,2,9,nearest,gnn,energy_lag_only,61,17,-28.864946633333375,0.37000520117784774,True,False,False
True,True,True,17.29345703125,0.7900280494134869,281.5268859863281,356.3504943847656,0.6833333333333333,0.6833333333333333,0.0,2,9,oracle,gnn,energy_lag_only,61,17,-28.864946633333375,0.37000520117784774,True,False,False
True,True,True,28.26904296875,1.4143989312326426,317.407470703125,224.41156005859375,0.6833333333333333,0.6833333333333333,0.0,2,9,nearest,gnn,energy_lag_only,61,18,18.83853453333336,3.162165578699149,False,True,False
True,True,True,27.9820556640625,1.3856476587124693,310.9553527832031,224.41156005859375,0.6833333333333333,0.6833333333333333,0.0,2,9,oracle,gnn,energy_lag_only,61,18,18.83853453333336,3.162165578699149,False,True,False
True,True,True,40.891357421875,0.93296533992226,1033.4844970703125,1107.7415771484375,0.8666666666666667,0.7666666666666667,0.09999999999999998,2,8,nearest,gnn,energy_lag_only,61,19,4.171389033333071,1.8535000314014007,False,True,False
True,True,True,37.25048828125,0.9180828418250948,1016.99853515625,1107.7415771484375,0.85,0.7666666666666667,0.08333333333333326,2,8,oracle,gnn,energy_lag_only,61,19,4.171389033333071,1.8535000314014007,False,True,False
True,True,True,1.9754638671875,0.9935200956332494,20.671186447143555,20.806007385253906,0.6833333333333333,0.6833333333333333,0.0,2,8,nearest,gnn,energy_lag_only,61,20,-89.13107366666691,22.15800149968234,False,False,False
True,True,True,2.2127685546875,0.9931454281769728,20.66339111328125,20.806007385253906,0.6833333333333333,0.6833333333333333,0.0,2,8,oracle,gnn,energy_lag_only,61,20,-89.13107366666691,22.15800149968234,False,False,False
True,True,True,28.7525634765625,0.9893810182423619,25.334274291992188,25.606185913085938,0.6833333333333333,0.6833333333333333,0.0,2,8,nearest,gnn,energy_lag_only,61,21,-14.673009099999945,1.067307704305657,True,False,False
True,True,True,23.6451416015625,0.9907819104275183,25.370145797729492,25.606185913085938,0.6833333333333333,0.6833333333333333,0.0,2,8,oracle,gnn,energy_lag_only,61,21,-14.673009099999945,1.067307704305657,True,False,False
True,True,True,42.6900634765625,0.9834450953003488,40.91236114501953,41.6010627746582,0.6833333333333333,0.6833333333333333,0.0,2,7,nearest,gnn,energy_lag_only,61,22,-21.724714733333258,1.1555041282029777,True,False,False
True,True,True,27.884521484375,1.0397361177222182,43.254127502441406,41.6010627746582,0.6833333333333333,0.6833333333333333,0.0,2,7,oracle,gnn,energy_lag_only,61,22,-21.724714733333258,1.1555041282029777,True,False,False
True,True,True,29.621337890625,0.9641199836592161,32.13104248046875,33.32680892944336,0.6833333333333333,0.6833333333333333,0.0,2,7,nearest,gnn,energy_lag_only,61,23,-19.39406096666653,1.0506975933694493,True,False,False
True,True,True,59.591796875,0.9066092610213585,30.214393615722656,33.32680892944336,0.6833333333333333,0.6833333333333333,0.0,2,7,oracle,gnn,energy_lag_only,61,23,-19.39406096666653,1.0506975933694493,True,False,False
False,False,True,62.52197265625,1.587071452305188,155.6765594482422,98.0904541015625,0.6833333333333333,0.6833333333333333,0.0,2,8,nearest,gnn,energy_lag_only,61,24,-42.98126326666693,11.363455098026014,False,False,False
False,False,True,58.328857421875,1.553070908473201,152.3414306640625,98.0904541015625,0.6833333333333333,0.6833333333333333,0.0,2,8,oracle,gnn,energy_lag_only,61,24,-42.98126326666693,11.363455098026014,False,False,False
True,True,True,20.9122314453125,0.9926946389549239,27.09665298461914,27.29606056213379,0.6833333333333333,0.6833333333333333,0.0,2,6,nearest,gnn,energy_lag_only,61,25,-27.826190100000076,1.0064872103530509,True,False,False
True,True,True,21.254150390625,0.9936606792664411,27.123022079467773,27.29606056213379,0.6833333333333333,0.6833333333333333,0.0,2,6,oracle,gnn,energy_lag_only,61,25,-27.826190100000076,1.0064872103530509,True,False,False
True,True,True,25.257568359375,0.7838716358928659,117.63045501708984,150.06341552734375,0.6833333333333333,0.6833333333333333,0.0,2,6,nearest,gnn,energy_lag_only,61,26,-45.50270499999988,1.021390187391,True,False,False
True,True,True,26.757568359375,0.762822541251481,114.47175598144531,150.06341552734375,0.6833333333333333,0.6833333333333333,0.0,2,6,oracle,gnn,energy_lag_only,61,26,-45.50270499999988,1.021390187391,True,False,False
True,True,True,23.3785400390625,1.1736630694482306,44.673553466796875,38.0633544921875,0.6833333333333333,0.6833333333333333,0.0,2,6,nearest,gnn,energy_lag_only,61,27,-17.631678899999997,1.6497134422268718,False,False,False
True,True,True,14.6806640625,1.046783549540593,39.844093322753906,38.0633544921875,0.6833333333333333,0.6833333333333333,0.0,2,6,oracle,gnn,energy_lag_only,61,27,-17.631678899999997,1.6497134422268718,False,False,False
True,True,True,10.834228515625,0.9824798640213385,45.14899444580078,45.95411682128906,0.6833333333333333,0.6833333333333333,0.0,2,5,nearest,gnn,energy_lag_only,61,28,-24.5313662333333,1.0645985642535187,True,False,False
True,True,True,12.294921875,0.9852110919964445,45.274505615234375,45.95411682128906,0.6833333333333333,0.6833333333333333,0.0,2,5,oracle,gnn,energy_lag_only,61,28,-24.5313662333333,1.0645985642535187,True,False,False
False,False,True,14.4718017578125,4.13792595088189,209.4315948486328,50.61269760131836,0.6833333333333333,0.6833333333333333,0.0,2,5,nearest,gnn,energy_lag_only,61,29,-45.07626736666657,9.305726041134806,False,False,False
False,False,True,14.4718017578125,4.13792595088189,209.4315948486328,50.61269760131836,0.6833333333333333,0.6833333333333333,0.0,2,5,oracle,gnn,energy_lag_only,61,29,-45.07626736666657,9.305726041134806,False,False,False
False,False,True,6.5087890625,1.7702340946849184,282.02349853515625,159.31423950195312,0.6833333333333333,0.6833333333333333,0.0,2,6,nearest,gnn,energy_lag_only,61,30,-12.067986766666536,12.60799169563128,False,False,False
False,False,True,6.5087890625,1.7702340946849184,282.02349853515625,159.31423950195312,0.6833333333333333,0.6833333333333333,0.0,2,6,oracle,gnn,energy_lag_only,61,30,-12.067986766666536,12.60799169563128,False,False,False
False,False,True,78.41162109375,1.5751229992655829,500.379150390625,317.6762390136719,0.6833333333333333,0.6833333333333333,0.0,2,6,nearest,gnn,energy_lag_only,61,31,-8.633197599999903,4.366150633090896,False,False,False
False,False,True,99.99365234375,1.6000045150565128,508.2834167480469,317.6762390136719,0.6833333333333333,0.6833333333333333,0.0,2,6,oracle,gnn,energy_lag_only,61,31,-8.633197599999903,4.366150633090896,False,False,False
True,True,True,5.985595703125,1.4543855361124223,744.1698608398438,511.67303466796875,0.7166666666666667,0.6833333333333333,0.033333333333333326,2,6,nearest,gnn,energy_lag_only,61,32,12.766447666666636,0.9289147841604405,True,True,True
True,True,True,11.27978515625,1.4407458395317043,737.1907958984375,511.67303466796875,0.7166666666666667,0.6833333333333333,0.033333333333333326,2,6,oracle,gnn,energy_lag_only,61,32,12.766447666666636,0.9289147841604405,True,True,True
True,True,True,24.3961181640625,0.9847360480980382,26.396642684936523,26.805805206298828,0.6833333333333333,0.6833333333333333,0.0,2,6,nearest,gnn,energy_lag_only,61,33,-7.500190633333432,1.036624119007333,True,False,False
True,True,True,25.2115478515625,0.9761065242669648,26.165321350097656,26.805805206298828,0.6833333333333333,0.6833333333333333,0.0,2,6,oracle,gnn,energy_lag_only,61,33,-7.500190633333432,1.036624119007333,True,False,False
False,True,False,-2.21630859375,0.9912645913478705,48.87506103515625,49.30576705932617,0.6833333333333333,0.6833333333333333,0.0,2,6,nearest,gnn,energy_lag_only,61,34,-9.860398600000053,1.0946524696915816,True,False,False
True,True,True,2.4609375,0.985631337082234,48.59730911254883,49.30576705932617,0.6833333333333333,0.6833333333333333,0.0,2,6,oracle,gnn,energy_lag_only,61,34,-9.860398600000053,1.0946524696915816,True,False,False
True,True,True,28.86865234375,0.9860985654210211,577.9533081054688,586.1009521484375,0.6833333333333333,0.6833333333333333,0.0,2,5,nearest,gnn,energy_lag_only,61,35,-14.078193633333512,1.826340975315445,False,False,False
True,True,True,25.725341796875,0.7618090495172284,446.49700927734375,586.1009521484375,0.6833333333333333,0.6833333333333333,0.0,2,5,oracle,gnn,energy_lag_only,61,35,-14.078193633333512,1.826340975315445,False,False,False
False,False,False,-3.9169921875,2.8188958263027373,299.1429748535156,106.12062072753906,0.6833333333333333,0.6833333333333333,0.0,2,5,nearest,gnn,energy_lag_only,61,36,-23.22838569999999,2.573781231312626,False,False,False
False,False,False,-4.243408203125,2.527217986170833,268.18994140625,106.12062072753906,0.6833333333333333,0.6833333333333333,0.0,2,5,oracle,gnn,energy_lag_only,61,36,-23.22838569999999,2.573781231312626,False,False,False
False,True,False,-87.37158203125,1.077082162904705,1165.0045166015625,1081.630126953125,1.0,0.9333333333333333,0.06666666666666665,2,5,nearest,gnn,energy_lag_only,61,37,-3.164002966666885,2.213693869180355,False,False,False
False,True,False,-45.689453125,1.0075559373657699,1089.8028564453125,1081.630126953125,1.0,0.9333333333333333,0.06666666666666665,2,5,oracle,gnn,energy_lag_only,61,37,-3.164002966666885,2.213693869180355,False,False,False
True,True,True,0.8651123046875,1.0134762682926513,20.812175750732422,20.53543472290039,0.6833333333333333,0.6833333333333333,0.0,2,4,nearest,gnn,energy_lag_only,61,38,-72.95921653333335,1.0346444077483639,True,False,False
True,True,True,1.025146484375,1.0138555936841764,20.819965362548828,20.53543472290039,0.6833333333333333,0.6833333333333333,0.0,2,4,oracle,gnn,energy_lag_only,61,38,-72.95921653333335,1.0346444077483639,True,False,False
True,True,True,8.892333984375,0.9719843491502107,26.024919509887695,26.775039672851562,0.6833333333333333,0.6833333333333333,0.0,2,4,nearest,gnn,energy_lag_only,61,39,-24.06741783333314,1.0546426384497067,True,False,False
True,True,True,7.307373046875,0.9726595246331485,26.042997360229492,26.775039672851562,0.6833333333333333,0.6833333333333333,0.0,2,4,oracle,gnn,energy_lag_only,61,39,-24.06741783333314,1.0546426384497067,True,False,False
True,True,True,2.37255859375,1.0016961265723392,20.726484298706055,20.691389083862305,0.6833333333333333,0.6833333333333333,0.0,3,7,nearest,gnn,energy_lag_only,61,0,6.520652366666809,1.0508762286389612,True,True,True
True,True,True,2.3765869140625,1.0099668637707087,20.89761734008789,20.691389083862305,0.6833333333333333,0.6833333333333333,0.0,3,7,oracle,gnn,energy_lag_only,61,0,6.520652366666809,1.0508762286389612,True,True,True
False,False,False,-87.9443359375,6.136039846631952,160.12655639648438,26.0960750579834,0.6833333333333333,0.6833333333333333,0.0,3,7,nearest,gnn,energy_lag_only,61,1,0.29075673333341,1.0023046444548163,True,True,True
False,False,False,-102.6851806640625,11.972343816728413,312.4311828613281,26.0960750579834,0.6833333333333333,0.6833333333333333,0.0,3,7,oracle,gnn,energy_lag_only,61,1,0.29075673333341,1.0023046444548163,True,True,True
False,True,False,-5.851318359375,1.0137196427584059,42.801734924316406,42.22245788574219,0.6833333333333333,0.6833333333333333,0.0,3,7,nearest,gnn,energy_lag_only,61,2,12.621657799999866,0.9497429526478286,True,True,True
True,True,True,22.8001708984375,0.8091249980575268,34.163246154785156,42.22245788574219,0.6833333333333333,0.6833333333333333,0.0,3,7,oracle,gnn,energy_lag_only,61,2,12.621657799999866,0.9497429526478286,True,True,True
True,True,True,4.198974609375,1.034822153762794,290.485107421875,280.7101745605469,0.6833333333333333,0.6833333333333333,0.0,3,6,nearest,gnn,energy_lag_only,61,3,-3.254433199999994,1.1539617222030372,True,False,False
True,True,True,4.912841796875,1.0030808916984868,281.57501220703125,280.7101745605469,0.6833333333333333,0.6833333333333333,0.0,3,6,oracle,gnn,energy_lag_only,61,3,-3.254433199999994,1.1539617222030372,True,False,False
True,True,True,5.45361328125,0.9772519713775846,22.334636688232422,22.85453224182129,0.6833333333333333,0.6833333333333333,0.0,3,5,nearest,gnn,energy_lag_only,61,4,-19.99570093333341,1.0901231770026032,True,False,False
True,True,True,5.45361328125,0.9772519713775846,22.334636688232422,22.85453224182129,0.6833333333333333,0.6833333333333333,0.0,3,5,oracle,gnn,energy_lag_only,61,4,-19.99570093333341,1.0901231770026032,True,False,False
True,True,True,8.15185546875,1.1841611681526156,432.066650390625,364.8714904785156,0.6833333333333333,0.6833333333333333,0.0,3,4,nearest,gnn,energy_lag_only,61,5,3.3277532666666048,0.8371502810063084,True,True,True
True,True,True,8.15185546875,1.1841611681526156,432.066650390625,364.8714904785156,0.6833333333333333,0.6833333333333333,0.0,3,4,oracle,gnn,energy_lag_only,61,5,3.3277532666666048,0.8371502810063084,True,True,True
True,True,True,2.9429931640625,1.001681265574828,28.218570709228516,28.171207427978516,0.6833333333333333,0.6833333333333333,0.0,3,4,nearest,gnn,energy_lag_only,61,6,-1.8871341999999913,1.0051582606606795,True,False,False
True,True,True,2.9429931640625,1.001681265574828,28.218570709228516,28.171207427978516,0.6833333333333333,0.6833333333333333,0.0,3,4,oracle,gnn,energy_lag_only,61,6,-1.8871341999999913,1.0051582606606795,True,False,False
True,True,True,4.36669921875,1.0013863585654539,21.2896728515625,21.26019859313965,0.6833333333333333,0.6833333333333333,0.0,3,4,nearest,gnn,energy_lag_only,61,7,-0.8070668000000296,0.9931772391523623,True,False,False
True,True,True,4.4339599609375,0.9999081323256956,21.25824546813965,21.26019859313965,0.6833333333333333,0.6833333333333333,0.0,3,4,oracle,gnn,energy_lag_only,61,7,-0.8070668000000296,0.9931772391523623,True,False,False
True,True,True,5.7845458984375,1.2298940686777942,586.5736694335938,476.93023681640625,0.7833333333333333,0.75,0.033333333333333326,3,4,nearest,gnn,energy_lag_only,61,8,6.381240733333243,0.873970676041242,True,True,True
True,True,True,7.2730712890625,1.227552637725116,585.4569702148438,476.93023681640625,0.7833333333333333,0.75,0.033333333333333326,3,4,oracle,gnn,energy_lag_only,61,8,6.381240733333243,0.873970676041242,True,True,True
False,True,False,-64.3978271484375,1.115382707635721,231.950927734375,207.95635986328125,0.6833333333333333,0.6833333333333333,0.0,3,4,nearest,gnn,energy_lag_only,61,9,-15.466190333333316,0.9601287930471871,True,False,False
False,True,False,-65.4786376953125,1.112466786825497,231.34454345703125,207.95635986328125,0.6833333333333333,0.6833333333333333,0.0,3,4,oracle,gnn,energy_lag_only,61,9,-15.466190333333316,0.9601287930471871,True,False,False
False,True,False,-0.044189453125,1.2007930899966077,283.083984375,235.7475128173828,0.6833333333333333,0.6833333333333333,0.0,3,4,nearest,gnn,energy_lag_only,61,10,2.2381830333335984,1.2621237654172879,True,True,True
False,True,False,-0.044189453125,1.2007930899966077,283.083984375,235.7475128173828,0.6833333333333333,0.6833333333333333,0.0,3,4,oracle,gnn,energy_lag_only,61,10,2.2381830333335984,1.2621237654172879,True,True,True
True,True,True,14.56689453125,1.1892431120223002,1395.5076904296875,1173.44189453125,0.9166666666666666,0.8666666666666667,0.04999999999999993,3,4,nearest,gnn,energy_lag_only,61,11,27.00026949999983,1.6140110014926514,False,True,False
True,True,True,13.81494140625,1.2400709842548026,1455.1512451171875,1173.44189453125,0.9,0.8666666666666667,0.033333333333333326,3,4,oracle,gnn,energy_lag_only,61,11,27.00026949999983,1.6140110014926514,False,True,False
True,True,True,3.516357421875,1.0056222329104456,20.617568969726562,20.502300262451172,0.6833333333333333,0.6833333333333333,0.0,3,4,nearest,gnn,energy_lag_only,61,12,-62.29991323333343,4.342624535128006,False,False,False
True,True,True,3.6285400390625,0.9990449441860768,20.48271942138672,20.502300262451172,0.6833333333333333,0.6833333333333333,0.0,3,4,oracle,gnn,energy_lag_only,61,12,-62.29991323333343,4.342624535128006,False,False,False
False,False,True,19.121337890625,1.5837780225447222,1058.3282470703125,668.2301635742188,0.8166666666666667,0.7333333333333333,0.08333333333333337,3,5,nearest,gnn,energy_lag_only,61,13,-6.58969263333347,0.6357676430500306,True,False,False
False,False,True,21.96728515625,1.5803605003633903,1056.0445556640625,668.2301635742188,0.85,0.7333333333333333,0.1166666666666667,3,5,oracle,gnn,energy_lag_only,61,13,-6.58969263333347,0.6357676430500306,True,False,False
False,True,False,-99.7061767578125,1.4551207695374144,344.49200439453125,236.74461364746094,0.6833333333333333,0.6833333333333333,0.0,3,5,nearest,gnn,energy_lag_only,61,14,-14.776954933333627,6.87986470907451,False,False,False
False,False,False,-100.530517578125,1.687583510336091,399.52630615234375,236.74461364746094,0.6833333333333333,0.6833333333333333,0.0,3,5,oracle,gnn,energy_lag_only,61,14,-14.776954933333627,6.87986470907451,False,False,False
True,True,True,10.4207763671875,1.0367170274623427,26.956111907958984,26.00141716003418,0.6833333333333333,0.6833333333333333,0.0,3,5,nearest,gnn,energy_lag_only,61,15,3.6805031333331044,1.0122646991772664,True,True,True
True,True,True,10.4207763671875,1.0367170274623427,26.956111907958984,26.00141716003418,0.6833333333333333,0.6833333333333333,0.0,3,5,oracle,gnn,energy_lag_only,61,15,3.6805031333331044,1.0122646991772664,True,True,True
False,False,True,4.666015625,1.5704238398269736,494.8926086425781,315.1331481933594,0.6833333333333333,0.6833333333333333,0.0,3,5,nearest,gnn,energy_lag_only,61,16,-17.03120110000009,1.8712589986632386,False,False,False
False,False,True,6.133056640625,1.6780804864635221,528.8187866210938,315.1331481933594,0.6833333333333333,0.6833333333333333,0.0,3,5,oracle,gnn,energy_lag_only,61,16,-17.03120110000009,1.8712589986632386,False,False,False
True,True,True,7.5986328125,1.2184017614959732,434.1780700683594,356.3504943847656,0.6833333333333333,0.6833333333333333,0.0,3,6,nearest,gnn,energy_lag_only,61,17,-12.644774433333396,0.9655348297933251,True,False,False
True,True,True,6.1483154296875,0.9299390685518828,331.3842468261719,356.3504943847656,0.6833333333333333,0.6833333333333333,0.0,3,6,oracle,gnn,energy_lag_only,61,17,-12.644774433333396,0.9655348297933251,True,False,False
True,True,True,0.1649169921875,1.0615794372163092,238.23069763183594,224.41156005859375,0.6833333333333333,0.6833333333333333,0.0,3,6,nearest,gnn,energy_lag_only,61,18,2.115690633333543,0.6103568862407378,True,True,True
True,True,True,0.4356689453125,0.9238894907172323,207.33148193359375,224.41156005859375,0.6833333333333333,0.6833333333333333,0.0,3,6,oracle,gnn,energy_lag_only,61,18,2.115690633333543,0.6103568862407378,True,True,True
True,True,True,25.795654296875,1.3052295639078622,1445.8570556640625,1107.7415771484375,0.8333333333333334,0.7666666666666667,0.06666666666666665,3,6,nearest,gnn,energy_lag_only,61,19,40.68051859999969,1.257015561923831,True,True,True
True,True,True,34.5390625,1.3892391515280145,1538.91796875,1107.7415771484375,0.8333333333333334,0.7666666666666667,0.06666666666666665,3,6,oracle,gnn,energy_lag_only,61,19,40.68051859999969,1.257015561923831,True,True,True
True,True,True,2.8621826171875,1.0074237693361225,20.960466384887695,20.806007385253906,0.6833333333333333,0.6833333333333333,0.0,3,6,nearest,gnn,energy_lag_only,61,20,-39.98266666666677,1.8389205966549216,False,False,False
True,True,True,2.7548828125,1.0236562116692365,21.298198699951172,20.806007385253906,0.6833333333333333,0.6833333333333333,0.0,3,6,oracle,gnn,energy_lag_only,61,20,-39.98266666666677,1.8389205966549216,False,False,False
True,True,True,37.9329833984375,0.993133862931709,25.430370330810547,25.606185913085938,0.6833333333333333,0.6833333333333333,0.0,3,8,nearest,gnn,energy_lag_only,61,21,-5.281077933333108,1.0159880124725968,True,False,False
True,True,True,38.5667724609375,0.9995033153033114,25.593467712402344,25.606185913085938,0.6833333333333333,0.6833333333333333,0.0,3,8,oracle,gnn,energy_lag_only,61,21,-5.281077933333108,1.0159880124725968,True,False,False
True,True,True,19.902099609375,1.1550102063469256,48.049652099609375,41.6010627746582,0.6833333333333333,0.6833333333333333,0.0,3,8,nearest,gnn,energy_lag_only,61,22,-2.7483766666666725,1.06144767711277,True,False,False
True,True,True,18.0816650390625,1.1836680293163,49.24184799194336,41.6010627746582,0.6833333333333333,0.6833333333333333,0.0,3,8,oracle,gnn,energy_lag_only,61,22,-2.7483766666666725,1.06144767711277,True,False,False
True,True,True,36.27783203125,0.7845867811116747,26.14777374267578,33.32680892944336,0.6833333333333333,0.6833333333333333,0.0,3,9,nearest,gnn,energy_lag_only,61,23,-19.72016606666648,0.9990774433561979,True,False,False
True,True,True,39.145263671875,0.7949432508018441,26.492921829223633,33.32680892944336,0.6833333333333333,0.6833333333333333,0.0,3,9,oracle,gnn,energy_lag_only,61,23,-19.72016606666648,0.9990774433561979,True,False,False
True,True,True,21.9659423828125,1.2269690420219102,120.35395050048828,98.0904541015625,0.6833333333333333,0.6833333333333333,0.0,3,9,nearest,gnn,energy_lag_only,61,24,7.082139666666535,1.0418341960635213,True,True,True
True,True,True,46.2005615234375,0.5977134711663267,58.62998580932617,98.0904541015625,0.6833333333333333,0.6833333333333333,0.0,3,9,oracle,gnn,energy_lag_only,61,24,7.082139666666535,1.0418341960635213,True,True,True
True,True,True,31.2735595703125,1.085872912977342,29.640052795410156,27.29606056213379,0.6833333333333333,0.6833333333333333,0.0,3,8,nearest,gnn,energy_lag_only,61,25,-3.267896900000096,0.865005268792262,True,False,False
True,True,True,26.5662841796875,1.0910051899249227,29.78014373779297,27.29606056213379,0.6833333333333333,0.6833333333333333,0.0,3,8,oracle,gnn,energy_lag_only,61,25,-3.267896900000096,0.865005268792262,True,False,False
False,False,True,29.690185546875,2.804158316857416,420.80157470703125,150.06341552734375,0.6833333333333333,0.6833333333333333,0.0,3,9,nearest,gnn,energy_lag_only,61,26,3.4722998000002008,20.097426654453756,False,True,False
False,False,True,29.690185546875,2.804158316857416,420.80157470703125,150.06341552734375,0.6833333333333333,0.6833333333333333,0.0,3,9,oracle,gnn,energy_lag_only,61,26,3.4722998000002008,20.097426654453756,False,True,False
True,True,True,58.691650390625,0.9570143755111203,36.42717742919922,38.0633544921875,0.6833333333333333,0.6833333333333333,0.0,3,10,nearest,gnn,energy_lag_only,61,27,5.216848566666613,0.8748319793327064,True,True,True
True,True,True,64.54345703125,0.881840293924282,33.565799713134766,38.0633544921875,0.6833333333333333,0.6833333333333333,0.0,3,10,oracle,gnn,energy_lag_only,61,27,5.216848566666613,0.8748319793327064,True,True,True
False,False,True,25.1590576171875,3.5920085640790145,165.0675811767578,45.95411682128906,0.6833333333333333,0.6833333333333333,0.0,3,10,nearest,gnn,energy_lag_only,61,28,-7.904399600000033,1.1713500376574482,True,False,False
False,False,True,22.2838134765625,4.079575010235256,187.4732666015625,45.95411682128906,0.6833333333333333,0.6833333333333333,0.0,3,10,oracle,gnn,energy_lag_only,61,28,-7.904399600000033,1.1713500376574482,True,False,False
False,True,False,-1.698486328125,0.743517602559276,37.631431579589844,50.61269760131836,0.6833333333333333,0.6833333333333333,0.0,3,10,nearest,gnn,energy_lag_only,61,29,-47.583690199999864,2.7681152800109965,False,False,False
True,True,True,11.788330078125,0.7534464416333813,38.13395690917969,50.61269760131836,0.6833333333333333,0.6833333333333333,0.0,3,10,oracle,gnn,energy_lag_only,61,29,-47.583690199999864,2.7681152800109965,False,False,False
False,False,False,-5.29443359375,1.9148980472602817,305.0705261230469,159.31423950195312,0.6833333333333333,0.6833333333333333,0.0,3,10,nearest,gnn,energy_lag_only,61,30,-5.588850866666462,10.629709330952833,False,False,False
False,False,True,7.450927734375,2.0395091648949344,324.9228515625,159.31423950195312,0.6833333333333333,0.6833333333333333,0.0,3,10,oracle,gnn,energy_lag_only,61,30,-5.588850866666462,10.629709330952833,False,False,False
False,False,True,24.677490234375,2.1975504377443356,698.1095581054688,317.6762390136719,0.7666666666666667,0.6833333333333333,0.08333333333333337,3,10,nearest,gnn,energy_lag_only,61,31,-6.416819400000122,2.589210838659513,False,False,False
False,False,True,23.262939453125,1.9905408605409518,632.3475341796875,317.6762390136719,0.75,0.6833333333333333,0.06666666666666665,3,10,oracle,gnn,energy_lag_only,61,31,-6.416819400000122,2.589210838659513,False,False,False
True,True,True,30.962646484375,0.9058220969406737,463.4847412109375,511.67303466796875,0.6833333333333333,0.6833333333333333,0.0,3,11,nearest,gnn,energy_lag_only,61,32,-4.2974644666667245,3.3059719949073743,False,False,False
True,True,True,39.418212890625,0.9394892864355368,480.7113342285156,511.67303466796875,0.6833333333333333,0.6833333333333333,0.0,3,11,oracle,gnn,energy_lag_only,61,32,-4.2974644666667245,3.3059719949073743,False,False,False
True,True,True,22.5657958984375,0.9904132372067037,26.548824310302734,26.805805206298828,0.6833333333333333,0.6833333333333333,0.0,3,10,nearest,gnn,energy_lag_only,61,33,-2.5762052000002313,1.0019574874983512,True,False,False
True,True,True,13.3243408203125,0.9916689685086668,26.58248519897461,26.805805206298828,0.6833333333333333,0.6833333333333333,0.0,3,10,oracle,gnn,energy_lag_only,61,33,-2.5762052000002313,1.0019574874983512,True,False,False
False,True,False,-39.581787109375,0.7826286162755873,38.588104248046875,49.30576705932617,0.6833333333333333,0.6833333333333333,0.0,3,10,nearest,gnn,energy_lag_only,61,34,-35.24921160000031,4.122834988179906,False,False,False
True,True,True,82.5283203125,0.7471908969223017,36.8408203125,49.30576705932617,0.6833333333333333,0.6833333333333333,0.0,3,10,oracle,gnn,energy_lag_only,61,34,-35.24921160000031,4.122834988179906,False,False,False
True,True,True,6.0556640625,0.3153219862209271,184.81051635742188,586.1009521484375,0.6833333333333333,0.6833333333333333,0.0,3,10,nearest,gnn,energy_lag_only,61,35,30.88746083333308,11.844307956870596,False,True,False
True,True,True,6.0556640625,0.3153219862209271,184.81051635742188,586.1009521484375,0.6833333333333333,0.6833333333333333,0.0,3,10,oracle,gnn,energy_lag_only,61,35,30.88746083333308,11.844307956870596,False,True,False
False,True,False,-6.14892578125,0.9947129439124877,105.55955505371094,106.12062072753906,0.6833333333333333,0.6833333333333333,0.0,3,9,nearest,gnn,energy_lag_only,61,36,-53.57331450000015,1.1560085683439654,True,False,False
False,True,False,-17.6201171875,1.0056222959914567,106.7172622680664,106.12062072753906,0.6833333333333333,0.6833333333333333,0.0,3,9,oracle,gnn,energy_lag_only,61,36,-53.57331450000015,1.1560085683439654,True,False,False
True,True,True,41.37548828125,1.3679954008221007,1479.6650390625,1081.630126953125,0.9333333333333333,0.9333333333333333,0.0,3,9,nearest,gnn,energy_lag_only,61,37,58.098749566666356,4.17500831744961,False,True,False
True,True,True,44.24365234375,1.3535068392908292,1463.9937744140625,1081.630126953125,0.9333333333333333,0.9333333333333333,0.0,3,9,oracle,gnn,energy_lag_only,61,37,58.098749566666356,4.17500831744961,False,True,False
True,True,True,2.084228515625,1.015695098919034,20.85774040222168,20.53543472290039,0.6833333333333333,0.6833333333333333,0.0,3,9,nearest,gnn,energy_lag_only,61,38,-99.28486810000004,21.45485537228427,False,False,False
True,True,True,2.6121826171875,1.005930720917009,20.657224655151367,20.53543472290039,0.6833333333333333,0.6833333333333333,0.0,3,9,oracle,gnn,energy_lag_only,61,38,-99.28486810000004,21.45485537228427,False,False,False
True,True,True,48.28369140625,0.9424400434483046,25.233869552612305,26.775039672851562,0.6833333333333333,0.6833333333333333,0.0,3,9,nearest,gnn,energy_lag_only,61,39,-9.270024766666438,1.0184595581769809,True,False,False
True,True,True,47.3271484375,0.9420322169406216,25.222949981689453,26.775039672851562,0.6833333333333333,0.6833333333333333,0.0,3,9,oracle,gnn,energy_lag_only,61,39,-9.270024766666438,1.0184595581769809,True,False,False
True,True,True,3.050537109375,0.9920666445002589,20.527236938476562,20.691389083862305,0.6833333333333333,0.6833333333333333,0.0,4,12,nearest,gnn,energy_lag_only,61,0,9.70355890000019,0.9891706650867147,True,True,True
False,True,False,-0.3564453125,1.0240656393609031,21.189340591430664,20.691389083862305,0.6833333333333333,0.6833333333333333,0.0,4,12,oracle,gnn,energy_lag_only,61,0,9.70355890000019,0.9891706650867147,True,True,True
True,True,True,0.4075927734375,0.9918247220644505,25.882732391357422,26.0960750579834,0.6833333333333333,0.6833333333333333,0.0,4,13,nearest,gnn,energy_lag_only,61,1,-4.564158933333374,1.0514611212804694,True,False,False
False,True,False,-13.62841796875,1.2771916447903753,33.329689025878906,26.0960750579834,0.6833333333333333,0.6833333333333333,0.0,4,13,oracle,gnn,energy_lag_only,61,1,-4.564158933333374,1.0514611212804694,True,False,False
False,False,False,-12.2984619140625,7.284591652388736,307.5733642578125,42.22245788574219,0.6833333333333333,0.6833333333333333,0.0,4,13,nearest,gnn,energy_lag_only,61,2,6.437456533333261,0.950851322590534,True,True,True
False,False,False,-16.6611328125,6.623085399070721,279.6429443359375,42.22245788574219,0.6833333333333333,0.6833333333333333,0.0,4,13,oracle,gnn,energy_lag_only,61,2,6.437456533333261,0.950851322590534,True,True,True
True,True,True,2.9534912109375,0.9255121945757215,259.8006896972656,280.7101745605469,0.6833333333333333,0.6833333333333333,0.0,4,13,nearest,gnn,energy_lag_only,61,3,2.073887133333301,0.9339094361139124,True,True,True
True,True,True,5.9287109375,0.9170316159129649,257.42010498046875,280.7101745605469,0.6833333333333333,0.6833333333333333,0.0,4,13,oracle,gnn,energy_lag_only,61,3,2.073887133333301,0.9339094361139124,True,True,True
True,True,True,3.535888671875,1.2619816785629072,28.84200096130371,22.85453224182129,0.6833333333333333,0.6833333333333333,0.0,4,13,nearest,gnn,energy_lag_only,61,4,-3.34094836666668,1.1079364272889105,True,False,False
False,True,False,-0.5814208984375,1.2085108964788813,27.619951248168945,22.85453224182129,0.6833333333333333,0.6833333333333333,0.0,4,13,oracle,gnn,energy_lag_only,61,4,-3.34094836666668,1.1079364272889105,True,False,False
True,True,True,28.8907470703125,0.06363216180949839,23.217561721801758,364.8714904785156,0.6833333333333333,0.6833333333333333,0.0,4,14,nearest,gnn,energy_lag_only,61,5,-54.30783263333342,0.1931019612476346,True,False,False
True,True,True,27.714599609375,0.06716478057367994,24.506513595581055,364.8714904785156,0.6833333333333333,0.6833333333333333,0.0,4,14,oracle,gnn,energy_lag_only,61,5,-54.30783263333342,0.1931019612476346,True,False,False
False,False,False,-69.8970947265625,4.701986333488289,132.46063232421875,28.171207427978516,0.6833333333333333,0.6833333333333333,0.0,4,14,nearest,gnn,energy_lag_only,61,6,-8.09107076666669,1.057512957012577,True,False,False
False,True,False,-54.2236328125,1.3430198839173868,37.83449172973633,28.171207427978516,0.6833333333333333,0.6833333333333333,0.0,4,14,oracle,gnn,energy_lag_only,61,6,-8.09107076666669,1.057512957012577,True,False,False
True,True,True,3.8670654296875,0.9627382380443956,20.468006134033203,21.26019859313965,0.6833333333333333,0.6833333333333333,0.0,4,14,nearest,gnn,energy_lag_only,61,7,-0.5768266333332122,1.020073546961594,True,False,False
True,True,True,3.87353515625,0.9772836540941627,20.777244567871094,21.26019859313965,0.6833333333333333,0.6833333333333333,0.0,4,14,oracle,gnn,energy_lag_only,61,7,-0.5768266333332122,1.020073546961594,True,False,False
False,True,False,-0.1932373046875,0.8801767974891301,419.7829284667969,476.93023681640625,0.7,0.75,-0.050000000000000044,4,13,nearest,gnn,energy_lag_only,61,8,-8.44530786666678,1.0038294640724634,True,False,False
False,True,False,-2.3072509765625,0.7571309920303557,361.0986633300781,476.93023681640625,0.6833333333333333,0.75,-0.06666666666666665,4,13,oracle,gnn,energy_lag_only,61,8,-8.44530786666678,1.0038294640724634,True,False,False
False,True,False,-5.181884765625,0.9487929379244925,197.30752563476562,207.95635986328125,0.6833333333333333,0.6833333333333333,0.0,4,14,nearest,gnn,energy_lag_only,61,9,4.74318930000004,0.7575791532895725,True,True,True
False,True,False,-5.181884765625,0.9487929379244925,197.30752563476562,207.95635986328125,0.6833333333333333,0.6833333333333333,0.0,4,14,oracle,gnn,energy_lag_only,61,9,4.74318930000004,0.7575791532895725,True,True,True
True,True,True,15.95703125,0.9182766234373978,216.48143005371094,235.7475128173828,0.6833333333333333,0.6833333333333333,0.0,4,12,nearest,gnn,energy_lag_only,61,10,-52.77160439999966,1.3431286984268311,True,False,False
True,True,True,15.95703125,0.9182766234373978,216.48143005371094,235.7475128173828,0.6833333333333333,0.6833333333333333,0.0,4,12,oracle,gnn,energy_lag_only,61,10,-52.77160439999966,1.3431286984268311,True,False,False
False,True,False,-6.512451171875,0.9316628308232867,1093.252197265625,1173.44189453125,0.9166666666666666,0.8666666666666667,0.04999999999999993,4,12,nearest,gnn,energy_lag_only,61,11,-35.36827746666677,1.7282828843666336,False,False,False
False,True,False,-6.512451171875,0.9316628308232867,1093.252197265625,1173.44189453125,0.9166666666666666,0.8666666666666667,0.04999999999999993,4,12,oracle,gnn,energy_lag_only,61,11,-35.36827746666677,1.7282828843666336,False,False,False
True,True,True,3.867431640625,1.003750450037259,20.579193115234375,20.502300262451172,0.6833333333333333,0.6833333333333333,0.0,4,11,nearest,gnn,energy_lag_only,61,12,-2.60722039999996,1.0429211248812944,True,False,False
True,True,True,3.867431640625,1.003750450037259,20.579193115234375,20.502300262451172,0.6833333333333333,0.6833333333333333,0.0,4,11,oracle,gnn,energy_lag_only,61,12,-2.60722039999996,1.0429211248812944,True,False,False
False,True,False,-31.04248046875,0.5803792247606314,387.826904296875,668.2301635742188,0.6833333333333333,0.7333333333333333,-0.04999999999999993,4,10,nearest,gnn,energy_lag_only,61,13,-34.679685800000016,0.6553859495487728,True,False,False
False,True,False,-31.04248046875,0.5803792247606314,387.826904296875,668.2301635742188,0.6833333333333333,0.7333333333333333,-0.04999999999999993,4,10,oracle,gnn,energy_lag_only,61,13,-34.679685800000016,0.6553859495487728,True,False,False
True,True,True,23.6126708984375,1.0978382299530882,259.90728759765625,236.74461364746094,0.6833333333333333,0.6833333333333333,0.0,4,11,nearest,gnn,energy_lag_only,61,14,-4.902121866666903,1.2057428888304358,True,False,False
False,True,False,-63.33642578125,1.1243832618071394,266.1916809082031,236.74461364746094,0.6833333333333333,0.6833333333333333,0.0,4,11,oracle,gnn,energy_lag_only,61,14,-4.902121866666903,1.2057428888304358,True,False,False
False,True,False,-2.736328125,0.9913811613080794,25.777315139770508,26.00141716003418,0.6833333333333333,0.6833333333333333,0.0,4,11,nearest,gnn,energy_lag_only,61,15,-14.864381366666748,1.0518443151444175,True,False,False
False,True,False,-2.0625,0.9927799052114067,25.813684463500977,26.00141716003418,0.6833333333333333,0.6833333333333333,0.0,4,11,oracle,gnn,energy_lag_only,61,15,-14.864381366666748,1.0518443151444175,True,False,False
True,True,True,0.4422607421875,0.8273077543972018,260.71209716796875,315.1331481933594,0.6833333333333333,0.6833333333333333,0.0,4,12,nearest,gnn,energy_lag_only,61,16,1.7115879000000405,0.8051629536396647,True,True,True
False,False,False,-0.243896484375,1.5409375280534148,485.6004943847656,315.1331481933594,0.6833333333333333,0.6833333333333333,0.0,4,12,oracle,gnn,energy_lag_only,61,16,1.7115879000000405,0.8051629536396647,True,True,True
True,True,True,28.2117919921875,0.0896985236141155,31.964113235473633,356.3504943847656,0.6833333333333333,0.6833333333333333,0.0,4,13,nearest,gnn,energy_lag_only,61,17,-50.00219579999998,0.26650789559915367,True,False,False
True,True,True,27.7783203125,0.08846219837759925,31.523548126220703,356.3504943847656,0.6833333333333333,0.6833333333333333,0.0,4,13,oracle,gnn,energy_lag_only,61,17,-50.00219579999998,0.26650789559915367,True,False,False
False,True,False,-11.390380859375,1.1923936271047408,267.5869140625,224.41156005859375,0.6833333333333333,0.6833333333333333,0.0,4,11,nearest,gnn,energy_lag_only,61,18,-21.29756793333354,2.0784104576233275,False,False,False
False,True,False,-9.3992919921875,1.1351294713632305,254.73617553710938,224.41156005859375,0.6833333333333333,0.6833333333333333,0.0,4,11,oracle,gnn,energy_lag_only,61,18,-21.29756793333354,2.0784104576233275,False,False,False
True,True,True,8.52001953125,0.8422423024041009,932.98681640625,1107.7415771484375,0.8166666666666667,0.7666666666666667,0.04999999999999993,4,11,nearest,gnn,energy_lag_only,61,19,-44.17344233333324,0.9783901537557101,True,False,False
True,True,True,0.463134765625,1.0967514999803298,1214.917236328125,1107.7415771484375,0.8,0.7666666666666667,0.033333333333333326,4,11,oracle,gnn,energy_lag_only,61,19,-44.17344233333324,0.9783901537557101,True,False,False
True,True,True,3.572265625,0.9920874303514559,20.64137840270996,20.806007385253906,0.6833333333333333,0.6833333333333333,0.0,4,11,nearest,gnn,energy_lag_only,61,20,-4.2913000333333,0.9055905652569832,True,False,False
True,True,True,3.74365234375,1.0070901713734628,20.95352554321289,20.806007385253906,0.6833333333333333,0.6833333333333333,0.0,4,11,oracle,gnn,energy_lag_only,61,20,-4.2913000333333,0.9055905652569832,True,False,False
True,True,True,23.3438720703125,0.9869044476371573,25.270858764648438,25.606185913085938,0.6833333333333333,0.6833333333333333,0.0,4,9,nearest,gnn,energy_lag_only,61,21,-40.5414594333331,1.0867953504182348,True,False,False
True,True,True,26.4261474609375,0.9887712610547355,25.318660736083984,25.606185913085938,0.6833333333333333,0.6833333333333333,0.0,4,9,oracle,gnn,energy_lag_only,61,21,-40.5414594333331,1.0867953504182348,True,False,False
True,True,True,13.780517578125,1.0287128412358972,42.79554748535156,41.6010627746582,0.6833333333333333,0.6833333333333333,0.0,4,9,nearest,gnn,energy_lag_only,61,22,-6.85482583333328,1.0708764778721944,True,False,False
True,True,True,5.1341552734375,1.0485392237601152,43.62034606933594,41.6010627746582,0.6833333333333333,0.6833333333333333,0.0,4,9,oracle,gnn,energy_lag_only,61,22,-6.85482583333328,1.0708764778721944,True,False,False
True,True,True,28.44580078125,0.9709810296502356,32.35969924926758,33.32680892944336,0.6833333333333333,0.6833333333333333,0.0,4,8,nearest,gnn,energy_lag_only,61,23,-23.241722699999855,1.0862913330644095,True,False,False
True,True,True,31.3480224609375,0.9695017056751946,32.31039810180664,33.32680892944336,0.6833333333333333,0.6833333333333333,0.0,4,8,oracle,gnn,energy_lag_only,61,23,-23.241722699999855,1.0862913330644095,True,False,False
True,True,True,30.387451171875,0.8772808742876983,86.0528793334961,98.0904541015625,0.6833333333333333,0.6833333333333333,0.0,4,9,nearest,gnn,energy_lag_only,61,24,-35.671961333333456,1.406808281218942,True,False,False
True,True,True,65.99462890625,0.4251298834432405,41.7011833190918,98.0904541015625,0.6833333333333333,0.6833333333333333,0.0,4,9,oracle,gnn,energy_lag_only,61,24,-35.671961333333456,1.406808281218942,True,False,False
True,True,True,11.8907470703125,1.0474290505406436,28.590686798095703,27.29606056213379,0.6833333333333333,0.6833333333333333,0.0,4,10,nearest,gnn,energy_lag_only,61,25,-22.91091930000016,1.0400081619463724,True,False,False
True,True,True,9.853271484375,1.045445191554439,28.536535263061523,27.29606056213379,0.6833333333333333,0.6833333333333333,0.0,4,10,oracle,gnn,energy_lag_only,61,25,-22.91091930000016,1.0400081619463724,True,False,False
True,True,True,25.274658203125,0.2724296856919621,40.88172912597656,150.06341552734375,0.6833333333333333,0.6833333333333333,0.0,4,10,nearest,gnn,energy_lag_only,61,26,-28.971422766666592,1.4650209870304676,True,False,False
True,True,True,13.248291015625,0.23388501219577174,35.09758377075195,150.06341552734375,0.6833333333333333,0.6833333333333333,0.0,4,10,oracle,gnn,energy_lag_only,61,26,-28.971422766666592,1.4650209870304676,True,False,False
True,True,True,34.3729248046875,1.1245669507560572,42.80479049682617,38.0633544921875,0.6833333333333333,0.6833333333333333,0.0,4,9,nearest,gnn,energy_lag_only,61,27,-13.17687039999987,0.9279803455734223,True,False,False
True,True,True,34.0157470703125,1.0638905480813945,40.495243072509766,38.0633544921875,0.6833333333333333,0.6833333333333333,0.0,4,9,oracle,gnn,energy_lag_only,61,27,-13.17687039999987,0.9279803455734223,True,False,False
False,True,False,-7.0426025390625,1.110034569101512,51.010658264160156,45.95411682128906,0.6833333333333333,0.6833333333333333,0.0,4,10,nearest,gnn,energy_lag_only,61,28,-21.047346166666784,1.495229712430905,True,False,False
False,True,False,-21.9232177734375,1.0858105476435003,49.897464752197266,45.95411682128906,0.6833333333333333,0.6833333333333333,0.0,4,10,oracle,gnn,energy_lag_only,61,28,-21.047346166666784,1.495229712430905,True,False,False
True,True,True,3.3370361328125,1.0905969822461348,55.198055267333984,50.61269760131836,0.6833333333333333,0.6833333333333333,0.0,4,10,nearest,gnn,energy_lag_only,61,29,-50.34729853333329,4.791505670881415,False,False,False
True,True,True,1.722412109375,1.0923433888699834,55.28644561767578,50.61269760131836,0.6833333333333333,0.6833333333333333,0.0,4,10,oracle,gnn,energy_lag_only,61,29,-50.34729853333329,4.791505670881415,False,False,False
True,True,True,1.0321044921875,1.4261959168333362,227.21331787109375,159.31423950195312,0.6833333333333333,0.6833333333333333,0.0,4,10,nearest,gnn,energy_lag_only,61,30,-24.5204539333331,4.042213495532783,False,False,False
True,True,True,3.87939453125,1.1516689592711988,183.47726440429688,159.31423950195312,0.6833333333333333,0.6833333333333333,0.0,4,10,oracle,gnn,energy_lag_only,61,30,-24.5204539333331,4.042213495532783,False,False,False
False,True,False,-23.353759765625,1.349265654877726,428.629638671875,317.6762390136719,0.6833333333333333,0.6833333333333333,0.0,4,10,nearest,gnn,energy_lag_only,61,31,6.1626547999999275,1.013009697670062,True,True,True
False,False,False,-28.45849609375,1.5030622169984194,477.4871520996094,317.6762390136719,0.6833333333333333,0.6833333333333333,0.0,4,10,oracle,gnn,energy_lag_only,61,31,6.1626547999999275,1.013009697670062,True,True,True
False,False,True,1.5615234375,1.5456043246229894,790.8440551757812,511.67303466796875,0.75,0.6833333333333333,0.06666666666666665,4,9,nearest,gnn,energy_lag_only,61,32,-43.717285533333325,4.582926936161971,False,False,False
False,False,True,4.75927734375,1.5282822857146947,781.9808349609375,511.67303466796875,0.75,0.6833333333333333,0.06666666666666665,4,9,oracle,gnn,energy_lag_only,61,32,-43.717285533333325,4.582926936161971,False,False,False
True,True,True,32.4466552734375,0.9952282495142651,26.677894592285156,26.805805206298828,0.6833333333333333,0.6833333333333333,0.0,4,8,nearest,gnn,energy_lag_only,61,33,-42.57816563333358,1.0934640246234495,True,False,False
True,True,True,34.5819091796875,0.9957857435504665,26.692838668823242,26.805805206298828,0.6833333333333333,0.6833333333333333,0.0,4,8,oracle,gnn,energy_lag_only,61,33,-42.57816563333358,1.0934640246234495,True,False,False
True,True,True,32.764404296875,0.9445103062534144,46.56980514526367,49.30576705932617,0.6833333333333333,0.6833333333333333,0.0,4,9,nearest,gnn,energy_lag_only,61,34,-36.33475520000002,1.7994659799368702,False,False,False
False,False,True,31.99365234375,2.7985712573667074,137.98570251464844,49.30576705932617,0.6833333333333333,0.6833333333333333,0.0,4,9,oracle,gnn,energy_lag_only,61,34,-36.33475520000002,1.7994659799368702,False,False,False
True,True,True,6.4609375,1.0198640420932577,597.7432861328125,586.1009521484375,0.7,0.6833333333333333,0.016666666666666607,4,9,nearest,gnn,energy_lag_only,61,35,-8.309164000000237,8.207325833980887,False,False,False
True,True,True,10.285888671875,1.0868806597492908,637.0217895507812,586.1009521484375,0.7166666666666667,0.6833333333333333,0.033333333333333326,4,9,oracle,gnn,energy_lag_only,61,35,-8.309164000000237,8.207325833980887,False,False,False
False,False,False,-18.292236328125,2.5722734240525247,272.97125244140625,106.12062072753906,0.6833333333333333,0.6833333333333333,0.0,4,10,nearest,gnn,energy_lag_only,61,36,-27.703856466666593,1.922529519776395,False,False,False
False,False,False,-20.032958984375,2.6406290058220883,280.2251892089844,106.12062072753906,0.6833333333333333,0.6833333333333333,0.0,4,10,oracle,gnn,energy_lag_only,61,36,-27.703856466666593,1.922529519776395,False,False,False
False,True,False,-28.224365234375,1.0896560931771413,1178.6048583984375,1081.630126953125,0.9666666666666667,0.9333333333333333,0.033333333333333326,4,9,nearest,gnn,energy_lag_only,61,37,12.559847099999843,2.9351231327670257,False,True,False
False,True,False,-26.66650390625,1.1306532408110679,1222.9486083984375,1081.630126953125,0.9666666666666667,0.9333333333333333,0.033333333333333326,4,9,oracle,gnn,energy_lag_only,61,37,12.559847099999843,2.9351231327670257,False,True,False
True,True,True,2.1429443359375,0.9874120441570422,20.276935577392578,20.53543472290039,0.6833333333333333,0.6833333333333333,0.0,4,9,nearest,gnn,energy_lag_only,61,38,-83.5816304,1.657536107547187,False,False,False
True,True,True,2.7509765625,0.9902260552704216,20.3347225189209,20.53543472290039,0.6833333333333333,0.6833333333333333,0.0,4,9,oracle,gnn,energy_lag_only,61,38,-83.5816304,1.657536107547187,False,False,False
True,True,True,24.344970703125,0.9821765925108663,26.29781723022461,26.775039672851562,0.6833333333333333,0.6833333333333333,0.0,4,9,nearest,gnn,energy_lag_only,61,39,-30.377666066666507,1.0881745585157203,True,False,False
True,True,True,26.438720703125,0.9856010529261213,26.389507293701172,26.775039672851562,0.6833333333333333,0.6833333333333333,0.0,4,9,oracle,gnn,energy_lag_only,61,39,-30.377666066666507,1.0881745585157203,True,False,False
True,True,True,2.0814208984375,0.9909619498892309,20.504379272460938,20.691389083862305,0.6833333333333333,0.6833333333333333,0.0,5,8,nearest,gnn,energy_lag_only,61,0,10.358159533333492,1.0101921359863364,True,True,True
False,True,False,-3.795166015625,0.9778711712592827,20.23351287841797,20.691389083862305,0.6833333333333333,0.6833333333333333,0.0,5,8,oracle,gnn,energy_lag_only,61,0,10.358159533333492,1.0101921359863364,True,True,True
True,True,True,9.07421875,0.979319184622499,25.556386947631836,26.0960750579834,0.6833333333333333,0.6833333333333333,0.0,5,8,nearest,gnn,energy_lag_only,61,1,1.1676817000000028,1.52894944454844,False,True,False
True,True,True,7.32666015625,0.9757800456794651,25.46402931213379,26.0960750579834,0.6833333333333333,0.6833333333333333,0.0,5,8,oracle,gnn,energy_lag_only,61,1,1.1676817000000028,1.52894944454844,False,True,False
False,True,False,-1.1378173828125,0.989577592496958,41.78239822387695,42.22245788574219,0.6833333333333333,0.6833333333333333,0.0,5,7,nearest,gnn,energy_lag_only,61,2,4.586766033333333,0.9715874892944493,True,True,True
True,True,True,49.1671142578125,0.783309891145611,33.07326889038086,42.22245788574219,0.6833333333333333,0.6833333333333333,0.0,5,7,oracle,gnn,energy_lag_only,61,2,4.586766033333333,0.9715874892944493,True,True,True
True,True,True,4.94677734375,1.0338839380403642,290.22174072265625,280.7101745605469,0.6833333333333333,0.6833333333333333,0.0,5,7,nearest,gnn,energy_lag_only,61,3,2.937068100000033,0.985430258148574,True,True,True
True,True,True,0.688720703125,1.1237621776432651,315.45147705078125,280.7101745605469,0.6833333333333333,0.6833333333333333,0.0,5,7,oracle,gnn,energy_lag_only,61,3,2.937068100000033,0.985430258148574,True,True,True
False,True,False,-0.247314453125,0.9920992172074325,22.67396354675293,22.85453224182129,0.6833333333333333,0.6833333333333333,0.0,5,8,nearest,gnn,energy_lag_only,61,4,-5.3782341666667435,0.961279101538153,True,False,False
False,True,False,-5.5054931640625,0.9751539701245756,22.28668785095215,22.85453224182129,0.6833333333333333,0.6833333333333333,0.0,5,8,oracle,gnn,energy_lag_only,61,4,-5.3782341666667435,0.961279101538153,True,False,False
True,True,True,10.011474609375,1.3865549402401736,505.91436767578125,364.8714904785156,0.6833333333333333,0.6833333333333333,0.0,5,8,nearest,gnn,energy_lag_only,61,5,6.876818133333245,0.7528070997822272,True,True,True
False,True,False,-8.869384765625,0.9433904458381903,344.2162780761719,364.8714904785156,0.6833333333333333,0.6833333333333333,0.0,5,8,oracle,gnn,energy_lag_only,61,5,6.876818133333245,0.7528070997822272,True,True,True
False,True,False,-24.372802734375,0.7311124044386169,20.5963191986084,28.171207427978516,0.6833333333333333,0.6833333333333333,0.0,5,8,nearest,gnn,energy_lag_only,61,6,-46.433630900000026,1.8857215794092748,False,False,False
True,True,True,6.384033203125,0.7784180395896336,21.92897605895996,28.171207427978516,0.6833333333333333,0.6833333333333333,0.0,5,8,oracle,gnn,energy_lag_only,61,6,-46.433630900000026,1.8857215794092748,False,False,False
True,True,True,1.721923828125,0.9649094192805666,20.5141658782959,21.26019859313965,0.6833333333333333,0.6833333333333333,0.0,5,8,nearest,gnn,energy_lag_only,61,7,-0.2159790000000612,0.9853661390429498,True,False,False
False,True,False,-2.55859375,0.9692303399812694,20.606029510498047,21.26019859313965,0.6833333333333333,0.6833333333333333,0.0,5,8,oracle,gnn,energy_lag_only,61,7,-0.2159790000000612,0.9853661390429498,True,False,False
True,True,True,9.0660400390625,1.3739436462002617,655.2752685546875,476.93023681640625,0.7833333333333333,0.75,0.033333333333333326,5,10,nearest,gnn,energy_lag_only,61,8,3.8440655999997944,1.016232300870289,True,True,True
True,True,True,9.4200439453125,1.4265216709698267,680.351318359375,476.93023681640625,0.7833333333333333,0.75,0.033333333333333326,5,10,oracle,gnn,energy_lag_only,61,8,3.8440655999997944,1.016232300870289,True,True,True
False,True,False,-14.3251953125,1.3425863557212068,279.1993713378906,207.95635986328125,0.6833333333333333,0.6833333333333333,0.0,5,10,nearest,gnn,energy_lag_only,61,9,-7.170035299999881,1.9207614151897112,False,False,False
False,True,False,-26.117919921875,1.340506322426586,278.7668151855469,207.95635986328125,0.6833333333333333,0.6833333333333333,0.0,5,10,oracle,gnn,energy_lag_only,61,9,-7.170035299999881,1.9207614151897112,False,False,False
True,True,True,12.1798095703125,1.4098128090908262,332.35986328125,235.7475128173828,0.6833333333333333,0.6833333333333333,0.0,5,11,nearest,gnn,energy_lag_only,61,10,-47.837620866666384,2.329466824990565,False,False,False
True,True,True,111.4638671875,1.3505727429909316,318.3941650390625,235.7475128173828,0.6833333333333333,0.6833333333333333,0.0,5,11,oracle,gnn,energy_lag_only,61,10,-47.837620866666384,2.329466824990565,False,False,False
False,True,False,-34.638671875,1.10474942046239,1296.3592529296875,1173.44189453125,0.9,0.8666666666666667,0.033333333333333326,5,12,nearest,gnn,energy_lag_only,61,11,68.0745165999997,3.34548452977546,False,True,False
True,True,True,108.521728515625,1.1044090422431008,1295.9598388671875,1173.44189453125,0.9,0.8666666666666667,0.033333333333333326,5,12,oracle,gnn,energy_lag_only,61,11,68.0745165999997,3.34548452977546,False,True,False
True,True,True,1.9312744140625,0.9939081468140153,20.377403259277344,20.502300262451172,0.6833333333333333,0.6833333333333333,0.0,5,12,nearest,gnn,energy_lag_only,61,12,-169.04426336666666,13.630636800760838,False,False,False
False,True,False,-3.7027587890625,0.9878059671917023,20.252294540405273,20.502300262451172,0.6833333333333333,0.6833333333333333,0.0,5,12,oracle,gnn,energy_lag_only,61,12,-169.04426336666666,13.630636800760838,False,False,False
True,True,True,91.181396484375,1.322858570608743,883.9739990234375,668.2301635742188,0.7666666666666667,0.7333333333333333,0.03333333333333344,5,12,nearest,gnn,energy_lag_only,61,13,-10.553793400000131,1.6789297320737735,False,False,False
True,True,True,65.360595703125,1.263114316646729,844.0510864257812,668.2301635742188,0.7666666666666667,0.7333333333333333,0.03333333333333344,5,12,oracle,gnn,energy_lag_only,61,13,-10.553793400000131,1.6789297320737735,False,False,False
True,True,True,26.91845703125,0.15567235428008297,36.854591369628906,236.74461364746094,0.6833333333333333,0.6833333333333333,0.0,5,11,nearest,gnn,energy_lag_only,61,14,-63.0910844,3.2305540070854177,False,False,False
False,True,False,-56.469970703125,1.048861784452052,248.3123779296875,236.74461364746094,0.6833333333333333,0.6833333333333333,0.0,5,11,oracle,gnn,energy_lag_only,61,14,-63.0910844,3.2305540070854177,False,False,False
True,True,True,19.232421875,0.9676556977357558,25.160419464111328,26.00141716003418,0.6833333333333333,0.6833333333333333,0.0,5,11,nearest,gnn,energy_lag_only,61,15,-14.218723000000182,1.0950187712597867,True,False,False
True,True,True,19.322265625,0.9678595528494198,25.165719985961914,26.00141716003418,0.6833333333333333,0.6833333333333333,0.0,5,11,oracle,gnn,energy_lag_only,61,15,-14.218723000000182,1.0950187712597867,True,False,False
False,False,True,12.910400390625,1.6520750012371344,520.6235961914062,315.1331481933594,0.7,0.6833333333333333,0.016666666666666607,5,11,nearest,gnn,energy_lag_only,61,16,-2.3767571333335127,1.2171868766129346,True,False,False
False,False,True,12.7271728515625,2.5963197018714284,818.1864013671875,315.1331481933594,0.7333333333333333,0.6833333333333333,0.04999999999999993,5,11,oracle,gnn,energy_lag_only,61,16,-2.3767571333335127,1.2171868766129346,True,False,False
True,True,True,17.181640625,1.1657860528481334,415.4284362792969,356.3504943847656,0.6833333333333333,0.6833333333333333,0.0,5,10,nearest,gnn,energy_lag_only,61,17,-13.031297666666433,0.8438415151281472,True,False,False
True,True,True,10.3751220703125,0.835145958775164,297.60467529296875,356.3504943847656,0.6833333333333333,0.6833333333333333,0.0,5,10,oracle,gnn,energy_lag_only,61,17,-13.031297666666433,0.8438415151281472,True,False,False
False,True,False,-2.0894775390625,1.1496423888538791,257.9930419921875,224.41156005859375,0.6833333333333333,0.6833333333333333,0.0,5,10,nearest,gnn,energy_lag_only,61,18,21.261369166666782,3.522139973323637,False,True,False
True,True,True,40.9151611328125,1.3095058718833625,293.8682556152344,224.41156005859375,0.6833333333333333,0.6833333333333333,0.0,5,10,oracle,gnn,energy_lag_only,61,18,21.261369166666782,3.522139973323637,False,True,False
True,True,True,17.0595703125,1.179081898645001,1306.1180419921875,1107.7415771484375,0.7833333333333333,0.7666666666666667,0.016666666666666607,5,11,nearest,gnn,energy_lag_only,61,19,91.58255556666654,1.9305594615874493,False,True,False
True,True,True,6.49853515625,1.1309105098517083,1252.756591796875,1107.7415771484375,0.8666666666666667,0.7666666666666667,0.09999999999999998,5,11,oracle,gnn,energy_lag_only,61,19,91.58255556666654,1.9305594615874493,False,True,False
True,True,True,2.454833984375,1.001519021225961,20.83761215209961,20.806007385253906,0.6833333333333333,0.6833333333333333,0.0,5,11,nearest,gnn,energy_lag_only,61,20,-177.1502144333333,13.057928800727968,False,False,False
True,True,True,2.3052978515625,1.0117995955388261,21.051509857177734,20.806007385253906,0.6833333333333333,0.6833333333333333,0.0,5,11,oracle,gnn,energy_lag_only,61,20,-177.1502144333333,13.057928800727968,False,False,False
True,True,True,28.9754638671875,0.9569705540760621,24.504365921020508,25.606185913085938,0.6833333333333333,0.6833333333333333,0.0,5,11,nearest,gnn,energy_lag_only,61,21,-73.86984206666648,1.5059389716489209,False,False,False
True,True,True,24.072509765625,0.9967773595204654,25.523666381835938,25.606185913085938,0.6833333333333333,0.6833333333333333,0.0,5,11,oracle,gnn,energy_lag_only,61,21,-73.86984206666648,1.5059389716489209,False,False,False
True,True,True,19.9263916015625,1.0229096061801652,42.55412673950195,41.6010627746582,0.6833333333333333,0.6833333333333333,0.0,5,12,nearest,gnn,energy_lag_only,61,22,-98.77908943333341,1.4359654229862806,True,False,False
True,True,True,0.83544921875,1.0594263300367917,44.07326126098633,41.6010627746582,0.6833333333333333,0.6833333333333333,0.0,5,12,oracle,gnn,energy_lag_only,61,22,-98.77908943333341,1.4359654229862806,True,False,False
True,True,True,35.2708740234375,1.041461934707145,34.70860290527344,33.32680892944336,0.6833333333333333,0.6833333333333333,0.0,5,12,nearest,gnn,energy_lag_only,61,23,-44.63783156666659,1.2169881773612927,True,False,False
True,True,True,27.7967529296875,1.0192977148656837,33.969940185546875,33.32680892944336,0.6833333333333333,0.6833333333333333,0.0,5,12,oracle,gnn,energy_lag_only,61,23,-44.63783156666659,1.2169881773612927,True,False,False
False,False,True,68.088134765625,1.5386044487198793,150.9224090576172,98.0904541015625,0.6833333333333333,0.6833333333333333,0.0,5,12,nearest,gnn,energy_lag_only,61,24,-40.45295050000027,17.38422593364399,False,False,False
False,False,True,52.7803955078125,1.5861419911717527,155.58538818359375,98.0904541015625,0.6833333333333333,0.6833333333333333,0.0,5,12,oracle,gnn,energy_lag_only,61,24,-40.45295050000027,17.38422593364399,False,False,False
True,True,True,13.40185546875,1.074104271002223,29.318815231323242,27.29606056213379,0.6833333333333333,0.6833333333333333,0.0,5,13,nearest,gnn,energy_lag_only,61,25,-38.92732893333323,1.1230725766257124,True,False,False
True,True,True,15.494384765625,1.0717937401566082,29.255746841430664,27.29606056213379,0.6833333333333333,0.6833333333333333,0.0,5,13,oracle,gnn,energy_lag_only,61,25,-38.92732893333323,1.1230725766257124,True,False,False
True,True,True,48.9996337890625,1.3686187764856899,205.37960815429688,150.06341552734375,0.6833333333333333,0.6833333333333333,0.0,5,13,nearest,gnn,energy_lag_only,61,26,-17.588635699999713,6.582272981838261,False,False,False
True,True,True,40.493896484375,1.1713093097441307,175.7706756591797,150.06341552734375,0.6833333333333333,0.6833333333333333,0.0,5,13,oracle,gnn,energy_lag_only,61,26,-17.588635699999713,6.582272981838261,False,False,False
True,True,True,63.810546875,0.7004704311851578,26.662254333496094,38.0633544921875,0.6833333333333333,0.6833333333333333,0.0,5,13,nearest,gnn,energy_lag_only,61,27,-38.38878839999984,1.0716273853628824,True,False,False
True,True,True,63.810546875,0.7004704311851578,26.662254333496094,38.0633544921875,0.6833333333333333,0.6833333333333333,0.0,5,13,oracle,gnn,energy_lag_only,61,27,-38.38878839999984,1.0716273853628824,True,False,False
True,True,True,9.0789794921875,1.0760779227592592,49.45021057128906,45.95411682128906,0.6833333333333333,0.6833333333333333,0.0,5,13,nearest,gnn,energy_lag_only,61,28,-24.08931819999998,1.1366021453771404,True,False,False
False,True,False,-2.0262451171875,1.1525836842208372,52.965965270996094,45.95411682128906,0.6833333333333333,0.6833333333333333,0.0,5,13,oracle,gnn,energy_lag_only,61,28,-24.08931819999998,1.1366021453771404,True,False,False
False,True,False,-15.517578125,0.6064218938838083,30.69264793395996,50.61269760131836,0.6833333333333333,0.6833333333333333,0.0,5,13,nearest,gnn,energy_lag_only,61,29,-66.30922296666654,13.740217730441543,False,False,False
False,True,False,-32.291748046875,0.6408745524413779,32.4363899230957,50.61269760131836,0.6833333333333333,0.6833333333333333,0.0,5,13,oracle,gnn,energy_lag_only,61,29,-66.30922296666654,13.740217730441543,False,False,False
False,False,True,30.401123046875,1.7938079181152282,285.7791442871094,159.31423950195312,0.6833333333333333,0.6833333333333333,0.0,5,12,nearest,gnn,energy_lag_only,61,30,-28.89872463333313,11.004355237600238,False,False,False
False,False,True,5.4283447265625,1.6967333402421152,270.31378173828125,159.31423950195312,0.6833333333333333,0.6833333333333333,0.0,5,12,oracle,gnn,energy_lag_only,61,30,-28.89872463333313,11.004355237600238,False,False,False
False,True,False,-26.17529296875,0.9097206765091697,288.99664306640625,317.6762390136719,0.6833333333333333,0.6833333333333333,0.0,5,11,nearest,gnn,energy_lag_only,61,31,-29.930995233333533,7.233008156816719,False,False,False
True,True,True,35.24755859375,0.9641834976605763,306.2981872558594,317.6762390136719,0.6833333333333333,0.6833333333333333,0.0,5,11,oracle,gnn,energy_lag_only,61,31,-29.930995233333533,7.233008156816719,False,False,False
False,True,False,-3.265380859375,0.8979344051609572,459.4488220214844,511.67303466796875,0.6833333333333333,0.6833333333333333,0.0,5,11,nearest,gnn,energy_lag_only,61,32,-70.47462870000004,3.5493889520825457,False,False,False
True,True,True,37.4296875,0.8505561267341274,435.2066345214844,511.67303466796875,0.6833333333333333,0.6833333333333333,0.0,5,11,oracle,gnn,energy_lag_only,61,32,-70.47462870000004,3.5493889520825457,False,False,False
True,True,True,28.6234130859375,0.9941413673951872,26.648759841918945,26.805805206298828,0.6833333333333333,0.6833333333333333,0.0,5,11,nearest,gnn,energy_lag_only,61,33,-23.640904600000113,1.0485702340273968,True,False,False
True,True,True,29.9630126953125,1.0051788243059145,26.94462776184082,26.805805206298828,0.6833333333333333,0.6833333333333333,0.0,5,11,oracle,gnn,energy_lag_only,61,33,-23.640904600000113,1.0485702340273968,True,False,False
True,True,True,12.129150390625,0.981892365238757,48.41295623779297,49.30576705932617,0.6833333333333333,0.6833333333333333,0.0,5,11,nearest,gnn,energy_lag_only,61,34,-27.281965966666803,1.280712284788171,True,False,False
True,True,True,8.6971435546875,0.9760351301034853,48.12416076660156,49.30576705932617,0.6833333333333333,0.6833333333333333,0.0,5,11,oracle,gnn,energy_lag_only,61,34,-27.281965966666803,1.280712284788171,True,False,False
True,True,True,6.384033203125,1.0216603118421757,598.7960815429688,586.1009521484375,0.6833333333333333,0.6833333333333333,0.0,5,10,nearest,gnn,energy_lag_only,61,35,15.529500266666446,0.8234962464296507,True,True,True
True,True,True,0.432861328125,0.7021377265800228,411.5235900878906,586.1009521484375,0.6833333333333333,0.6833333333333333,0.0,5,10,oracle,gnn,energy_lag_only,61,35,15.529500266666446,0.8234962464296507,True,True,True
False,True,False,-2.6708984375,0.2659052929657423,28.218034744262695,106.12062072753906,0.6833333333333333,0.6833333333333333,0.0,5,10,nearest,gnn,energy_lag_only,61,36,-42.31854483333336,2.9507447013138832,False,False,False
True,True,True,59.82421875,0.2783519640831027,29.538883209228516,106.12062072753906,0.6833333333333333,0.6833333333333333,0.0,5,10,oracle,gnn,energy_lag_only,61,36,-42.31854483333336,2.9507447013138832,False,False,False
False,True,False,-31.811279296875,0.9552397244736711,1033.216064453125,1081.630126953125,1.0,0.9333333333333333,0.06666666666666665,5,10,nearest,gnn,energy_lag_only,61,37,-3.2705997666671465,3.2174143423309545,False,False,False
False,True,False,-25.318359375,1.0137606292224306,1096.5140380859375,1081.630126953125,0.9333333333333333,0.9333333333333333,0.0,5,10,oracle,gnn,energy_lag_only,61,37,-3.2705997666671465,3.2174143423309545,False,False,False
True,True,True,0.886474609375,0.9783238387432404,20.09030532836914,20.53543472290039,0.6833333333333333,0.6833333333333333,0.0,5,11,nearest,gnn,energy_lag_only,61,38,-120.06233753333345,2.0132393697734945,False,False,False
True,True,True,1.0458984375,0.9805005943445594,20.135005950927734,20.53543472290039,0.6833333333333333,0.6833333333333333,0.0,5,11,oracle,gnn,energy_lag_only,61,38,-120.06233753333345,2.0132393697734945,False,False,False
True,True,True,15.7030029296875,1.0250899141690826,27.446823120117188,26.775039672851562,0.6833333333333333,0.6833333333333333,0.0,5,11,nearest,gnn,energy_lag_only,61,39,-21.750783333333175,1.0226570402319173,True,False,False
True,True,True,14.7266845703125,1.030105432234835,27.581113815307617,26.775039672851562,0.6833333333333333,0.6833333333333333,0.0,5,11,oracle,gnn,energy_lag_only,61,39,-21.750783333333175,1.0226570402319173,True,False,False
True,True,True,3.6524658203125,1.001814031962693,22.56800079345703,22.527135848999023,0.7333333333333333,0.7333333333333333,0.0,0,18,nearest,gnn,energy_lag_only,62,0,12.779539533333491,0.9477886052941774,True,True,True
True,True,True,3.666015625,1.001007899019085,22.549840927124023,22.527135848999023,0.7333333333333333,0.7333333333333333,0.0,0,18,oracle,gnn,energy_lag_only,62,0,12.779539533333491,0.9477886052941774,True,True,True
True,True,True,59.396728515625,0.0551419182376477,23.11705780029297,419.2283935546875,0.7333333333333333,0.7333333333333333,0.0,0,18,nearest,gnn,energy_lag_only,62,1,17.171154200000046,2.5625786200411045,False,True,False
True,True,True,59.4869384765625,0.05496331204963779,23.04218101501465,419.2283935546875,0.7333333333333333,0.7333333333333333,0.0,0,18,oracle,gnn,energy_lag_only,62,1,17.171154200000046,2.5625786200411045,False,True,False
False,False,True,27.8160400390625,2.1244923486308256,988.716552734375,465.3895568847656,0.8333333333333334,0.7333333333333333,0.10000000000000009,0,17,nearest,gnn,energy_lag_only,62,2,-25.170744299999797,40.67323224001521,False,False,False
False,False,True,30.2476806640625,2.28259268840388,1062.2947998046875,465.3895568847656,0.8333333333333334,0.7333333333333333,0.10000000000000009,0,17,oracle,gnn,energy_lag_only,62,2,-25.170744299999797,40.67323224001521,False,False,False
True,True,True,2.3282470703125,0.8527341275063538,430.4893493652344,504.8341979980469,0.7333333333333333,0.7333333333333333,0.0,0,16,nearest,gnn,energy_lag_only,62,3,-46.97626593333348,0.8384138268166655,True,False,False
True,True,True,1.6087646484375,0.6467968657765463,326.5251770019531,504.8341979980469,0.7333333333333333,0.7333333333333333,0.0,0,16,oracle,gnn,energy_lag_only,62,3,-46.97626593333348,0.8384138268166655,True,False,False
False,True,False,-10.795654296875,1.480878754197738,399.32427978515625,269.6535949707031,0.7333333333333333,0.7333333333333333,0.0,0,15,nearest,gnn,energy_lag_only,62,4,2.909559766666689,1.4445715105105974,True,True,True
False,True,False,-7.384765625,1.4187182244834744,382.5624694824219,269.6535949707031,0.7333333333333333,0.7333333333333333,0.0,0,15,oracle,gnn,energy_lag_only,62,4,2.909559766666689,1.4445715105105974,True,True,True
True,True,True,32.1324462890625,0.6951526979052468,26.234743118286133,37.739540100097656,0.7333333333333333,0.7333333333333333,0.0,0,16,nearest,gnn,energy_lag_only,62,5,14.620953466666833,1.1853910737318005,True,True,True
True,True,True,23.7781982421875,0.8394284494977052,31.679643630981445,37.739540100097656,0.7333333333333333,0.7333333333333333,0.0,0,16,oracle,gnn,energy_lag_only,62,5,14.620953466666833,1.1853910737318005,True,True,True
True,True,True,5.5924072265625,0.9742464177999203,24.139528274536133,24.77764129638672,0.7333333333333333,0.7333333333333333,0.0,0,16,nearest,gnn,energy_lag_only,62,6,-4.213010166666663,0.9874777870849318,True,False,False
True,True,True,6.050048828125,1.0264085932773033,25.431983947753906,24.77764129638672,0.7333333333333333,0.7333333333333333,0.0,0,16,oracle,gnn,energy_lag_only,62,6,-4.213010166666663,0.9874777870849318,True,False,False
True,True,True,4.3785400390625,0.9959234376496618,23.084365844726562,23.178855895996094,0.7333333333333333,0.7333333333333333,0.0,0,17,nearest,gnn,energy_lag_only,62,7,-2.9362022666668963,1.0987773951089754,True,False,False
True,True,True,4.560791015625,0.9812650937313103,22.74460220336914,23.178855895996094,0.7333333333333333,0.7333333333333333,0.0,0,17,oracle,gnn,energy_lag_only,62,7,-2.9362022666668963,1.0987773951089754,True,False,False
False,False,True,37.544921875,1.9158135599539292,914.2706298828125,477.2231750488281,0.8666666666666667,0.7333333333333333,0.13333333333333341,0,16,nearest,gnn,energy_lag_only,62,8,23.00823953333338,1.6302527848215878,False,True,False
False,False,True,40.831298828125,1.9085597841465811,910.8089599609375,477.2231750488281,0.8166666666666667,0.7333333333333333,0.08333333333333337,0,16,oracle,gnn,energy_lag_only,62,8,23.00823953333338,1.6302527848215878,False,True,False
True,True,True,64.937255859375,0.7680089577938946,261.93975830078125,341.06341552734375,0.7333333333333333,0.7333333333333333,0.0,0,16,nearest,gnn,energy_lag_only,62,9,-35.83143250000012,3.135072646590578,False,False,False
True,True,True,63.2303466796875,0.7702615594929333,262.7080383300781,341.06341552734375,0.7333333333333333,0.7333333333333333,0.0,0,16,oracle,gnn,energy_lag_only,62,9,-35.83143250000012,3.135072646590578,False,False,False
False,False,False,-90.132080078125,1.7540523228172877,396.7757568359375,226.2052001953125,0.7333333333333333,0.7333333333333333,0.0,0,15,nearest,gnn,energy_lag_only,62,10,-51.42675343333349,1.2272094079627334,True,False,False
False,False,False,-89.8226318359375,1.9555237435330395,442.3496398925781,226.2052001953125,0.7333333333333333,0.7333333333333333,0.0,0,15,oracle,gnn,energy_lag_only,62,10,-51.42675343333349,1.2272094079627334,True,False,False
True,True,True,52.52880859375,1.3889561286482937,1684.83447265625,1213.0220947265625,0.8833333333333333,0.9166666666666666,-0.033333333333333326,0,15,nearest,gnn,energy_lag_only,62,11,89.84110766666663,1.927326189394728,False,True,False
True,True,True,57.997314453125,1.4702390853970437,1783.4324951171875,1213.0220947265625,0.8666666666666667,0.9166666666666666,-0.04999999999999993,0,15,oracle,gnn,energy_lag_only,62,11,89.84110766666663,1.927326189394728,False,True,False
False,True,False,-17.8779296875,0.900474403229968,22.98541259765625,25.52589225769043,0.7333333333333333,0.7333333333333333,0.0,0,15,nearest,gnn,energy_lag_only,62,12,-78.64348769999992,5.9452907845671294,False,False,False
False,True,False,-16.8507080078125,0.9008400932561872,22.994747161865234,25.52589225769043,0.7333333333333333,0.7333333333333333,0.0,0,15,oracle,gnn,energy_lag_only,62,12,-78.64348769999992,5.9452907845671294,False,False,False
True,True,True,14.53076171875,0.9349044977303346,745.6367797851562,797.553955078125,0.7333333333333333,0.8166666666666667,-0.08333333333333337,0,15,nearest,gnn,energy_lag_only,62,13,-28.451137933333484,2.7718171668161675,False,False,False
True,True,True,17.67822265625,0.8888289420074379,708.8890380859375,797.553955078125,0.7333333333333333,0.8166666666666667,-0.08333333333333337,0,15,oracle,gnn,energy_lag_only,62,13,-28.451137933333484,2.7718171668161675,False,False,False
False,False,False,-25.3233642578125,3.0748818401766553,684.98388671875,222.76754760742188,0.7333333333333333,0.7333333333333333,0.0,0,15,nearest,gnn,energy_lag_only,62,14,16.154781933333425,9.330427532082737,False,True,False
False,False,False,-25.8037109375,3.283240956720236,731.3995361328125,222.76754760742188,0.7333333333333333,0.7333333333333333,0.0,0,15,oracle,gnn,energy_lag_only,62,14,16.154781933333425,9.330427532082737,False,True,False
True,True,True,32.1209716796875,0.9943625889457708,28.498004913330078,28.659570693969727,0.7333333333333333,0.7333333333333333,0.0,0,16,nearest,gnn,energy_lag_only,62,15,-67.50732156666686,25.986549331593164,False,False,False
True,True,True,11.901123046875,0.9923728205004316,28.44097900390625,28.659570693969727,0.7333333333333333,0.7333333333333333,0.0,0,16,oracle,gnn,energy_lag_only,62,15,-67.50732156666686,25.986549331593164,False,False,False
False,False,True,75.79638671875,2.229303342662963,1001.5507202148438,449.2662353515625,0.75,0.7333333333333333,0.01666666666666672,0,16,nearest,gnn,energy_lag_only,62,16,-21.763644399999976,1.394600211297318,True,False,False
True,True,True,85.091552734375,1.4714243521540793,661.061279296875,449.2662353515625,0.7333333333333333,0.7333333333333333,0.0,0,16,oracle,gnn,energy_lag_only,62,16,-21.763644399999976,1.394600211297318,True,False,False
False,False,True,4.1419677734375,1.7455733791879071,580.4317016601562,332.516357421875,0.7333333333333333,0.7333333333333333,0.0,0,14,nearest,gnn,energy_lag_only,62,17,-51.792296033333514,3.4304516668291125,False,False,False
False,False,True,18.13037109375,2.8481573245559613,947.0588989257812,332.516357421875,0.7333333333333333,0.7333333333333333,0.0,0,14,oracle,gnn,energy_lag_only,62,17,-51.792296033333514,3.4304516668291125,False,False,False
True,True,True,1.0672607421875,0.8677584667404649,203.4991455078125,234.5112762451172,0.7333333333333333,0.7333333333333333,0.0,0,14,nearest,gnn,energy_lag_only,62,18,-7.6278168666667625,1.4247584853724204,True,False,False
True,True,True,1.5186767578125,0.9259367486261731,217.14260864257812,234.5112762451172,0.7333333333333333,0.7333333333333333,0.0,0,14,oracle,gnn,energy_lag_only,62,18,-7.6278168666667625,1.4247584853724204,True,False,False
False,False,True,75.693603515625,1.6425982399916519,1617.9229736328125,984.9779052734375,0.9166666666666666,0.9,0.016666666666666607,0,14,nearest,gnn,energy_lag_only,62,19,152.68152456666667,2.5051316873797798,False,True,False
False,False,True,72.028564453125,1.8367527626618567,1809.160888671875,984.9779052734375,0.9166666666666666,0.9,0.016666666666666607,0,14,oracle,gnn,energy_lag_only,62,19,152.68152456666667,2.5051316873797798,False,True,False
True,True,True,1.3358154296875,1.010157070479946,22.870105743408203,22.640148162841797,0.7333333333333333,0.7333333333333333,0.0,0,13,nearest,gnn,energy_lag_only,62,20,-205.81054696666683,22.19934591722191,False,False,False
True,True,True,1.662353515625,1.0095071103031703,22.855390548706055,22.640148162841797,0.7333333333333333,0.7333333333333333,0.0,0,13,oracle,gnn,energy_lag_only,62,20,-205.81054696666683,22.19934591722191,False,False,False
True,True,True,58.846435546875,0.9850379947493723,28.298307418823242,28.728137969970703,0.7333333333333333,0.7333333333333333,0.0,0,13,nearest,gnn,energy_lag_only,62,21,-28.551240166666503,1.2989943817549394,True,False,False
True,True,True,49.3427734375,0.9836302629602881,28.25786590576172,28.728137969970703,0.7333333333333333,0.7333333333333333,0.0,0,13,oracle,gnn,energy_lag_only,62,21,-28.551240166666503,1.2989943817549394,True,False,False
True,True,True,33.4224853515625,0.4317902107947792,32.7014045715332,75.7344741821289,0.7333333333333333,0.7333333333333333,0.0,0,13,nearest,gnn,energy_lag_only,62,22,9.16330159999984,1.2634624020098926,True,True,True
False,False,False,-6.62060546875,4.962107228517441,375.8025817871094,75.7344741821289,0.7333333333333333,0.7333333333333333,0.0,0,13,oracle,gnn,energy_lag_only,62,22,9.16330159999984,1.2634624020098926,True,True,True
False,False,True,38.419677734375,2.2617779426156446,354.345947265625,156.6669921875,0.7333333333333333,0.7333333333333333,0.0,0,13,nearest,gnn,energy_lag_only,62,23,5.548359200000277,10.98276702195685,False,True,False
False,False,True,44.472412109375,2.980750201026012,466.98516845703125,156.6669921875,0.7333333333333333,0.7333333333333333,0.0,0,13,oracle,gnn,energy_lag_only,62,23,5.548359200000277,10.98276702195685,False,True,False
True,True,True,14.50439453125,0.7159270354784345,36.21165084838867,50.58008575439453,0.7333333333333333,0.7333333333333333,0.0,0,13,nearest,gnn,energy_lag_only,62,24,9.551722633333384,1.1288787164111775,True,True,True
True,True,True,6.04833984375,0.6586576511852165,33.31496047973633,50.58008575439453,0.7333333333333333,0.7333333333333333,0.0,0,13,oracle,gnn,energy_lag_only,62,24,9.551722633333384,1.1288787164111775,True,True,True
False,False,True,90.5308837890625,6.6646524278718005,239.0261688232422,35.86476135253906,0.7333333333333333,0.7333333333333333,0.0,0,12,nearest,gnn,energy_lag_only,62,25,-4.214334166666504,17.182201858490654,False,False,False
False,False,True,70.0010986328125,2.491226297452427,89.34723663330078,35.86476135253906,0.7333333333333333,0.7333333333333333,0.0,0,12,oracle,gnn,energy_lag_only,62,25,-4.214334166666504,17.182201858490654,False,False,False
False,False,True,54.557861328125,1.5634567262038317,150.3961944580078,96.19466400146484,0.7333333333333333,0.7333333333333333,0.0,0,11,nearest,gnn,energy_lag_only,62,26,6.842726833333472,1.1310822049441598,True,True,True
True,True,True,53.9813232421875,1.1651670743701812,112.08285522460938,96.19466400146484,0.7333333333333333,0.7333333333333333,0.0,0,11,oracle,gnn,energy_lag_only,62,26,6.842726833333472,1.1310822049441598,True,True,True
True,True,True,54.8106689453125,0.961513066495986,29.56987190246582,30.75347900390625,0.7333333333333333,0.7333333333333333,0.0,0,10,nearest,gnn,energy_lag_only,62,27,-16.15054013333338,1.4774577584012034,True,False,False
True,True,True,40.181396484375,0.989667867385113,30.43572998046875,30.75347900390625,0.7333333333333333,0.7333333333333333,0.0,0,10,oracle,gnn,energy_lag_only,62,27,-16.15054013333338,1.4774577584012034,True,False,False
False,False,True,9.830810546875,2.245315433822169,389.2745056152344,173.37185668945312,0.7333333333333333,0.7333333333333333,0.0,0,10,nearest,gnn,energy_lag_only,62,28,21.96438076666641,3.500228759053287,False,True,False
False,False,False,-2.9560546875,1.607181701830067,278.64007568359375,173.37185668945312,0.7333333333333333,0.7333333333333333,0.0,0,10,oracle,gnn,energy_lag_only,62,28,21.96438076666641,3.500228759053287,False,True,False
True,True,True,6.4532470703125,1.4178280143834636,527.9793701171875,372.38604736328125,0.7333333333333333,0.7333333333333333,0.0,0,9,nearest,gnn,energy_lag_only,62,29,-13.48440933333336,1.1707053558192577,True,False,False
True,True,True,4.8084716796875,1.2342447099926521,459.6155090332031,372.38604736328125,0.7333333333333333,0.7333333333333333,0.0,0,9,oracle,gnn,energy_lag_only,62,29,-13.48440933333336,1.1707053558192577,True,False,False
True,True,True,22.6123046875,1.2367789687630186,322.2656555175781,260.5685119628906,0.7333333333333333,0.7333333333333333,0.0,0,9,nearest,gnn,energy_lag_only,62,30,-3.0086544333332768,0.8294583041820935,True,False,False
True,True,True,16.828857421875,0.9818697707004982,255.84434509277344,260.5685119628906,0.7333333333333333,0.7333333333333333,0.0,0,9,oracle,gnn,energy_lag_only,62,30,-3.0086544333332768,0.8294583041820935,True,False,False
False,True,False,-94.85986328125,1.2521273972615203,1511.8990478515625,1207.4642333984375,0.9166666666666666,0.75,0.16666666666666663,0,8,nearest,gnn,energy_lag_only,62,31,33.801845666666395,2.5786684502293076,False,True,False
False,True,False,-93.451171875,1.3349521566242368,1611.906982421875,1207.4642333984375,0.9166666666666666,0.75,0.16666666666666663,0,8,oracle,gnn,energy_lag_only,62,31,33.801845666666395,2.5786684502293076,False,True,False
True,True,True,21.890625,1.0984985073498006,482.2408447265625,439.0,0.7333333333333333,0.7333333333333333,0.0,0,8,nearest,gnn,energy_lag_only,62,32,0.2679314333331604,1.2881613987668454,True,True,True
True,True,True,25.9395751953125,1.1070119384209496,485.9782409667969,439.0,0.7333333333333333,0.7333333333333333,0.0,0,8,oracle,gnn,energy_lag_only,62,32,0.2679314333331604,1.2881613987668454,True,True,True
True,True,True,20.7623291015625,0.9671900998094971,27.845409393310547,28.790006637573242,0.7333333333333333,0.7333333333333333,0.0,0,9,nearest,gnn,energy_lag_only,62,33,-19.792232433333538,1.1595395463029021,True,False,False
True,True,True,19.5570068359375,0.9540908113716112,27.468280792236328,28.790006637573242,0.7333333333333333,0.7333333333333333,0.0,0,9,oracle,gnn,energy_lag_only,62,33,-19.792232433333538,1.1595395463029021,True,False,False
False,True,False,-41.592529296875,1.115735415481846,573.325927734375,513.854736328125,0.7333333333333333,0.7333333333333333,0.0,0,10,nearest,gnn,energy_lag_only,62,34,0.5441230999999789,1.1857169044874423,True,True,True
False,True,False,-31.3470458984375,1.1080643107562944,569.3840942382812,513.854736328125,0.7333333333333333,0.7333333333333333,0.0,0,10,oracle,gnn,energy_lag_only,62,34,0.5441230999999789,1.1857169044874423,True,True,True
True,True,True,60.90380859375,1.0902390443769887,372.0185546875,341.2265930175781,0.7333333333333333,0.7333333333333333,0.0,0,8,nearest,gnn,energy_lag_only,62,35,-10.719512900000154,0.7894824328763675,True,False,False
True,True,True,57.524658203125,1.1078196272655993,378.01751708984375,341.2265930175781,0.7333333333333333,0.7333333333333333,0.0,0,8,oracle,gnn,energy_lag_only,62,35,-10.719512900000154,0.7894824328763675,True,False,False
True,True,True,16.3746337890625,0.9624033501633535,206.91757202148438,215.00088500976562,0.7333333333333333,0.7333333333333333,0.0,0,9,nearest,gnn,energy_lag_only,62,36,-1.9022718333335433,0.8603736853795632,True,False,False
True,True,True,14.07421875,0.8431788312780893,181.28419494628906,215.00088500976562,0.7333333333333333,0.7333333333333333,0.0,0,9,oracle,gnn,energy_lag_only,62,36,-1.9022718333335433,0.8603736853795632,True,False,False
True,True,True,8.732177734375,1.1122413245768934,1094.88427734375,984.39453125,0.9166666666666666,0.8166666666666667,0.09999999999999998,0,8,nearest,gnn,energy_lag_only,62,37,100.90276403333337,1.5223855233705987,False,True,False
True,True,True,4.1337890625,1.2523528799031765,1232.809326171875,984.39453125,0.9166666666666666,0.8166666666666667,0.09999999999999998,0,8,oracle,gnn,energy_lag_only,62,37,100.90276403333337,1.5223855233705987,False,True,False
True,True,True,2.6256103515625,1.0007599308123187,23.033252716064453,23.015762329101562,0.7333333333333333,0.7333333333333333,0.0,0,8,nearest,gnn,energy_lag_only,62,38,-131.34375646666672,13.900926648203365,False,False,False
True,True,True,2.4456787109375,0.9996716634810897,23.00820541381836,23.015762329101562,0.7333333333333333,0.7333333333333333,0.0,0,8,oracle,gnn,energy_lag_only,62,38,-131.34375646666672,13.900926648203365,False,False,False
True,True,True,12.7274169921875,0.9962299048622945,29.75813865661621,29.87075424194336,0.7333333333333333,0.7333333333333333,0.0,0,7,nearest,gnn,energy_lag_only,62,39,-8.752121266666563,0.968012403918855,True,False,False
True,True,True,10.7713623046875,0.9990007584504521,29.840906143188477,29.87075424194336,0.7333333333333333,0.7333333333333333,0.0,0,7,oracle,gnn,energy_lag_only,62,39,-8.752121266666563,0.968012403918855,True,False,False
True,True,True,4.5360107421875,0.9957136350939871,22.43057632446289,22.527135848999023,0.7333333333333333,0.7333333333333333,0.0,1,12,nearest,gnn,energy_lag_only,62,0,18.72706556666685,0.9495772791613498,True,True,True
True,True,True,3.75439453125,0.9927650393833324,22.364152908325195,22.527135848999023,0.7333333333333333,0.7333333333333333,0.0,1,12,oracle,gnn,energy_lag_only,62,0,18.72706556666685,0.9495772791613498,True,True,True
True,True,True,7.4698486328125,1.0926701188794634,458.0783386230469,419.2283935546875,0.7333333333333333,0.7333333333333333,0.0,1,11,nearest,gnn,energy_lag_only,62,1,5.6697555333335,0.8966641551412599,True,True,True
True,True,True,7.537109375,0.9278833736761204,388.99505615234375,419.2283935546875,0.7333333333333333,0.7333333333333333,0.0,1,11,oracle,gnn,energy_lag_only,62,1,5.6697555333335,0.8966641551412599,True,True,True
True,True,True,70.9581298828125,0.05032303112449701,23.41981315612793,465.3895568847656,0.7333333333333333,0.7333333333333333,0.0,1,13,nearest,gnn,energy_lag_only,62,2,-54.54698200000007,7.548189272211579,False,False,False
True,True,True,71.13037109375,0.05019675968048284,23.361047744750977,465.3895568847656,0.7333333333333333,0.7333333333333333,0.0,1,13,oracle,gnn,energy_lag_only,62,2,-54.54698200000007,7.548189272211579,False,False,False
True,True,True,14.30810546875,1.119286570569809,565.0541381835938,504.8341979980469,0.7333333333333333,0.7333333333333333,0.0,1,12,nearest,gnn,energy_lag_only,62,3,-2.2729858666666587,1.9345765328498585,False,False,False
True,True,True,14.130615234375,1.1035797873912787,557.1248168945312,504.8341979980469,0.7333333333333333,0.7333333333333333,0.0,1,12,oracle,gnn,energy_lag_only,62,3,-2.2729858666666587,1.9345765328498585,False,False,False
True,True,True,4.969970703125,0.9743883239593804,262.747314453125,269.6535949707031,0.7333333333333333,0.7333333333333333,0.0,1,12,nearest,gnn,energy_lag_only,62,4,0.7504206000000977,1.4221064796559881,True,True,True
True,True,True,4.6263427734375,0.9714389154651155,261.9519958496094,269.6535949707031,0.7333333333333333,0.7333333333333333,0.0,1,12,oracle,gnn,energy_lag_only,62,4,0.7504206000000977,1.4221064796559881,True,True,True
False,True,False,-4.2735595703125,1.2776515855243513,48.21798324584961,37.739540100097656,0.7333333333333333,0.7333333333333333,0.0,1,12,nearest,gnn,energy_lag_only,62,5,4.31254233333334,9.222609972055324,False,True,False
False,True,False,-2.4237060546875,1.2611143580121849,47.593875885009766,37.739540100097656,0.7333333333333333,0.7333333333333333,0.0,1,12,oracle,gnn,energy_lag_only,62,5,4.31254233333334,9.222609972055324,False,True,False
True,True,True,7.1634521484375,0.9748741784456785,24.15508270263672,24.77764129638672,0.7333333333333333,0.7333333333333333,0.0,1,12,nearest,gnn,energy_lag_only,62,6,-6.241225033333194,1.1379871930399925,True,False,False
True,True,True,6.8876953125,0.973719653103547,24.126476287841797,24.77764129638672,0.7333333333333333,0.7333333333333333,0.0,1,12,oracle,gnn,energy_lag_only,62,6,-6.241225033333194,1.1379871930399925,True,False,False
True,True,True,4.1336669921875,1.0078507974888244,23.360828399658203,23.178855895996094,0.7333333333333333,0.7333333333333333,0.0,1,11,nearest,gnn,energy_lag_only,62,7,-1.7549422000001869,1.0323545274288017,True,False,False
True,True,True,3.929931640625,1.0080715769960096,23.36594581604004,23.178855895996094,0.7333333333333333,0.7333333333333333,0.0,1,11,oracle,gnn,energy_lag_only,62,7,-1.7549422000001869,1.0323545274288017,True,False,False
True,True,True,43.9407958984375,1.0092997994775301,481.6612548828125,477.2231750488281,0.7333333333333333,0.7333333333333333,0.0,1,12,nearest,gnn,energy_lag_only,62,8,-36.817784100000154,0.9157033858150655,True,False,False
True,True,True,45.0257568359375,1.0052621720822612,479.7344055175781,477.2231750488281,0.7333333333333333,0.7333333333333333,0.0,1,12,oracle,gnn,energy_lag_only,62,8,-36.817784100000154,0.9157033858150655,True,False,False
True,True,True,17.396484375,1.0772144439236842,367.3984375,341.06341552734375,0.7333333333333333,0.7333333333333333,0.0,1,13,nearest,gnn,energy_lag_only,62,9,-11.388467700000092,1.6642160916497464,False,False,False
True,True,True,14.498291015625,1.1049569227393856,376.8603820800781,341.06341552734375,0.7333333333333333,0.7333333333333333,0.0,1,13,oracle,gnn,energy_lag_only,62,9,-11.388467700000092,1.6642160916497464,False,False,False
False,False,False,-32.3353271484375,3.0459372080862437,689.0068359375,226.2052001953125,0.7333333333333333,0.7333333333333333,0.0,1,14,nearest,gnn,energy_lag_only,62,10,-17.45837396666684,1.7283014225133566,False,False,False
False,False,False,-32.3353271484375,3.0459372080862437,689.0068359375,226.2052001953125,0.7333333333333333,0.7333333333333333,0.0,1,14,oracle,gnn,energy_lag_only,62,10,-17.45837396666684,1.7283014225133566,False,False,False
True,True,True,28.987548828125,1.367041736719963,1658.2518310546875,1213.0220947265625,0.9666666666666667,0.9166666666666666,0.050000000000000044,1,15,nearest,gnn,energy_lag_only,62,11,109.63422716666719,1.4934501646893137,True,True,True
True,True,True,20.962158203125,1.469010253216313,1781.94189453125,1213.0220947265625,0.9666666666666667,0.9166666666666666,0.050000000000000044,1,15,oracle,gnn,energy_lag_only,62,11,109.63422716666719,1.4934501646893137,True,True,True
True,True,True,4.02734375,1.0633350616558317,27.142576217651367,25.52589225769043,0.7333333333333333,0.7333333333333333,0.0,1,15,nearest,gnn,energy_lag_only,62,12,-158.5757423,3.1280358816753373,False,False,False
True,True,True,4.02734375,1.0633350616558317,27.142576217651367,25.52589225769043,0.7333333333333333,0.7333333333333333,0.0,1,15,oracle,gnn,energy_lag_only,62,12,-158.5757423,3.1280358816753373,False,False,False
True,True,True,16.892333984375,0.9543532302900011,761.148193359375,797.553955078125,0.7333333333333333,0.8166666666666667,-0.08333333333333337,1,16,nearest,gnn,energy_lag_only,62,13,32.48159463333309,1.333933911540505,True,True,True
True,True,True,32.981201171875,0.8290959051127088,661.2487182617188,797.553955078125,0.7333333333333333,0.8166666666666667,-0.08333333333333337,1,16,oracle,gnn,energy_lag_only,62,13,32.48159463333309,1.333933911540505,True,True,True
True,True,True,12.516357421875,0.7091482642927802,157.9752197265625,222.76754760742188,0.7333333333333333,0.7333333333333333,0.0,1,14,nearest,gnn,energy_lag_only,62,14,-60.02494300000012,2.433134846445171,False,False,False
True,True,True,8.7305908203125,0.7022351902770093,156.43521118164062,222.76754760742188,0.7333333333333333,0.7333333333333333,0.0,1,14,oracle,gnn,energy_lag_only,62,14,-60.02494300000012,2.433134846445171,False,False,False
True,True,True,7.8336181640625,1.000690475871978,28.679359436035156,28.659570693969727,0.7333333333333333,0.7333333333333333,0.0,1,13,nearest,gnn,energy_lag_only,62,15,-5.5865040000001045,1.0699814069186802,True,False,False
True,True,True,8.4224853515625,1.0009178836844645,28.685876846313477,28.659570693969727,0.7333333333333333,0.7333333333333333,0.0,1,13,oracle,gnn,energy_lag_only,62,15,-5.5865040000001045,1.0699814069186802,True,False,False
True,True,True,4.918701171875,0.8768830550248901,393.9539489746094,449.2662353515625,0.7333333333333333,0.7333333333333333,0.0,1,12,nearest,gnn,energy_lag_only,62,16,-8.918044433333534,0.6639998232869415,True,False,False
False,True,False,-8.3861083984375,0.8787027675607116,394.771484375,449.2662353515625,0.7333333333333333,0.7333333333333333,0.0,1,12,oracle,gnn,energy_lag_only,62,16,-8.918044433333534,0.6639998232869415,True,False,False
False,False,True,75.0595703125,1.7703337109678727,588.6649169921875,332.516357421875,0.7333333333333333,0.7333333333333333,0.0,1,14,nearest,gnn,energy_lag_only,62,17,-8.783500033333667,2.044632840051186,False,False,False
False,False,True,75.0595703125,1.7703337109678727,588.6649169921875,332.516357421875,0.7333333333333333,0.7333333333333333,0.0,1,14,oracle,gnn,energy_lag_only,62,17,-8.783500033333667,2.044632840051186,False,False,False
False,False,True,8.31689453125,1.6704116896614345,391.7303771972656,234.5112762451172,0.7333333333333333,0.7333333333333333,0.0,1,14,nearest,gnn,energy_lag_only,62,18,-0.5214885666669034,7.150313371606714,False,False,False
False,False,True,8.31689453125,1.6704116896614345,391.7303771972656,234.5112762451172,0.7333333333333333,0.7333333333333333,0.0,1,14,oracle,gnn,energy_lag_only,62,18,-0.5214885666669034,7.150313371606714,False,False,False
True,True,True,46.10400390625,1.4004364142547119,1379.39892578125,984.9779052734375,0.95,0.9,0.04999999999999993,1,14,nearest,gnn,energy_lag_only,62,19,66.59968103333313,1.8561027532616605,False,True,False
True,True,True,46.10400390625,1.4004364142547119,1379.39892578125,984.9779052734375,0.95,0.9,0.04999999999999993,1,14,oracle,gnn,energy_lag_only,62,19,66.59968103333313,1.8561027532616605,False,True,False
True,True,True,3.228515625,0.9986206353889373,22.608919143676758,22.640148162841797,0.7333333333333333,0.7333333333333333,0.0,1,15,nearest,gnn,energy_lag_only,62,20,-110.27342310000017,5.214936996242609,False,False,False
True,True,True,3.5806884765625,1.0073503208688692,22.806560516357422,22.640148162841797,0.7333333333333333,0.7333333333333333,0.0,1,15,oracle,gnn,energy_lag_only,62,20,-110.27342310000017,5.214936996242609,False,False,False
True,True,True,1.515380859375,0.994380890806143,28.56671142578125,28.728137969970703,0.7333333333333333,0.7333333333333333,0.0,1,15,nearest,gnn,energy_lag_only,62,21,-9.010450433333062,1.0666483153435755,True,False,False
True,True,True,0.404052734375,0.9985139244147021,28.68544578552246,28.728137969970703,0.7333333333333333,0.7333333333333333,0.0,1,15,oracle,gnn,energy_lag_only,62,21,-9.010450433333062,1.0666483153435755,True,False,False
False,False,False,-22.52734375,1.9120822906455328,144.810546875,75.7344741821289,0.7333333333333333,0.7333333333333333,0.0,1,15,nearest,gnn,energy_lag_only,62,22,20.406603633333134,1.9726817898880378,False,True,False
False,False,False,-10.333251953125,4.099160352782993,310.44775390625,75.7344741821289,0.7333333333333333,0.7333333333333333,0.0,1,15,oracle,gnn,energy_lag_only,62,22,20.406603633333134,1.9726817898880378,False,True,False
True,True,True,38.150634765625,0.18478036593357103,28.948984146118164,156.6669921875,0.7333333333333333,0.7333333333333333,0.0,1,16,nearest,gnn,energy_lag_only,62,23,-43.32004889999985,12.422437216792112,False,False,False
True,True,True,33.69580078125,0.20768660551216442,32.537635803222656,156.6669921875,0.7333333333333333,0.7333333333333333,0.0,1,16,oracle,gnn,energy_lag_only,62,23,-43.32004889999985,12.422437216792112,False,False,False
False,False,True,17.72314453125,6.740160126510774,340.9178771972656,50.58008575439453,0.7333333333333333,0.7333333333333333,0.0,1,15,nearest,gnn,energy_lag_only,62,24,-31.431483166666567,6.6740069343243995,False,False,False
False,False,True,17.7783203125,4.075355905824651,206.13185119628906,50.58008575439453,0.7333333333333333,0.7333333333333333,0.0,1,15,oracle,gnn,energy_lag_only,62,24,-31.431483166666567,6.6740069343243995,False,False,False
True,True,True,3.42626953125,0.9498350942145554,34.065608978271484,35.86476135253906,0.7333333333333333,0.7333333333333333,0.0,1,16,nearest,gnn,energy_lag_only,62,25,-7.832004733333406,0.9410480159759715,True,False,False
False,True,False,-5.3375244140625,0.9713503852268922,34.837249755859375,35.86476135253906,0.7333333333333333,0.7333333333333333,0.0,1,16,oracle,gnn,energy_lag_only,62,25,-7.832004733333406,0.9410480159759715,True,False,False
True,True,True,0.928955078125,1.273519765788389,122.50580596923828,96.19466400146484,0.7333333333333333,0.7333333333333333,0.0,1,15,nearest,gnn,energy_lag_only,62,26,3.794414133333248,2.98106580016373,False,True,False
True,True,True,0.928955078125,1.273519765788389,122.50580596923828,96.19466400146484,0.7333333333333333,0.7333333333333333,0.0,1,15,oracle,gnn,energy_lag_only,62,26,3.794414133333248,2.98106580016373,False,True,False
True,True,True,20.1922607421875,1.0001033262877954,30.756656646728516,30.75347900390625,0.7333333333333333,0.7333333333333333,0.0,1,15,nearest,gnn,energy_lag_only,62,27,-19.79155056666673,1.114276950707128,True,False,False
True,True,True,20.1922607421875,1.0001033262877954,30.756656646728516,30.75347900390625,0.7333333333333333,0.7333333333333333,0.0,1,15,oracle,gnn,energy_lag_only,62,27,-19.79155056666673,1.114276950707128,True,False,False
False,True,False,-18.683349609375,1.2114612107728695,210.0332794189453,173.37185668945312,0.7333333333333333,0.7333333333333333,0.0,1,15,nearest,gnn,energy_lag_only,62,28,-3.5103413000001638,3.263280008798295,False,False,False
False,True,False,-18.683349609375,1.2114612107728695,210.0332794189453,173.37185668945312,0.7333333333333333,0.7333333333333333,0.0,1,15,oracle,gnn,energy_lag_only,62,28,-3.5103413000001638,3.263280008798295,False,False,False
True,True,True,9.52001953125,0.9235028247846766,343.8995666503906,372.38604736328125,0.7333333333333333,0.7333333333333333,0.0,1,16,nearest,gnn,energy_lag_only,62,29,-30.569590366666716,1.876622138585856,False,False,False
True,True,True,6.7535400390625,1.372267513148701,511.0132751464844,372.38604736328125,0.7333333333333333,0.7333333333333333,0.0,1,16,oracle,gnn,energy_lag_only,62,29,-30.569590366666716,1.876622138585856,False,False,False
False,True,False,-6.23583984375,1.070392158447299,278.9104919433594,260.5685119628906,0.7333333333333333,0.7333333333333333,0.0,1,15,nearest,gnn,energy_lag_only,62,30,-43.01109496666663,1.8130152717946224,False,False,False
False,True,False,-37.017578125,0.9189364076657334,239.44589233398438,260.5685119628906,0.7333333333333333,0.7333333333333333,0.0,1,15,oracle,gnn,energy_lag_only,62,30,-43.01109496666663,1.8130152717946224,False,False,False
True,True,True,42.254638671875,1.0872807863117873,1312.8526611328125,1207.4642333984375,0.8833333333333333,0.75,0.1333333333333333,1,15,nearest,gnn,energy_lag_only,62,31,5.865168799999992,3.7628664323849694,False,True,False
True,True,True,34.029296875,1.1285866609136064,1362.72802734375,1207.4642333984375,0.8833333333333333,0.75,0.1333333333333333,1,15,oracle,gnn,energy_lag_only,62,31,5.865168799999992,3.7628664323849694,False,True,False
False,True,False,-10.1722412109375,1.3762465631228644,604.1722412109375,439.0,0.7333333333333333,0.7333333333333333,0.0,1,15,nearest,gnn,energy_lag_only,62,32,-73.27006476666656,1.1693589739466987,True,False,False
False,True,False,-14.08984375,1.287704433015376,565.30224609375,439.0,0.7333333333333333,0.7333333333333333,0.0,1,15,oracle,gnn,energy_lag_only,62,32,-73.27006476666656,1.1693589739466987,True,False,False
True,True,True,13.743408203125,1.0091482487873698,29.05338478088379,28.790006637573242,0.7333333333333333,0.7333333333333333,0.0,1,15,nearest,gnn,energy_lag_only,62,33,-35.108968800000184,1.078578076753348,True,False,False
True,True,True,12.60546875,1.0030194931780336,28.876937866210938,28.790006637573242,0.7333333333333333,0.7333333333333333,0.0,1,15,oracle,gnn,energy_lag_only,62,33,-35.108968800000184,1.078578076753348,True,False,False
False,True,False,-30.5274658203125,0.8830130101023923,453.74041748046875,513.854736328125,0.7333333333333333,0.7333333333333333,0.0,1,16,nearest,gnn,energy_lag_only,62,34,-15.788262533333409,1.4478142227788524,True,False,False
True,True,True,3.7716064453125,1.4187715494816722,729.04248046875,513.854736328125,0.7333333333333333,0.7333333333333333,0.0,1,16,oracle,gnn,energy_lag_only,62,34,-15.788262533333409,1.4478142227788524,True,False,False
True,True,True,67.2698974609375,0.1525732599561429,52.06205368041992,341.2265930175781,0.7333333333333333,0.7333333333333333,0.0,1,16,nearest,gnn,energy_lag_only,62,35,-131.06721073333324,1.1963414097578846,True,False,False
True,True,True,62.634033203125,0.15509924907745629,52.923988342285156,341.2265930175781,0.7333333333333333,0.7333333333333333,0.0,1,16,oracle,gnn,energy_lag_only,62,35,-131.06721073333324,1.1963414097578846,True,False,False
True,True,True,22.1751708984375,0.9277734225351373,199.47210693359375,215.00088500976562,0.7333333333333333,0.7333333333333333,0.0,1,17,nearest,gnn,energy_lag_only,62,36,-17.00381900000002,2.774557541741526,False,False,False
True,True,True,3.4676513671875,0.8437417718205817,181.4052276611328,215.00088500976562,0.7333333333333333,0.7333333333333333,0.0,1,17,oracle,gnn,energy_lag_only,62,36,-17.00381900000002,2.774557541741526,False,False,False
True,True,True,43.26708984375,1.2200928553004902,1201.052734375,984.39453125,0.8833333333333333,0.8166666666666667,0.06666666666666665,1,15,nearest,gnn,energy_lag_only,62,37,85.86767529999997,1.273235101357509,True,True,True
True,True,True,39.05224609375,1.1125218249637905,1095.160400390625,984.39453125,0.9,0.8166666666666667,0.08333333333333337,1,15,oracle,gnn,energy_lag_only,62,37,85.86767529999997,1.273235101357509,True,True,True
True,True,True,3.5545654296875,0.9927087249007366,22.84794807434082,23.015762329101562,0.7333333333333333,0.7333333333333333,0.0,1,16,nearest,gnn,energy_lag_only,62,38,-196.83066910000002,9.641902879766,False,False,False
True,True,True,3.9373779296875,0.9971337266078877,22.949792861938477,23.015762329101562,0.7333333333333333,0.7333333333333333,0.0,1,16,oracle,gnn,energy_lag_only,62,38,-196.83066910000002,9.641902879766,False,False,False
True,True,True,22.8319091796875,0.9543696081407441,28.507740020751953,29.87075424194336,0.7333333333333333,0.7333333333333333,0.0,1,17,nearest,gnn,energy_lag_only,62,39,-21.693746133333207,1.0197710662206159,True,False,False
True,True,True,9.5638427734375,0.9899093780054988,29.569339752197266,29.87075424194336,0.7333333333333333,0.7333333333333333,0.0,1,17,oracle,gnn,energy_lag_only,62,39,-21.693746133333207,1.0197710662206159,True,False,False
True,True,True,7.1060791015625,0.9934651668185486,22.379924774169922,22.527135848999023,0.7333333333333333,0.7333333333333333,0.0,2,11,nearest,gnn,energy_lag_only,62,0,14.768594800000074,0.9483688168250687,True,True,True
True,True,True,7.2305908203125,0.992248050857582,22.352506637573242,22.527135848999023,0.7333333333333333,0.7333333333333333,0.0,2,11,oracle,gnn,energy_lag_only,62,0,14.768594800000074,0.9483688168250687,True,True,True
True,True,True,2.339111328125,0.9847024257210818,412.8152160644531,419.2283935546875,0.7333333333333333,0.7333333333333333,0.0,2,10,nearest,gnn,energy_lag_only,62,1,2.6823399333334237,0.9273186282409611,True,True,True
False,True,False,-4.2041015625,0.991999869552013,415.87451171875,419.2283935546875,0.7333333333333333,0.7333333333333333,0.0,2,10,oracle,gnn,energy_lag_only,62,1,2.6823399333334237,0.9273186282409611,True,True,True
True,True,True,17.36474609375,1.1241354279065054,523.160888671875,465.3895568847656,0.7333333333333333,0.7333333333333333,0.0,2,10,nearest,gnn,energy_lag_only,62,2,0.13034123333318348,2.0881845880649434,False,True,False
True,True,True,17.538818359375,1.0589696905911095,492.83343505859375,465.3895568847656,0.7333333333333333,0.7333333333333333,0.0,2,10,oracle,gnn,energy_lag_only,62,2,0.13034123333318348,2.0881845880649434,False,True,False
True,True,True,81.1251220703125,0.045193200270069525,22.815073013305664,504.8341979980469,0.7333333333333333,0.7333333333333333,0.0,2,11,nearest,gnn,energy_lag_only,62,3,-55.576019433333386,1.8232571678324219,False,False,False
True,True,True,83.255859375,0.046153138415709394,23.2996826171875,504.8341979980469,0.7333333333333333,0.7333333333333333,0.0,2,11,oracle,gnn,energy_lag_only,62,3,-55.576019433333386,1.8232571678324219,False,False,False
True,True,True,4.012939453125,0.9207014162163031,248.27044677734375,269.6535949707031,0.7333333333333333,0.7333333333333333,0.0,2,12,nearest,gnn,energy_lag_only,62,4,-26.48847703333331,1.351181864645245,True,False,False
True,True,True,3.8785400390625,0.9210923732648982,248.37586975097656,269.6535949707031,0.7333333333333333,0.7333333333333333,0.0,2,12,oracle,gnn,energy_lag_only,62,4,-26.48847703333331,1.351181864645245,True,False,False
True,True,True,30.0960693359375,0.764547627389092,28.853675842285156,37.739540100097656,0.7333333333333333,0.7333333333333333,0.0,2,12,nearest,gnn,energy_lag_only,62,5,1.7479988000002322,1.0210561449749778,True,True,True
True,True,True,31.69970703125,0.6814991194956856,25.719463348388672,37.739540100097656,0.7333333333333333,0.7333333333333333,0.0,2,12,oracle,gnn,energy_lag_only,62,5,1.7479988000002322,1.0210561449749778,True,True,True
True,True,True,17.220947265625,1.0948703757018525,27.128305435180664,24.77764129638672,0.7333333333333333,0.7333333333333333,0.0,2,11,nearest,gnn,energy_lag_only,62,6,-19.447796299999936,1.071527032533578,True,False,False
True,True,True,12.876220703125,1.0014923075265076,24.814617156982422,24.77764129638672,0.7333333333333333,0.7333333333333333,0.0,2,11,oracle,gnn,energy_lag_only,62,6,-19.447796299999936,1.071527032533578,True,False,False
True,True,True,7.5743408203125,0.9916906921071368,22.986255645751953,23.178855895996094,0.7333333333333333,0.7333333333333333,0.0,2,11,nearest,gnn,energy_lag_only,62,7,-2.5914484000002176,1.1191268029143153,True,False,False
True,True,True,1.0433349609375,0.9998507290249593,23.175395965576172,23.178855895996094,0.7333333333333333,0.7333333333333333,0.0,2,11,oracle,gnn,energy_lag_only,62,7,-2.5914484000002176,1.1191268029143153,True,False,False
False,True,False,-44.2529296875,0.820263838892918,391.44891357421875,477.2231750488281,0.7333333333333333,0.7333333333333333,0.0,2,11,nearest,gnn,energy_lag_only,62,8,5.281910733333234,1.1649217900510924,True,True,True
False,True,False,-38.48095703125,1.001220707793096,477.80572509765625,477.2231750488281,0.7333333333333333,0.7333333333333333,0.0,2,11,oracle,gnn,energy_lag_only,62,8,5.281910733333234,1.1649217900510924,True,True,True
True,True,True,42.5206298828125,0.933757314580234,318.470458984375,341.06341552734375,0.7333333333333333,0.7333333333333333,0.0,2,11,nearest,gnn,energy_lag_only,62,9,-34.290314966666756,2.391979208760095,False,False,False
True,True,True,45.380126953125,0.926421035998141,315.96832275390625,341.06341552734375,0.7333333333333333,0.7333333333333333,0.0,2,11,oracle,gnn,energy_lag_only,62,9,-34.290314966666756,2.391979208760095,False,False,False
True,True,True,13.53857421875,0.9656604192063669,218.43740844726562,226.2052001953125,0.7333333333333333,0.7333333333333333,0.0,2,11,nearest,gnn,energy_lag_only,62,10,-37.500049033333426,1.0342235560213047,True,False,False
False,True,False,-50.8656005859375,0.8692894181718691,196.63778686523438,226.2052001953125,0.7333333333333333,0.7333333333333333,0.0,2,11,oracle,gnn,energy_lag_only,62,10,-37.500049033333426,1.0342235560213047,True,False,False
True,True,True,51.888671875,1.0401158207790882,1261.6834716796875,1213.0220947265625,0.9333333333333333,0.9166666666666666,0.01666666666666672,2,11,nearest,gnn,energy_lag_only,62,11,80.52500143333327,1.8686971585587187,False,True,False
True,True,True,56.837158203125,1.1296923632573241,1370.341796875,1213.0220947265625,0.9333333333333333,0.9166666666666666,0.01666666666666672,2,11,oracle,gnn,energy_lag_only,62,11,80.52500143333327,1.8686971585587187,False,True,False
True,True,True,5.0887451171875,1.0553278399129518,26.93818473815918,25.52589225769043,0.7333333333333333,0.7333333333333333,0.0,2,11,nearest,gnn,energy_lag_only,62,12,-136.33609279999996,5.214265456631638,False,False,False
True,True,True,5.4178466796875,1.0150147363217248,25.909156799316406,25.52589225769043,0.7333333333333333,0.7333333333333333,0.0,2,11,oracle,gnn,energy_lag_only,62,12,-136.33609279999996,5.214265456631638,False,False,False
True,True,True,126.514892578125,0.528244623683069,421.3035888671875,797.553955078125,0.7333333333333333,0.8166666666666667,-0.08333333333333337,2,10,nearest,gnn,energy_lag_only,62,13,-19.648349666666945,1.397675693833393,True,False,False
False,True,False,-8.414306640625,0.5270998805858121,420.3905944824219,797.553955078125,0.7333333333333333,0.8166666666666667,-0.08333333333333337,2,10,oracle,gnn,energy_lag_only,62,13,-19.648349666666945,1.397675693833393,True,False,False
True,True,True,22.8782958984375,1.4799454000994843,329.6838073730469,222.76754760742188,0.7333333333333333,0.7333333333333333,0.0,2,11,nearest,gnn,energy_lag_only,62,14,-16.49777816666665,1.9380852050899344,False,False,False
True,True,True,12.58544921875,1.4922168154158688,332.41748046875,222.76754760742188,0.7333333333333333,0.7333333333333333,0.0,2,11,oracle,gnn,energy_lag_only,62,14,-16.49777816666665,1.9380852050899344,False,False,False
True,True,True,41.3934326171875,0.9965925431667213,28.561914443969727,28.659570693969727,0.7333333333333333,0.7333333333333333,0.0,2,10,nearest,gnn,energy_lag_only,62,15,-9.914027666666698,1.0120206528263118,True,False,False
True,True,True,43.880859375,0.9945285028107193,28.50275993347168,28.659570693969727,0.7333333333333333,0.7333333333333333,0.0,2,10,oracle,gnn,energy_lag_only,62,15,-9.914027666666698,1.0120206528263118,True,False,False
True,True,True,5.8116455078125,0.7957834076778297,357.51861572265625,449.2662353515625,0.7333333333333333,0.7333333333333333,0.0,2,11,nearest,gnn,energy_lag_only,62,16,1.2589064999999664,0.789697198678068,True,True,True
True,True,True,1.6077880859375,0.7640400919576708,343.2574157714844,449.2662353515625,0.7333333333333333,0.7333333333333333,0.0,2,11,oracle,gnn,energy_lag_only,62,16,1.2589064999999664,0.789697198678068,True,True,True
True,True,True,12.463134765625,1.103587809575275,366.96099853515625,332.516357421875,0.7333333333333333,0.7333333333333333,0.0,2,8,nearest,gnn,energy_lag_only,62,17,-11.890593566666894,1.6443266634126905,False,False,False
True,True,True,6.017822265625,1.2160014192499635,404.3403625488281,332.516357421875,0.7333333333333333,0.7333333333333333,0.0,2,8,oracle,gnn,energy_lag_only,62,17,-11.890593566666894,1.6443266634126905,False,False,False
True,True,True,77.0166015625,0.11505012124786038,26.98055076599121,234.5112762451172,0.7333333333333333,0.7333333333333333,0.0,2,8,nearest,gnn,energy_lag_only,62,18,-56.748517966666896,8.025051377057453,False,False,False
True,True,True,73.8160400390625,0.11363558727669477,26.648826599121094,234.5112762451172,0.7333333333333333,0.7333333333333333,0.0,2,8,oracle,gnn,energy_lag_only,62,18,-56.748517966666896,8.025051377057453,False,False,False
True,True,True,22.403564453125,1.0007891372087458,985.7551879882812,984.9779052734375,0.9166666666666666,0.9,0.016666666666666607,2,8,nearest,gnn,energy_lag_only,62,19,37.807527700000264,1.584380085575503,False,True,False
True,True,True,23.269287109375,1.070004371082741,1053.9306640625,984.9779052734375,0.9166666666666666,0.9,0.016666666666666607,2,8,oracle,gnn,energy_lag_only,62,19,37.807527700000264,1.584380085575503,False,True,False
True,True,True,5.533447265625,1.0056115615573367,22.767194747924805,22.640148162841797,0.7333333333333333,0.7333333333333333,0.0,2,8,nearest,gnn,energy_lag_only,62,20,-101.25730540000018,12.07996023070583,False,False,False
True,True,True,5.413818359375,1.0051193104474339,22.75605010986328,22.640148162841797,0.7333333333333333,0.7333333333333333,0.0,2,8,oracle,gnn,energy_lag_only,62,20,-101.25730540000018,12.07996023070583,False,False,False
True,True,True,40.7142333984375,0.992189322696636,28.503751754760742,28.728137969970703,0.7333333333333333,0.7333333333333333,0.0,2,8,nearest,gnn,energy_lag_only,62,21,-18.265982199999826,1.078230582781586,True,False,False
True,True,True,41.8236083984375,0.9920647693392657,28.500173568725586,28.728137969970703,0.7333333333333333,0.7333333333333333,0.0,2,8,oracle,gnn,energy_lag_only,62,21,-18.265982199999826,1.078230582781586,True,False,False
True,True,True,76.9403076171875,0.45995509671975565,34.83445739746094,75.7344741821289,0.7333333333333333,0.7333333333333333,0.0,2,8,nearest,gnn,energy_lag_only,62,22,-10.10978950000026,0.917682100314543,True,False,False
True,True,True,75.0859375,0.4716188783971743,35.71780776977539,75.7344741821289,0.7333333333333333,0.7333333333333333,0.0,2,8,oracle,gnn,energy_lag_only,62,22,-10.10978950000026,0.917682100314543,True,False,False
True,True,True,122.17724609375,0.3710572507277453,58.132423400878906,156.6669921875,0.7333333333333333,0.7333333333333333,0.0,2,7,nearest,gnn,energy_lag_only,62,23,-6.317396533333067,4.907422997437625,False,False,False
True,True,True,111.8720703125,0.419656116956622,65.74626159667969,156.6669921875,0.7333333333333333,0.7333333333333333,0.0,2,7,oracle,gnn,energy_lag_only,62,23,-6.317396533333067,4.907422997437625,False,False,False
True,True,True,56.01708984375,0.5727908317096889,28.97180938720703,50.58008575439453,0.7333333333333333,0.7333333333333333,0.0,2,7,nearest,gnn,energy_lag_only,62,24,-19.414420899999868,0.5692464093824104,True,False,False
True,True,True,56.2890625,0.5758632868516251,29.127214431762695,50.58008575439453,0.7333333333333333,0.7333333333333333,0.0,2,7,oracle,gnn,energy_lag_only,62,24,-19.414420899999868,0.5692464093824104,True,False,False
True,True,True,31.8646240234375,1.0766741702486309,38.614662170410156,35.86476135253906,0.7333333333333333,0.7333333333333333,0.0,2,6,nearest,gnn,energy_lag_only,62,25,-19.335988633333272,2.132881434966157,False,False,False
True,True,True,19.1065673828125,1.1015905367223826,39.50828170776367,35.86476135253906,0.7333333333333333,0.7333333333333333,0.0,2,6,oracle,gnn,energy_lag_only,62,25,-19.335988633333272,2.132881434966157,False,False,False
True,True,True,26.716796875,1.1717073033773364,112.71199035644531,96.19466400146484,0.7333333333333333,0.7333333333333333,0.0,2,7,nearest,gnn,energy_lag_only,62,26,-19.82901066666659,0.9856360840704168,True,False,False
True,True,True,27.849609375,1.1316230803414256,108.8561019897461,96.19466400146484,0.7333333333333333,0.7333333333333333,0.0,2,7,oracle,gnn,energy_lag_only,62,26,-19.82901066666659,0.9856360840704168,True,False,False
True,True,True,11.1075439453125,1.0114594186934993,31.10589599609375,30.75347900390625,0.7333333333333333,0.7333333333333333,0.0,2,7,nearest,gnn,energy_lag_only,62,27,-28.578075633333356,1.2027480918715185,True,False,False
True,True,True,17.1116943359375,1.0057022342294066,30.928842544555664,30.75347900390625,0.7333333333333333,0.7333333333333333,0.0,2,7,oracle,gnn,energy_lag_only,62,27,-28.578075633333356,1.2027480918715185,True,False,False
True,True,True,81.944091796875,1.1589501340333448,200.92933654785156,173.37185668945312,0.7333333333333333,0.7333333333333333,0.0,2,7,nearest,gnn,energy_lag_only,62,28,-30.1054903666668,1.915208660953367,False,False,False
True,True,True,57.966796875,1.0851867322390636,188.14083862304688,173.37185668945312,0.7333333333333333,0.7333333333333333,0.0,2,7,oracle,gnn,energy_lag_only,62,28,-30.1054903666668,1.915208660953367,False,False,False
True,True,True,87.8365478515625,0.6869793316793344,255.82151794433594,372.38604736328125,0.7333333333333333,0.7333333333333333,0.0,2,7,nearest,gnn,energy_lag_only,62,29,-5.072412433333511,1.4205256508730637,True,False,False
True,True,True,83.3040771484375,0.6745705702821408,251.20066833496094,372.38604736328125,0.7333333333333333,0.7333333333333333,0.0,2,7,oracle,gnn,energy_lag_only,62,29,-5.072412433333511,1.4205256508730637,True,False,False
True,True,True,23.669189453125,1.0578757456540868,275.64910888671875,260.5685119628906,0.7333333333333333,0.7333333333333333,0.0,2,7,nearest,gnn,energy_lag_only,62,30,-29.10181426666645,0.938884912099977,True,False,False
True,True,True,17.270751953125,1.0466655634037139,272.72808837890625,260.5685119628906,0.7333333333333333,0.7333333333333333,0.0,2,7,oracle,gnn,energy_lag_only,62,30,-29.10181426666645,0.938884912099977,True,False,False
True,True,True,44.331787109375,0.9800508454339852,1183.3763427734375,1207.4642333984375,0.8333333333333334,0.75,0.08333333333333337,2,8,nearest,gnn,energy_lag_only,62,31,9.845495233333168,2.2754320738340805,False,True,False
True,True,True,28.52978515625,1.1278144864498951,1361.795654296875,1207.4642333984375,0.8333333333333334,0.75,0.08333333333333337,2,8,oracle,gnn,energy_lag_only,62,31,9.845495233333168,2.2754320738340805,False,True,False
True,True,True,29.6529541015625,0.8927771496609838,391.9291687011719,439.0,0.7333333333333333,0.7333333333333333,0.0,2,8,nearest,gnn,energy_lag_only,62,32,-18.389803533333406,1.0737661842589477,True,False,False
True,True,True,10.904296875,1.1413440052632047,501.0500183105469,439.0,0.7333333333333333,0.7333333333333333,0.0,2,8,oracle,gnn,energy_lag_only,62,32,-18.389803533333406,1.0737661842589477,True,False,False
True,True,True,19.3258056640625,1.0044237360505703,28.91736602783203,28.790006637573242,0.7333333333333333,0.7333333333333333,0.0,2,9,nearest,gnn,energy_lag_only,62,33,-29.992881900000157,1.0546219640231227,True,False,False
True,True,True,13.6666259765625,0.9945546832221928,28.633235931396484,28.790006637573242,0.7333333333333333,0.7333333333333333,0.0,2,9,oracle,gnn,energy_lag_only,62,33,-29.992881900000157,1.0546219640231227,True,False,False
True,True,True,24.4658203125,0.8397377787090052,431.50323486328125,513.854736328125,0.7333333333333333,0.7333333333333333,0.0,2,10,nearest,gnn,energy_lag_only,62,34,-25.233919433333313,0.7026394925209132,True,False,False
False,True,False,-4.6080322265625,0.9167777250398979,471.090576171875,513.854736328125,0.7333333333333333,0.7333333333333333,0.0,2,10,oracle,gnn,energy_lag_only,62,34,-25.233919433333313,0.7026394925209132,True,False,False
True,True,True,77.9088134765625,1.2537087549557016,427.79876708984375,341.2265930175781,0.7333333333333333,0.7333333333333333,0.0,2,9,nearest,gnn,energy_lag_only,62,35,0.15501999999992222,0.788799427945216,True,True,True
True,True,True,60.2435302734375,0.9761464507790811,333.0871276855469,341.2265930175781,0.7333333333333333,0.7333333333333333,0.0,2,9,oracle,gnn,energy_lag_only,62,35,0.15501999999992222,0.788799427945216,True,True,True
True,True,True,91.619140625,0.15262251728103976,32.8139762878418,215.00088500976562,0.7333333333333333,0.7333333333333333,0.0,2,9,nearest,gnn,energy_lag_only,62,36,-40.231951699999854,1.7212548340709453,False,False,False
True,True,True,88.0467529296875,0.15352138045625438,33.007232666015625,215.00088500976562,0.7333333333333333,0.7333333333333333,0.0,2,9,oracle,gnn,energy_lag_only,62,36,-40.231951699999854,1.7212548340709453,False,False,False
True,True,True,33.800537109375,1.1133633261244817,1095.98876953125,984.39453125,0.8333333333333334,0.8166666666666667,0.01666666666666672,2,10,nearest,gnn,energy_lag_only,62,37,52.581156633333194,1.7867317201652058,False,True,False
True,True,True,33.800537109375,1.1133633261244817,1095.98876953125,984.39453125,0.8333333333333334,0.8166666666666667,0.01666666666666672,2,10,oracle,gnn,energy_lag_only,62,37,52.581156633333194,1.7867317201652058,False,True,False
True,True,True,5.3499755859375,0.9963110621396337,22.930858612060547,23.015762329101562,0.7333333333333333,0.7333333333333333,0.0,2,10,nearest,gnn,energy_lag_only,62,38,-156.76538199999982,18.302379069111307,False,False,False
True,True,True,5.3499755859375,0.9963110621396337,22.930858612060547,23.015762329101562,0.7333333333333333,0.7333333333333333,0.0,2,10,oracle,gnn,energy_lag_only,62,38,-156.76538199999982,18.302379069111307,False,False,False
True,True,True,46.7520751953125,1.0011195413181815,29.90419578552246,29.87075424194336,0.7333333333333333,0.7333333333333333,0.0,2,10,nearest,gnn,energy_lag_only,62,39,-22.37306046666663,1.0646953681608173,True,False,False
True,True,True,33.8212890625,1.0030237129744577,29.961074829101562,29.87075424194336,0.7333333333333333,0.7333333333333333,0.0,2,10,oracle,gnn,energy_lag_only,62,39,-22.37306046666663,1.0646953681608173,True,False,False
True,True,True,6.258544921875,0.9954658091171003,22.42499351501465,22.527135848999023,0.7333333333333333,0.7333333333333333,0.0,5,6,nearest,gnn,energy_lag_only,62,0,13.3473045333335,0.9704659905067647,True,True,True
True,True,True,6.513916015625,0.9919804970185104,22.346479415893555,22.527135848999023,0.7333333333333333,0.7333333333333333,0.0,5,6,oracle,gnn,energy_lag_only,62,0,13.3473045333335,0.9704659905067647,True,True,True
True,True,True,10.49072265625,1.1020403171633153,462.006591796875,419.2283935546875,0.7333333333333333,0.7333333333333333,0.0,5,7,nearest,gnn,energy_lag_only,62,1,3.3252081000000544,0.9420700980139742,True,True,True
True,True,True,11.9915771484375,1.1658443784633867,488.75506591796875,419.2283935546875,0.7333333333333333,0.7333333333333333,0.0,5,7,oracle,gnn,energy_lag_only,62,1,3.3252081000000544,0.9420700980139742,True,True,True
True,True,True,10.49169921875,1.0543443442360385,490.68084716796875,465.3895568847656,0.7333333333333333,0.7333333333333333,0.0,5,7,nearest,gnn,energy_lag_only,62,2,-18.845238999999992,3.2973286921601397,False,False,False
True,True,True,10.0203857421875,1.057186267306278,492.0034484863281,465.3895568847656,0.7333333333333333,0.7333333333333333,0.0,5,7,oracle,gnn,energy_lag_only,62,2,-18.845238999999992,3.2973286921601397,False,False,False
True,True,True,9.43701171875,1.1834505099529953,597.4462890625,504.8341979980469,0.7333333333333333,0.7333333333333333,0.0,5,8,nearest,gnn,energy_lag_only,62,3,-9.26335620000009,1.074133994719162,True,False,False
True,True,True,8.87451171875,1.1754510694846283,593.4078979492188,504.8341979980469,0.7333333333333333,0.7333333333333333,0.0,5,8,oracle,gnn,energy_lag_only,62,3,-9.26335620000009,1.074133994719162,True,False,False
True,True,True,7.3157958984375,1.006330686172909,271.3606872558594,269.6535949707031,0.7333333333333333,0.7333333333333333,0.0,5,7,nearest,gnn,energy_lag_only,62,4,2.350205066666831,0.8729296766390969,True,True,True
True,True,True,4.74609375,1.0142003024216024,273.4827575683594,269.6535949707031,0.7333333333333333,0.7333333333333333,0.0,5,7,oracle,gnn,energy_lag_only,62,4,2.350205066666831,0.8729296766390969,True,True,True
False,False,False,-21.98486328125,2.894329778633675,109.23067474365234,37.739540100097656,0.7333333333333333,0.7333333333333333,0.0,5,7,nearest,gnn,energy_lag_only,62,5,0.8653949666668268,0.8988846708080834,True,True,True
True,True,True,5.69287109375,1.244824169019631,46.97909164428711,37.739540100097656,0.7333333333333333,0.7333333333333333,0.0,5,7,oracle,gnn,energy_lag_only,62,5,0.8653949666668268,0.8988846708080834,True,True,True
True,True,True,1.53759765625,0.9539432298073534,23.636463165283203,24.77764129638672,0.7333333333333333,0.7333333333333333,0.0,5,5,nearest,gnn,energy_lag_only,62,6,-21.01102406666655,1.144697025146817,True,False,False
False,True,False,-0.81640625,0.9540510768539145,23.639135360717773,24.77764129638672,0.7333333333333333,0.7333333333333333,0.0,5,5,oracle,gnn,energy_lag_only,62,6,-21.01102406666655,1.144697025146817,True,False,False
True,True,True,6.8983154296875,1.0051759340297997,23.298828125,23.178855895996094,0.7333333333333333,0.7333333333333333,0.0,5,5,nearest,gnn,energy_lag_only,62,7,-0.484175633333507,1.0972293403021627,True,False,False
True,True,True,7.009033203125,1.0018760909371287,23.222341537475586,23.178855895996094,0.7333333333333333,0.7333333333333333,0.0,5,5,oracle,gnn,energy_lag_only,62,7,-0.484175633333507,1.0972293403021627,True,False,False
True,True,True,11.871337890625,1.044476506666699,498.4483947753906,477.2231750488281,0.7333333333333333,0.7333333333333333,0.0,5,4,nearest,gnn,energy_lag_only,62,8,-2.1927924666665604,0.9932948758017908,True,False,False
True,True,True,14.008056640625,1.0611320793809862,506.3968200683594,477.2231750488281,0.7333333333333333,0.7333333333333333,0.0,5,4,oracle,gnn,energy_lag_only,62,8,-2.1927924666665604,0.9932948758017908,True,False,False
True,True,True,9.996337890625,0.9680627160104102,330.1707763671875,341.06341552734375,0.7333333333333333,0.7333333333333333,0.0,5,5,nearest,gnn,energy_lag_only,62,9,-26.794813500000146,1.4367099728513775,True,False,False
True,True,True,9.996337890625,0.9680627160104102,330.1707763671875,341.06341552734375,0.7333333333333333,0.7333333333333333,0.0,5,5,oracle,gnn,energy_lag_only,62,9,-26.794813500000146,1.4367099728513775,True,False,False
False,False,False,-1.0118408203125,2.2668672523964246,512.7771606445312,226.2052001953125,0.7333333333333333,0.7333333333333333,0.0,5,5,nearest,gnn,energy_lag_only,62,10,-31.787659133333364,2.043542248711771,False,False,False
False,False,False,-1.0118408203125,2.2668672523964246,512.7771606445312,226.2052001953125,0.7333333333333333,0.7333333333333333,0.0,5,5,oracle,gnn,energy_lag_only,62,10,-31.787659133333364,2.043542248711771,False,False,False
True,True,True,2.002685546875,1.0131270996491222,1228.945556640625,1213.0220947265625,0.95,0.9166666666666666,0.033333333333333326,5,5,nearest,gnn,energy_lag_only,62,11,-22.403558366666402,1.0875607122198734,True,False,False
False,True,False,-6.760009765625,1.0154655136515496,1231.7821044921875,1213.0220947265625,0.9333333333333333,0.9166666666666666,0.01666666666666672,5,5,oracle,gnn,energy_lag_only,62,11,-22.403558366666402,1.0875607122198734,True,False,False
True,True,True,7.4234619140625,1.0035380173787198,25.61620330810547,25.52589225769043,0.7333333333333333,0.7333333333333333,0.0,5,5,nearest,gnn,energy_lag_only,62,12,-1.210080299999845,1.0742572997229898,True,False,False
True,True,True,7.3748779296875,1.009435161342604,25.766733169555664,25.52589225769043,0.7333333333333333,0.7333333333333333,0.0,5,5,oracle,gnn,energy_lag_only,62,12,-1.210080299999845,1.0742572997229898,True,False,False
False,True,False,-8.618896484375,1.2526784776818525,999.0786743164062,797.553955078125,0.8333333333333334,0.8166666666666667,0.01666666666666672,5,5,nearest,gnn,energy_lag_only,62,13,4.62865069999998,0.9901217694367158,True,True,True
False,True,False,-21.250244140625,1.2909573675125452,1029.608154296875,797.553955078125,0.8166666666666667,0.8166666666666667,0.0,5,5,oracle,gnn,energy_lag_only,62,13,4.62865069999998,0.9901217694367158,True,True,True
True,True,True,27.843505859375,1.0320381930797475,229.9046173095703,222.76754760742188,0.7333333333333333,0.7333333333333333,0.0,5,4,nearest,gnn,energy_lag_only,62,14,-13.20142143333328,0.842551807862076,True,False,False
False,True,False,-25.8243408203125,1.0304670897099544,229.55462646484375,222.76754760742188,0.7333333333333333,0.7333333333333333,0.0,5,4,oracle,gnn,energy_lag_only,62,14,-13.20142143333328,0.842551807862076,True,False,False
True,True,True,19.04248046875,0.9905343910558517,28.388290405273438,28.659570693969727,0.7333333333333333,0.7333333333333333,0.0,5,4,nearest,gnn,energy_lag_only,62,15,-7.655597133333458,1.0433885195640122,True,False,False
True,True,True,16.70654296875,1.002065238290045,28.718759536743164,28.659570693969727,0.7333333333333333,0.7333333333333333,0.0,5,4,oracle,gnn,energy_lag_only,62,15,-7.655597133333458,1.0433885195640122,True,False,False
True,True,True,9.4072265625,0.9680211792829508,434.89923095703125,449.2662353515625,0.7333333333333333,0.7333333333333333,0.0,5,4,nearest,gnn,energy_lag_only,62,16,-4.02132030000007,0.6539386885826429,True,False,False
False,True,False,-6.920166015625,0.9259030091656072,415.9769592285156,449.2662353515625,0.7333333333333333,0.7333333333333333,0.0,5,4,oracle,gnn,energy_lag_only,62,16,-4.02132030000007,0.6539386885826429,True,False,False
True,True,True,0.115966796875,1.4852036950426106,493.8545227050781,332.516357421875,0.7333333333333333,0.7333333333333333,0.0,5,6,nearest,gnn,energy_lag_only,62,17,0.13575769999988552,0.7857258109763648,True,True,True
True,True,True,0.3153076171875,1.370885147949283,455.84173583984375,332.516357421875,0.7333333333333333,0.7333333333333333,0.0,5,6,oracle,gnn,energy_lag_only,62,17,0.13575769999988552,0.7857258109763648,True,True,True
False,True,False,-2.7552490234375,1.3810856460999141,323.8801574707031,234.5112762451172,0.7333333333333333,0.7333333333333333,0.0,5,6,nearest,gnn,energy_lag_only,62,18,-18.36624330000018,6.486719249757702,False,False,False
False,True,False,-1.533203125,1.3360166689537483,313.31097412109375,234.5112762451172,0.7333333333333333,0.7333333333333333,0.0,5,6,oracle,gnn,energy_lag_only,62,18,-18.36624330000018,6.486719249757702,False,False,False
False,True,False,-0.509521484375,1.0452458495472576,1029.5440673828125,984.9779052734375,0.9666666666666667,0.9,0.06666666666666665,5,7,nearest,gnn,energy_lag_only,62,19,-33.49386996666681,1.0455987117837293,True,False,False
False,True,False,-3.158935546875,1.0481075640799862,1032.36279296875,984.9779052734375,0.9666666666666667,0.9,0.06666666666666665,5,7,oracle,gnn,energy_lag_only,62,19,-33.49386996666681,1.0455987117837293,True,False,False
True,True,True,7.182373046875,1.001117442875535,22.665447235107422,22.640148162841797,0.7333333333333333,0.7333333333333333,0.0,5,7,nearest,gnn,energy_lag_only,62,20,-9.941659633333302,1.2986966507988968,True,False,False
True,True,True,7.1534423828125,1.0034840898341848,22.71902847290039,22.640148162841797,0.7333333333333333,0.7333333333333333,0.0,5,7,oracle,gnn,energy_lag_only,62,20,-9.941659633333302,1.2986966507988968,True,False,False
True,True,True,15.4996337890625,0.9987052027849493,28.690940856933594,28.728137969970703,0.7333333333333333,0.7333333333333333,0.0,5,7,nearest,gnn,energy_lag_only,62,21,-1.909318966666433,1.0114121649227068,True,False,False
True,True,True,14.052001953125,0.9988468191555627,28.695009231567383,28.728137969970703,0.7333333333333333,0.7333333333333333,0.0,5,7,oracle,gnn,energy_lag_only,62,21,-1.909318966666433,1.0114121649227068,True,False,False
False,False,True,17.9244384765625,1.5412570923841622,116.7262954711914,75.7344741821289,0.7333333333333333,0.7333333333333333,0.0,5,7,nearest,gnn,energy_lag_only,62,22,6.858160399999861,0.8322471387823595,True,True,True
False,False,True,14.10693359375,1.5428282135729519,116.84528350830078,75.7344741821289,0.7333333333333333,0.7333333333333333,0.0,5,7,oracle,gnn,energy_lag_only,62,22,6.858160399999861,0.8322471387823595,True,True,True
True,True,True,29.119873046875,1.1507002600871425,180.27674865722656,156.6669921875,0.7333333333333333,0.7333333333333333,0.0,5,7,nearest,gnn,energy_lag_only,62,23,-22.835088999999698,0.9526434006840487,True,False,False
True,True,True,23.082763671875,1.1291334999719498,176.89794921875,156.6669921875,0.7333333333333333,0.7333333333333333,0.0,5,7,oracle,gnn,energy_lag_only,62,23,-22.835088999999698,0.9526434006840487,True,False,False
False,False,True,0.206298828125,1.9945316731710487,100.88358306884766,50.58008575439453,0.7333333333333333,0.7333333333333333,0.0,5,7,nearest,gnn,energy_lag_only,62,24,-27.856779966666636,3.5984628934744975,False,False,False
False,False,False,-24.211181640625,7.3824514871336016,373.405029296875,50.58008575439453,0.7333333333333333,0.7333333333333333,0.0,5,7,oracle,gnn,energy_lag_only,62,24,-27.856779966666636,3.5984628934744975,False,False,False
True,True,True,33.7164306640625,1.0100577212794408,36.22547912597656,35.86476135253906,0.7333333333333333,0.7333333333333333,0.0,5,7,nearest,gnn,energy_lag_only,62,25,-44.0325289333332,2.007958379892395,False,False,False
True,True,True,13.0838623046875,1.011888022334608,36.29112243652344,35.86476135253906,0.7333333333333333,0.7333333333333333,0.0,5,7,oracle,gnn,energy_lag_only,62,25,-44.0325289333332,2.007958379892395,False,False,False
False,False,True,21.3427734375,2.281926524220666,219.5091552734375,96.19466400146484,0.7333333333333333,0.7333333333333333,0.0,5,7,nearest,gnn,energy_lag_only,62,26,4.443997666666746,2.3270396136380302,False,True,False
False,False,True,17.0369873046875,1.775487299089728,170.7924041748047,96.19466400146484,0.7333333333333333,0.7333333333333333,0.0,5,7,oracle,gnn,energy_lag_only,62,26,4.443997666666746,2.3270396136380302,False,True,False
True,True,True,34.3031005859375,0.9984882483403292,30.706987380981445,30.75347900390625,0.7333333333333333,0.7333333333333333,0.0,5,7,nearest,gnn,energy_lag_only,62,27,-10.74282733333348,1.128957531252182,True,False,False
True,True,True,34.3031005859375,0.9984882483403292,30.706987380981445,30.75347900390625,0.7333333333333333,0.7333333333333333,0.0,5,7,oracle,gnn,energy_lag_only,62,27,-10.74282733333348,1.128957531252182,True,False,False
True,True,True,63.192138671875,1.0824787816475443,187.67135620117188,173.37185668945312,0.7333333333333333,0.7333333333333333,0.0,5,7,nearest,gnn,energy_lag_only,62,28,-9.27497563333327,1.951311215029413,False,False,False
True,True,True,63.192138671875,1.0824787816475443,187.67135620117188,173.37185668945312,0.7333333333333333,0.7333333333333333,0.0,5,7,oracle,gnn,energy_lag_only,62,28,-9.27497563333327,1.951311215029413,False,False,False
True,True,True,15.5098876953125,1.1911193962210218,443.5562438964844,372.38604736328125,0.7333333333333333,0.7333333333333333,0.0,5,7,nearest,gnn,energy_lag_only,62,29,7.813186133333147,1.3014817818001727,True,True,True
True,True,True,17.3406982421875,1.1891313358922948,442.81591796875,372.38604736328125,0.7333333333333333,0.7333333333333333,0.0,5,7,oracle,gnn,energy_lag_only,62,29,7.813186133333147,1.3014817818001727,True,True,True
False,False,True,36.931396484375,2.0647903466599766,538.0193481445312,260.5685119628906,0.7333333333333333,0.7333333333333333,0.0,5,7,nearest,gnn,energy_lag_only,62,30,-8.476232699999855,2.4789952948156806,False,False,False
False,False,True,56.2677001953125,2.111159715583027,550.1017456054688,260.5685119628906,0.7333333333333333,0.7333333333333333,0.0,5,7,oracle,gnn,energy_lag_only,62,30,-8.476232699999855,2.4789952948156806,False,False,False
True,True,True,34.6474609375,0.9977207811882206,1204.712158203125,1207.4642333984375,0.75,0.75,0.0,5,6,nearest,gnn,energy_lag_only,62,31,11.82771433333346,1.493777973208824,True,True,True
True,True,True,29.88134765625,0.9521245766713741,1149.6563720703125,1207.4642333984375,0.8333333333333334,0.75,0.08333333333333337,5,6,oracle,gnn,energy_lag_only,62,31,11.82771433333346,1.493777973208824,True,True,True
False,False,True,13.353759765625,1.5790212018614749,693.1903076171875,439.0,0.7333333333333333,0.7333333333333333,0.0,5,6,nearest,gnn,energy_lag_only,62,32,6.5577189666669256,1.1237523293220069,True,True,True
True,True,True,27.78955078125,1.2726979874804243,558.7144165039062,439.0,0.7333333333333333,0.7333333333333333,0.0,5,6,oracle,gnn,energy_lag_only,62,32,6.5577189666669256,1.1237523293220069,True,True,True
True,True,True,22.9368896484375,1.0029254176506226,28.874229431152344,28.790006637573242,0.7333333333333333,0.7333333333333333,0.0,5,5,nearest,gnn,energy_lag_only,62,33,-6.926185066666903,1.0573869204931485,True,False,False
True,True,True,27.6629638671875,0.989289633705009,28.48165512084961,28.790006637573242,0.7333333333333333,0.7333333333333333,0.0,5,5,oracle,gnn,energy_lag_only,62,33,-6.926185066666903,1.0573869204931485,True,False,False
True,True,True,27.654541015625,1.0264360500943344,527.4390258789062,513.854736328125,0.7333333333333333,0.7333333333333333,0.0,5,4,nearest,gnn,energy_lag_only,62,34,-6.736180266666679,0.6472252025817352,True,False,False
False,True,False,-22.81201171875,0.9699724290164765,498.4249267578125,513.854736328125,0.7333333333333333,0.7333333333333333,0.0,5,4,oracle,gnn,energy_lag_only,62,34,-6.736180266666679,0.6472252025817352,True,False,False
True,True,True,26.814697265625,1.0108383514530002,344.9249267578125,341.2265930175781,0.7333333333333333,0.7333333333333333,0.0,5,5,nearest,gnn,energy_lag_only,62,35,-5.791637033333473,0.8318046997818237,True,False,False
True,True,True,24.1051025390625,1.006155627697749,343.3270568847656,341.2265930175781,0.7333333333333333,0.7333333333333333,0.0,5,5,oracle,gnn,energy_lag_only,62,35,-5.791637033333473,0.8318046997818237,True,False,False
True,True,True,59.4466552734375,1.0551725733550845,226.863037109375,215.00088500976562,0.7333333333333333,0.7333333333333333,0.0,5,4,nearest,gnn,energy_lag_only,62,36,-33.18429190000006,1.3713615502857015,True,False,False
True,True,True,65.11328125,1.056000589909454,227.0410614013672,215.00088500976562,0.7333333333333333,0.7333333333333333,0.0,5,4,oracle,gnn,energy_lag_only,62,36,-33.18429190000006,1.3713615502857015,True,False,False
True,True,True,12.425048828125,1.167294919743656,1149.0787353515625,984.39453125,0.8333333333333334,0.8166666666666667,0.01666666666666672,5,4,nearest,gnn,energy_lag_only,62,37,40.98335760000009,1.2556626276546545,True,True,True
True,True,True,12.29638671875,1.0987170393444574,1081.571044921875,984.39453125,0.85,0.8166666666666667,0.033333333333333326,5,4,oracle,gnn,energy_lag_only,62,37,40.98335760000009,1.2556626276546545,True,True,True
True,True,True,6.920166015625,0.9976578053927408,22.961854934692383,23.015762329101562,0.7333333333333333,0.7333333333333333,0.0,5,4,nearest,gnn,energy_lag_only,62,38,-63.89541356666655,5.709797079319204,False,False,False
True,True,True,6.7640380859375,0.9929750736063847,22.85407829284668,23.015762329101562,0.7333333333333333,0.7333333333333333,0.0,5,4,oracle,gnn,energy_lag_only,62,38,-63.89541356666655,5.709797079319204,False,False,False
True,True,True,12.3358154296875,0.9695517709798901,28.96124267578125,29.87075424194336,0.7333333333333333,0.7333333333333333,0.0,5,4,nearest,gnn,energy_lag_only,62,39,-10.009482766666451,1.0161964744581722,True,False,False
True,True,True,13.3729248046875,0.9753863736120031,29.135526657104492,29.87075424194336,0.7333333333333333,0.7333333333333333,0.0,5,4,oracle,gnn,energy_lag_only,62,39,-10.009482766666451,1.0161964744581722,True,False,False
True,True,True,2.2135009765625,1.0423611626849303,21.389631271362305,20.52036476135254,0.7166666666666667,0.7166666666666667,0.0,0,10,nearest,gnn,energy_lag_only,63,0,12.954174100000046,1.0466252182086921,True,True,True
True,True,True,2.2135009765625,1.0423611626849303,21.389631271362305,20.52036476135254,0.7166666666666667,0.7166666666666667,0.0,0,10,oracle,gnn,energy_lag_only,63,0,12.954174100000046,1.0466252182086921,True,True,True
True,True,True,53.17138671875,0.8623876077772163,22.00884437561035,25.52082633972168,0.7166666666666667,0.7166666666666667,0.0,0,10,nearest,gnn,energy_lag_only,63,1,-26.994391266666298,0.9753126192180266,True,False,False
True,True,True,53.33349609375,0.8728863550738876,22.27678108215332,25.52082633972168,0.7166666666666667,0.7166666666666667,0.0,0,10,oracle,gnn,energy_lag_only,63,1,-26.994391266666298,0.9753126192180266,True,False,False
False,False,True,1.7333984375,1.5649987802251188,454.9781188964844,290.7210693359375,0.7166666666666667,0.7166666666666667,0.0,0,10,nearest,gnn,energy_lag_only,63,2,-2.8661634333334405,1.1218063284866846,True,False,False
False,False,True,1.7333984375,1.5649987802251188,454.9781188964844,290.7210693359375,0.7166666666666667,0.7166666666666667,0.0,0,10,oracle,gnn,energy_lag_only,63,2,-2.8661634333334405,1.1218063284866846,True,False,False
True,True,True,1.44677734375,0.9851802244912532,312.4182434082031,317.11785888671875,0.7166666666666667,0.7166666666666667,0.0,0,10,nearest,gnn,energy_lag_only,63,3,3.0462916999999834,0.8927186375688857,True,True,True
True,True,True,1.44677734375,0.9851802244912532,312.4182434082031,317.11785888671875,0.7166666666666667,0.7166666666666667,0.0,0,10,oracle,gnn,energy_lag_only,63,3,3.0462916999999834,0.8927186375688857,True,True,True
False,False,False,-16.06201171875,2.447384315762421,757.6417846679688,309.5720520019531,0.75,0.7166666666666667,0.033333333333333326,0,10,nearest,gnn,energy_lag_only,63,4,2.813345133333314,1.051048594502166,True,True,True
False,False,False,-16.8011474609375,2.235633731159042,692.0897216796875,309.5720520019531,0.7333333333333333,0.7166666666666667,0.016666666666666607,0,10,oracle,gnn,energy_lag_only,63,4,2.813345133333314,1.051048594502166,True,True,True
True,True,True,2.68408203125,1.0441902267341088,21.028833389282227,20.138891220092773,0.7166666666666667,0.7166666666666667,0.0,0,10,nearest,gnn,energy_lag_only,63,5,2.285624199999802,1.003657739076402,True,True,True
True,True,True,2.167724609375,1.0217267872883273,20.576444625854492,20.138891220092773,0.7166666666666667,0.7166666666666667,0.0,0,10,oracle,gnn,energy_lag_only,63,5,2.285624199999802,1.003657739076402,True,True,True
True,True,True,4.093505859375,1.0582337779992455,23.68788719177246,22.384361267089844,0.7166666666666667,0.7166666666666667,0.0,0,10,nearest,gnn,energy_lag_only,63,6,-9.482441599999902,1.0307033737750788,True,False,False
True,True,True,2.7418212890625,0.997088323881385,22.319185256958008,22.384361267089844,0.7166666666666667,0.7166666666666667,0.0,0,10,oracle,gnn,energy_lag_only,63,6,-9.482441599999902,1.0307033737750788,True,False,False
True,True,True,1.97021484375,1.064014123299117,21.342714309692383,20.05867576599121,0.7166666666666667,0.7166666666666667,0.0,0,10,nearest,gnn,energy_lag_only,63,7,-0.3888261333331684,1.091147026684883,True,False,False
True,True,True,1.67626953125,1.0609594064502117,21.28144073486328,20.05867576599121,0.7166666666666667,0.7166666666666667,0.0,0,10,oracle,gnn,energy_lag_only,63,7,-0.3888261333331684,1.091147026684883,True,False,False
False,False,True,78.8221435546875,2.000147972686318,364.6556091308594,182.31431579589844,0.7166666666666667,0.7166666666666667,0.0,0,11,nearest,gnn,energy_lag_only,63,8,-29.794029100000216,2.7557325077319574,False,False,False
False,False,True,79.3880615234375,1.8304530968850328,333.7178039550781,182.31431579589844,0.7166666666666667,0.7166666666666667,0.0,0,11,oracle,gnn,energy_lag_only,63,8,-29.794029100000216,2.7557325077319574,False,False,False
False,False,False,-28.7528076171875,1.8641123294839685,428.75653076171875,230.0057373046875,0.7166666666666667,0.7166666666666667,0.0,0,11,nearest,gnn,energy_lag_only,63,9,-4.002453766666804,1.0856809774601945,True,False,False
False,False,False,-36.00146484375,1.7637353539181204,405.66925048828125,230.0057373046875,0.7166666666666667,0.7166666666666667,0.0,0,11,oracle,gnn,energy_lag_only,63,9,-4.002453766666804,1.0856809774601945,True,False,False
True,True,True,7.63232421875,0.8058911225138776,51.05339813232422,63.350242614746094,0.7166666666666667,0.7166666666666667,0.0,0,11,nearest,gnn,energy_lag_only,63,10,-0.1652116999998725,1.0354473052496123,True,False,False
True,True,True,6.52490234375,0.797170101607249,50.500919342041016,63.350242614746094,0.7166666666666667,0.7166666666666667,0.0,0,11,oracle,gnn,energy_lag_only,63,10,-0.1652116999998725,1.0354473052496123,True,False,False
True,True,True,87.961669921875,1.3578284413935064,1263.88037109375,930.81005859375,0.8666666666666667,0.7666666666666667,0.09999999999999998,0,11,nearest,gnn,energy_lag_only,63,11,57.488783266666815,3.3252544886344717,False,True,False
True,True,True,73.193115234375,1.329912044228109,1237.8955078125,930.81005859375,0.85,0.7666666666666667,0.08333333333333326,0,11,oracle,gnn,energy_lag_only,63,11,57.488783266666815,3.3252544886344717,False,True,False
True,True,True,2.003662109375,1.0587820506409884,20.59735870361328,19.45382308959961,0.7166666666666667,0.7166666666666667,0.0,0,11,nearest,gnn,energy_lag_only,63,12,-109.89202483333338,11.232045159252701,False,False,False
True,True,True,2.14306640625,1.0583988910726763,20.58990478515625,19.45382308959961,0.7166666666666667,0.7166666666666667,0.0,0,11,oracle,gnn,energy_lag_only,63,12,-109.89202483333338,11.232045159252701,False,False,False
True,True,True,113.6751708984375,1.1499875183906085,245.25257873535156,213.2654266357422,0.7166666666666667,0.7166666666666667,0.0,0,11,nearest,gnn,energy_lag_only,63,13,-29.982227400000056,0.8240233358457383,True,False,False
True,True,True,118.1568603515625,1.0918892577524246,232.8622283935547,213.2654266357422,0.7166666666666667,0.7166666666666667,0.0,0,11,oracle,gnn,energy_lag_only,63,13,-29.982227400000056,0.8240233358457383,True,False,False
False,False,False,-28.5382080078125,6.576308199983969,398.114501953125,60.537689208984375,0.7166666666666667,0.7166666666666667,0.0,0,11,nearest,gnn,energy_lag_only,63,14,-63.23959290000016,3.307600080710403,False,False,False
False,False,False,-26.7027587890625,6.5672065167144815,397.5635070800781,60.537689208984375,0.7166666666666667,0.7166666666666667,0.0,0,11,oracle,gnn,energy_lag_only,63,14,-63.23959290000016,3.307600080710403,False,False,False
True,True,True,36.9337158203125,1.0710743123329691,23.346967697143555,21.797710418701172,0.7166666666666667,0.7166666666666667,0.0,0,11,nearest,gnn,energy_lag_only,63,15,-28.934249099999988,1.121880210124218,True,False,False
True,True,True,32.515625,1.0770479157052357,23.4771785736084,21.797710418701172,0.7166666666666667,0.7166666666666667,0.0,0,11,oracle,gnn,energy_lag_only,63,15,-28.934249099999988,1.121880210124218,True,False,False
False,False,True,39.375,5.141238884027525,929.3267822265625,180.75930786132812,0.75,0.7166666666666667,0.033333333333333326,0,11,nearest,gnn,energy_lag_only,63,16,21.08802680000008,3.7662499200027826,False,True,False
False,False,True,41.0838623046875,4.569661838750213,826.0089111328125,180.75930786132812,0.7333333333333333,0.7166666666666667,0.016666666666666607,0,11,oracle,gnn,energy_lag_only,63,16,21.08802680000008,3.7662499200027826,False,True,False
False,False,True,3.2412109375,1.9641506342007118,53.56339645385742,27.2705135345459,0.7166666666666667,0.7166666666666667,0.0,0,11,nearest,gnn,energy_lag_only,63,17,-81.71247656666674,14.185323975989512,False,False,False
False,False,True,3.0538330078125,2.252694105438513,61.432125091552734,27.2705135345459,0.7166666666666667,0.7166666666666667,0.0,0,11,oracle,gnn,energy_lag_only,63,17,-81.71247656666674,14.185323975989512,False,False,False
False,True,False,-1.1824951171875,1.0649454898913295,78.03813171386719,73.27899169921875,0.7166666666666667,0.7166666666666667,0.0,0,11,nearest,gnn,energy_lag_only,63,18,-8.763469966666662,1.0624800005529922,True,False,False
True,True,True,5.004150390625,0.8523630417381932,62.460304260253906,73.27899169921875,0.7166666666666667,0.7166666666666667,0.0,0,11,oracle,gnn,energy_lag_only,63,18,-8.763469966666662,1.0624800005529922,True,False,False
False,False,True,100.29052734375,1.771380540021913,1852.9853515625,1046.0684814453125,0.8,0.8,0.0,0,11,nearest,gnn,energy_lag_only,63,19,58.01158396666642,1.9728585778428331,False,True,False
False,False,True,94.964111328125,1.8225580271554822,1906.5205078125,1046.0684814453125,0.8,0.8,0.0,0,11,oracle,gnn,energy_lag_only,63,19,58.01158396666642,1.9728585778428331,False,True,False
True,True,True,2.32861328125,0.9730228168666213,21.069482803344727,21.653636932373047,0.7166666666666667,0.7166666666666667,0.0,0,11,nearest,gnn,energy_lag_only,63,20,-48.828660433333425,3.486709502309199,False,False,False
True,True,True,2.21484375,0.9742474549320331,21.09600067138672,21.653636932373047,0.7166666666666667,0.7166666666666667,0.0,0,11,oracle,gnn,energy_lag_only,63,20,-48.828660433333425,3.486709502309199,False,False,False
True,True,True,47.98681640625,1.0640152914772503,23.01323127746582,21.628665924072266,0.7166666666666667,0.7166666666666667,0.0,0,11,nearest,gnn,energy_lag_only,63,21,-25.245410900000024,1.04886526677428,True,False,False
True,True,True,39.7757568359375,1.048014621262561,22.667158126831055,21.628665924072266,0.7166666666666667,0.7166666666666667,0.0,0,11,oracle,gnn,energy_lag_only,63,21,-25.245410900000024,1.04886526677428,True,False,False
True,True,True,115.1527099609375,0.5982950910836985,21.324918746948242,35.6428108215332,0.7166666666666667,0.7166666666666667,0.0,0,11,nearest,gnn,energy_lag_only,63,22,-43.21145640000009,1.5781218930610448,False,False,False
True,True,True,95.5101318359375,0.6075224200140653,21.653806686401367,35.6428108215332,0.7166666666666667,0.7166666666666667,0.0,0,11,oracle,gnn,energy_lag_only,63,22,-43.21145640000009,1.5781218930610448,False,False,False
True,True,True,84.2879638671875,1.0597763624469088,27.876386642456055,26.304027557373047,0.7166666666666667,0.7166666666666667,0.0,0,11,nearest,gnn,energy_lag_only,63,23,-49.28956599999992,1.978088265654754,False,False,False
True,True,True,92.3804931640625,1.0509838164132457,27.64510726928711,26.304027557373047,0.7166666666666667,0.7166666666666667,0.0,0,11,oracle,gnn,energy_lag_only,63,23,-49.28956599999992,1.978088265654754,False,False,False
True,True,True,59.98193359375,1.119644971751512,29.103290557861328,25.99332046508789,0.7166666666666667,0.7166666666666667,0.0,0,11,nearest,gnn,energy_lag_only,63,24,-11.217587366666521,1.2048270875121019,True,False,False
True,True,True,12.2537841796875,1.1833404437016593,30.758947372436523,25.99332046508789,0.7166666666666667,0.7166666666666667,0.0,0,11,oracle,gnn,energy_lag_only,63,24,-11.217587366666521,1.2048270875121019,True,False,False
False,False,True,28.0462646484375,8.00590533453435,308.6004943847656,38.546607971191406,0.7166666666666667,0.7166666666666667,0.0,0,10,nearest,gnn,energy_lag_only,63,25,-2.4405343333332894,7.712131694308852,False,False,False
False,False,False,-17.9747314453125,8.505193096086776,327.8463439941406,38.546607971191406,0.7166666666666667,0.7166666666666667,0.0,0,10,oracle,gnn,energy_lag_only,63,25,-2.4405343333332894,7.712131694308852,False,False,False
True,True,True,62.04736328125,1.0444843406113935,23.206233978271484,22.217885971069336,0.7166666666666667,0.7166666666666667,0.0,0,10,nearest,gnn,energy_lag_only,63,26,-34.51450276666674,1.417209357264147,True,False,False
True,True,True,60.93310546875,1.0805241260923766,24.006961822509766,22.217885971069336,0.7166666666666667,0.7166666666666667,0.0,0,10,oracle,gnn,energy_lag_only,63,26,-34.51450276666674,1.417209357264147,True,False,False
True,True,True,57.7255859375,1.1375105188201953,26.18491554260254,23.019493103027344,0.7166666666666667,0.7166666666666667,0.0,0,10,nearest,gnn,energy_lag_only,63,27,-27.88592963333349,1.1848992137319436,True,False,False
True,True,True,62.391357421875,1.1250494247833513,25.898067474365234,23.019493103027344,0.7166666666666667,0.7166666666666667,0.0,0,10,oracle,gnn,energy_lag_only,63,27,-27.88592963333349,1.1848992137319436,True,False,False
True,True,True,196.6097412109375,0.08328812678663508,20.95915412902832,251.6463623046875,0.7166666666666667,0.7166666666666667,0.0,0,11,nearest,gnn,energy_lag_only,63,28,-48.657563900000014,4.112331290729349,False,False,False
True,True,True,189.7432861328125,0.08359304927705098,21.035886764526367,251.6463623046875,0.7166666666666667,0.7166666666666667,0.0,0,11,oracle,gnn,energy_lag_only,63,28,-48.657563900000014,4.112331290729349,False,False,False
False,False,False,-59.3070068359375,9.559468443158483,582.1197509765625,60.89457321166992,0.7333333333333333,0.7166666666666667,0.016666666666666607,0,11,nearest,gnn,energy_lag_only,63,29,-18.03406843333346,2.154555552971401,False,False,False
False,False,False,-59.2564697265625,7.5437796820388865,459.375244140625,60.89457321166992,0.7166666666666667,0.7166666666666667,0.0,0,11,oracle,gnn,energy_lag_only,63,29,-18.03406843333346,2.154555552971401,False,False,False
True,True,True,39.7432861328125,1.0347199385252217,60.31398010253906,58.2901496887207,0.7166666666666667,0.7166666666666667,0.0,0,11,nearest,gnn,energy_lag_only,63,30,-20.189823066666577,0.9395124975081818,True,False,False
True,True,True,40.8162841796875,1.0345197476010628,60.302310943603516,58.2901496887207,0.7166666666666667,0.7166666666666667,0.0,0,11,oracle,gnn,energy_lag_only,63,30,-20.189823066666577,0.9395124975081818,True,False,False
True,True,True,93.644287109375,0.7061268627554478,202.49497985839844,286.7685546875,0.7166666666666667,0.7166666666666667,0.0,0,12,nearest,gnn,energy_lag_only,63,31,-13.909533033333219,1.4597823416991855,True,False,False
True,True,True,86.2607421875,1.0226034689137786,293.2505187988281,286.7685546875,0.7166666666666667,0.7166666666666667,0.0,0,12,oracle,gnn,energy_lag_only,63,31,-13.909533033333219,1.4597823416991855,True,False,False
False,False,True,22.6143798828125,5.498760648127558,582.9329833984375,106.01170349121094,0.7333333333333333,0.7166666666666667,0.016666666666666607,0,10,nearest,gnn,energy_lag_only,63,32,-31.577409333333208,2.1375861456097587,False,False,False
False,False,True,11.21484375,4.250392114782939,450.59130859375,106.01170349121094,0.7333333333333333,0.7166666666666667,0.016666666666666607,0,10,oracle,gnn,energy_lag_only,63,32,-31.577409333333208,2.1375861456097587,False,False,False
True,True,True,51.0762939453125,1.12766834158961,25.26399040222168,22.40374183654785,0.7166666666666667,0.7166666666666667,0.0,0,11,nearest,gnn,energy_lag_only,63,33,-27.853849899999886,1.12526235423446,True,False,False
True,True,True,51.9808349609375,1.1244794297435223,25.192546844482422,22.40374183654785,0.7166666666666667,0.7166666666666667,0.0,0,11,oracle,gnn,energy_lag_only,63,33,-27.853849899999886,1.12526235423446,True,False,False
False,False,True,74.6658935546875,4.445012708582785,789.0731811523438,177.51876831054688,0.7666666666666667,0.7166666666666667,0.050000000000000044,0,12,nearest,gnn,energy_lag_only,63,34,-28.661509066666667,1.6476689507468143,False,False,False
False,False,True,65.1759033203125,4.322409997704977,767.3088989257812,177.51876831054688,0.7666666666666667,0.7166666666666667,0.050000000000000044,0,12,oracle,gnn,energy_lag_only,63,34,-28.661509066666667,1.6476689507468143,False,False,False
True,True,True,110.58935546875,0.7249030401666169,48.0745849609375,66.31864166259766,0.7166666666666667,0.7166666666666667,0.0,0,12,nearest,gnn,energy_lag_only,63,35,-24.763681099999985,2.187073839464607,False,False,False
True,True,True,103.5439453125,0.8225611177982166,54.5511360168457,66.31864166259766,0.7166666666666667,0.7166666666666667,0.0,0,12,oracle,gnn,energy_lag_only,63,35,-24.763681099999985,2.187073839464607,False,False,False
True,True,True,14.4097900390625,1.071348349454341,84.33500671386719,78.71856689453125,0.7166666666666667,0.7166666666666667,0.0,0,12,nearest,gnn,energy_lag_only,63,36,-3.3719171666666625,0.4774937145772917,True,False,False
True,True,True,37.2193603515625,0.7653122758727636,60.244285583496094,78.71856689453125,0.7166666666666667,0.7166666666666667,0.0,0,12,oracle,gnn,energy_lag_only,63,36,-3.3719171666666625,0.4774937145772917,True,False,False
True,True,True,90.92333984375,1.2836580734538434,1730.24462890625,1347.9014892578125,0.9,0.7833333333333333,0.1166666666666667,0,13,nearest,gnn,energy_lag_only,63,37,80.17076253333289,2.145269383794934,False,True,False
True,True,True,93.5341796875,1.3435891964949493,1811.02587890625,1347.9014892578125,0.9,0.7833333333333333,0.1166666666666667,0,13,oracle,gnn,energy_lag_only,63,37,80.17076253333289,2.145269383794934,False,True,False
True,True,True,2.2061767578125,0.9953900302196709,21.569135665893555,21.669029235839844,0.7166666666666667,0.7166666666666667,0.0,0,14,nearest,gnn,energy_lag_only,63,38,-155.46449766666638,17.641663732881526,False,False,False
True,True,True,2.291259765625,1.0193734391520606,22.08883285522461,21.669029235839844,0.7166666666666667,0.7166666666666667,0.0,0,14,oracle,gnn,energy_lag_only,63,38,-155.46449766666638,17.641663732881526,False,False,False
True,True,True,32.39599609375,0.9826831416372082,23.703725814819336,24.12143325805664,0.7166666666666667,0.7166666666666667,0.0,0,14,nearest,gnn,energy_lag_only,63,39,-35.25739616666647,1.0720772704029768,True,False,False
True,True,True,24.896728515625,0.9850233794469935,23.760175704956055,24.12143325805664,0.7166666666666667,0.7166666666666667,0.0,0,14,oracle,gnn,energy_lag_only,63,39,-35.25739616666647,1.0720772704029768,True,False,False
True,True,True,1.5126953125,1.0200254104142545,20.931293487548828,20.52036476135254,0.7166666666666667,0.7166666666666667,0.0,1,16,nearest,gnn,energy_lag_only,63,0,13.160502400000041,1.0219346546081447,True,True,True
True,True,True,1.085693359375,0.9781526950440769,20.072050094604492,20.52036476135254,0.7166666666666667,0.7166666666666667,0.0,1,16,oracle,gnn,energy_lag_only,63,0,13.160502400000041,1.0219346546081447,True,True,True
False,False,False,-47.1668701171875,4.976283650029899,126.99887084960938,25.52082633972168,0.7166666666666667,0.7166666666666667,0.0,1,15,nearest,gnn,energy_lag_only,63,1,-3.746132466666495,1.0766557459264756,True,False,False
False,False,False,-48.3671875,4.985422782795824,127.23210906982422,25.52082633972168,0.7166666666666667,0.7166666666666667,0.0,1,15,oracle,gnn,energy_lag_only,63,1,-3.746132466666495,1.0766557459264756,True,False,False
True,True,True,138.50390625,0.07104268209601412,20.65360450744629,290.7210693359375,0.7166666666666667,0.7166666666666667,0.0,1,15,nearest,gnn,energy_lag_only,63,2,-55.70577943333319,0.13017401860911013,True,False,False
True,True,True,137.1588134765625,0.07106548070677242,20.660232543945312,290.7210693359375,0.7166666666666667,0.7166666666666667,0.0,1,15,oracle,gnn,energy_lag_only,63,2,-55.70577943333319,0.13017401860911013,True,False,False
False,True,False,-4.711669921875,1.091473766850365,346.1258239746094,317.11785888671875,0.7166666666666667,0.7166666666666667,0.0,1,15,nearest,gnn,energy_lag_only,63,3,3.248421633333237,0.8363527173247786,True,True,True
False,True,False,-4.711669921875,1.091473766850365,346.1258239746094,317.11785888671875,0.7166666666666667,0.7166666666666667,0.0,1,15,oracle,gnn,energy_lag_only,63,3,3.248421633333237,0.8363527173247786,True,True,True
True,True,True,7.440673828125,0.8765146922971746,271.3444519042969,309.5720520019531,0.7166666666666667,0.7166666666666667,0.0,1,15,nearest,gnn,energy_lag_only,63,4,0.8074828666665326,0.9838470244728311,True,True,True
True,True,True,3.91650390625,0.9197769689188457,284.73724365234375,309.5720520019531,0.7166666666666667,0.7166666666666667,0.0,1,15,oracle,gnn,energy_lag_only,63,4,0.8074828666665326,0.9838470244728311,True,True,True
True,True,True,1.501220703125,1.0186730619716915,20.51494598388672,20.138891220092773,0.7166666666666667,0.7166666666666667,0.0,1,15,nearest,gnn,energy_lag_only,63,5,-2.4399545000001126,1.0093718710014015,True,False,False
True,True,True,0.3310546875,1.0299702261071304,20.74245834350586,20.138891220092773,0.7166666666666667,0.7166666666666667,0.0,1,15,oracle,gnn,energy_lag_only,63,5,-2.4399545000001126,1.0093718710014015,True,False,False
False,False,False,-29.315185546875,2.2166117977629574,49.61743927001953,22.384361267089844,0.7166666666666667,0.7166666666666667,0.0,1,16,nearest,gnn,energy_lag_only,63,6,-8.108328266666604,1.046481014994576,True,False,False
False,True,False,-3.44873046875,1.1016870355897468,24.660560607910156,22.384361267089844,0.7166666666666667,0.7166666666666667,0.0,1,16,oracle,gnn,energy_lag_only,63,6,-8.108328266666604,1.046481014994576,True,False,False
True,True,True,1.3336181640625,1.006372638561243,20.18650245666504,20.05867576599121,0.7166666666666667,0.7166666666666667,0.0,1,14,nearest,gnn,energy_lag_only,63,7,-1.2281797666664716,1.0162557448477394,True,False,False
True,True,True,1.2928466796875,1.054070817892948,21.143264770507812,20.05867576599121,0.7166666666666667,0.7166666666666667,0.0,1,14,oracle,gnn,energy_lag_only,63,7,-1.2281797666664716,1.0162557448477394,True,False,False
False,False,True,84.427978515625,2.9356512149871556,535.2112426757812,182.31431579589844,0.7166666666666667,0.7166666666666667,0.0,1,14,nearest,gnn,energy_lag_only,63,8,-16.08491026666661,3.91227515549901,False,False,False
False,False,True,91.4298095703125,1.7754040771664168,323.68157958984375,182.31431579589844,0.7166666666666667,0.7166666666666667,0.0,1,14,oracle,gnn,energy_lag_only,63,8,-16.08491026666661,3.91227515549901,False,False,False
False,True,False,-7.8568115234375,1.4054125953252483,323.2529602050781,230.0057373046875,0.7166666666666667,0.7166666666666667,0.0,1,13,nearest,gnn,energy_lag_only,63,9,-9.430569999999989,1.5969900455865536,False,False,False
False,False,False,-13.5775146484375,1.512276517389013,347.832275390625,230.0057373046875,0.7166666666666667,0.7166666666666667,0.0,1,13,oracle,gnn,energy_lag_only,63,9,-9.430569999999989,1.5969900455865536,False,False,False
True,True,True,5.396484375,1.0055774454042739,63.703575134277344,63.350242614746094,0.7166666666666667,0.7166666666666667,0.0,1,13,nearest,gnn,energy_lag_only,63,10,2.359498600000279,0.961379837980631,True,True,True
True,True,True,7.543212890625,0.9257627829805058,58.64729690551758,63.350242614746094,0.7166666666666667,0.7166666666666667,0.0,1,13,oracle,gnn,energy_lag_only,63,10,2.359498600000279,0.961379837980631,True,True,True
True,True,True,86.00537109375,1.2229067947892749,1138.2939453125,930.81005859375,0.7666666666666667,0.7666666666666667,0.0,1,13,nearest,gnn,energy_lag_only,63,11,15.954055166666876,2.4070974757780923,False,True,False
True,True,True,37.1923828125,1.2975747770942543,1207.795654296875,930.81005859375,0.85,0.7666666666666667,0.08333333333333326,1,13,oracle,gnn,energy_lag_only,63,11,15.954055166666876,2.4070974757780923,False,True,False
True,True,True,1.005126953125,1.0115701835969664,19.67890739440918,19.45382308959961,0.7166666666666667,0.7166666666666667,0.0,1,13,nearest,gnn,energy_lag_only,63,12,-49.5370597000001,2.1780588019746534,False,False,False
True,True,True,1.1734619140625,1.0445365151656871,20.320228576660156,19.45382308959961,0.7166666666666667,0.7166666666666667,0.0,1,13,oracle,gnn,energy_lag_only,63,12,-49.5370597000001,2.1780588019746534,False,False,False
False,True,False,-28.986328125,1.3517167274958801,288.2744445800781,213.2654266357422,0.7166666666666667,0.7166666666666667,0.0,1,13,nearest,gnn,energy_lag_only,63,13,-4.967957566666655,0.9827787368255801,True,False,False
False,False,False,-38.3741455078125,1.9524944723534676,416.3995666503906,213.2654266357422,0.7166666666666667,0.7166666666666667,0.0,1,13,oracle,gnn,energy_lag_only,63,13,-4.967957566666655,0.9827787368255801,True,False,False
False,False,True,15.781005859375,1.8198664464719698,110.1705093383789,60.537689208984375,0.7166666666666667,0.7166666666666667,0.0,1,13,nearest,gnn,energy_lag_only,63,14,-24.633589433333327,1.4474104521405033,True,False,False
True,True,True,37.8756103515625,1.0688207989216105,64.70394134521484,60.537689208984375,0.7166666666666667,0.7166666666666667,0.0,1,13,oracle,gnn,energy_lag_only,63,14,-24.633589433333327,1.4474104521405033,True,False,False
True,True,True,11.442626953125,1.0815730943891984,23.575817108154297,21.797710418701172,0.7166666666666667,0.7166666666666667,0.0,1,14,nearest,gnn,energy_lag_only,63,15,-8.843294966666463,1.032560284108761,True,False,False
True,True,True,12.138427734375,1.089251766539106,23.743194580078125,21.797710418701172,0.7166666666666667,0.7166666666666667,0.0,1,14,oracle,gnn,energy_lag_only,63,15,-8.843294966666463,1.032560284108761,True,False,False
False,False,False,-74.506591796875,2.0357894089956967,367.9878845214844,180.75930786132812,0.7166666666666667,0.7166666666666667,0.0,1,14,nearest,gnn,energy_lag_only,63,16,15.305301999999983,0.8430622105075481,True,True,True
False,False,False,-81.1817626953125,2.4021957343096654,434.21923828125,180.75930786132812,0.7166666666666667,0.7166666666666667,0.0,1,14,oracle,gnn,energy_lag_only,63,16,15.305301999999983,0.8430622105075481,True,True,True
True,True,True,39.8345947265625,0.8698427981249724,23.721059799194336,27.2705135345459,0.7166666666666667,0.7166666666666667,0.0,1,15,nearest,gnn,energy_lag_only,63,17,3.298708499999975,1.0428749832634034,True,True,True
True,True,True,50.71484375,0.8299506567639345,22.633180618286133,27.2705135345459,0.7166666666666667,0.7166666666666667,0.0,1,15,oracle,gnn,energy_lag_only,63,17,3.298708499999975,1.0428749832634034,True,True,True
False,False,False,-50.265380859375,2.355956132043648,172.64208984375,73.27899169921875,0.7166666666666667,0.7166666666666667,0.0,1,13,nearest,gnn,energy_lag_only,63,18,2.044729566666774,6.397354257197489,False,True,False
False,False,False,-34.029052734375,2.9507112259422974,216.2251434326172,73.27899169921875,0.7166666666666667,0.7166666666666667,0.0,1,13,oracle,gnn,energy_lag_only,63,18,2.044729566666774,6.397354257197489,False,True,False
True,True,True,18.65625,1.1958226212755092,1250.912353515625,1046.0684814453125,0.9,0.8,0.09999999999999998,1,13,nearest,gnn,energy_lag_only,63,19,26.06472459999941,2.1251980671829496,False,True,False
True,True,True,16.724609375,1.2850180870453718,1344.2169189453125,1046.0684814453125,0.8833333333333333,0.8,0.08333333333333326,1,13,oracle,gnn,energy_lag_only,63,19,26.06472459999941,2.1251980671829496,False,True,False
True,True,True,0.8978271484375,0.9813948912077805,21.250768661499023,21.653636932373047,0.7166666666666667,0.7166666666666667,0.0,1,13,nearest,gnn,energy_lag_only,63,20,-21.630932466666536,3.429833269010219,False,False,False
True,True,True,1.271728515625,0.9911018853418848,21.460960388183594,21.653636932373047,0.7166666666666667,0.7166666666666667,0.0,1,13,oracle,gnn,energy_lag_only,63,20,-21.630932466666536,3.429833269010219,False,False,False
False,True,False,-1.32373046875,1.0909424894066395,23.595630645751953,21.628665924072266,0.7166666666666667,0.7166666666666667,0.0,1,13,nearest,gnn,energy_lag_only,63,21,-8.259725099999969,1.0127562764318705,True,False,False
False,True,False,-2.9520263671875,1.105766491911126,23.9162540435791,21.628665924072266,0.7166666666666667,0.7166666666666667,0.0,1,13,oracle,gnn,energy_lag_only,63,21,-8.259725099999969,1.0127562764318705,True,False,False
False,False,True,2.1156005859375,3.431578728810648,122.31111145019531,35.6428108215332,0.7166666666666667,0.7166666666666667,0.0,1,13,nearest,gnn,energy_lag_only,63,22,-2.9777112666668017,1.399186976911328,True,False,False
False,False,False,-8.780517578125,5.31098921833663,189.298583984375,35.6428108215332,0.7166666666666667,0.7166666666666667,0.0,1,13,oracle,gnn,energy_lag_only,63,22,-2.9777112666668017,1.399186976911328,True,False,False
True,True,True,35.4127197265625,1.0234177122485095,26.920007705688477,26.304027557373047,0.7166666666666667,0.7166666666666667,0.0,1,13,nearest,gnn,energy_lag_only,63,23,-16.169080699999768,1.3905714324153562,True,False,False
True,True,True,35.087158203125,1.036949765229007,27.275955200195312,26.304027557373047,0.7166666666666667,0.7166666666666667,0.0,1,13,oracle,gnn,energy_lag_only,63,23,-16.169080699999768,1.3905714324153562,True,False,False
False,False,True,44.8131103515625,1.9183738521598128,49.864906311035156,25.99332046508789,0.7166666666666667,0.7166666666666667,0.0,1,14,nearest,gnn,energy_lag_only,63,24,2.982131766666953,6.451625370558881,False,True,False
False,False,True,10.290283203125,2.4214913340826736,62.94260025024414,25.99332046508789,0.7166666666666667,0.7166666666666667,0.0,1,14,oracle,gnn,energy_lag_only,63,24,2.982131766666953,6.451625370558881,False,True,False
True,True,True,33.603515625,1.3256911939143148,51.10089874267578,38.546607971191406,0.7166666666666667,0.7166666666666667,0.0,1,16,nearest,gnn,energy_lag_only,63,25,8.850584566666612,0.7713043955344678,True,True,True
False,False,True,15.5352783203125,1.5187285954879493,58.54183578491211,38.546607971191406,0.7166666666666667,0.7166666666666667,0.0,1,16,oracle,gnn,energy_lag_only,63,25,8.850584566666612,0.7713043955344678,True,True,True
True,True,True,27.71337890625,1.0961505922056878,24.354148864746094,22.217885971069336,0.7166666666666667,0.7166666666666667,0.0,1,16,nearest,gnn,energy_lag_only,63,26,-1.3864141000001382,1.0025584124069644,True,False,False
True,True,True,14.3465576171875,1.13957643388189,25.318979263305664,22.217885971069336,0.7166666666666667,0.7166666666666667,0.0,1,16,oracle,gnn,energy_lag_only,63,26,-1.3864141000001382,1.0025584124069644,True,False,False
True,True,True,37.2069091796875,1.0767868074191695,24.787086486816406,23.019493103027344,0.7166666666666667,0.7166666666666667,0.0,1,15,nearest,gnn,energy_lag_only,63,27,-3.2096221666668043,1.0441201709915378,True,False,False
True,True,True,33.3411865234375,1.1757595010756623,27.065387725830078,23.019493103027344,0.7166666666666667,0.7166666666666667,0.0,1,15,oracle,gnn,energy_lag_only,63,27,-3.2096221666668043,1.0441201709915378,True,False,False
False,False,False,-18.49951171875,2.2746257919647324,572.4013061523438,251.6463623046875,0.7333333333333333,0.7166666666666667,0.016666666666666607,1,14,nearest,gnn,energy_lag_only,63,28,-18.0991128666667,6.5506411226236425,False,False,False
False,False,False,-22.4658203125,2.8640170905758806,720.719482421875,251.6463623046875,0.7833333333333333,0.7166666666666667,0.06666666666666665,1,14,oracle,gnn,energy_lag_only,63,28,-18.0991128666667,6.5506411226236425,False,False,False
True,True,True,61.1407470703125,0.8426350393190014,51.3119010925293,60.89457321166992,0.7166666666666667,0.7166666666666667,0.0,1,14,nearest,gnn,energy_lag_only,63,29,2.4926711333332605,1.910614115375131,False,True,False
True,True,True,25.255615234375,0.8619634962955612,52.48889923095703,60.89457321166992,0.7166666666666667,0.7166666666666667,0.0,1,14,oracle,gnn,energy_lag_only,63,29,2.4926711333332605,1.910614115375131,False,True,False
False,True,False,-1.8623046875,1.1678802137088833,68.07591247558594,58.2901496887207,0.7166666666666667,0.7166666666666667,0.0,1,14,nearest,gnn,energy_lag_only,63,30,1.6024617666666927,0.9914394109734298,True,True,True
False,True,False,-16.4005126953125,1.22821130554521,71.59262084960938,58.2901496887207,0.7166666666666667,0.7166666666666667,0.0,1,14,oracle,gnn,energy_lag_only,63,30,1.6024617666666927,0.9914394109734298,True,True,True
True,True,True,39.2337646484375,1.4776468282076343,423.7426452636719,286.7685546875,0.7166666666666667,0.7166666666666667,0.0,1,14,nearest,gnn,energy_lag_only,63,31,-20.986949333333314,1.4460783925839338,True,False,False
True,True,True,24.42724609375,1.3546659129374665,388.4755859375,286.7685546875,0.7166666666666667,0.7166666666666667,0.0,1,14,oracle,gnn,energy_lag_only,63,31,-20.986949333333314,1.4460783925839338,True,False,False
False,False,False,-83.736328125,3.025224455756772,320.7091979980469,106.01170349121094,0.7166666666666667,0.7166666666666667,0.0,1,15,nearest,gnn,energy_lag_only,63,32,13.745268533333274,1.1172017866968909,True,True,True
False,False,False,-90.1641845703125,3.152349817195419,334.18597412109375,106.01170349121094,0.7166666666666667,0.7166666666666667,0.0,1,15,oracle,gnn,energy_lag_only,63,32,13.745268533333274,1.1172017866968909,True,True,True
True,True,True,5.6612548828125,1.0379384051422385,23.253704071044922,22.40374183654785,0.7166666666666667,0.7166666666666667,0.0,1,14,nearest,gnn,energy_lag_only,63,33,-2.662215033333041,1.0560581346673765,True,False,False
False,True,False,-15.0770263671875,1.0856259907085068,24.322084426879883,22.40374183654785,0.7166666666666667,0.7166666666666667,0.0,1,14,oracle,gnn,energy_lag_only,63,33,-2.662215033333041,1.0560581346673765,True,False,False
False,False,False,-48.7027587890625,1.7921448322871065,318.13934326171875,177.51876831054688,0.7166666666666667,0.7166666666666667,0.0,1,14,nearest,gnn,energy_lag_only,63,34,4.731555566666657,0.8965890329238587,True,True,True
False,False,False,-65.7440185546875,1.7486930832130667,310.42584228515625,177.51876831054688,0.7166666666666667,0.7166666666666667,0.0,1,14,oracle,gnn,energy_lag_only,63,34,4.731555566666657,0.8965890329238587,True,True,True
False,False,True,4.7391357421875,3.0987931343706316,205.50775146484375,66.31864166259766,0.7166666666666667,0.7166666666666667,0.0,1,14,nearest,gnn,energy_lag_only,63,35,-17.41411476666667,1.44680765819697,True,False,False
False,False,False,-23.38427734375,2.5808957290506305,171.1614990234375,66.31864166259766,0.7166666666666667,0.7166666666666667,0.0,1,14,oracle,gnn,energy_lag_only,63,35,-17.41411476666667,1.44680765819697,True,False,False
True,True,True,58.939697265625,1.0314040783888039,81.1906509399414,78.71856689453125,0.7166666666666667,0.7166666666666667,0.0,1,14,nearest,gnn,energy_lag_only,63,36,5.7928749333332235,1.0348816801753031,True,True,True
True,True,True,28.25341796875,1.0179827094923337,80.13414001464844,78.71856689453125,0.7166666666666667,0.7166666666666667,0.0,1,14,oracle,gnn,energy_lag_only,63,36,5.7928749333332235,1.0348816801753031,True,True,True
True,True,True,146.90234375,1.1327700421182414,1526.8624267578125,1347.9014892578125,0.8166666666666667,0.7833333333333333,0.033333333333333326,1,13,nearest,gnn,energy_lag_only,63,37,11.20278473333292,1.627922609739101,False,True,False
True,True,True,144.85205078125,1.2949885297141126,1745.5169677734375,1347.9014892578125,0.8166666666666667,0.7833333333333333,0.033333333333333326,1,13,oracle,gnn,energy_lag_only,63,37,11.20278473333292,1.627922609739101,False,True,False
True,True,True,1.4405517578125,0.9988326538631218,21.643733978271484,21.669029235839844,0.7166666666666667,0.7166666666666667,0.0,1,13,nearest,gnn,energy_lag_only,63,38,-25.65303139999969,3.5702550921486345,False,False,False
False,True,False,-0.1612548828125,1.0171992107606393,22.041719436645508,21.669029235839844,0.7166666666666667,0.7166666666666667,0.0,1,13,oracle,gnn,energy_lag_only,63,38,-25.65303139999969,3.5702550921486345,False,False,False
False,True,False,-2.6273193359375,1.0429711499822323,25.157958984375,24.12143325805664,0.7166666666666667,0.7166666666666667,0.0,1,12,nearest,gnn,energy_lag_only,63,39,-4.43460059999984,0.9969264862939392,True,False,False
False,True,False,-13.81982421875,1.0514316204747245,25.362037658691406,24.12143325805664,0.7166666666666667,0.7166666666666667,0.0,1,12,oracle,gnn,energy_lag_only,63,39,-4.43460059999984,0.9969264862939392,True,False,False
True,True,True,0.6844482421875,1.0432083004254928,21.407014846801758,20.52036476135254,0.7166666666666667,0.7166666666666667,0.0,2,8,nearest,gnn,energy_lag_only,63,0,12.131606033333128,1.0030017880349653,True,True,True
True,True,True,0.5947265625,1.0421188444833014,21.384658813476562,20.52036476135254,0.7166666666666667,0.7166666666666667,0.0,2,8,oracle,gnn,energy_lag_only,63,0,12.131606033333128,1.0030017880349653,True,True,True
False,True,False,-0.4742431640625,1.0031719107464478,25.601776123046875,25.52082633972168,0.7166666666666667,0.7166666666666667,0.0,2,9,nearest,gnn,energy_lag_only,63,1,-4.1561371999998755,1.4042455095874147,True,False,False
False,True,False,-0.4742431640625,1.0031719107464478,25.601776123046875,25.52082633972168,0.7166666666666667,0.7166666666666667,0.0,2,9,oracle,gnn,energy_lag_only,63,1,-4.1561371999998755,1.4042455095874147,True,False,False
False,False,False,-0.689208984375,1.7231684166902155,500.96136474609375,290.7210693359375,0.7166666666666667,0.7166666666666667,0.0,2,9,nearest,gnn,energy_lag_only,63,2,-0.5199999000001299,0.9871094808489714,True,False,False
False,False,False,-0.689208984375,1.7231684166902155,500.96136474609375,290.7210693359375,0.7166666666666667,0.7166666666666667,0.0,2,9,oracle,gnn,energy_lag_only,63,2,-0.5199999000001299,0.9871094808489714,True,False,False
True,True,True,66.677001953125,0.06552894685736689,20.780399322509766,317.11785888671875,0.7166666666666667,0.7166666666666667,0.0,2,9,nearest,gnn,energy_lag_only,63,3,-22.768579600000066,0.23047024594582585,True,False,False
True,True,True,62.874755859375,0.06605125187199545,20.94603157043457,317.11785888671875,0.7166666666666667,0.7166666666666667,0.0,2,9,oracle,gnn,energy_lag_only,63,3,-22.768579600000066,0.23047024594582585,True,False,False
True,True,True,12.259033203125,1.0056922984561305,311.334228515625,309.5720520019531,0.7166666666666667,0.7166666666666667,0.0,2,9,nearest,gnn,energy_lag_only,63,4,2.8580804999999145,0.8165524235713452,True,True,True
True,True,True,12.2406005859375,1.0075042953721574,311.8951721191406,309.5720520019531,0.7166666666666667,0.7166666666666667,0.0,2,9,oracle,gnn,energy_lag_only,63,4,2.8580804999999145,0.8165524235713452,True,True,True
True,True,True,2.023681640625,1.045511048409071,21.05543327331543,20.138891220092773,0.7166666666666667,0.7166666666666667,0.0,2,9,nearest,gnn,energy_lag_only,63,5,-4.4255741333333845,0.9962409625497797,True,False,False
True,True,True,2.476318359375,1.0749150998444015,21.647598266601562,20.138891220092773,0.7166666666666667,0.7166666666666667,0.0,2,9,oracle,gnn,energy_lag_only,63,5,-4.4255741333333845,0.9962409625497797,True,False,False
False,False,False,-50.9300537109375,4.568017047249744,102.25214385986328,22.384361267089844,0.7166666666666667,0.7166666666666667,0.0,2,8,nearest,gnn,energy_lag_only,63,6,-4.957508899999766,1.013764245550162,True,False,False
False,False,False,-41.589599609375,2.858479128741569,63.9852294921875,22.384361267089844,0.7166666666666667,0.7166666666666667,0.0,2,8,oracle,gnn,energy_lag_only,63,6,-4.957508899999766,1.013764245550162,True,False,False
True,True,True,0.6536865234375,1.048302656686055,21.027563095092773,20.05867576599121,0.7166666666666667,0.7166666666666667,0.0,2,8,nearest,gnn,energy_lag_only,63,7,-0.5063356666664731,0.9880883343861075,True,False,False
True,True,True,0.3721923828125,1.0699412724148467,21.461605072021484,20.05867576599121,0.7166666666666667,0.7166666666666667,0.0,2,8,oracle,gnn,energy_lag_only,63,7,-0.5063356666664731,0.9880883343861075,True,False,False
False,False,False,-26.637451171875,1.670784040141441,304.60784912109375,182.31431579589844,0.7166666666666667,0.7166666666666667,0.0,2,8,nearest,gnn,energy_lag_only,63,8,-0.6829712666667547,0.9406535064788225,True,False,False
False,False,True,1.3807373046875,1.737707700547139,316.8089904785156,182.31431579589844,0.7166666666666667,0.7166666666666667,0.0,2,8,oracle,gnn,energy_lag_only,63,8,-0.6829712666667547,0.9406535064788225,True,False,False
True,True,True,89.6505126953125,0.4170343943101793,95.92030334472656,230.0057373046875,0.7166666666666667,0.7166666666666667,0.0,2,8,nearest,gnn,energy_lag_only,63,9,-42.35036156666661,1.8482342666665583,False,False,False
True,True,True,102.5294189453125,0.23215296939242874,53.396514892578125,230.0057373046875,0.7166666666666667,0.7166666666666667,0.0,2,8,oracle,gnn,energy_lag_only,63,9,-42.35036156666661,1.8482342666665583,False,False,False
False,False,False,-23.07421875,2.021538535279883,128.06495666503906,63.350242614746094,0.7166666666666667,0.7166666666666667,0.0,2,8,nearest,gnn,energy_lag_only,63,10,-3.3390587999999752,1.0067702414644029,True,False,False
False,False,False,-22.9464111328125,1.8810808962017322,119.16693115234375,63.350242614746094,0.7166666666666667,0.7166666666666667,0.0,2,8,oracle,gnn,energy_lag_only,63,10,-3.3390587999999752,1.0067702414644029,True,False,False
False,True,False,-29.8603515625,0.8685421987841362,808.4478149414062,930.81005859375,0.8333333333333334,0.7666666666666667,0.06666666666666665,2,9,nearest,gnn,energy_lag_only,63,11,5.4966762000003655,2.25800861416897,False,True,False
False,True,False,-27.024658203125,1.223490124057139,1138.8369140625,930.81005859375,0.8333333333333334,0.7666666666666667,0.06666666666666665,2,9,oracle,gnn,energy_lag_only,63,11,5.4966762000003655,2.25800861416897,False,True,False
True,True,True,0.893798828125,1.02925562527857,20.02295684814453,19.45382308959961,0.7166666666666667,0.7166666666666667,0.0,2,9,nearest,gnn,energy_lag_only,63,12,-65.28377756666669,1.5062833050770188,False,False,False
True,True,True,0.697509765625,1.0387231374062371,20.207136154174805,19.45382308959961,0.7166666666666667,0.7166666666666667,0.0,2,9,oracle,gnn,energy_lag_only,63,12,-65.28377756666669,1.5062833050770188,False,False,False
True,True,True,93.9942626953125,0.3985260181634068,84.9918212890625,213.2654266357422,0.7166666666666667,0.7166666666666667,0.0,2,9,nearest,gnn,energy_lag_only,63,13,-54.03364236666653,1.2152186566550685,True,False,False
True,True,True,69.8455810546875,0.6773636694514953,144.458251953125,213.2654266357422,0.7166666666666667,0.7166666666666667,0.0,2,9,oracle,gnn,energy_lag_only,63,13,-54.03364236666653,1.2152186566550685,True,False,False
False,False,False,-13.649658203125,1.7022348148585043,103.04936218261719,60.537689208984375,0.7166666666666667,0.7166666666666667,0.0,2,10,nearest,gnn,energy_lag_only,63,14,-20.563789499999984,1.6958009186629721,False,False,False
False,False,False,-12.3206787109375,1.571123819692403,95.1122055053711,60.537689208984375,0.7166666666666667,0.7166666666666667,0.0,2,10,oracle,gnn,energy_lag_only,63,14,-20.563789499999984,1.6958009186629721,False,False,False
True,True,True,21.8072509765625,1.0259796795282718,22.3640079498291,21.797710418701172,0.7166666666666667,0.7166666666666667,0.0,2,9,nearest,gnn,energy_lag_only,63,15,-23.74860396666668,1.0705247888902134,True,False,False
True,True,True,24.0745849609375,1.0551149525764074,22.99909019470215,21.797710418701172,0.7166666666666667,0.7166666666666667,0.0,2,9,oracle,gnn,energy_lag_only,63,15,-23.74860396666668,1.0705247888902134,True,False,False
True,True,True,4.2691650390625,1.0129572737075605,183.10145568847656,180.75930786132812,0.7166666666666667,0.7166666666666667,0.0,2,10,nearest,gnn,energy_lag_only,63,16,10.268215300000065,0.8656969776862233,True,True,True
True,True,True,9.221435546875,1.0103486827299324,182.6299285888672,180.75930786132812,0.7166666666666667,0.7166666666666667,0.0,2,10,oracle,gnn,energy_lag_only,63,16,10.268215300000065,0.8656969776862233,True,True,True
False,True,False,-2.7208251953125,1.4735446214305992,40.18431854248047,27.2705135345459,0.7166666666666667,0.7166666666666667,0.0,2,9,nearest,gnn,energy_lag_only,63,17,-12.959618399999954,1.0568229473368873,True,False,False
False,False,False,-4.3597412109375,1.5914010201570152,43.39832305908203,27.2705135345459,0.7166666666666667,0.7166666666666667,0.0,2,9,oracle,gnn,energy_lag_only,63,17,-12.959618399999954,1.0568229473368873,True,False,False
False,False,True,32.79345703125,1.9656106139997984,144.0379638671875,73.27899169921875,0.7166666666666667,0.7166666666666667,0.0,2,9,nearest,gnn,energy_lag_only,63,18,-37.76934860000006,12.214361561244544,False,False,False
True,True,True,53.966064453125,0.8795123158945963,64.44977569580078,73.27899169921875,0.7166666666666667,0.7166666666666667,0.0,2,9,oracle,gnn,energy_lag_only,63,18,-37.76934860000006,12.214361561244544,False,False,False
False,True,False,-33.970458984375,0.8485066561890673,887.5960693359375,1046.0684814453125,0.8333333333333334,0.8,0.033333333333333326,2,10,nearest,gnn,energy_lag_only,63,19,-7.271376533333751,1.4197555579824666,True,False,False
False,True,False,-27.14501953125,0.847728304676889,886.7818603515625,1046.0684814453125,0.8333333333333334,0.8,0.033333333333333326,2,10,oracle,gnn,energy_lag_only,63,19,-7.271376533333751,1.4197555579824666,True,False,False
True,True,True,1.02294921875,0.9724539675084662,21.057165145874023,21.653636932373047,0.7166666666666667,0.7166666666666667,0.0,2,9,nearest,gnn,energy_lag_only,63,20,-32.714236633333485,1.0482042932653748,True,False,False
True,True,True,1.0252685546875,0.9798180034391691,21.216623306274414,21.653636932373047,0.7166666666666667,0.7166666666666667,0.0,2,9,oracle,gnn,energy_lag_only,63,20,-32.714236633333485,1.0482042932653748,True,False,False
True,True,True,34.365966796875,1.0465063736535078,22.634536743164062,21.628665924072266,0.7166666666666667,0.7166666666666667,0.0,2,9,nearest,gnn,energy_lag_only,63,21,-13.1416330666666,1.0376121988585039,True,False,False
True,True,True,38.0445556640625,1.029870675020834,22.274728775024414,21.628665924072266,0.7166666666666667,0.7166666666666667,0.0,2,9,oracle,gnn,energy_lag_only,63,21,-13.1416330666666,1.0376121988585039,True,False,False
True,True,True,51.59130859375,0.9500851336039443,33.863704681396484,35.6428108215332,0.7166666666666667,0.7166666666666667,0.0,2,9,nearest,gnn,energy_lag_only,63,22,4.698237733333372,1.0713701443805672,True,True,True
True,True,True,52.4530029296875,0.939300152436724,33.47929763793945,35.6428108215332,0.7166666666666667,0.7166666666666667,0.0,2,9,oracle,gnn,energy_lag_only,63,22,4.698237733333372,1.0713701443805672,True,True,True
True,True,True,38.419189453125,1.1037593233676213,29.033315658569336,26.304027557373047,0.7166666666666667,0.7166666666666667,0.0,2,8,nearest,gnn,energy_lag_only,63,23,-13.47291610000002,1.0660973337841813,True,False,False
True,True,True,38.419189453125,1.1037593233676213,29.033315658569336,26.304027557373047,0.7166666666666667,0.7166666666666667,0.0,2,8,oracle,gnn,energy_lag_only,63,23,-13.47291610000002,1.0660973337841813,True,False,False
True,True,True,53.7530517578125,0.9641070955018591,25.060344696044922,25.99332046508789,0.7166666666666667,0.7166666666666667,0.0,2,7,nearest,gnn,energy_lag_only,63,24,-7.21626973333332,1.1125502899815327,True,False,False
True,True,True,54.2078857421875,0.9569194597059316,24.87351417541504,25.99332046508789,0.7166666666666667,0.7166666666666667,0.0,2,7,oracle,gnn,energy_lag_only,63,24,-7.21626973333332,1.1125502899815327,True,False,False
True,True,True,38.0186767578125,0.9005118576766084,34.71167755126953,38.546607971191406,0.7166666666666667,0.7166666666666667,0.0,2,8,nearest,gnn,energy_lag_only,63,25,4.302289400000063,0.8674704633688386,True,True,True
True,True,True,7.9515380859375,1.0217021439990372,39.38315200805664,38.546607971191406,0.7166666666666667,0.7166666666666667,0.0,2,8,oracle,gnn,energy_lag_only,63,25,4.302289400000063,0.8674704633688386,True,True,True
True,True,True,28.76708984375,1.0062249695692287,22.356191635131836,22.217885971069336,0.7166666666666667,0.7166666666666667,0.0,2,8,nearest,gnn,energy_lag_only,63,26,1.6385079333333579,1.121366126142733,True,True,True
True,True,True,33.5987548828125,1.0384214510088834,23.071529388427734,22.217885971069336,0.7166666666666667,0.7166666666666667,0.0,2,8,oracle,gnn,energy_lag_only,63,26,1.6385079333333579,1.121366126142733,True,True,True
True,True,True,35.5604248046875,1.099927797558739,25.319780349731445,23.019493103027344,0.7166666666666667,0.7166666666666667,0.0,2,8,nearest,gnn,energy_lag_only,63,27,-9.650312166666708,1.1421111502863939,True,False,False
True,True,True,41.5677490234375,1.222655707539181,28.144914627075195,23.019493103027344,0.7166666666666667,0.7166666666666667,0.0,2,8,oracle,gnn,energy_lag_only,63,27,-9.650312166666708,1.1421111502863939,True,False,False
True,True,True,27.99462890625,0.8901322200916135,223.99853515625,251.6463623046875,0.7166666666666667,0.7166666666666667,0.0,2,7,nearest,gnn,energy_lag_only,63,28,2.664665500000183,2.708102900618581,False,True,False
True,True,True,49.0301513671875,0.35183213622011683,88.53727722167969,251.6463623046875,0.7166666666666667,0.7166666666666667,0.0,2,7,oracle,gnn,energy_lag_only,63,28,2.664665500000183,2.708102900618581,False,True,False
True,True,True,24.16357421875,1.256531309271286,76.51593780517578,60.89457321166992,0.7166666666666667,0.7166666666666667,0.0,2,6,nearest,gnn,energy_lag_only,63,29,-20.977173600000015,1.8008694063953747,False,False,False
False,False,True,23.4364013671875,1.5823124350104651,96.35424041748047,60.89457321166992,0.7166666666666667,0.7166666666666667,0.0,2,6,oracle,gnn,energy_lag_only,63,29,-20.977173600000015,1.8008694063953747,False,False,False
False,False,False,-27.7012939453125,1.8326242883618393,106.82394409179688,58.2901496887207,0.7166666666666667,0.7166666666666667,0.0,2,7,nearest,gnn,energy_lag_only,63,30,-3.6166094000000157,1.1223183655863023,True,False,False
False,True,False,-7.1461181640625,1.2616836992560345,73.54373168945312,58.2901496887207,0.7166666666666667,0.7166666666666667,0.0,2,7,oracle,gnn,energy_lag_only,63,30,-3.6166094000000157,1.1223183655863023,True,False,False
True,True,True,2.419921875,0.8543312256726522,244.99533081054688,286.7685546875,0.7166666666666667,0.7166666666666667,0.0,2,7,nearest,gnn,energy_lag_only,63,31,-10.999240600000121,1.5451214395065802,False,False,False
True,True,True,24.23681640625,0.4904542296808116,140.6468505859375,286.7685546875,0.7166666666666667,0.7166666666666667,0.0,2,7,oracle,gnn,energy_lag_only,63,31,-10.999240600000121,1.5451214395065802,False,False,False
False,True,False,-40.3330078125,1.0311911351041074,109.31832885742188,106.01170349121094,0.7166666666666667,0.7166666666666667,0.0,2,7,nearest,gnn,energy_lag_only,63,32,-11.495344966666607,0.5633980664675138,True,False,False
False,True,False,-10.21923828125,0.936554194458706,99.28570556640625,106.01170349121094,0.7166666666666667,0.7166666666666667,0.0,2,7,oracle,gnn,energy_lag_only,63,32,-11.495344966666607,0.5633980664675138,True,False,False
True,True,True,6.3038330078125,1.0152136729288483,22.744585037231445,22.40374183654785,0.7166666666666667,0.7166666666666667,0.0,2,7,nearest,gnn,energy_lag_only,63,33,-9.13139853333314,1.014321728453166,True,False,False
True,True,True,2.73876953125,1.0787339499794526,24.16767692565918,22.40374183654785,0.7166666666666667,0.7166666666666667,0.0,2,7,oracle,gnn,energy_lag_only,63,33,-9.13139853333314,1.014321728453166,True,False,False
True,True,True,14.0186767578125,0.9601666513378609,170.44760131835938,177.51876831054688,0.7166666666666667,0.7166666666666667,0.0,2,6,nearest,gnn,energy_lag_only,63,34,-5.183429799999885,0.6083811681241181,True,False,False
True,True,True,32.88037109375,0.7504483890571237,133.2186737060547,177.51876831054688,0.7166666666666667,0.7166666666666667,0.0,2,6,oracle,gnn,energy_lag_only,63,34,-5.183429799999885,0.6083811681241181,True,False,False
True,True,True,12.2220458984375,0.9325291512228276,61.84406661987305,66.31864166259766,0.7166666666666667,0.7166666666666667,0.0,2,6,nearest,gnn,energy_lag_only,63,35,-3.4205675333332692,1.0301818418948794,True,False,False
False,True,False,-10.779052734375,1.4987235572849613,99.393310546875,66.31864166259766,0.7166666666666667,0.7166666666666667,0.0,2,6,oracle,gnn,energy_lag_only,63,35,-3.4205675333332692,1.0301818418948794,True,False,False
False,False,True,16.3973388671875,1.7514297621585997,137.8700408935547,78.71856689453125,0.7166666666666667,0.7166666666666667,0.0,2,6,nearest,gnn,energy_lag_only,63,36,-8.436170533333552,1.0353471679255617,True,False,False
True,True,True,34.34326171875,1.0713719009866445,84.33686065673828,78.71856689453125,0.7166666666666667,0.7166666666666667,0.0,2,6,oracle,gnn,energy_lag_only,63,36,-8.436170533333552,1.0353471679255617,True,False,False
True,True,True,8.15234375,0.9476431326944218,1277.32958984375,1347.9014892578125,0.7833333333333333,0.7833333333333333,0.0,2,6,nearest,gnn,energy_lag_only,63,37,24.095910833333164,1.6052451618941077,False,True,False
True,True,True,32.553466796875,1.0763347503158167,1450.793212890625,1347.9014892578125,0.7833333333333333,0.7833333333333333,0.0,2,6,oracle,gnn,energy_lag_only,63,37,24.095910833333164,1.6052451618941077,False,True,False
True,True,True,0.7431640625,0.9784771546259193,21.20265007019043,21.669029235839844,0.7166666666666667,0.7166666666666667,0.0,2,6,nearest,gnn,energy_lag_only,63,38,-75.77160163333315,8.13262219653909,False,False,False
True,True,True,0.353515625,0.9883578744195397,21.41675567626953,21.669029235839844,0.7166666666666667,0.7166666666666667,0.0,2,6,oracle,gnn,energy_lag_only,63,38,-75.77160163333315,8.13262219653909,False,False,False
True,True,True,2.5843505859375,1.0067653874431486,24.284624099731445,24.12143325805664,0.7166666666666667,0.7166666666666667,0.0,2,6,nearest,gnn,energy_lag_only,63,39,-22.225997766666524,1.0572715757466593,True,False,False
True,True,True,0.150634765625,1.0011753377079555,24.149784088134766,24.12143325805664,0.7166666666666667,0.7166666666666667,0.0,2,6,oracle,gnn,energy_lag_only,63,39,-22.225997766666524,1.0572715757466593,True,False,False
True,True,True,3.4742431640625,1.0105249939559873,20.73634147644043,20.52036476135254,0.7166666666666667,0.7166666666666667,0.0,3,12,nearest,gnn,energy_lag_only,63,0,12.320336800000177,1.043770184929961,True,True,True
True,True,True,3.0426025390625,0.9775477825560824,20.05963706970215,20.52036476135254,0.7166666666666667,0.7166666666666667,0.0,3,12,oracle,gnn,energy_lag_only,63,0,12.320336800000177,1.043770184929961,True,True,True
False,False,False,-84.576416015625,12.137227496948304,309.7520751953125,25.52082633972168,0.7166666666666667,0.7166666666666667,0.0,3,12,nearest,gnn,energy_lag_only,63,1,-2.8419093999998495,0.9969618154689869,True,False,False
False,False,False,-83.5291748046875,12.027831739929178,306.960205078125,25.52082633972168,0.7166666666666667,0.7166666666666667,0.0,3,12,oracle,gnn,energy_lag_only,63,1,-2.8419093999998495,0.9969618154689869,True,False,False
True,True,True,13.9443359375,0.9247152214048867,268.8341979980469,290.7210693359375,0.7166666666666667,0.7166666666666667,0.0,3,12,nearest,gnn,energy_lag_only,63,2,-5.625351666666575,1.0231019184085337,True,False,False
True,True,True,13.9443359375,0.9247152214048867,268.8341979980469,290.7210693359375,0.7166666666666667,0.7166666666666667,0.0,3,12,oracle,gnn,energy_lag_only,63,2,-5.625351666666575,1.0231019184085337,True,False,False
True,True,True,7.4482421875,1.0092265485475471,320.04376220703125,317.11785888671875,0.7166666666666667,0.7166666666666667,0.0,3,12,nearest,gnn,energy_lag_only,63,3,-9.3384285333334,1.0616895853984636,True,False,False
True,True,True,4.5152587890625,1.043727561797262,330.9846496582031,317.11785888671875,0.7166666666666667,0.7166666666666667,0.0,3,12,oracle,gnn,energy_lag_only,63,3,-9.3384285333334,1.0616895853984636,True,False,False
True,True,True,32.5445556640625,0.06855470276833027,21.222620010375977,309.5720520019531,0.7166666666666667,0.7166666666666667,0.0,3,12,nearest,gnn,energy_lag_only,63,4,-33.06077110000001,1.6730972988458537,False,False,False
True,True,True,29.7342529296875,0.06859791156536285,21.23599624633789,309.5720520019531,0.7166666666666667,0.7166666666666667,0.0,3,12,oracle,gnn,energy_lag_only,63,4,-33.06077110000001,1.6730972988458537,False,False,False
True,True,True,3.3868408203125,1.031501492767161,20.773296356201172,20.138891220092773,0.7166666666666667,0.7166666666666667,0.0,3,12,nearest,gnn,energy_lag_only,63,5,1.3837798333333922,1.0168453014634122,True,True,True
True,True,True,3.62353515625,1.0325170650330882,20.79374885559082,20.138891220092773,0.7166666666666667,0.7166666666666667,0.0,3,12,oracle,gnn,energy_lag_only,63,5,1.3837798333333922,1.0168453014634122,True,True,True
True,True,True,2.4283447265625,1.1173552631713488,25.01128387451172,22.384361267089844,0.7166666666666667,0.7166666666666667,0.0,3,12,nearest,gnn,energy_lag_only,63,6,-7.455960033333213,1.4787119360100955,True,False,False
True,True,True,12.390380859375,1.1020943345229643,24.669677734375,22.384361267089844,0.7166666666666667,0.7166666666666667,0.0,3,12,oracle,gnn,energy_lag_only,63,6,-7.455960033333213,1.4787119360100955,True,False,False
True,True,True,3.2078857421875,1.009342631590308,20.246076583862305,20.05867576599121,0.7166666666666667,0.7166666666666667,0.0,3,12,nearest,gnn,energy_lag_only,63,7,0.14548800000011397,0.9921612591804292,True,True,True
True,True,True,3.229736328125,1.0227926093063269,20.515865325927734,20.05867576599121,0.7166666666666667,0.7166666666666667,0.0,3,12,oracle,gnn,energy_lag_only,63,7,0.14548800000011397,0.9921612591804292,True,True,True
False,False,False,-31.169189453125,2.768835445752234,504.79833984375,182.31431579589844,0.7166666666666667,0.7166666666666667,0.0,3,11,nearest,gnn,energy_lag_only,63,8,10.896690533333185,0.9922444651167703,True,True,True
False,False,False,-19.35595703125,3.0693154112297374,559.5801391601562,182.31431579589844,0.7166666666666667,0.7166666666666667,0.0,3,11,oracle,gnn,energy_lag_only,63,8,10.896690533333185,0.9922444651167703,True,True,True
True,True,True,40.5780029296875,0.8981413002923776,206.57765197753906,230.0057373046875,0.7166666666666667,0.7166666666666667,0.0,3,12,nearest,gnn,energy_lag_only,63,9,-31.223604366666677,1.156083121760985,True,False,False
True,True,True,30.6722412109375,1.057720303554758,243.28173828125,230.0057373046875,0.7166666666666667,0.7166666666666667,0.0,3,12,oracle,gnn,energy_lag_only,63,9,-31.223604366666677,1.156083121760985,True,False,False
False,True,False,-1.3834228515625,1.1195257196322055,70.92222595214844,63.350242614746094,0.7166666666666667,0.7166666666666667,0.0,3,12,nearest,gnn,energy_lag_only,63,10,2.1471656666667513,0.9901513457970097,True,True,True
False,True,False,-3.6859130859375,1.1132720487152137,70.52605438232422,63.350242614746094,0.7166666666666667,0.7166666666666667,0.0,3,12,oracle,gnn,energy_lag_only,63,10,2.1471656666667513,0.9901513457970097,True,True,True
False,False,True,64.958740234375,1.8572625543002435,1728.7586669921875,930.81005859375,0.7833333333333333,0.7666666666666667,0.016666666666666607,3,12,nearest,gnn,energy_lag_only,63,11,73.05658733333348,3.3795194707093223,False,True,False
False,False,True,67.509765625,1.8386960807302528,1711.476806640625,930.81005859375,0.7833333333333333,0.7666666666666667,0.016666666666666607,3,12,oracle,gnn,energy_lag_only,63,11,73.05658733333348,3.3795194707093223,False,True,False
True,True,True,3.3905029296875,1.0984411249047248,21.368879318237305,19.45382308959961,0.7166666666666667,0.7166666666666667,0.0,3,12,nearest,gnn,energy_lag_only,63,12,-126.14401343333361,23.341187137207648,False,False,False
True,True,True,3.3638916015625,1.0980148255692537,21.360586166381836,19.45382308959961,0.7166666666666667,0.7166666666666667,0.0,3,12,oracle,gnn,energy_lag_only,63,12,-126.14401343333361,23.341187137207648,False,False,False
False,False,False,-46.1053466796875,2.179138318912883,464.73486328125,213.2654266357422,0.7166666666666667,0.7166666666666667,0.0,3,12,nearest,gnn,energy_lag_only,63,13,2.4841152333335685,0.922699162334029,True,True,True
False,False,False,-42.8194580078125,2.5331100357076344,540.2247924804688,213.2654266357422,0.7166666666666667,0.7166666666666667,0.0,3,12,oracle,gnn,energy_lag_only,63,13,2.4841152333335685,0.922699162334029,True,True,True
True,True,True,15.610107421875,0.7944105935426695,48.09178161621094,60.537689208984375,0.7166666666666667,0.7166666666666667,0.0,3,11,nearest,gnn,energy_lag_only,63,14,-28.280023366666683,5.408429581327414,False,False,False
True,True,True,13.8990478515625,0.8129166143653851,49.212093353271484,60.537689208984375,0.7166666666666667,0.7166666666666667,0.0,3,11,oracle,gnn,energy_lag_only,63,14,-28.280023366666683,5.408429581327414,False,False,False
True,True,True,37.355224609375,1.060992040970652,23.127197265625,21.797710418701172,0.7166666666666667,0.7166666666666667,0.0,3,12,nearest,gnn,energy_lag_only,63,15,-53.88535713333317,2.850651546088366,False,False,False
True,True,True,33.3470458984375,1.0934859127508099,23.83548927307129,21.797710418701172,0.7166666666666667,0.7166666666666667,0.0,3,12,oracle,gnn,energy_lag_only,63,15,-53.88535713333317,2.850651546088366,False,False,False
False,False,False,-57.78466796875,4.552436460440366,822.895263671875,180.75930786132812,0.7333333333333333,0.7166666666666667,0.016666666666666607,3,13,nearest,gnn,energy_lag_only,63,16,55.764320433333296,4.4726829182547165,False,True,False
False,False,False,-62.820556640625,4.696480791123464,848.9326171875,180.75930786132812,0.7333333333333333,0.7166666666666667,0.016666666666666607,3,13,oracle,gnn,energy_lag_only,63,16,55.764320433333296,4.4726829182547165,False,True,False
True,True,True,14.19873046875,1.1202870159424625,30.55080223083496,27.2705135345459,0.7166666666666667,0.7166666666666667,0.0,3,13,nearest,gnn,energy_lag_only,63,17,-51.66782950000015,12.778804608970963,False,False,False
True,True,True,11.9007568359375,0.8937771597099178,24.373762130737305,27.2705135345459,0.7166666666666667,0.7166666666666667,0.0,3,13,oracle,gnn,energy_lag_only,63,17,-51.66782950000015,12.778804608970963,False,False,False
True,True,True,3.8819580078125,0.9526589971872468,69.80989074707031,73.27899169921875,0.7166666666666667,0.7166666666666667,0.0,3,13,nearest,gnn,energy_lag_only,63,18,-7.213513300000159,4.352721867828735,False,False,False
False,True,False,-17.7347412109375,1.457479803898541,106.80265045166016,73.27899169921875,0.7166666666666667,0.7166666666666667,0.0,3,13,oracle,gnn,energy_lag_only,63,18,-7.213513300000159,4.352721867828735,False,False,False
False,False,False,-16.604248046875,1.9160941737646995,2004.36572265625,1046.0684814453125,0.7833333333333333,0.8,-0.01666666666666672,3,13,nearest,gnn,energy_lag_only,63,19,99.59976806666646,2.8917868802215994,False,True,False
False,False,False,-68.7509765625,1.892813061555235,1980.0120849609375,1046.0684814453125,0.7833333333333333,0.8,-0.01666666666666672,3,13,oracle,gnn,energy_lag_only,63,19,99.59976806666646,2.8917868802215994,False,True,False
True,True,True,3.6815185546875,0.9755423843860804,21.124040603637695,21.653636932373047,0.7166666666666667,0.7166666666666667,0.0,3,13,nearest,gnn,energy_lag_only,63,20,-102.58979799999997,18.18683362043013,False,False,False
True,True,True,3.736572265625,0.9767235968191649,21.14961814880371,21.653636932373047,0.7166666666666667,0.7166666666666667,0.0,3,13,oracle,gnn,energy_lag_only,63,20,-102.58979799999997,18.18683362043013,False,False,False
True,True,True,35.318603515625,1.1431799041416622,24.72545623779297,21.628665924072266,0.7166666666666667,0.7166666666666667,0.0,3,14,nearest,gnn,energy_lag_only,63,21,-20.962325133333252,1.0823720354496358,True,False,False
True,True,True,45.2918701171875,1.1485234553094672,24.84103012084961,21.628665924072266,0.7166666666666667,0.7166666666666667,0.0,3,14,oracle,gnn,energy_lag_only,63,21,-20.962325133333252,1.0823720354496358,True,False,False
False,False,True,8.9693603515625,5.089245638889462,181.39501953125,35.6428108215332,0.7166666666666667,0.7166666666666667,0.0,3,14,nearest,gnn,energy_lag_only,63,22,-32.83853446666649,22.760238239997552,False,False,False
False,False,True,8.6563720703125,6.234872423743911,222.22837829589844,35.6428108215332,0.7333333333333333,0.7166666666666667,0.016666666666666607,3,14,oracle,gnn,energy_lag_only,63,22,-32.83853446666649,22.760238239997552,False,False,False
True,True,True,34.419189453125,1.1112717486026642,29.23092269897461,26.304027557373047,0.7166666666666667,0.7166666666666667,0.0,3,14,nearest,gnn,energy_lag_only,63,23,-18.586780399999725,1.1664151618510272,True,False,False
True,True,True,49.7049560546875,1.1031977205815493,29.018543243408203,26.304027557373047,0.7166666666666667,0.7166666666666667,0.0,3,14,oracle,gnn,energy_lag_only,63,23,-18.586780399999725,1.1664151618510272,True,False,False
True,True,True,49.7281494140625,1.121272284840915,29.14558982849121,25.99332046508789,0.7166666666666667,0.7166666666666667,0.0,3,13,nearest,gnn,energy_lag_only,63,24,0.1306944000000385,0.9939638696884856,True,True,True
True,True,True,49.7281494140625,1.121272284840915,29.14558982849121,25.99332046508789,0.7166666666666667,0.7166666666666667,0.0,3,13,oracle,gnn,energy_lag_only,63,24,0.1306944000000385,0.9939638696884856,True,True,True
False,True,False,-39.075439453125,1.069632021021376,41.23068618774414,38.546607971191406,0.7166666666666667,0.7166666666666667,0.0,3,12,nearest,gnn,energy_lag_only,63,25,13.978897266666763,22.935969888252462,False,True,False
False,True,False,-34.19482421875,1.0874601499768128,41.91790008544922,38.546607971191406,0.7166666666666667,0.7166666666666667,0.0,3,12,oracle,gnn,energy_lag_only,63,25,13.978897266666763,22.935969888252462,False,True,False
True,True,True,26.5975341796875,1.3131804750986193,29.17609405517578,22.217885971069336,0.7166666666666667,0.7166666666666667,0.0,3,12,nearest,gnn,energy_lag_only,63,26,-59.44368683333323,28.358198257442616,False,False,False
True,True,True,38.277587890625,1.3164328053629926,29.248353958129883,22.217885971069336,0.7166666666666667,0.7166666666666667,0.0,3,12,oracle,gnn,energy_lag_only,63,26,-59.44368683333323,28.358198257442616,False,False,False
True,True,True,43.792724609375,1.1664997078427726,26.852231979370117,23.019493103027344,0.7166666666666667,0.7166666666666667,0.0,3,12,nearest,gnn,energy_lag_only,63,27,-71.6556297333334,1.5120180443129845,False,False,False
True,True,True,43.792724609375,1.1664997078427726,26.852231979370117,23.019493103027344,0.7166666666666667,0.7166666666666667,0.0,3,12,oracle,gnn,energy_lag_only,63,27,-71.6556297333334,1.5120180443129845,False,False,False
False,False,True,23.001220703125,2.583395869098374,650.1021728515625,251.6463623046875,0.7333333333333333,0.7166666666666667,0.016666666666666607,3,13,nearest,gnn,energy_lag_only,63,28,-18.777340666666532,4.810843997961585,False,False,False
False,False,True,34.226806640625,2.1731114481924942,546.8555908203125,251.6463623046875,0.7333333333333333,0.7166666666666667,0.016666666666666607,3,13,oracle,gnn,energy_lag_only,63,28,-18.777340666666532,4.810843997961585,False,False,False
True,True,True,4.0299072265625,0.4333924883357899,26.391250610351562,60.89457321166992,0.7166666666666667,0.7166666666666667,0.0,3,13,nearest,gnn,energy_lag_only,63,29,-24.664687766666702,2.9476442792634847,False,False,False
True,True,True,64.5433349609375,0.45489476479794366,27.70062255859375,60.89457321166992,0.7166666666666667,0.7166666666666667,0.0,3,13,oracle,gnn,energy_lag_only,63,29,-24.664687766666702,2.9476442792634847,False,False,False
False,False,False,-7.475830078125,3.299156639287171,192.30833435058594,58.2901496887207,0.7166666666666667,0.7166666666666667,0.0,3,13,nearest,gnn,energy_lag_only,63,30,-10.434985433333395,1.0963103522455644,True,False,False
False,False,False,-16.5565185546875,2.8019999197665664,163.32899475097656,58.2901496887207,0.7166666666666667,0.7166666666666667,0.0,3,13,oracle,gnn,energy_lag_only,63,30,-10.434985433333395,1.0963103522455644,True,False,False
False,False,True,7.576416015625,2.8684184201654346,822.5722045898438,286.7685546875,0.7166666666666667,0.7166666666666667,0.0,3,12,nearest,gnn,energy_lag_only,63,31,-52.20096990000002,0.9177004311118329,True,False,False
False,False,True,9.9769287109375,3.1953447715144847,916.3244018554688,286.7685546875,0.7166666666666667,0.7166666666666667,0.0,3,12,oracle,gnn,energy_lag_only,63,31,-52.20096990000002,0.9177004311118329,True,False,False
False,False,False,-90.575927734375,5.784340827594287,613.2078247070312,106.01170349121094,0.7166666666666667,0.7166666666666667,0.0,3,14,nearest,gnn,energy_lag_only,63,32,21.554892699999982,12.15903390869932,False,True,False
False,False,False,-85.323974609375,6.173770072268298,654.4918823242188,106.01170349121094,0.7166666666666667,0.7166666666666667,0.0,3,14,oracle,gnn,energy_lag_only,63,32,21.554892699999982,12.15903390869932,False,True,False
True,True,True,38.02685546875,1.1656224967569846,26.11430549621582,22.40374183654785,0.7166666666666667,0.7166666666666667,0.0,3,14,nearest,gnn,energy_lag_only,63,33,-59.06589989999998,3.6498787528401846,False,False,False
True,True,True,38.6116943359375,1.1389767745021226,25.51734161376953,22.40374183654785,0.7166666666666667,0.7166666666666667,0.0,3,14,oracle,gnn,energy_lag_only,63,33,-59.06589989999998,3.6498787528401846,False,False,False
False,False,False,-43.072021484375,3.388908419984064,601.5948486328125,177.51876831054688,0.7166666666666667,0.7166666666666667,0.0,3,13,nearest,gnn,energy_lag_only,63,34,56.048252866666644,4.003933473806334,False,True,False
False,False,False,-43.072021484375,3.388908419984064,601.5948486328125,177.51876831054688,0.7166666666666667,0.7166666666666667,0.0,3,13,oracle,gnn,energy_lag_only,63,34,56.048252866666644,4.003933473806334,False,True,False
False,False,False,-19.2952880859375,18.326427661861345,1215.3837890625,66.31864166259766,0.7666666666666667,0.7166666666666667,0.050000000000000044,3,12,nearest,gnn,energy_lag_only,63,35,-81.15524140000002,19.578340576584345,False,False,False
False,False,False,-16.91845703125,18.753292285767174,1243.69287109375,66.31864166259766,0.7666666666666667,0.7166666666666667,0.050000000000000044,3,12,oracle,gnn,energy_lag_only,63,35,-81.15524140000002,19.578340576584345,False,False,False
True,True,True,36.5950927734375,0.9225990036635717,72.62567138671875,78.71856689453125,0.7166666666666667,0.7166666666666667,0.0,3,12,nearest,gnn,energy_lag_only,63,36,-34.42861916666675,0.7570819593898439,True,False,False
True,True,True,63.0491943359375,0.6572764542828897,51.73986053466797,78.71856689453125,0.7166666666666667,0.7166666666666667,0.0,3,12,oracle,gnn,energy_lag_only,63,36,-34.42861916666675,0.7570819593898439,True,False,False
False,False,True,4.85693359375,1.5630588600317208,2106.849365234375,1347.9014892578125,0.8333333333333334,0.7833333333333333,0.050000000000000044,3,11,nearest,gnn,energy_lag_only,63,37,68.1309405333327,3.771264178857945,False,True,False
False,False,True,10.4521484375,1.6200368972711396,2183.650146484375,1347.9014892578125,0.8,0.7833333333333333,0.01666666666666672,3,11,oracle,gnn,energy_lag_only,63,37,68.1309405333327,3.771264178857945,False,True,False
True,True,True,4.146240234375,1.0133876874293843,21.95912742614746,21.669029235839844,0.7166666666666667,0.7166666666666667,0.0,3,10,nearest,gnn,energy_lag_only,63,38,-118.68867946666637,50.27481446051203,False,False,False
True,True,True,3.906982421875,1.0322367802583126,22.367568969726562,21.669029235839844,0.7166666666666667,0.7166666666666667,0.0,3,10,oracle,gnn,energy_lag_only,63,38,-118.68867946666637,50.27481446051203,False,False,False
True,True,True,12.2344970703125,1.1963938387127333,28.858734130859375,24.12143325805664,0.7166666666666667,0.7166666666666667,0.0,3,11,nearest,gnn,energy_lag_only,63,39,-12.261831233333169,1.0337921736400713,True,False,False
True,True,True,12.1954345703125,1.1982807523110204,28.90424919128418,24.12143325805664,0.7166666666666667,0.7166666666666667,0.0,3,11,oracle,gnn,energy_lag_only,63,39,-12.261831233333169,1.0337921736400713,True,False,False
True,True,True,1.234619140625,0.9760644084940198,20.029197692871094,20.52036476135254,0.7166666666666667,0.7166666666666667,0.0,4,5,nearest,gnn,energy_lag_only,63,0,13.644819533333475,1.0467961164251254,True,True,True
True,True,True,1.517578125,1.0422498097100352,21.387346267700195,20.52036476135254,0.7166666666666667,0.7166666666666667,0.0,4,5,oracle,gnn,energy_lag_only,63,0,13.644819533333475,1.0467961164251254,True,True,True
True,True,True,3.304931640625,1.0031143632976423,25.60030746459961,25.52082633972168,0.7166666666666667,0.7166666666666667,0.0,4,5,nearest,gnn,energy_lag_only,63,1,-3.3189111666665667,1.0413799147023053,True,False,False
True,True,True,7.1031494140625,0.9859030424140393,25.161060333251953,25.52082633972168,0.7166666666666667,0.7166666666666667,0.0,4,5,oracle,gnn,energy_lag_only,63,1,-3.3189111666665667,1.0413799147023053,True,False,False
False,True,False,-1.1380615234375,1.19480424187737,347.3547668457031,290.7210693359375,0.7166666666666667,0.7166666666666667,0.0,4,5,nearest,gnn,energy_lag_only,63,2,-4.607251566666491,0.9835277510928967,True,False,False
False,False,True,0.5386962890625,1.5023239755675522,436.7572326660156,290.7210693359375,0.7166666666666667,0.7166666666666667,0.0,4,5,oracle,gnn,energy_lag_only,63,2,-4.607251566666491,0.9835277510928967,True,False,False
True,True,True,2.32763671875,0.9848562039964517,312.31549072265625,317.11785888671875,0.7166666666666667,0.7166666666666667,0.0,4,5,nearest,gnn,energy_lag_only,63,3,-2.6565064000001257,1.0294173958787625,True,False,False
True,True,True,1.83154296875,0.9935177616544889,315.0622253417969,317.11785888671875,0.7166666666666667,0.7166666666666667,0.0,4,5,oracle,gnn,energy_lag_only,63,3,-2.6565064000001257,1.0294173958787625,True,False,False
False,False,False,-15.852783203125,1.6666566443780826,515.9503173828125,309.5720520019531,0.7166666666666667,0.7166666666666667,0.0,4,5,nearest,gnn,energy_lag_only,63,4,4.174373033333495,0.8766889337883879,True,True,True
False,True,False,-9.3397216796875,1.1882967534587,367.86346435546875,309.5720520019531,0.7166666666666667,0.7166666666666667,0.0,4,5,oracle,gnn,energy_lag_only,63,4,4.174373033333495,0.8766889337883879,True,True,True
True,True,True,7.982421875,0.9932983406195095,20.00392723083496,20.138891220092773,0.7166666666666667,0.7166666666666667,0.0,4,5,nearest,gnn,energy_lag_only,63,5,-5.95578433333344,1.1169135744244258,True,False,False
True,True,True,8.22607421875,1.0119871244037668,20.380298614501953,20.138891220092773,0.7166666666666667,0.7166666666666667,0.0,4,5,oracle,gnn,energy_lag_only,63,5,-5.95578433333344,1.1169135744244258,True,False,False
False,True,False,-40.1922607421875,1.3131826304558032,29.39475440979004,22.384361267089844,0.7166666666666667,0.7166666666666667,0.0,4,6,nearest,gnn,energy_lag_only,63,6,-8.554473200000075,1.099445397159593,True,False,False
False,True,False,-32.8238525390625,1.192543498333142,26.694324493408203,22.384361267089844,0.7166666666666667,0.7166666666666667,0.0,4,6,oracle,gnn,energy_lag_only,63,6,-8.554473200000075,1.099445397159593,True,False,False
True,True,True,1.5242919921875,1.002555122068387,20.109928131103516,20.05867576599121,0.7166666666666667,0.7166666666666667,0.0,4,8,nearest,gnn,energy_lag_only,63,7,0.3536922666667124,0.9860884031679349,True,True,True
True,True,True,1.3792724609375,1.0376133822937486,20.81315040588379,20.05867576599121,0.7166666666666667,0.7166666666666667,0.0,4,8,oracle,gnn,energy_lag_only,63,7,0.3536922666667124,0.9860884031679349,True,True,True
False,True,False,-16.31494140625,1.2528009563990277,228.40354919433594,182.31431579589844,0.7166666666666667,0.7166666666666667,0.0,4,7,nearest,gnn,energy_lag_only,63,8,9.829894333333186,1.1529295547647977,True,True,True
True,True,True,0.45703125,1.426336677532783,260.0415954589844,182.31431579589844,0.7166666666666667,0.7166666666666667,0.0,4,7,oracle,gnn,energy_lag_only,63,8,9.829894333333186,1.1529295547647977,True,True,True
False,True,False,-23.4075927734375,1.1095269787236752,255.19757080078125,230.0057373046875,0.7166666666666667,0.7166666666666667,0.0,4,8,nearest,gnn,energy_lag_only,63,9,-8.797167633333174,1.1385482217456218,True,False,False
False,True,False,-4.8377685546875,1.0750454965935272,247.26663208007812,230.0057373046875,0.7166666666666667,0.7166666666666667,0.0,4,8,oracle,gnn,energy_lag_only,63,9,-8.797167633333174,1.1385482217456218,True,False,False
False,False,False,-7.25146484375,1.9749547266115997,125.11386108398438,63.350242614746094,0.7166666666666667,0.7166666666666667,0.0,4,8,nearest,gnn,energy_lag_only,63,10,-32.66188006666653,1.8434194826454489,False,False,False
False,False,False,-20.644287109375,1.7769698665963023,112.57147216796875,63.350242614746094,0.7166666666666667,0.7166666666666667,0.0,4,8,oracle,gnn,energy_lag_only,63,10,-32.66188006666653,1.8434194826454489,False,False,False
True,True,True,16.620849609375,1.0598526254275955,986.521484375,930.81005859375,0.8166666666666667,0.7666666666666667,0.04999999999999993,4,8,nearest,gnn,energy_lag_only,63,11,-37.025790133332976,1.5150218919619831,False,False,False
False,True,False,-18.014892578125,1.1550236872599733,1075.107666015625,930.81005859375,0.8,0.7666666666666667,0.033333333333333326,4,8,oracle,gnn,energy_lag_only,63,11,-37.025790133332976,1.5150218919619831,False,False,False
True,True,True,1.80078125,1.0127040731587702,19.700965881347656,19.45382308959961,0.7166666666666667,0.7166666666666667,0.0,4,8,nearest,gnn,energy_lag_only,63,12,-0.778394900000194,1.0244250523260614,True,False,False
True,True,True,1.951416015625,1.032471498830422,20.08551788330078,19.45382308959961,0.7166666666666667,0.7166666666666667,0.0,4,8,oracle,gnn,energy_lag_only,63,12,-0.778394900000194,1.0244250523260614,True,False,False
True,True,True,15.1895751953125,1.0263238537256978,218.87939453125,213.2654266357422,0.7166666666666667,0.7166666666666667,0.0,4,8,nearest,gnn,energy_lag_only,63,13,-13.956443399999898,1.0263463089676321,True,False,False
True,True,True,15.2364501953125,0.8726771381490571,186.1118621826172,213.2654266357422,0.7166666666666667,0.7166666666666667,0.0,4,8,oracle,gnn,energy_lag_only,63,13,-13.956443399999898,1.0263463089676321,True,False,False
False,False,False,-69.8197021484375,6.22238051236604,376.68853759765625,60.537689208984375,0.7166666666666667,0.7166666666666667,0.0,4,8,nearest,gnn,energy_lag_only,63,14,-36.45852076666665,2.268452822150669,False,False,False
False,False,False,-57.7445068359375,3.029644366408412,183.4076690673828,60.537689208984375,0.7166666666666667,0.7166666666666667,0.0,4,8,oracle,gnn,energy_lag_only,63,14,-36.45852076666665,2.268452822150669,False,False,False
True,True,True,7.7030029296875,1.0009998006698821,21.819503784179688,21.797710418701172,0.7166666666666667,0.7166666666666667,0.0,4,7,nearest,gnn,energy_lag_only,63,15,-6.000090266666575,1.041926726930526,True,False,False
True,True,True,7.7030029296875,1.0009998006698821,21.819503784179688,21.797710418701172,0.7166666666666667,0.7166666666666667,0.0,4,7,oracle,gnn,energy_lag_only,63,15,-6.000090266666575,1.041926726930526,True,False,False
False,False,False,-24.9068603515625,2.7736330221854324,501.3599853515625,180.75930786132812,0.7166666666666667,0.7166666666666667,0.0,4,6,nearest,gnn,energy_lag_only,63,16,8.336959166666702,0.7396750184116943,True,True,True
False,False,False,-22.948486328125,2.7852004036385547,503.4508972167969,180.75930786132812,0.7166666666666667,0.7166666666666667,0.0,4,6,oracle,gnn,energy_lag_only,63,16,8.336959166666702,0.7396750184116943,True,True,True
False,True,False,-1.9246826171875,1.0238001432827586,27.9195556640625,27.2705135345459,0.7166666666666667,0.7166666666666667,0.0,4,6,nearest,gnn,energy_lag_only,63,17,-7.910300333333225,1.2498902442476305,True,False,False
False,False,True,1.275390625,1.5112270217602208,41.211936950683594,27.2705135345459,0.7166666666666667,0.7166666666666667,0.0,4,6,oracle,gnn,energy_lag_only,63,17,-7.910300333333225,1.2498902442476305,True,False,False
False,True,False,-22.38330078125,1.230634418704601,90.17964935302734,73.27899169921875,0.7166666666666667,0.7166666666666667,0.0,4,7,nearest,gnn,energy_lag_only,63,18,-1.3911729000001287,3.7144171381276925,False,False,False
False,False,False,-54.6199951171875,1.5590786463135609,114.24771118164062,73.27899169921875,0.7166666666666667,0.7166666666666667,0.0,4,7,oracle,gnn,energy_lag_only,63,18,-1.3911729000001287,3.7144171381276925,False,False,False
False,True,False,-46.67724609375,1.0237697115770044,1070.9332275390625,1046.0684814453125,0.8166666666666667,0.8,0.016666666666666607,4,7,nearest,gnn,energy_lag_only,63,19,16.010408233332782,1.2850676379066273,True,True,True
False,True,False,-34.47265625,1.0388923696229126,1086.7525634765625,1046.0684814453125,0.8166666666666667,0.8,0.016666666666666607,4,7,oracle,gnn,energy_lag_only,63,19,16.010408233332782,1.2850676379066273,True,True,True
True,True,True,1.6962890625,0.961018228019275,20.809539794921875,21.653636932373047,0.7166666666666667,0.7166666666666667,0.0,4,7,nearest,gnn,energy_lag_only,63,20,2.5040466333334734,0.9708429341793113,True,True,True
True,True,True,1.3565673828125,0.9276393315377025,20.08676528930664,21.653636932373047,0.7166666666666667,0.7166666666666667,0.0,4,7,oracle,gnn,energy_lag_only,63,20,2.5040466333334734,0.9708429341793113,True,True,True
True,True,True,11.4072265625,0.9965120616597514,21.553226470947266,21.628665924072266,0.7166666666666667,0.7166666666666667,0.0,4,6,nearest,gnn,energy_lag_only,63,21,-8.715184766666653,1.0341118359290984,True,False,False
True,True,True,12.24609375,0.9983902501399955,21.593849182128906,21.628665924072266,0.7166666666666667,0.7166666666666667,0.0,4,6,oracle,gnn,energy_lag_only,63,21,-8.715184766666653,1.0341118359290984,True,False,False
True,True,True,21.9510498046875,1.0087293382846283,35.953948974609375,35.6428108215332,0.7166666666666667,0.7166666666666667,0.0,4,6,nearest,gnn,energy_lag_only,63,22,-1.4411523999999645,1.066294398736432,True,False,False
True,True,True,16.4420166015625,1.021515486246179,36.40968322753906,35.6428108215332,0.7166666666666667,0.7166666666666667,0.0,4,6,oracle,gnn,energy_lag_only,63,22,-1.4411523999999645,1.066294398736432,True,False,False
True,True,True,53.4879150390625,0.9978240701866435,26.24679183959961,26.304027557373047,0.7166666666666667,0.7166666666666667,0.0,4,6,nearest,gnn,energy_lag_only,63,23,-8.059924499999852,1.0084572149712496,True,False,False
True,True,True,35.8671875,0.997864241644808,26.247848510742188,26.304027557373047,0.7166666666666667,0.7166666666666667,0.0,4,6,oracle,gnn,energy_lag_only,63,23,-8.059924499999852,1.0084572149712496,True,False,False
True,True,True,36.187744140625,1.0707176394222888,27.831506729125977,25.99332046508789,0.7166666666666667,0.7166666666666667,0.0,4,7,nearest,gnn,energy_lag_only,63,24,-24.331055166666374,1.5329927224585136,False,False,False
True,True,True,25.1466064453125,1.2269034470684077,31.891294479370117,25.99332046508789,0.7166666666666667,0.7166666666666667,0.0,4,7,oracle,gnn,energy_lag_only,63,24,-24.331055166666374,1.5329927224585136,False,False,False
False,False,True,2.1502685546875,7.051309075859481,271.8040466308594,38.546607971191406,0.7166666666666667,0.7166666666666667,0.0,4,7,nearest,gnn,energy_lag_only,63,25,-12.10979139999995,10.754728579597705,False,False,False
False,False,True,6.574462890625,6.972208944654016,268.7550048828125,38.546607971191406,0.7166666666666667,0.7166666666666667,0.0,4,7,oracle,gnn,energy_lag_only,63,25,-12.10979139999995,10.754728579597705,False,False,False
True,True,True,62.1595458984375,1.0292883135622386,22.868610382080078,22.217885971069336,0.7166666666666667,0.7166666666666667,0.0,4,8,nearest,gnn,energy_lag_only,63,26,-16.68718630000012,1.1165809812912042,True,False,False
True,True,True,56.7501220703125,1.028641968186484,22.854249954223633,22.217885971069336,0.7166666666666667,0.7166666666666667,0.0,4,8,oracle,gnn,energy_lag_only,63,26,-16.68718630000012,1.1165809812912042,True,False,False
True,True,True,53.615478515625,1.0085555832853585,23.21643829345703,23.019493103027344,0.7166666666666667,0.7166666666666667,0.0,4,9,nearest,gnn,energy_lag_only,63,27,-20.93463613333347,1.146621193849759,True,False,False
True,True,True,53.615478515625,1.0085555832853585,23.21643829345703,23.019493103027344,0.7166666666666667,0.7166666666666667,0.0,4,9,oracle,gnn,energy_lag_only,63,27,-20.93463613333347,1.146621193849759,True,False,False
True,True,True,30.3814697265625,0.9532584973856251,239.884033203125,251.6463623046875,0.7166666666666667,0.7166666666666667,0.0,4,8,nearest,gnn,energy_lag_only,63,28,-24.80301079999981,1.4417538193029085,True,False,False
True,True,True,95.0069580078125,0.3792506028415411,95.4370346069336,251.6463623046875,0.7166666666666667,0.7166666666666667,0.0,4,8,oracle,gnn,energy_lag_only,63,28,-24.80301079999981,1.4417538193029085,True,False,False
False,False,False,-18.9254150390625,2.9255023461226037,178.147216796875,60.89457321166992,0.7166666666666667,0.7166666666666667,0.0,4,9,nearest,gnn,energy_lag_only,63,29,-1.0151694000001044,3.547900121112106,False,False,False
False,False,False,-18.8668212890625,2.990232690333554,182.0889434814453,60.89457321166992,0.7166666666666667,0.7166666666666667,0.0,4,9,oracle,gnn,energy_lag_only,63,29,-1.0151694000001044,3.547900121112106,False,False,False
True,True,True,22.5665283203125,1.0586790422484,61.7105598449707,58.2901496887207,0.7166666666666667,0.7166666666666667,0.0,4,9,nearest,gnn,energy_lag_only,63,30,-21.50263016666645,1.012111610819516,True,False,False
True,True,True,19.595947265625,1.126212622656207,65.64710235595703,58.2901496887207,0.7166666666666667,0.7166666666666667,0.0,4,9,oracle,gnn,energy_lag_only,63,30,-21.50263016666645,1.012111610819516,True,False,False
False,True,False,-4.17138671875,0.8235401037285758,236.1654052734375,286.7685546875,0.7166666666666667,0.7166666666666667,0.0,4,9,nearest,gnn,energy_lag_only,63,31,-19.931161833333363,1.2462960584910447,True,False,False
True,True,True,23.406982421875,0.48703201249101824,139.66546630859375,286.7685546875,0.7166666666666667,0.7166666666666667,0.0,4,9,oracle,gnn,energy_lag_only,63,31,-19.931161833333363,1.2462960584910447,True,False,False
False,False,False,-1.816650390625,3.4323375481804246,363.8679504394531,106.01170349121094,0.7166666666666667,0.7166666666666667,0.0,4,8,nearest,gnn,energy_lag_only,63,32,15.996682166666687,8.466379998591448,False,True,False
False,False,True,2.2608642578125,3.439300545239978,364.6061096191406,106.01170349121094,0.7166666666666667,0.7166666666666667,0.0,4,8,oracle,gnn,energy_lag_only,63,32,15.996682166666687,8.466379998591448,False,True,False
True,True,True,39.506103515625,1.048809838708675,23.497264862060547,22.40374183654785,0.7166666666666667,0.7166666666666667,0.0,4,8,nearest,gnn,energy_lag_only,63,33,-19.70847089999984,1.0633882606717757,True,False,False
True,True,True,34.982666015625,1.0446457874684798,23.403974533081055,22.40374183654785,0.7166666666666667,0.7166666666666667,0.0,4,8,oracle,gnn,energy_lag_only,63,33,-19.70847089999984,1.0633882606717757,True,False,False
False,False,True,30.18408203125,2.5330401663418964,449.66217041015625,177.51876831054688,0.7166666666666667,0.7166666666666667,0.0,4,8,nearest,gnn,energy_lag_only,63,34,-34.16579003333345,1.1143463088267027,True,False,False
False,False,True,24.05078125,2.8389615837206366,503.9689636230469,177.51876831054688,0.7166666666666667,0.7166666666666667,0.0,4,8,oracle,gnn,energy_lag_only,63,34,-34.16579003333345,1.1143463088267027,True,False,False
True,True,True,62.6881103515625,0.7988798296281733,52.98062515258789,66.31864166259766,0.7166666666666667,0.7166666666666667,0.0,4,9,nearest,gnn,energy_lag_only,63,35,-5.053517899999861,1.2440507518939343,True,False,False
True,True,True,41.3643798828125,1.245118071094943,82.57453918457031,66.31864166259766,0.7166666666666667,0.7166666666666667,0.0,4,9,oracle,gnn,energy_lag_only,63,35,-5.053517899999861,1.2440507518939343,True,False,False
True,True,True,18.1070556640625,1.1117209094962104,87.51307678222656,78.71856689453125,0.7166666666666667,0.7166666666666667,0.0,4,9,nearest,gnn,energy_lag_only,63,36,-6.358393433333504,0.8235509668115802,True,False,False
True,True,True,21.2196044921875,1.0808166469596232,85.08033752441406,78.71856689453125,0.7166666666666667,0.7166666666666667,0.0,4,9,oracle,gnn,energy_lag_only,63,36,-6.358393433333504,0.8235509668115802,True,False,False
False,True,False,-58.263671875,0.93723506293103,1263.300537109375,1347.9014892578125,0.8166666666666667,0.7833333333333333,0.033333333333333326,4,10,nearest,gnn,energy_lag_only,63,37,6.643046833332846,1.7664653411983429,False,True,False
False,True,False,-55.277099609375,1.0439165554021919,1407.0966796875,1347.9014892578125,0.8,0.7833333333333333,0.01666666666666672,4,10,oracle,gnn,energy_lag_only,63,37,6.643046833332846,1.7664653411983429,False,True,False
True,True,True,2.5841064453125,0.9663622635424299,20.94013214111328,21.669029235839844,0.7166666666666667,0.7166666666666667,0.0,4,11,nearest,gnn,energy_lag_only,63,38,-73.03764840000008,7.695810463547207,False,False,False
True,True,True,2.4107666015625,0.9759504866377509,21.147899627685547,21.669029235839844,0.7166666666666667,0.7166666666666667,0.0,4,11,oracle,gnn,energy_lag_only,63,38,-73.03764840000008,7.695810463547207,False,False,False
True,True,True,34.565185546875,1.0098109543941451,24.35808753967285,24.12143325805664,0.7166666666666667,0.7166666666666667,0.0,4,11,nearest,gnn,energy_lag_only,63,39,-27.928972666666596,1.0474615030190717,True,False,False
True,True,True,34.6116943359375,1.0096355709821265,24.353857040405273,24.12143325805664,0.7166666666666667,0.7166666666666667,0.0,4,11,oracle,gnn,energy_lag_only,63,39,-27.928972666666596,1.0474615030190717,True,False,False
True,True,True,0.966796875,0.9782496409145407,20.074039459228516,20.52036476135254,0.7166666666666667,0.7166666666666667,0.0,5,9,nearest,gnn,energy_lag_only,63,0,12.947287199999892,1.0533089222593885,True,True,True
True,True,True,1.166259765625,0.9930683237873099,20.378124237060547,20.52036476135254,0.7166666666666667,0.7166666666666667,0.0,5,9,oracle,gnn,energy_lag_only,63,0,12.947287199999892,1.0533089222593885,True,True,True
True,True,True,8.860595703125,0.9981365837128912,25.473270416259766,25.52082633972168,0.7166666666666667,0.7166666666666667,0.0,5,9,nearest,gnn,energy_lag_only,63,1,-2.0313576666665085,0.9987752671207003,True,False,False
True,True,True,11.548828125,0.9878781904361671,25.211467742919922,25.52082633972168,0.7166666666666667,0.7166666666666667,0.0,5,9,oracle,gnn,energy_lag_only,63,1,-2.0313576666665085,0.9987752671207003,True,False,False
True,True,True,7.2474365234375,0.9768423324447102,283.9886474609375,290.7210693359375,0.7166666666666667,0.7166666666666667,0.0,5,9,nearest,gnn,energy_lag_only,63,2,-4.745751533333532,1.0310306108093419,True,False,False
True,True,True,3.3487548828125,1.0547343011193797,306.63348388671875,290.7210693359375,0.7166666666666667,0.7166666666666667,0.0,5,9,oracle,gnn,energy_lag_only,63,2,-4.745751533333532,1.0310306108093419,True,False,False
False,True,False,-12.3951416015625,1.3615572153599764,431.77410888671875,317.11785888671875,0.7166666666666667,0.7166666666666667,0.0,5,9,nearest,gnn,energy_lag_only,63,3,-1.465351099999907,1.0259683792195478,True,False,False
False,True,False,-10.0892333984375,1.427452128786743,452.6705627441406,317.11785888671875,0.7166666666666667,0.7166666666666667,0.0,5,9,oracle,gnn,energy_lag_only,63,3,-1.465351099999907,1.0259683792195478,True,False,False
True,True,True,0.5191650390625,0.9389008756555686,290.657470703125,309.5720520019531,0.7166666666666667,0.7166666666666667,0.0,5,9,nearest,gnn,energy_lag_only,63,4,10.208404333333192,0.9158833342193341,True,True,True
False,True,False,-0.96044921875,0.956587586209344,296.1327819824219,309.5720520019531,0.7166666666666667,0.7166666666666667,0.0,5,9,oracle,gnn,energy_lag_only,63,4,10.208404333333192,0.9158833342193341,True,True,True
False,True,False,-0.48046875,0.9898909692298556,19.935306549072266,20.138891220092773,0.7166666666666667,0.7166666666666667,0.0,5,9,nearest,gnn,energy_lag_only,63,5,-1.1954528666667557,0.9680334290986765,True,False,False
False,True,False,-0.48046875,0.9898909692298556,19.935306549072266,20.138891220092773,0.7166666666666667,0.7166666666666667,0.0,5,9,oracle,gnn,energy_lag_only,63,5,-1.1954528666667557,0.9680334290986765,True,False,False
False,True,False,-6.614501953125,0.9255437099922528,20.71770477294922,22.384361267089844,0.7166666666666667,0.7166666666666667,0.0,5,8,nearest,gnn,energy_lag_only,63,6,-52.91477696666652,1.14374830993631,True,False,False
False,True,False,-5.8917236328125,0.9264057692615756,20.737001419067383,22.384361267089844,0.7166666666666667,0.7166666666666667,0.0,5,8,oracle,gnn,energy_lag_only,63,6,-52.91477696666652,1.14374830993631,True,False,False
True,True,True,1.0250244140625,0.9939772869797365,19.937868118286133,20.05867576599121,0.7166666666666667,0.7166666666666667,0.0,5,8,nearest,gnn,energy_lag_only,63,7,-0.35086956666646074,1.022839166762313,True,False,False
True,True,True,0.9559326171875,0.9948222430550477,19.954816818237305,20.05867576599121,0.7166666666666667,0.7166666666666667,0.0,5,8,oracle,gnn,energy_lag_only,63,7,-0.35086956666646074,1.022839166762313,True,False,False
True,True,True,35.0423583984375,0.9812622890353495,178.89816284179688,182.31431579589844,0.7166666666666667,0.7166666666666667,0.0,5,9,nearest,gnn,energy_lag_only,63,8,1.4315061333331869,0.9498774220981038,True,True,True
True,True,True,63.22314453125,0.7227484821710071,131.76739501953125,182.31431579589844,0.7166666666666667,0.7166666666666667,0.0,5,9,oracle,gnn,energy_lag_only,63,8,1.4315061333331869,0.9498774220981038,True,True,True
False,True,False,-18.4964599609375,1.4022758645944953,322.531494140625,230.0057373046875,0.7166666666666667,0.7166666666666667,0.0,5,8,nearest,gnn,energy_lag_only,63,9,2.551188966666814,1.0408706621998567,True,True,True
False,True,False,-2.6063232421875,1.3414834463517014,308.54888916015625,230.0057373046875,0.7166666666666667,0.7166666666666667,0.0,5,8,oracle,gnn,energy_lag_only,63,9,2.551188966666814,1.0408706621998567,True,True,True
True,True,True,27.7420654296875,0.322533556260939,20.432579040527344,63.350242614746094,0.7166666666666667,0.7166666666666667,0.0,5,8,nearest,gnn,energy_lag_only,63,10,-38.638157599999886,1.03969178334539,True,False,False
True,True,True,27.072021484375,0.32265642697854374,20.44036293029785,63.350242614746094,0.7166666666666667,0.7166666666666667,0.0,5,8,oracle,gnn,energy_lag_only,63,10,-38.638157599999886,1.03969178334539,True,False,False
True,True,True,78.85302734375,0.9066140070366716,843.8854370117188,930.81005859375,0.75,0.7666666666666667,-0.01666666666666672,5,7,nearest,gnn,energy_lag_only,63,11,15.767144466667105,2.4496612037134735,False,True,False
True,True,True,59.052001953125,1.2381301411793217,1152.4639892578125,930.81005859375,0.7666666666666667,0.7666666666666667,0.0,5,7,oracle,gnn,energy_lag_only,63,11,15.767144466667105,2.4496612037134735,False,True,False
True,True,True,1.281494140625,0.9784824724106482,19.03522491455078,19.45382308959961,0.7166666666666667,0.7166666666666667,0.0,5,7,nearest,gnn,energy_lag_only,63,12,-79.17391410000005,3.055326138239531,False,False,False
True,True,True,1.3001708984375,0.9878258596628078,19.216989517211914,19.45382308959961,0.7166666666666667,0.7166666666666667,0.0,5,7,oracle,gnn,energy_lag_only,63,12,-79.17391410000005,3.055326138239531,False,False,False
False,True,False,-3.1063232421875,1.3396037351958419,285.691162109375,213.2654266357422,0.7166666666666667,0.7166666666666667,0.0,5,7,nearest,gnn,energy_lag_only,63,13,4.304274433333603,0.7959803195740522,True,True,True
False,True,False,-27.10595703125,1.3667058203078968,291.4710998535156,213.2654266357422,0.7166666666666667,0.7166666666666667,0.0,5,7,oracle,gnn,energy_lag_only,63,13,4.304274433333603,0.7959803195740522,True,True,True
False,True,False,-0.2940673828125,0.983748227427649,59.5538444519043,60.537689208984375,0.7166666666666667,0.7166666666666667,0.0,5,7,nearest,gnn,energy_lag_only,63,14,-50.62809570000013,2.758496824007535,False,False,False
False,True,False,-0.1995849609375,0.9398347481145073,56.895423889160156,60.537689208984375,0.7166666666666667,0.7166666666666667,0.0,5,7,oracle,gnn,energy_lag_only,63,14,-50.62809570000013,2.758496824007535,False,False,False
True,True,True,24.9615478515625,1.0358084568821304,22.5782527923584,21.797710418701172,0.7166666666666667,0.7166666666666667,0.0,5,7,nearest,gnn,energy_lag_only,63,15,-9.517006066666454,1.0507380807896032,True,False,False
True,True,True,25.1328125,1.0972685473699537,23.91794204711914,21.797710418701172,0.7166666666666667,0.7166666666666667,0.0,5,7,oracle,gnn,energy_lag_only,63,15,-9.517006066666454,1.0507380807896032,True,False,False
True,True,True,26.2786865234375,1.0240520158207134,185.10693359375,180.75930786132812,0.7166666666666667,0.7166666666666667,0.0,5,6,nearest,gnn,energy_lag_only,63,16,22.73432333333335,0.6455664897844909,True,True,True
True,True,True,22.3843994140625,1.0417051247138123,188.2978973388672,180.75930786132812,0.7166666666666667,0.7166666666666667,0.0,5,6,oracle,gnn,energy_lag_only,63,16,22.73432333333335,0.6455664897844909,True,True,True
True,True,True,12.3846435546875,0.8682260236208824,23.676969528198242,27.2705135345459,0.7166666666666667,0.7166666666666667,0.0,5,6,nearest,gnn,energy_lag_only,63,17,-11.434668999999985,1.0729414550852407,True,False,False
True,True,True,11.3084716796875,0.8787576490968451,23.96417236328125,27.2705135345459,0.7166666666666667,0.7166666666666667,0.0,5,6,oracle,gnn,energy_lag_only,63,17,-11.434668999999985,1.0729414550852407,True,False,False
False,False,False,-28.51513671875,2.3230751547347457,170.23260498046875,73.27899169921875,0.7166666666666667,0.7166666666666667,0.0,5,7,nearest,gnn,energy_lag_only,63,18,-0.7063200000000052,20.24297470807032,False,False,False
False,False,False,-44.09375,2.9509477737436938,216.2424774169922,73.27899169921875,0.7166666666666667,0.7166666666666667,0.0,5,7,oracle,gnn,energy_lag_only,63,18,-0.7063200000000052,20.24297470807032,False,False,False
False,True,False,-55.37451171875,1.0185295504594083,1065.45166015625,1046.0684814453125,0.8,0.8,0.0,5,6,nearest,gnn,energy_lag_only,63,19,12.977692766666223,1.6562453759832876,False,True,False
False,True,False,-95.41015625,1.0393023169785771,1087.181396484375,1046.0684814453125,0.8,0.8,0.0,5,6,oracle,gnn,energy_lag_only,63,19,12.977692766666223,1.6562453759832876,False,True,False
True,True,True,1.291748046875,0.9522565561694258,20.61981773376465,21.653636932373047,0.7166666666666667,0.7166666666666667,0.0,5,7,nearest,gnn,energy_lag_only,63,20,4.552935600000183,0.9881482270292132,True,True,True
True,True,True,1.465576171875,0.942727404533636,20.413476943969727,21.653636932373047,0.7166666666666667,0.7166666666666667,0.0,5,7,oracle,gnn,energy_lag_only,63,20,4.552935600000183,0.9881482270292132,True,True,True
True,True,True,8.27294921875,0.9874153082326174,21.356475830078125,21.628665924072266,0.7166666666666667,0.7166666666666667,0.0,5,7,nearest,gnn,energy_lag_only,63,21,-21.60077363333312,1.0677860379117612,True,False,False
True,True,True,10.7935791015625,0.9790331271247349,21.175180435180664,21.628665924072266,0.7166666666666667,0.7166666666666667,0.0,5,7,oracle,gnn,energy_lag_only,63,21,-21.60077363333312,1.0677860379117612,True,False,False
True,True,True,2.7861328125,1.0134652261148307,36.12274932861328,35.6428108215332,0.7166666666666667,0.7166666666666667,0.0,5,7,nearest,gnn,energy_lag_only,63,22,-18.738213366666514,1.1501171794435407,True,False,False
True,True,True,2.5389404296875,1.004649304027838,35.80852508544922,35.6428108215332,0.7166666666666667,0.7166666666666667,0.0,5,7,oracle,gnn,energy_lag_only,63,22,-18.738213366666514,1.1501171794435407,True,False,False
False,True,False,-33.6378173828125,0.9328109158468861,24.536684036254883,26.304027557373047,0.7166666666666667,0.7166666666666667,0.0,5,8,nearest,gnn,energy_lag_only,63,23,-18.605270366666446,0.9867929956313481,True,False,False
True,True,True,6.55810546875,0.9276415597953604,24.40070915222168,26.304027557373047,0.7166666666666667,0.7166666666666667,0.0,5,8,oracle,gnn,energy_lag_only,63,23,-18.605270366666446,0.9867929956313481,True,False,False
True,True,True,32.9600830078125,1.0943428471382346,28.44560432434082,25.99332046508789,0.7166666666666667,0.7166666666666667,0.0,5,8,nearest,gnn,energy_lag_only,63,24,-16.885122799999863,1.0153065077884482,True,False,False
True,True,True,2.1776123046875,1.0768960285107425,27.992103576660156,25.99332046508789,0.7166666666666667,0.7166666666666667,0.0,5,8,oracle,gnn,energy_lag_only,63,24,-16.885122799999863,1.0153065077884482,True,False,False
True,True,True,32.8681640625,1.2635774103338604,48.70662307739258,38.546607971191406,0.7166666666666667,0.7166666666666667,0.0,5,7,nearest,gnn,energy_lag_only,63,25,-21.82772460000001,0.9695960275053727,True,False,False
True,True,True,6.6666259765625,1.186341548667846,45.72944259643555,38.546607971191406,0.7166666666666667,0.7166666666666667,0.0,5,7,oracle,gnn,energy_lag_only,63,25,-21.82772460000001,0.9695960275053727,True,False,False
True,True,True,28.828125,1.0213958433184638,22.693256378173828,22.217885971069336,0.7166666666666667,0.7166666666666667,0.0,5,6,nearest,gnn,energy_lag_only,63,26,-26.114832766666723,1.0531172567028741,True,False,False
True,True,True,8.214111328125,1.032894506974289,22.948732376098633,22.217885971069336,0.7166666666666667,0.7166666666666667,0.0,5,6,oracle,gnn,energy_lag_only,63,26,-26.114832766666723,1.0531172567028741,True,False,False
False,True,False,-11.20947265625,0.9793434234463549,22.543989181518555,23.019493103027344,0.7166666666666667,0.7166666666666667,0.0,5,6,nearest,gnn,energy_lag_only,63,27,-60.107870300000286,1.0308421603631737,True,False,False
True,True,True,33.060302734375,0.9515170632746599,21.903440475463867,23.019493103027344,0.7166666666666667,0.7166666666666667,0.0,5,6,oracle,gnn,energy_lag_only,63,27,-60.107870300000286,1.0308421603631737,True,False,False
True,True,True,29.0809326171875,1.1757485009607143,295.8728332519531,251.6463623046875,0.7166666666666667,0.7166666666666667,0.0,5,7,nearest,gnn,energy_lag_only,63,28,-14.644242300000087,1.9293446209307756,False,False,False
True,True,True,49.1082763671875,0.41592913270857396,104.66705322265625,251.6463623046875,0.7166666666666667,0.7166666666666667,0.0,5,7,oracle,gnn,energy_lag_only,63,28,-14.644242300000087,1.9293446209307756,False,False,False
True,True,True,11.7919921875,1.0557939483987713,64.29212188720703,60.89457321166992,0.7166666666666667,0.7166666666666667,0.0,5,7,nearest,gnn,energy_lag_only,63,29,-10.452212733333226,0.9725738839101894,True,False,False
False,True,False,-18.2579345703125,1.3336634687383384,81.2128677368164,60.89457321166992,0.7166666666666667,0.7166666666666667,0.0,5,7,oracle,gnn,energy_lag_only,63,29,-10.452212733333226,0.9725738839101894,True,False,False
True,True,True,32.762939453125,0.3869389852224544,22.554731369018555,58.2901496887207,0.7166666666666667,0.7166666666666667,0.0,5,6,nearest,gnn,energy_lag_only,63,30,-25.895172900000034,1.3498563505609955,True,False,False
True,True,True,93.3153076171875,0.3715958135424743,21.660375595092773,58.2901496887207,0.7166666666666667,0.7166666666666667,0.0,5,6,oracle,gnn,energy_lag_only,63,30,-25.895172900000034,1.3498563505609955,True,False,False
False,True,False,-4.334228515625,1.106042547105237,317.17822265625,286.7685546875,0.7166666666666667,0.7166666666666667,0.0,5,6,nearest,gnn,energy_lag_only,63,31,-11.93087586666661,0.7960698585150021,True,False,False
False,True,False,-5.485107421875,0.6974886855484912,200.017822265625,286.7685546875,0.7166666666666667,0.7166666666666667,0.0,5,6,oracle,gnn,energy_lag_only,63,31,-11.93087586666661,0.7960698585150021,True,False,False
False,True,False,-16.5986328125,0.9134771761632786,96.83927154541016,106.01170349121094,0.7166666666666667,0.7166666666666667,0.0,5,6,nearest,gnn,energy_lag_only,63,32,-37.842719966666664,3.120664400388434,False,False,False
True,True,True,30.008544921875,0.8996422928664545,95.37261199951172,106.01170349121094,0.7166666666666667,0.7166666666666667,0.0,5,6,oracle,gnn,energy_lag_only,63,32,-37.842719966666664,3.120664400388434,False,False,False
True,True,True,32.1483154296875,0.965698999311511,21.635271072387695,22.40374183654785,0.7166666666666667,0.7166666666666667,0.0,5,6,nearest,gnn,energy_lag_only,63,33,-10.410306799999944,1.0280804430600141,True,False,False
True,True,True,8.4967041015625,0.9693348713303825,21.71672821044922,22.40374183654785,0.7166666666666667,0.7166666666666667,0.0,5,6,oracle,gnn,energy_lag_only,63,33,-10.410306799999944,1.0280804430600141,True,False,False
True,True,True,23.0205078125,1.0024179400319928,177.947998046875,177.51876831054688,0.7166666666666667,0.7166666666666667,0.0,5,7,nearest,gnn,energy_lag_only,63,34,4.994334333333427,0.7444210427060115,True,True,True
True,True,True,16.257080078125,0.8160016400389553,144.85560607910156,177.51876831054688,0.7166666666666667,0.7166666666666667,0.0,5,7,oracle,gnn,energy_lag_only,63,34,4.994334333333427,0.7444210427060115,True,True,True
True,True,True,52.5267333984375,0.905850572394624,60.07477951049805,66.31864166259766,0.7166666666666667,0.7166666666666667,0.0,5,7,nearest,gnn,energy_lag_only,63,35,-3.505339499999991,1.0297327395701301,True,False,False
False,False,False,-4.39013671875,2.4153317157734637,160.1815185546875,66.31864166259766,0.7166666666666667,0.7166666666666667,0.0,5,7,oracle,gnn,energy_lag_only,63,35,-3.505339499999991,1.0297327395701301,True,False,False
True,True,True,45.6258544921875,0.2861653647095311,22.526527404785156,78.71856689453125,0.7166666666666667,0.7166666666666667,0.0,5,7,nearest,gnn,energy_lag_only,63,36,-36.91659153333353,0.5528659079177881,True,False,False
True,True,True,102.7626953125,0.28456204326503715,22.40031623840332,78.71856689453125,0.7166666666666667,0.7166666666666667,0.0,5,7,oracle,gnn,energy_lag_only,63,36,-36.91659153333353,0.5528659079177881,True,False,False
True,True,True,31.154052734375,1.0525910638181875,1418.7890625,1347.9014892578125,0.8,0.7833333333333333,0.01666666666666672,5,7,nearest,gnn,energy_lag_only,63,37,2.3443194999999832,1.3146202501090387,True,True,True
True,True,True,158.943359375,1.2143385320551723,1636.8087158203125,1347.9014892578125,0.8,0.7833333333333333,0.01666666666666672,5,7,oracle,gnn,energy_lag_only,63,37,2.3443194999999832,1.3146202501090387,True,True,True
True,True,True,1.8197021484375,0.9501065592846708,20.587886810302734,21.669029235839844,0.7166666666666667,0.7166666666666667,0.0,5,6,nearest,gnn,energy_lag_only,63,38,-32.48807880000004,2.1310345995580855,False,False,False
False,True,False,-2.64111328125,0.9727641827010253,21.078855514526367,21.669029235839844,0.7166666666666667,0.7166666666666667,0.0,5,6,oracle,gnn,energy_lag_only,63,38,-32.48807880000004,2.1310345995580855,False,False,False
True,True,True,37.0679931640625,0.9266323269425136,22.351699829101562,24.12143325805664,0.7166666666666667,0.7166666666666667,0.0,5,6,nearest,gnn,energy_lag_only,63,39,-15.870231233333243,1.0465741164664162,True,False,False
True,True,True,14.3914794921875,0.9458759515815266,22.81588363647461,24.12143325805664,0.7166666666666667,0.7166666666666667,0.0,5,6,oracle,gnn,energy_lag_only,63,39,-15.870231233333243,1.0465741164664162,True,False,False
