approved,safe,saves_energy,predicted_saving_w,pred_d95_ratio,pred_d95_cf,pred_d95_base,violation_rate_cf,violation_rate_base,violation_increase,cell,n_stranded,reassign,kind,tag,seed,phase,true_saved_w,true_d95_ratio,true_safe,true_saves,true_approve
True,True,True,0.003173828125,1.0,269.6574401855469,269.6574401855469,0.7333333333333333,0.7333333333333333,0.0,0,9,nearest,blind,nolag_recover,61,0,13.890583399999969,1.0056064056268186,True,True,True
False,True,False,-27.2880859375,1.0,269.6574401855469,269.6574401855469,0.7333333333333333,0.7333333333333333,0.0,0,9,oracle,blind,nolag_recover,61,0,13.890583399999969,1.0056064056268186,True,True,True
False,True,False,-29.2017822265625,1.0,305.92242431640625,305.92242431640625,0.7166666666666667,0.7166666666666667,0.0,0,8,nearest,blind,nolag_recover,61,1,-11.020424466666555,1.0655403018373895,True,False,False
False,True,False,-39.74462890625,1.0,305.92242431640625,305.92242431640625,0.7166666666666667,0.7166666666666667,0.0,0,8,oracle,blind,nolag_recover,61,1,-11.020424466666555,1.0655403018373895,True,False,False
False,True,False,-30.9808349609375,1.0,336.43682861328125,336.43682861328125,0.7,0.7,0.0,0,8,nearest,blind,nolag_recover,61,2,3.944507799999883,1.0473523100451028,True,True,True
False,True,False,-31.3492431640625,1.0,336.43682861328125,336.43682861328125,0.7,0.7,0.0,0,8,oracle,blind,nolag_recover,61,2,3.944507799999883,1.0473523100451028,True,True,True
False,True,False,-26.60400390625,1.0,347.75439453125,347.75439453125,0.7333333333333333,0.7333333333333333,0.0,0,10,nearest,blind,nolag_recover,61,3,8.766797233333364,1.046168298655292,True,True,True
False,True,False,-38.586669921875,1.0,347.75439453125,347.75439453125,0.7333333333333333,0.7333333333333333,0.0,0,10,oracle,blind,nolag_recover,61,3,8.766797233333364,1.046168298655292,True,True,True
False,True,False,-34.373779296875,1.0,334.72784423828125,334.72784423828125,0.7333333333333333,0.7333333333333333,0.0,0,12,nearest,blind,nolag_recover,61,4,-5.415719766666598,1.086681591882506,True,False,False
False,True,False,-42.895751953125,1.0,334.72784423828125,334.72784423828125,0.7333333333333333,0.7333333333333333,0.0,0,12,oracle,blind,nolag_recover,61,4,-5.415719766666598,1.086681591882506,True,False,False
False,True,False,-2.945068359375,1.0,350.052734375,350.052734375,0.7166666666666667,0.7166666666666667,0.0,0,13,nearest,blind,nolag_recover,61,5,11.222080000000005,0.8127337646494677,True,True,True
False,True,False,-37.26416015625,1.0,350.052734375,350.052734375,0.7166666666666667,0.7166666666666667,0.0,0,13,oracle,blind,nolag_recover,61,5,11.222080000000005,0.8127337646494677,True,True,True
False,True,False,-9.3623046875,1.0,408.5335388183594,408.5335388183594,0.7333333333333333,0.7333333333333333,0.0,0,14,nearest,blind,nolag_recover,61,6,-4.406086033333395,1.0676184019670558,True,False,False
False,True,False,-32.785400390625,1.0,408.5335388183594,408.5335388183594,0.7333333333333333,0.7333333333333333,0.0,0,14,oracle,blind,nolag_recover,61,6,-4.406086033333395,1.0676184019670558,True,False,False
False,True,False,-23.096923828125,1.0,344.96832275390625,344.96832275390625,0.75,0.75,0.0,0,14,nearest,blind,nolag_recover,61,7,-4.151432533333264,1.002507324659881,True,False,False
False,True,False,-53.6953125,1.0,344.96832275390625,344.96832275390625,0.75,0.75,0.0,0,14,oracle,blind,nolag_recover,61,7,-4.151432533333264,1.002507324659881,True,False,False
False,True,False,-42.007080078125,1.0,420.7277526855469,420.7277526855469,0.75,0.75,0.0,0,14,nearest,blind,nolag_recover,61,8,6.304782766666676,3.9837846144343585,False,True,False
False,True,False,-62.341064453125,1.0,420.7277526855469,420.7277526855469,0.75,0.75,0.0,0,14,oracle,blind,nolag_recover,61,8,6.304782766666676,3.9837846144343585,False,True,False
False,True,False,-24.2283935546875,1.0,347.6257629394531,347.6257629394531,0.7166666666666667,0.7166666666666667,0.0,0,13,nearest,blind,nolag_recover,61,9,-103.0977926999999,1.5715477663537436,False,False,False
False,True,False,-51.0579833984375,1.0,347.6257629394531,347.6257629394531,0.7166666666666667,0.7166666666666667,0.0,0,13,oracle,blind,nolag_recover,61,9,-103.0977926999999,1.5715477663537436,False,False,False
False,True,False,-35.244873046875,1.0,310.4279479980469,310.4279479980469,0.7166666666666667,0.7166666666666667,0.0,0,12,nearest,blind,nolag_recover,61,10,2.0773339000002125,1.1860263024282927,True,True,True
False,True,False,-54.8670654296875,1.0,310.4279479980469,310.4279479980469,0.7166666666666667,0.7166666666666667,0.0,0,12,oracle,blind,nolag_recover,61,10,2.0773339000002125,1.1860263024282927,True,True,True
False,True,False,-27.175048828125,1.0,476.6390380859375,476.6390380859375,0.75,0.75,0.0,0,12,nearest,blind,nolag_recover,61,11,47.92111866666664,2.611581363556213,False,True,False
False,True,False,-40.843994140625,1.0,476.6390380859375,476.6390380859375,0.75,0.75,0.0,0,12,oracle,blind,nolag_recover,61,11,47.92111866666664,2.611581363556213,False,True,False
False,True,False,-31.1466064453125,1.0,316.0414123535156,316.0414123535156,0.7,0.7,0.0,0,12,nearest,blind,nolag_recover,61,12,-95.18273853333335,31.37893112765215,False,False,False
False,True,False,-41.166748046875,1.0,316.0414123535156,316.0414123535156,0.7,0.7,0.0,0,12,oracle,blind,nolag_recover,61,12,-95.18273853333335,31.37893112765215,False,False,False
False,True,False,-25.931884765625,1.0,433.3649597167969,433.3649597167969,0.7,0.7,0.0,0,11,nearest,blind,nolag_recover,61,13,-45.40875316666643,1.099382534805502,True,False,False
False,True,False,-29.26025390625,1.0,433.3649597167969,433.3649597167969,0.7,0.7,0.0,0,11,oracle,blind,nolag_recover,61,13,-45.40875316666643,1.099382534805502,True,False,False
False,True,False,-34.1865234375,1.0,450.165283203125,450.165283203125,0.7166666666666667,0.7166666666666667,0.0,0,10,nearest,blind,nolag_recover,61,14,-27.09851576666688,11.196674128159232,False,False,False
False,True,False,-26.017333984375,1.0,450.165283203125,450.165283203125,0.7166666666666667,0.7166666666666667,0.0,0,10,oracle,blind,nolag_recover,61,14,-27.09851576666688,11.196674128159232,False,False,False
False,True,False,-51.303955078125,1.0,51.18735122680664,51.18735122680664,0.6833333333333333,0.6833333333333333,0.0,0,11,nearest,blind,nolag_recover,61,15,-38.87063473333342,1.228540231076628,True,False,False
False,True,False,-45.1956787109375,1.0,51.18735122680664,51.18735122680664,0.6833333333333333,0.6833333333333333,0.0,0,11,oracle,blind,nolag_recover,61,15,-38.87063473333342,1.228540231076628,True,False,False
False,True,False,-24.23486328125,1.0,504.3671569824219,504.3671569824219,0.7166666666666667,0.7166666666666667,0.0,0,11,nearest,blind,nolag_recover,61,16,-50.13599683333359,1.3620346213568262,True,False,False
False,True,False,-60.470703125,1.0,504.3671569824219,504.3671569824219,0.7166666666666667,0.7166666666666667,0.0,0,11,oracle,blind,nolag_recover,61,16,-50.13599683333359,1.3620346213568262,True,False,False
False,True,False,-21.2874755859375,1.0,489.5591125488281,489.5591125488281,0.7166666666666667,0.7166666666666667,0.0,0,11,nearest,blind,nolag_recover,61,17,-17.587031499999966,0.24121780353056163,True,False,False
False,True,False,-39.43505859375,1.0,489.5591125488281,489.5591125488281,0.7166666666666667,0.7166666666666667,0.0,0,11,oracle,blind,nolag_recover,61,17,-17.587031499999966,0.24121780353056163,True,False,False
False,True,False,-27.001708984375,1.0,403.2037048339844,403.2037048339844,0.7166666666666667,0.7166666666666667,0.0,0,12,nearest,blind,nolag_recover,61,18,-30.752922433333424,0.6369879153571719,True,False,False
False,True,False,-39.0484619140625,1.0,403.2037048339844,403.2037048339844,0.7166666666666667,0.7166666666666667,0.0,0,12,oracle,blind,nolag_recover,61,18,-30.752922433333424,0.6369879153571719,True,False,False
False,True,False,-33.310546875,1.0,466.7597351074219,466.7597351074219,0.7166666666666667,0.7166666666666667,0.0,0,11,nearest,blind,nolag_recover,61,19,14.439381199999843,1.7526646637146197,False,True,False
False,True,False,-50.12158203125,1.0,466.7597351074219,466.7597351074219,0.7166666666666667,0.7166666666666667,0.0,0,11,oracle,blind,nolag_recover,61,19,14.439381199999843,1.7526646637146197,False,True,False
False,True,False,-52.4478759765625,1.0,395.3087158203125,395.3087158203125,0.7,0.7,0.0,0,9,nearest,blind,nolag_recover,61,20,-73.77189466666664,16.99290581328298,False,False,False
False,True,False,-67.2342529296875,1.0,395.3087158203125,395.3087158203125,0.7,0.7,0.0,0,9,oracle,blind,nolag_recover,61,20,-73.77189466666664,16.99290581328298,False,False,False
False,True,False,-18.829345703125,1.0,69.1164321899414,69.1164321899414,0.7,0.7,0.0,0,9,nearest,blind,nolag_recover,61,21,-27.921950533333074,1.0526180136270402,True,False,False
False,True,False,-23.80419921875,1.0,69.1164321899414,69.1164321899414,0.7,0.7,0.0,0,9,oracle,blind,nolag_recover,61,21,-27.921950533333074,1.0526180136270402,True,False,False
False,True,False,-14.076904296875,1.0,93.60941314697266,93.60941314697266,0.7166666666666667,0.7166666666666667,0.0,0,9,nearest,blind,nolag_recover,61,22,-36.642168099999935,1.7693759852962205,False,False,False
False,True,False,-35.298583984375,1.0,93.60941314697266,93.60941314697266,0.7166666666666667,0.7166666666666667,0.0,0,9,oracle,blind,nolag_recover,61,22,-36.642168099999935,1.7693759852962205,False,False,False
True,True,True,0.099365234375,1.0,84.46784973144531,84.46784973144531,0.7,0.7,0.0,0,9,nearest,blind,nolag_recover,61,23,-3.601908199999798,3.3006829731936347,False,False,False
False,True,False,-16.10693359375,1.0,84.46784973144531,84.46784973144531,0.7,0.7,0.0,0,9,oracle,blind,nolag_recover,61,23,-3.601908199999798,3.3006829731936347,False,False,False
True,True,True,6.364990234375,1.0,212.86398315429688,212.86398315429688,0.7,0.7,0.0,0,9,nearest,blind,nolag_recover,61,24,-56.879328433333285,5.3350454929380575,False,False,False
False,True,False,-7.221923828125,1.0,212.86398315429688,212.86398315429688,0.7,0.7,0.0,0,9,oracle,blind,nolag_recover,61,24,-56.879328433333285,5.3350454929380575,False,False,False
False,True,False,-2.430419921875,1.0,120.5687026977539,120.5687026977539,0.7166666666666667,0.7166666666666667,0.0,0,9,nearest,blind,nolag_recover,61,25,-37.21127363333335,1.0186678631748816,True,False,False
False,True,False,-13.052978515625,1.0,120.5687026977539,120.5687026977539,0.7166666666666667,0.7166666666666667,0.0,0,9,oracle,blind,nolag_recover,61,25,-37.21127363333335,1.0186678631748816,True,False,False
False,True,False,-34.90576171875,1.0,220.3994903564453,220.3994903564453,0.6833333333333333,0.6833333333333333,0.0,0,8,nearest,blind,nolag_recover,61,26,-17.94265306666648,0.9495644715992411,True,False,False
False,True,False,-40.984130859375,1.0,220.3994903564453,220.3994903564453,0.6833333333333333,0.6833333333333333,0.0,0,8,oracle,blind,nolag_recover,61,26,-17.94265306666648,0.9495644715992411,True,False,False
False,True,False,-29.739501953125,1.0,79.96212005615234,79.96212005615234,0.6833333333333333,0.6833333333333333,0.0,0,8,nearest,blind,nolag_recover,61,27,-17.2229738333333,1.2573965022353393,True,False,False
False,True,False,-39.9560546875,1.0,79.96212005615234,79.96212005615234,0.6833333333333333,0.6833333333333333,0.0,0,8,oracle,blind,nolag_recover,61,27,-17.2229738333333,1.2573965022353393,True,False,False
True,True,True,21.569580078125,1.0,331.13330078125,331.13330078125,0.7,0.7,0.0,0,8,nearest,blind,nolag_recover,61,28,-32.39956849999999,4.6131490903423575,False,False,False
False,True,False,-5.0234375,1.0,331.13330078125,331.13330078125,0.7,0.7,0.0,0,8,oracle,blind,nolag_recover,61,28,-32.39956849999999,4.6131490903423575,False,False,False
False,True,False,-35.32080078125,1.0,317.0921936035156,317.0921936035156,0.7,0.7,0.0,0,7,nearest,blind,nolag_recover,61,29,-66.76301679999983,1.5705174396557517,False,False,False
False,True,False,-59.947265625,1.0,317.0921936035156,317.0921936035156,0.7,0.7,0.0,0,7,oracle,blind,nolag_recover,61,29,-66.76301679999983,1.5705174396557517,False,False,False
False,True,False,-15.097412109375,1.0,252.046875,252.046875,0.7,0.7,0.0,0,7,nearest,blind,nolag_recover,61,30,7.1637543333336,1.012974949136309,True,True,True
False,True,False,-14.731689453125,1.0,252.046875,252.046875,0.7,0.7,0.0,0,7,oracle,blind,nolag_recover,61,30,7.1637543333336,1.012974949136309,True,True,True
False,True,False,-27.410400390625,1.0,475.18994140625,475.18994140625,0.7,0.7,0.0,0,7,nearest,blind,nolag_recover,61,31,2.0496886333332895,7.7891285847189895,False,True,False
False,True,False,-26.3206787109375,1.0,475.18994140625,475.18994140625,0.7,0.7,0.0,0,7,oracle,blind,nolag_recover,61,31,2.0496886333332895,7.7891285847189895,False,True,False
False,True,False,-54.166748046875,1.0,343.0835266113281,343.0835266113281,0.7166666666666667,0.7166666666666667,0.0,0,6,nearest,blind,nolag_recover,61,32,-56.851441466666756,3.3109342752800313,False,False,False
False,True,False,-57.471923828125,1.0,343.0835266113281,343.0835266113281,0.7166666666666667,0.7166666666666667,0.0,0,6,oracle,blind,nolag_recover,61,32,-56.851441466666756,3.3109342752800313,False,False,False
False,True,False,-42.926025390625,1.0,60.03388977050781,60.03388977050781,0.6833333333333333,0.6833333333333333,0.0,0,7,nearest,blind,nolag_recover,61,33,-11.821652166666809,1.0841453968101904,True,False,False
False,True,False,-44.87841796875,1.0,60.03388977050781,60.03388977050781,0.6833333333333333,0.6833333333333333,0.0,0,7,oracle,blind,nolag_recover,61,33,-11.821652166666809,1.0841453968101904,True,False,False
False,True,False,-29.19775390625,1.0,348.1700744628906,348.1700744628906,0.7333333333333333,0.7333333333333333,0.0,0,6,nearest,blind,nolag_recover,61,34,-8.682782800000268,1.0177546226018037,True,False,False
False,True,False,-52.83544921875,1.0,348.1700744628906,348.1700744628906,0.7333333333333333,0.7333333333333333,0.0,0,6,oracle,blind,nolag_recover,61,34,-8.682782800000268,1.0177546226018037,True,False,False
False,True,False,-21.25927734375,1.0,366.8337707519531,366.8337707519531,0.75,0.75,0.0,0,7,nearest,blind,nolag_recover,61,35,-16.628457000000026,3.3767118378265164,False,False,False
False,True,False,-13.731201171875,1.0,366.8337707519531,366.8337707519531,0.75,0.75,0.0,0,7,oracle,blind,nolag_recover,61,35,-16.628457000000026,3.3767118378265164,False,False,False
False,True,False,-6.6810302734375,1.0,315.2058410644531,315.2058410644531,0.7166666666666667,0.7166666666666667,0.0,0,7,nearest,blind,nolag_recover,61,36,-44.98465003333331,1.1140342012415587,True,False,False
False,True,False,-7.40185546875,1.0,315.2058410644531,315.2058410644531,0.7166666666666667,0.7166666666666667,0.0,0,7,oracle,blind,nolag_recover,61,36,-44.98465003333331,1.1140342012415587,True,False,False
False,True,False,-19.89453125,1.0,458.62847900390625,458.62847900390625,0.75,0.75,0.0,0,8,nearest,blind,nolag_recover,61,37,0.09917043333325637,2.5722847242774254,False,True,False
False,True,False,-6.171875,1.0,458.62847900390625,458.62847900390625,0.75,0.75,0.0,0,8,oracle,blind,nolag_recover,61,37,0.09917043333325637,2.5722847242774254,False,True,False
False,True,False,-23.3197021484375,1.0,367.11920166015625,367.11920166015625,0.7333333333333333,0.7333333333333333,0.0,0,8,nearest,blind,nolag_recover,61,38,-68.57255936666684,4.023732566543321,False,False,False
False,True,False,-9.916748046875,1.0,367.11920166015625,367.11920166015625,0.7333333333333333,0.7333333333333333,0.0,0,8,oracle,blind,nolag_recover,61,38,-68.57255936666684,4.023732566543321,False,False,False
False,True,False,-37.38720703125,1.0,65.04695892333984,65.04695892333984,0.7,0.7,0.0,0,8,nearest,blind,nolag_recover,61,39,-18.17676173333325,1.051860044920582,True,False,False
False,True,False,-45.243408203125,1.0,65.04695892333984,65.04695892333984,0.7,0.7,0.0,0,8,oracle,blind,nolag_recover,61,39,-18.17676173333325,1.051860044920582,True,False,False
False,True,False,-48.0042724609375,1.0,269.6574401855469,269.6574401855469,0.7333333333333333,0.7333333333333333,0.0,1,14,nearest,blind,nolag_recover,61,0,3.4481281000000763,0.9786908847684882,True,True,True
False,True,False,-51.7222900390625,1.0,269.6574401855469,269.6574401855469,0.7333333333333333,0.7333333333333333,0.0,1,14,oracle,blind,nolag_recover,61,0,3.4481281000000763,0.9786908847684882,True,True,True
False,True,False,-50.8284912109375,1.0,305.92242431640625,305.92242431640625,0.7166666666666667,0.7166666666666667,0.0,1,14,nearest,blind,nolag_recover,61,1,-6.319989299999861,1.1073857394131859,True,False,False
False,True,False,-53.6695556640625,1.0,305.92242431640625,305.92242431640625,0.7166666666666667,0.7166666666666667,0.0,1,14,oracle,blind,nolag_recover,61,1,-6.319989299999861,1.1073857394131859,True,False,False
False,True,False,-53.9793701171875,1.0,336.43682861328125,336.43682861328125,0.7,0.7,0.0,1,15,nearest,blind,nolag_recover,61,2,-19.635116200000084,1.0788918502212181,True,False,False
False,True,False,-39.5291748046875,1.0,336.43682861328125,336.43682861328125,0.7,0.7,0.0,1,15,oracle,blind,nolag_recover,61,2,-19.635116200000084,1.0788918502212181,True,False,False
False,True,False,-51.9036865234375,1.0,347.75439453125,347.75439453125,0.7333333333333333,0.7333333333333333,0.0,1,14,nearest,blind,nolag_recover,61,3,24.516336533333288,1.787761589033308,False,True,False
False,True,False,-42.5703125,1.0,347.75439453125,347.75439453125,0.7333333333333333,0.7333333333333333,0.0,1,14,oracle,blind,nolag_recover,61,3,24.516336533333288,1.787761589033308,False,True,False
False,True,False,-48.34423828125,1.0,334.72784423828125,334.72784423828125,0.7333333333333333,0.7333333333333333,0.0,1,13,nearest,blind,nolag_recover,61,4,-33.48885016666668,1.7026352756453578,False,False,False
False,True,False,-52.6627197265625,1.0,334.72784423828125,334.72784423828125,0.7333333333333333,0.7333333333333333,0.0,1,13,oracle,blind,nolag_recover,61,4,-33.48885016666668,1.7026352756453578,False,False,False
False,True,False,-41.6712646484375,1.0,350.052734375,350.052734375,0.7166666666666667,0.7166666666666667,0.0,1,12,nearest,blind,nolag_recover,61,5,22.7442529333332,1.1989609283232059,True,True,True
False,True,False,-39.899169921875,1.0,350.052734375,350.052734375,0.7166666666666667,0.7166666666666667,0.0,1,12,oracle,blind,nolag_recover,61,5,22.7442529333332,1.1989609283232059,True,True,True
False,True,False,-47.356689453125,1.0,408.5335388183594,408.5335388183594,0.7333333333333333,0.7333333333333333,0.0,1,11,nearest,blind,nolag_recover,61,6,-19.056073166666692,2.0080631313398576,False,False,False
False,True,False,-58.9525146484375,1.0,408.5335388183594,408.5335388183594,0.7333333333333333,0.7333333333333333,0.0,1,11,oracle,blind,nolag_recover,61,6,-19.056073166666692,2.0080631313398576,False,False,False
False,True,False,-41.1324462890625,1.0,344.96832275390625,344.96832275390625,0.75,0.75,0.0,1,11,nearest,blind,nolag_recover,61,7,-0.8344759666665595,1.0314626403969775,True,False,False
False,True,False,-59.0693359375,1.0,344.96832275390625,344.96832275390625,0.75,0.75,0.0,1,11,oracle,blind,nolag_recover,61,7,-0.8344759666665595,1.0314626403969775,True,False,False
False,True,False,-35.611083984375,1.0,420.7277526855469,420.7277526855469,0.75,0.75,0.0,1,11,nearest,blind,nolag_recover,61,8,-50.92870333333349,1.3329097552970448,True,False,False
False,True,False,-46.634033203125,1.0,420.7277526855469,420.7277526855469,0.75,0.75,0.0,1,11,oracle,blind,nolag_recover,61,8,-50.92870333333349,1.3329097552970448,True,False,False
False,True,False,-32.4459228515625,1.0,347.6257629394531,347.6257629394531,0.7166666666666667,0.7166666666666667,0.0,1,11,nearest,blind,nolag_recover,61,9,-33.293167766666784,1.0196318536143703,True,False,False
False,True,False,-41.6600341796875,1.0,347.6257629394531,347.6257629394531,0.7166666666666667,0.7166666666666667,0.0,1,11,oracle,blind,nolag_recover,61,9,-33.293167766666784,1.0196318536143703,True,False,False
False,True,False,-27.49609375,1.0,310.4279479980469,310.4279479980469,0.7166666666666667,0.7166666666666667,0.0,1,13,nearest,blind,nolag_recover,61,10,-11.779157099999793,1.336734935304769,True,False,False
False,True,False,-23.0445556640625,1.0,310.4279479980469,310.4279479980469,0.7166666666666667,0.7166666666666667,0.0,1,13,oracle,blind,nolag_recover,61,10,-11.779157099999793,1.336734935304769,True,False,False
False,True,False,-28.14892578125,1.0,476.6390380859375,476.6390380859375,0.75,0.75,0.0,1,13,nearest,blind,nolag_recover,61,11,31.105822466666268,1.5061699189261621,False,True,False
False,True,False,-21.361083984375,1.0,476.6390380859375,476.6390380859375,0.75,0.75,0.0,1,13,oracle,blind,nolag_recover,61,11,31.105822466666268,1.5061699189261621,False,True,False
False,True,False,-24.2247314453125,1.0,316.0414123535156,316.0414123535156,0.7,0.7,0.0,1,14,nearest,blind,nolag_recover,61,12,-85.55362049999985,3.3584002352671476,False,False,False
False,True,False,-19.142578125,1.0,316.0414123535156,316.0414123535156,0.7,0.7,0.0,1,14,oracle,blind,nolag_recover,61,12,-85.55362049999985,3.3584002352671476,False,False,False
False,True,False,-8.529296875,1.0,433.3649597167969,433.3649597167969,0.7,0.7,0.0,1,14,nearest,blind,nolag_recover,61,13,-29.91805033333344,1.2880424811320659,True,False,False
False,True,False,-8.529296875,1.0,433.3649597167969,433.3649597167969,0.7,0.7,0.0,1,14,oracle,blind,nolag_recover,61,13,-29.91805033333344,1.2880424811320659,True,False,False
False,True,False,-21.1429443359375,1.0,450.165283203125,450.165283203125,0.7166666666666667,0.7166666666666667,0.0,1,14,nearest,blind,nolag_recover,61,14,-35.370481000000154,3.8046501973316538,False,False,False
False,True,False,-10.0546875,1.0,450.165283203125,450.165283203125,0.7166666666666667,0.7166666666666667,0.0,1,14,oracle,blind,nolag_recover,61,14,-35.370481000000154,3.8046501973316538,False,False,False
False,True,False,-55.607666015625,1.0,51.18735122680664,51.18735122680664,0.6833333333333333,0.6833333333333333,0.0,1,13,nearest,blind,nolag_recover,61,15,-11.390547266666772,1.100018360625012,True,False,False
False,True,False,-54.9635009765625,1.0,51.18735122680664,51.18735122680664,0.6833333333333333,0.6833333333333333,0.0,1,13,oracle,blind,nolag_recover,61,15,-11.390547266666772,1.100018360625012,True,False,False
False,True,False,-29.55126953125,1.0,504.3671569824219,504.3671569824219,0.7166666666666667,0.7166666666666667,0.0,1,12,nearest,blind,nolag_recover,61,16,-0.68732910000017,0.9093997365983538,True,False,False
False,True,False,-21.30078125,1.0,504.3671569824219,504.3671569824219,0.7166666666666667,0.7166666666666667,0.0,1,12,oracle,blind,nolag_recover,61,16,-0.68732910000017,0.9093997365983538,True,False,False
False,True,False,-27.243408203125,1.0,489.5591125488281,489.5591125488281,0.7166666666666667,0.7166666666666667,0.0,1,11,nearest,blind,nolag_recover,61,17,-20.935927999999876,1.7353209830302878,False,False,False
False,True,False,-27.243408203125,1.0,489.5591125488281,489.5591125488281,0.7166666666666667,0.7166666666666667,0.0,1,11,oracle,blind,nolag_recover,61,17,-20.935927999999876,1.7353209830302878,False,False,False
False,True,False,-23.27001953125,1.0,403.2037048339844,403.2037048339844,0.7166666666666667,0.7166666666666667,0.0,1,12,nearest,blind,nolag_recover,61,18,-0.9273000333332675,1.2569709600724137,True,False,False
False,True,False,-20.170166015625,1.0,403.2037048339844,403.2037048339844,0.7166666666666667,0.7166666666666667,0.0,1,12,oracle,blind,nolag_recover,61,18,-0.9273000333332675,1.2569709600724137,True,False,False
False,True,False,-15.7030029296875,1.0,466.7597351074219,466.7597351074219,0.7166666666666667,0.7166666666666667,0.0,1,13,nearest,blind,nolag_recover,61,19,-6.1899474333336,1.3813967551739297,True,False,False
False,True,False,-18.09619140625,1.0,466.7597351074219,466.7597351074219,0.7166666666666667,0.7166666666666667,0.0,1,13,oracle,blind,nolag_recover,61,19,-6.1899474333336,1.3813967551739297,True,False,False
False,True,False,-24.12255859375,1.0,395.3087158203125,395.3087158203125,0.7,0.7,0.0,1,15,nearest,blind,nolag_recover,61,20,-42.50288106666676,1.5399084752861967,False,False,False
False,True,False,-20.080078125,1.0,395.3087158203125,395.3087158203125,0.7,0.7,0.0,1,15,oracle,blind,nolag_recover,61,20,-42.50288106666676,1.5399084752861967,False,False,False
False,True,False,-55.160888671875,1.0,69.1164321899414,69.1164321899414,0.7,0.7,0.0,1,15,nearest,blind,nolag_recover,61,21,-9.65271843333312,1.0379183110557608,True,False,False
False,True,False,-53.60546875,1.0,69.1164321899414,69.1164321899414,0.7,0.7,0.0,1,15,oracle,blind,nolag_recover,61,21,-9.65271843333312,1.0379183110557608,True,False,False
False,True,False,-98.115966796875,1.0,93.60941314697266,93.60941314697266,0.7166666666666667,0.7166666666666667,0.0,1,15,nearest,blind,nolag_recover,61,22,-7.396650433333207,1.3626024051621788,True,False,False
False,True,False,-80.619384765625,1.0,93.60941314697266,93.60941314697266,0.7166666666666667,0.7166666666666667,0.0,1,15,oracle,blind,nolag_recover,61,22,-7.396650433333207,1.3626024051621788,True,False,False
False,True,False,-78.7470703125,1.0,84.46784973144531,84.46784973144531,0.7,0.7,0.0,1,15,nearest,blind,nolag_recover,61,23,-9.766937199999802,1.0666916247028768,True,False,False
False,True,False,-65.692138671875,1.0,84.46784973144531,84.46784973144531,0.7,0.7,0.0,1,15,oracle,blind,nolag_recover,61,23,-9.766937199999802,1.0666916247028768,True,False,False
False,True,False,-77.191162109375,1.0,212.86398315429688,212.86398315429688,0.7,0.7,0.0,1,13,nearest,blind,nolag_recover,61,24,2.6033596666663925,0.9892806298684983,True,True,True
False,True,False,-87.074951171875,1.0,212.86398315429688,212.86398315429688,0.7,0.7,0.0,1,13,oracle,blind,nolag_recover,61,24,2.6033596666663925,0.9892806298684983,True,True,True
False,True,False,-83.975830078125,1.0,120.5687026977539,120.5687026977539,0.7166666666666667,0.7166666666666667,0.0,1,14,nearest,blind,nolag_recover,61,25,2.7125330333333295,0.864369958726694,True,True,True
False,True,False,-79.08447265625,1.0,120.5687026977539,120.5687026977539,0.7166666666666667,0.7166666666666667,0.0,1,14,oracle,blind,nolag_recover,61,25,2.7125330333333295,0.864369958726694,True,True,True
False,True,False,-27.913330078125,1.0,220.3994903564453,220.3994903564453,0.6833333333333333,0.6833333333333333,0.0,1,14,nearest,blind,nolag_recover,61,26,6.041002800000115,1.0058314150685175,True,True,True
False,True,False,-37.8868408203125,1.0,220.3994903564453,220.3994903564453,0.6833333333333333,0.6833333333333333,0.0,1,14,oracle,blind,nolag_recover,61,26,6.041002800000115,1.0058314150685175,True,True,True
False,True,False,-45.45556640625,1.0,79.96212005615234,79.96212005615234,0.6833333333333333,0.6833333333333333,0.0,1,14,nearest,blind,nolag_recover,61,27,-8.084932066666624,1.3697800725153892,True,False,False
False,True,False,-50.4759521484375,1.0,79.96212005615234,79.96212005615234,0.6833333333333333,0.6833333333333333,0.0,1,14,oracle,blind,nolag_recover,61,27,-8.084932066666624,1.3697800725153892,True,False,False
False,True,False,-23.41650390625,1.0,331.13330078125,331.13330078125,0.7,0.7,0.0,1,14,nearest,blind,nolag_recover,61,28,-14.90404036666655,1.4842478424253867,True,False,False
False,True,False,-27.173583984375,1.0,331.13330078125,331.13330078125,0.7,0.7,0.0,1,14,oracle,blind,nolag_recover,61,28,-14.90404036666655,1.4842478424253867,True,False,False
False,True,False,-25.9073486328125,1.0,317.0921936035156,317.0921936035156,0.7,0.7,0.0,1,15,nearest,blind,nolag_recover,61,29,-20.467024966666713,1.0243031494338513,True,False,False
False,True,False,-24.890869140625,1.0,317.0921936035156,317.0921936035156,0.7,0.7,0.0,1,15,oracle,blind,nolag_recover,61,29,-20.467024966666713,1.0243031494338513,True,False,False
False,True,False,-37.9410400390625,1.0,252.046875,252.046875,0.7,0.7,0.0,1,15,nearest,blind,nolag_recover,61,30,-6.901203199999827,1.2699463911228557,True,False,False
False,True,False,-63.1275634765625,1.0,252.046875,252.046875,0.7,0.7,0.0,1,15,oracle,blind,nolag_recover,61,30,-6.901203199999827,1.2699463911228557,True,False,False
False,True,False,-22.155029296875,1.0,475.18994140625,475.18994140625,0.7,0.7,0.0,1,16,nearest,blind,nolag_recover,61,31,2.4200235666664867,3.878668320885857,False,True,False
True,True,True,4.2547607421875,1.0,475.18994140625,475.18994140625,0.7,0.7,0.0,1,16,oracle,blind,nolag_recover,61,31,2.4200235666664867,3.878668320885857,False,True,False
False,True,False,-22.301513671875,1.0,343.0835266113281,343.0835266113281,0.7166666666666667,0.7166666666666667,0.0,1,17,nearest,blind,nolag_recover,61,32,-1.505666066666663,1.820547511130409,False,False,False
False,True,False,-14.6229248046875,1.0,343.0835266113281,343.0835266113281,0.7166666666666667,0.7166666666666667,0.0,1,17,oracle,blind,nolag_recover,61,32,-1.505666066666663,1.820547511130409,False,False,False
False,True,False,-77.68896484375,1.0,60.03388977050781,60.03388977050781,0.6833333333333333,0.6833333333333333,0.0,1,18,nearest,blind,nolag_recover,61,33,-1.225533866666865,1.000398478862571,True,False,False
False,True,False,-74.31396484375,1.0,60.03388977050781,60.03388977050781,0.6833333333333333,0.6833333333333333,0.0,1,18,oracle,blind,nolag_recover,61,33,-1.225533866666865,1.000398478862571,True,False,False
False,True,False,-45.2442626953125,1.0,348.1700744628906,348.1700744628906,0.7333333333333333,0.7333333333333333,0.0,1,18,nearest,blind,nolag_recover,61,34,-4.953867833333334,1.014918728519014,True,False,False
False,True,False,-35.5484619140625,1.0,348.1700744628906,348.1700744628906,0.7333333333333333,0.7333333333333333,0.0,1,18,oracle,blind,nolag_recover,61,34,-4.953867833333334,1.014918728519014,True,False,False
True,True,True,5.76904296875,1.0,366.8337707519531,366.8337707519531,0.75,0.75,0.0,1,19,nearest,blind,nolag_recover,61,35,-30.082883033333474,1.7228744587620148,False,False,False
True,True,True,6.243408203125,1.0,366.8337707519531,366.8337707519531,0.75,0.75,0.0,1,19,oracle,blind,nolag_recover,61,35,-30.082883033333474,1.7228744587620148,False,False,False
False,True,False,-34.6658935546875,1.0,315.2058410644531,315.2058410644531,0.7166666666666667,0.7166666666666667,0.0,1,19,nearest,blind,nolag_recover,61,36,-40.450298200000134,1.2156721488898028,True,False,False
False,True,False,-26.365966796875,1.0,315.2058410644531,315.2058410644531,0.7166666666666667,0.7166666666666667,0.0,1,19,oracle,blind,nolag_recover,61,36,-40.450298200000134,1.2156721488898028,True,False,False
False,True,False,-2.365234375,1.0,458.62847900390625,458.62847900390625,0.75,0.75,0.0,1,19,nearest,blind,nolag_recover,61,37,-36.545801799999936,1.8283143453535877,False,False,False
True,True,True,6.74755859375,1.0,458.62847900390625,458.62847900390625,0.75,0.75,0.0,1,19,oracle,blind,nolag_recover,61,37,-36.545801799999936,1.8283143453535877,False,False,False
True,True,True,5.098876953125,1.0,367.11920166015625,367.11920166015625,0.7333333333333333,0.7333333333333333,0.0,1,19,nearest,blind,nolag_recover,61,38,-30.054339400000117,0.9975625999799427,True,False,False
True,True,True,6.1793212890625,1.0,367.11920166015625,367.11920166015625,0.7333333333333333,0.7333333333333333,0.0,1,19,oracle,blind,nolag_recover,61,38,-30.054339400000117,0.9975625999799427,True,False,False
False,True,False,-63.1474609375,1.0,65.04695892333984,65.04695892333984,0.7,0.7,0.0,1,19,nearest,blind,nolag_recover,61,39,-25.037725733333218,1.0068100884229216,True,False,False
False,True,False,-65.82568359375,1.0,65.04695892333984,65.04695892333984,0.7,0.7,0.0,1,19,oracle,blind,nolag_recover,61,39,-25.037725733333218,1.0068100884229216,True,False,False
False,True,False,-2.1746826171875,1.0,269.6574401855469,269.6574401855469,0.7333333333333333,0.7333333333333333,0.0,2,10,nearest,blind,nolag_recover,61,0,14.864857233333396,0.9888759534831284,True,True,True
True,True,True,2.0499267578125,1.0,269.6574401855469,269.6574401855469,0.7333333333333333,0.7333333333333333,0.0,2,10,oracle,blind,nolag_recover,61,0,14.864857233333396,0.9888759534831284,True,True,True
False,True,False,-8.0504150390625,1.0,305.92242431640625,305.92242431640625,0.7166666666666667,0.7166666666666667,0.0,2,10,nearest,blind,nolag_recover,61,1,-8.178946266666571,1.4590337275020342,True,False,False
False,True,False,-8.0787353515625,1.0,305.92242431640625,305.92242431640625,0.7166666666666667,0.7166666666666667,0.0,2,10,oracle,blind,nolag_recover,61,1,-8.178946266666571,1.4590337275020342,True,False,False
False,True,False,-3.0264892578125,1.0,336.43682861328125,336.43682861328125,0.7,0.7,0.0,2,10,nearest,blind,nolag_recover,61,2,8.658684666666659,1.0096476911659797,True,True,True
False,True,False,-11.2425537109375,1.0,336.43682861328125,336.43682861328125,0.7,0.7,0.0,2,10,oracle,blind,nolag_recover,61,2,8.658684666666659,1.0096476911659797,True,True,True
True,True,True,5.70263671875,1.0,347.75439453125,347.75439453125,0.7333333333333333,0.7333333333333333,0.0,2,10,nearest,blind,nolag_recover,61,3,-38.467573999999786,0.7331626511156996,True,False,False
True,True,True,4.392822265625,1.0,347.75439453125,347.75439453125,0.7333333333333333,0.7333333333333333,0.0,2,10,oracle,blind,nolag_recover,61,3,-38.467573999999786,0.7331626511156996,True,False,False
True,True,True,14.183837890625,1.0,334.72784423828125,334.72784423828125,0.7333333333333333,0.7333333333333333,0.0,2,9,nearest,blind,nolag_recover,61,4,-1.006126466666501,0.9554225889021297,True,False,False
True,True,True,15.298095703125,1.0,334.72784423828125,334.72784423828125,0.7333333333333333,0.7333333333333333,0.0,2,9,oracle,blind,nolag_recover,61,4,-1.006126466666501,0.9554225889021297,True,False,False
True,True,True,9.97314453125,1.0,350.052734375,350.052734375,0.7166666666666667,0.7166666666666667,0.0,2,9,nearest,blind,nolag_recover,61,5,6.722084966666671,0.7334992043767363,True,True,True
True,True,True,9.2109375,1.0,350.052734375,350.052734375,0.7166666666666667,0.7166666666666667,0.0,2,9,oracle,blind,nolag_recover,61,5,6.722084966666671,0.7334992043767363,True,True,True
True,True,True,16.873046875,1.0,408.5335388183594,408.5335388183594,0.7333333333333333,0.7333333333333333,0.0,2,9,nearest,blind,nolag_recover,61,6,-1.052608699999837,0.9756900079793124,True,False,False
True,True,True,4.317626953125,1.0,408.5335388183594,408.5335388183594,0.7333333333333333,0.7333333333333333,0.0,2,9,oracle,blind,nolag_recover,61,6,-1.052608699999837,0.9756900079793124,True,False,False
True,True,True,11.562744140625,1.0,344.96832275390625,344.96832275390625,0.75,0.75,0.0,2,9,nearest,blind,nolag_recover,61,7,-0.5745735000000423,1.0216392303745232,True,False,False
True,True,True,24.0462646484375,1.0,344.96832275390625,344.96832275390625,0.75,0.75,0.0,2,9,oracle,blind,nolag_recover,61,7,-0.5745735000000423,1.0216392303745232,True,False,False
True,True,True,3.3712158203125,1.0,420.7277526855469,420.7277526855469,0.75,0.75,0.0,2,8,nearest,blind,nolag_recover,61,8,1.1110168666666596,0.7688685333342811,True,True,True
True,True,True,8.522705078125,1.0,420.7277526855469,420.7277526855469,0.75,0.75,0.0,2,8,oracle,blind,nolag_recover,61,8,1.1110168666666596,0.7688685333342811,True,True,True
True,True,True,4.509765625,1.0,347.6257629394531,347.6257629394531,0.7166666666666667,0.7166666666666667,0.0,2,8,nearest,blind,nolag_recover,61,9,-29.776920333333237,1.076111669234759,True,False,False
True,True,True,14.6435546875,1.0,347.6257629394531,347.6257629394531,0.7166666666666667,0.7166666666666667,0.0,2,8,oracle,blind,nolag_recover,61,9,-29.776920333333237,1.076111669234759,True,False,False
False,True,False,-16.9730224609375,1.0,310.4279479980469,310.4279479980469,0.7166666666666667,0.7166666666666667,0.0,2,8,nearest,blind,nolag_recover,61,10,-1.1674140666664243,1.4028551350186098,True,False,False
False,True,False,-13.1632080078125,1.0,310.4279479980469,310.4279479980469,0.7166666666666667,0.7166666666666667,0.0,2,8,oracle,blind,nolag_recover,61,10,-1.1674140666664243,1.4028551350186098,True,False,False
False,True,False,-20.8511962890625,1.0,476.6390380859375,476.6390380859375,0.75,0.75,0.0,2,7,nearest,blind,nolag_recover,61,11,38.19397696666647,1.7871974332038971,False,True,False
False,True,False,-28.6876220703125,1.0,476.6390380859375,476.6390380859375,0.75,0.75,0.0,2,7,oracle,blind,nolag_recover,61,11,38.19397696666647,1.7871974332038971,False,True,False
False,True,False,-31.8843994140625,1.0,316.0414123535156,316.0414123535156,0.7,0.7,0.0,2,7,nearest,blind,nolag_recover,61,12,-86.21341653333343,8.740349515850887,False,False,False
False,True,False,-19.8016357421875,1.0,316.0414123535156,316.0414123535156,0.7,0.7,0.0,2,7,oracle,blind,nolag_recover,61,12,-86.21341653333343,8.740349515850887,False,False,False
False,True,False,-35.4635009765625,1.0,433.3649597167969,433.3649597167969,0.7,0.7,0.0,2,8,nearest,blind,nolag_recover,61,13,-44.29535916666646,1.1049882170238865,True,False,False
False,True,False,-22.088134765625,1.0,433.3649597167969,433.3649597167969,0.7,0.7,0.0,2,8,oracle,blind,nolag_recover,61,13,-44.29535916666646,1.1049882170238865,True,False,False
False,True,False,-25.062255859375,1.0,450.165283203125,450.165283203125,0.7166666666666667,0.7166666666666667,0.0,2,9,nearest,blind,nolag_recover,61,14,-10.156326333333482,1.9781608549217324,False,False,False
False,True,False,-12.4031982421875,1.0,450.165283203125,450.165283203125,0.7166666666666667,0.7166666666666667,0.0,2,9,oracle,blind,nolag_recover,61,14,-10.156326333333482,1.9781608549217324,False,False,False
False,True,False,-4.588623046875,1.0,51.18735122680664,51.18735122680664,0.6833333333333333,0.6833333333333333,0.0,2,9,nearest,blind,nolag_recover,61,15,-15.659811333333437,1.2021197043840604,True,False,False
False,True,False,-7.277587890625,1.0,51.18735122680664,51.18735122680664,0.6833333333333333,0.6833333333333333,0.0,2,9,oracle,blind,nolag_recover,61,15,-15.659811333333437,1.2021197043840604,True,False,False
False,True,False,-19.61669921875,1.0,504.3671569824219,504.3671569824219,0.7166666666666667,0.7166666666666667,0.0,2,9,nearest,blind,nolag_recover,61,16,2.4453411999998025,0.7025707477495011,True,True,True
False,True,False,-25.96337890625,1.0,504.3671569824219,504.3671569824219,0.7166666666666667,0.7166666666666667,0.0,2,9,oracle,blind,nolag_recover,61,16,2.4453411999998025,0.7025707477495011,True,True,True
False,True,False,-6.4864501953125,1.0,489.5591125488281,489.5591125488281,0.7166666666666667,0.7166666666666667,0.0,2,9,nearest,blind,nolag_recover,61,17,-28.864946633333375,0.37000520117784774,True,False,False
False,True,False,-1.07568359375,1.0,489.5591125488281,489.5591125488281,0.7166666666666667,0.7166666666666667,0.0,2,9,oracle,blind,nolag_recover,61,17,-28.864946633333375,0.37000520117784774,True,False,False
False,True,False,-9.75244140625,1.0,403.2037048339844,403.2037048339844,0.7166666666666667,0.7166666666666667,0.0,2,9,nearest,blind,nolag_recover,61,18,18.83853453333336,3.162165578699149,False,True,False
False,True,False,-10.5054931640625,1.0,403.2037048339844,403.2037048339844,0.7166666666666667,0.7166666666666667,0.0,2,9,oracle,blind,nolag_recover,61,18,18.83853453333336,3.162165578699149,False,True,False
False,True,False,-22.63720703125,1.0,466.7597351074219,466.7597351074219,0.7166666666666667,0.7166666666666667,0.0,2,8,nearest,blind,nolag_recover,61,19,4.171389033333071,1.8535000314014007,False,True,False
False,True,False,-23.3704833984375,1.0,466.7597351074219,466.7597351074219,0.7166666666666667,0.7166666666666667,0.0,2,8,oracle,blind,nolag_recover,61,19,4.171389033333071,1.8535000314014007,False,True,False
False,True,False,-29.65673828125,1.0,395.3087158203125,395.3087158203125,0.7,0.7,0.0,2,8,nearest,blind,nolag_recover,61,20,-89.13107366666691,22.15800149968234,False,False,False
False,True,False,-42.4869384765625,1.0,395.3087158203125,395.3087158203125,0.7,0.7,0.0,2,8,oracle,blind,nolag_recover,61,20,-89.13107366666691,22.15800149968234,False,False,False
False,True,False,-17.2379150390625,1.0,69.1164321899414,69.1164321899414,0.7,0.7,0.0,2,8,nearest,blind,nolag_recover,61,21,-14.673009099999945,1.067307704305657,True,False,False
False,True,False,-23.63134765625,1.0,69.1164321899414,69.1164321899414,0.7,0.7,0.0,2,8,oracle,blind,nolag_recover,61,21,-14.673009099999945,1.067307704305657,True,False,False
False,True,False,-16.8994140625,1.0,93.60941314697266,93.60941314697266,0.7166666666666667,0.7166666666666667,0.0,2,7,nearest,blind,nolag_recover,61,22,-21.724714733333258,1.1555041282029777,True,False,False
False,True,False,-38.861083984375,1.0,93.60941314697266,93.60941314697266,0.7166666666666667,0.7166666666666667,0.0,2,7,oracle,blind,nolag_recover,61,22,-21.724714733333258,1.1555041282029777,True,False,False
True,True,True,4.6973876953125,1.0,84.46784973144531,84.46784973144531,0.7,0.7,0.0,2,7,nearest,blind,nolag_recover,61,23,-19.39406096666653,1.0506975933694493,True,False,False
False,True,False,-10.976318359375,1.0,84.46784973144531,84.46784973144531,0.7,0.7,0.0,2,7,oracle,blind,nolag_recover,61,23,-19.39406096666653,1.0506975933694493,True,False,False
False,True,False,-16.668701171875,1.0,212.86398315429688,212.86398315429688,0.7,0.7,0.0,2,8,nearest,blind,nolag_recover,61,24,-42.98126326666693,11.363455098026014,False,False,False
False,True,False,-24.513427734375,1.0,212.86398315429688,212.86398315429688,0.7,0.7,0.0,2,8,oracle,blind,nolag_recover,61,24,-42.98126326666693,11.363455098026014,False,False,False
False,True,False,-9.5704345703125,1.0,120.5687026977539,120.5687026977539,0.7166666666666667,0.7166666666666667,0.0,2,6,nearest,blind,nolag_recover,61,25,-27.826190100000076,1.0064872103530509,True,False,False
False,True,False,-9.8870849609375,1.0,120.5687026977539,120.5687026977539,0.7166666666666667,0.7166666666666667,0.0,2,6,oracle,blind,nolag_recover,61,25,-27.826190100000076,1.0064872103530509,True,False,False
False,True,False,-6.706787109375,1.0,220.3994903564453,220.3994903564453,0.6833333333333333,0.6833333333333333,0.0,2,6,nearest,blind,nolag_recover,61,26,-45.50270499999988,1.021390187391,True,False,False
False,True,False,-5.2418212890625,1.0,220.3994903564453,220.3994903564453,0.6833333333333333,0.6833333333333333,0.0,2,6,oracle,blind,nolag_recover,61,26,-45.50270499999988,1.021390187391,True,False,False
False,True,False,-21.59912109375,1.0,79.96212005615234,79.96212005615234,0.6833333333333333,0.6833333333333333,0.0,2,6,nearest,blind,nolag_recover,61,27,-17.631678899999997,1.6497134422268718,False,False,False
False,True,False,-31.332763671875,1.0,79.96212005615234,79.96212005615234,0.6833333333333333,0.6833333333333333,0.0,2,6,oracle,blind,nolag_recover,61,27,-17.631678899999997,1.6497134422268718,False,False,False
True,True,True,17.747314453125,1.0,331.13330078125,331.13330078125,0.7,0.7,0.0,2,5,nearest,blind,nolag_recover,61,28,-24.5313662333333,1.0645985642535187,True,False,False
True,True,True,17.5513916015625,1.0,331.13330078125,331.13330078125,0.7,0.7,0.0,2,5,oracle,blind,nolag_recover,61,28,-24.5313662333333,1.0645985642535187,True,False,False
True,True,True,6.6953125,1.0,317.0921936035156,317.0921936035156,0.7,0.7,0.0,2,5,nearest,blind,nolag_recover,61,29,-45.07626736666657,9.305726041134806,False,False,False
True,True,True,6.6953125,1.0,317.0921936035156,317.0921936035156,0.7,0.7,0.0,2,5,oracle,blind,nolag_recover,61,29,-45.07626736666657,9.305726041134806,False,False,False
False,True,False,-14.834228515625,1.0,252.046875,252.046875,0.7,0.7,0.0,2,6,nearest,blind,nolag_recover,61,30,-12.067986766666536,12.60799169563128,False,False,False
False,True,False,-14.834228515625,1.0,252.046875,252.046875,0.7,0.7,0.0,2,6,oracle,blind,nolag_recover,61,30,-12.067986766666536,12.60799169563128,False,False,False
False,True,False,-17.60693359375,1.0,475.18994140625,475.18994140625,0.7,0.7,0.0,2,6,nearest,blind,nolag_recover,61,31,-8.633197599999903,4.366150633090896,False,False,False
False,True,False,-0.403076171875,1.0,475.18994140625,475.18994140625,0.7,0.7,0.0,2,6,oracle,blind,nolag_recover,61,31,-8.633197599999903,4.366150633090896,False,False,False
False,True,False,-17.25732421875,1.0,343.0835266113281,343.0835266113281,0.7166666666666667,0.7166666666666667,0.0,2,6,nearest,blind,nolag_recover,61,32,12.766447666666636,0.9289147841604405,True,True,True
False,True,False,-21.856201171875,1.0,343.0835266113281,343.0835266113281,0.7166666666666667,0.7166666666666667,0.0,2,6,oracle,blind,nolag_recover,61,32,12.766447666666636,0.9289147841604405,True,True,True
False,True,False,-24.6199951171875,1.0,60.03388977050781,60.03388977050781,0.6833333333333333,0.6833333333333333,0.0,2,6,nearest,blind,nolag_recover,61,33,-7.500190633333432,1.036624119007333,True,False,False
False,True,False,-22.5535888671875,1.0,60.03388977050781,60.03388977050781,0.6833333333333333,0.6833333333333333,0.0,2,6,oracle,blind,nolag_recover,61,33,-7.500190633333432,1.036624119007333,True,False,False
False,True,False,-17.458251953125,1.0,348.1700744628906,348.1700744628906,0.7333333333333333,0.7333333333333333,0.0,2,6,nearest,blind,nolag_recover,61,34,-9.860398600000053,1.0946524696915816,True,False,False
False,True,False,-32.8458251953125,1.0,348.1700744628906,348.1700744628906,0.7333333333333333,0.7333333333333333,0.0,2,6,oracle,blind,nolag_recover,61,34,-9.860398600000053,1.0946524696915816,True,False,False
True,True,True,18.667236328125,1.0,366.8337707519531,366.8337707519531,0.75,0.75,0.0,2,5,nearest,blind,nolag_recover,61,35,-14.078193633333512,1.826340975315445,False,False,False
True,True,True,15.357177734375,1.0,366.8337707519531,366.8337707519531,0.75,0.75,0.0,2,5,oracle,blind,nolag_recover,61,35,-14.078193633333512,1.826340975315445,False,False,False
False,True,False,-5.5120849609375,1.0,315.2058410644531,315.2058410644531,0.7166666666666667,0.7166666666666667,0.0,2,5,nearest,blind,nolag_recover,61,36,-23.22838569999999,2.573781231312626,False,False,False
False,True,False,-3.0655517578125,1.0,315.2058410644531,315.2058410644531,0.7166666666666667,0.7166666666666667,0.0,2,5,oracle,blind,nolag_recover,61,36,-23.22838569999999,2.573781231312626,False,False,False
False,True,False,-2.449951171875,1.0,458.62847900390625,458.62847900390625,0.75,0.75,0.0,2,5,nearest,blind,nolag_recover,61,37,-3.164002966666885,2.213693869180355,False,False,False
True,True,True,7.27294921875,1.0,458.62847900390625,458.62847900390625,0.75,0.75,0.0,2,5,oracle,blind,nolag_recover,61,37,-3.164002966666885,2.213693869180355,False,False,False
False,True,False,-8.91796875,1.0,367.11920166015625,367.11920166015625,0.7333333333333333,0.7333333333333333,0.0,2,4,nearest,blind,nolag_recover,61,38,-72.95921653333335,1.0346444077483639,True,False,False
False,True,False,-1.9527587890625,1.0,367.11920166015625,367.11920166015625,0.7333333333333333,0.7333333333333333,0.0,2,4,oracle,blind,nolag_recover,61,38,-72.95921653333335,1.0346444077483639,True,False,False
False,True,False,-28.5521240234375,1.0,65.04695892333984,65.04695892333984,0.7,0.7,0.0,2,4,nearest,blind,nolag_recover,61,39,-24.06741783333314,1.0546426384497067,True,False,False
False,True,False,-26.3345947265625,1.0,65.04695892333984,65.04695892333984,0.7,0.7,0.0,2,4,oracle,blind,nolag_recover,61,39,-24.06741783333314,1.0546426384497067,True,False,False
False,True,False,-9.3199462890625,1.0,269.6574401855469,269.6574401855469,0.7333333333333333,0.7333333333333333,0.0,3,7,nearest,blind,nolag_recover,61,0,6.520652366666809,1.0508762286389612,True,True,True
False,True,False,-29.435302734375,1.0,269.6574401855469,269.6574401855469,0.7333333333333333,0.7333333333333333,0.0,3,7,oracle,blind,nolag_recover,61,0,6.520652366666809,1.0508762286389612,True,True,True
False,True,False,-20.7799072265625,1.0,305.92242431640625,305.92242431640625,0.7166666666666667,0.7166666666666667,0.0,3,7,nearest,blind,nolag_recover,61,1,0.29075673333341,1.0023046444548163,True,True,True
False,True,False,-20.7025146484375,1.0,305.92242431640625,305.92242431640625,0.7166666666666667,0.7166666666666667,0.0,3,7,oracle,blind,nolag_recover,61,1,0.29075673333341,1.0023046444548163,True,True,True
False,True,False,-29.5126953125,1.0,336.43682861328125,336.43682861328125,0.7,0.7,0.0,3,7,nearest,blind,nolag_recover,61,2,12.621657799999866,0.9497429526478286,True,True,True
False,True,False,-12.3095703125,1.0,336.43682861328125,336.43682861328125,0.7,0.7,0.0,3,7,oracle,blind,nolag_recover,61,2,12.621657799999866,0.9497429526478286,True,True,True
False,True,False,-18.6087646484375,1.0,347.75439453125,347.75439453125,0.7333333333333333,0.7333333333333333,0.0,3,6,nearest,blind,nolag_recover,61,3,-3.254433199999994,1.1539617222030372,True,False,False
False,True,False,-5.5035400390625,1.0,347.75439453125,347.75439453125,0.7333333333333333,0.7333333333333333,0.0,3,6,oracle,blind,nolag_recover,61,3,-3.254433199999994,1.1539617222030372,True,False,False
False,True,False,-20.56103515625,1.0,334.72784423828125,334.72784423828125,0.7333333333333333,0.7333333333333333,0.0,3,5,nearest,blind,nolag_recover,61,4,-19.99570093333341,1.0901231770026032,True,False,False
False,True,False,-20.56103515625,1.0,334.72784423828125,334.72784423828125,0.7333333333333333,0.7333333333333333,0.0,3,5,oracle,blind,nolag_recover,61,4,-19.99570093333341,1.0901231770026032,True,False,False
False,True,False,-31.5028076171875,1.0,350.052734375,350.052734375,0.7166666666666667,0.7166666666666667,0.0,3,4,nearest,blind,nolag_recover,61,5,3.3277532666666048,0.8371502810063084,True,True,True
False,True,False,-31.5028076171875,1.0,350.052734375,350.052734375,0.7166666666666667,0.7166666666666667,0.0,3,4,oracle,blind,nolag_recover,61,5,3.3277532666666048,0.8371502810063084,True,True,True
False,True,False,-32.6181640625,1.0,408.5335388183594,408.5335388183594,0.7333333333333333,0.7333333333333333,0.0,3,4,nearest,blind,nolag_recover,61,6,-1.8871341999999913,1.0051582606606795,True,False,False
False,True,False,-32.6181640625,1.0,408.5335388183594,408.5335388183594,0.7333333333333333,0.7333333333333333,0.0,3,4,oracle,blind,nolag_recover,61,6,-1.8871341999999913,1.0051582606606795,True,False,False
False,True,False,-31.5738525390625,1.0,344.96832275390625,344.96832275390625,0.75,0.75,0.0,3,4,nearest,blind,nolag_recover,61,7,-0.8070668000000296,0.9931772391523623,True,False,False
False,True,False,-23.55517578125,1.0,344.96832275390625,344.96832275390625,0.75,0.75,0.0,3,4,oracle,blind,nolag_recover,61,7,-0.8070668000000296,0.9931772391523623,True,False,False
False,True,False,-34.76220703125,1.0,420.7277526855469,420.7277526855469,0.75,0.75,0.0,3,4,nearest,blind,nolag_recover,61,8,6.381240733333243,0.873970676041242,True,True,True
False,True,False,-23.297119140625,1.0,420.7277526855469,420.7277526855469,0.75,0.75,0.0,3,4,oracle,blind,nolag_recover,61,8,6.381240733333243,0.873970676041242,True,True,True
False,True,False,-24.418701171875,1.0,347.6257629394531,347.6257629394531,0.7166666666666667,0.7166666666666667,0.0,3,4,nearest,blind,nolag_recover,61,9,-15.466190333333316,0.9601287930471871,True,False,False
False,True,False,-13.410888671875,1.0,347.6257629394531,347.6257629394531,0.7166666666666667,0.7166666666666667,0.0,3,4,oracle,blind,nolag_recover,61,9,-15.466190333333316,0.9601287930471871,True,False,False
False,True,False,-8.578369140625,1.0,310.4279479980469,310.4279479980469,0.7166666666666667,0.7166666666666667,0.0,3,4,nearest,blind,nolag_recover,61,10,2.2381830333335984,1.2621237654172879,True,True,True
False,True,False,-8.578369140625,1.0,310.4279479980469,310.4279479980469,0.7166666666666667,0.7166666666666667,0.0,3,4,oracle,blind,nolag_recover,61,10,2.2381830333335984,1.2621237654172879,True,True,True
False,True,False,-18.50537109375,1.0,476.6390380859375,476.6390380859375,0.75,0.75,0.0,3,4,nearest,blind,nolag_recover,61,11,27.00026949999983,1.6140110014926514,False,True,False
False,True,False,-11.06103515625,1.0,476.6390380859375,476.6390380859375,0.75,0.75,0.0,3,4,oracle,blind,nolag_recover,61,11,27.00026949999983,1.6140110014926514,False,True,False
False,True,False,-6.780029296875,1.0,316.0414123535156,316.0414123535156,0.7,0.7,0.0,3,4,nearest,blind,nolag_recover,61,12,-62.29991323333343,4.342624535128006,False,False,False
False,True,False,-0.2371826171875,1.0,316.0414123535156,316.0414123535156,0.7,0.7,0.0,3,4,oracle,blind,nolag_recover,61,12,-62.29991323333343,4.342624535128006,False,False,False
True,True,True,6.67138671875,1.0,433.3649597167969,433.3649597167969,0.7,0.7,0.0,3,5,nearest,blind,nolag_recover,61,13,-6.58969263333347,0.6357676430500306,True,False,False
False,True,False,-3.263427734375,1.0,433.3649597167969,433.3649597167969,0.7,0.7,0.0,3,5,oracle,blind,nolag_recover,61,13,-6.58969263333347,0.6357676430500306,True,False,False
False,True,False,-2.433837890625,1.0,450.165283203125,450.165283203125,0.7166666666666667,0.7166666666666667,0.0,3,5,nearest,blind,nolag_recover,61,14,-14.776954933333627,6.87986470907451,False,False,False
False,True,False,-0.09130859375,1.0,450.165283203125,450.165283203125,0.7166666666666667,0.7166666666666667,0.0,3,5,oracle,blind,nolag_recover,61,14,-14.776954933333627,6.87986470907451,False,False,False
False,True,False,-25.120849609375,1.0,51.18735122680664,51.18735122680664,0.6833333333333333,0.6833333333333333,0.0,3,5,nearest,blind,nolag_recover,61,15,3.6805031333331044,1.0122646991772664,True,True,True
False,True,False,-25.120849609375,1.0,51.18735122680664,51.18735122680664,0.6833333333333333,0.6833333333333333,0.0,3,5,oracle,blind,nolag_recover,61,15,3.6805031333331044,1.0122646991772664,True,True,True
False,True,False,-13.0074462890625,1.0,504.3671569824219,504.3671569824219,0.7166666666666667,0.7166666666666667,0.0,3,5,nearest,blind,nolag_recover,61,16,-17.03120110000009,1.8712589986632386,False,False,False
False,True,False,-25.82861328125,1.0,504.3671569824219,504.3671569824219,0.7166666666666667,0.7166666666666667,0.0,3,5,oracle,blind,nolag_recover,61,16,-17.03120110000009,1.8712589986632386,False,False,False
False,True,False,-27.8948974609375,1.0,489.5591125488281,489.5591125488281,0.7166666666666667,0.7166666666666667,0.0,3,6,nearest,blind,nolag_recover,61,17,-12.644774433333396,0.9655348297933251,True,False,False
False,True,False,-17.5340576171875,1.0,489.5591125488281,489.5591125488281,0.7166666666666667,0.7166666666666667,0.0,3,6,oracle,blind,nolag_recover,61,17,-12.644774433333396,0.9655348297933251,True,False,False
False,True,False,-6.8616943359375,1.0,403.2037048339844,403.2037048339844,0.7166666666666667,0.7166666666666667,0.0,3,6,nearest,blind,nolag_recover,61,18,2.115690633333543,0.6103568862407378,True,True,True
False,True,False,-3.8612060546875,1.0,403.2037048339844,403.2037048339844,0.7166666666666667,0.7166666666666667,0.0,3,6,oracle,blind,nolag_recover,61,18,2.115690633333543,0.6103568862407378,True,True,True
False,True,False,-6.5020751953125,1.0,466.7597351074219,466.7597351074219,0.7166666666666667,0.7166666666666667,0.0,3,6,nearest,blind,nolag_recover,61,19,40.68051859999969,1.257015561923831,True,True,True
False,True,False,-1.655517578125,1.0,466.7597351074219,466.7597351074219,0.7166666666666667,0.7166666666666667,0.0,3,6,oracle,blind,nolag_recover,61,19,40.68051859999969,1.257015561923831,True,True,True
False,True,False,-22.267333984375,1.0,395.3087158203125,395.3087158203125,0.7,0.7,0.0,3,6,nearest,blind,nolag_recover,61,20,-39.98266666666677,1.8389205966549216,False,False,False
False,True,False,-18.6871337890625,1.0,395.3087158203125,395.3087158203125,0.7,0.7,0.0,3,6,oracle,blind,nolag_recover,61,20,-39.98266666666677,1.8389205966549216,False,False,False
True,True,True,8.36279296875,1.0,69.1164321899414,69.1164321899414,0.7,0.7,0.0,3,8,nearest,blind,nolag_recover,61,21,-5.281077933333108,1.0159880124725968,True,False,False
True,True,True,1.51123046875,1.0,69.1164321899414,69.1164321899414,0.7,0.7,0.0,3,8,oracle,blind,nolag_recover,61,21,-5.281077933333108,1.0159880124725968,True,False,False
False,True,False,-32.9095458984375,1.0,93.60941314697266,93.60941314697266,0.7166666666666667,0.7166666666666667,0.0,3,8,nearest,blind,nolag_recover,61,22,-2.7483766666666725,1.06144767711277,True,False,False
False,True,False,-48.8419189453125,1.0,93.60941314697266,93.60941314697266,0.7166666666666667,0.7166666666666667,0.0,3,8,oracle,blind,nolag_recover,61,22,-2.7483766666666725,1.06144767711277,True,False,False
False,True,False,-3.2578125,1.0,84.46784973144531,84.46784973144531,0.7,0.7,0.0,3,9,nearest,blind,nolag_recover,61,23,-19.72016606666648,0.9990774433561979,True,False,False
False,True,False,-5.698974609375,1.0,84.46784973144531,84.46784973144531,0.7,0.7,0.0,3,9,oracle,blind,nolag_recover,61,23,-19.72016606666648,0.9990774433561979,True,False,False
False,True,False,-7.46435546875,1.0,212.86398315429688,212.86398315429688,0.7,0.7,0.0,3,9,nearest,blind,nolag_recover,61,24,7.082139666666535,1.0418341960635213,True,True,True
False,True,False,-18.1248779296875,1.0,212.86398315429688,212.86398315429688,0.7,0.7,0.0,3,9,oracle,blind,nolag_recover,61,24,7.082139666666535,1.0418341960635213,True,True,True
False,True,False,-14.663330078125,1.0,120.5687026977539,120.5687026977539,0.7166666666666667,0.7166666666666667,0.0,3,8,nearest,blind,nolag_recover,61,25,-3.267896900000096,0.865005268792262,True,False,False
False,True,False,-32.15185546875,1.0,120.5687026977539,120.5687026977539,0.7166666666666667,0.7166666666666667,0.0,3,8,oracle,blind,nolag_recover,61,25,-3.267896900000096,0.865005268792262,True,False,False
True,True,True,7.6826171875,1.0,220.3994903564453,220.3994903564453,0.6833333333333333,0.6833333333333333,0.0,3,9,nearest,blind,nolag_recover,61,26,3.4722998000002008,20.097426654453756,False,True,False
True,True,True,7.6826171875,1.0,220.3994903564453,220.3994903564453,0.6833333333333333,0.6833333333333333,0.0,3,9,oracle,blind,nolag_recover,61,26,3.4722998000002008,20.097426654453756,False,True,False
False,True,False,-7.82666015625,1.0,79.96212005615234,79.96212005615234,0.6833333333333333,0.6833333333333333,0.0,3,10,nearest,blind,nolag_recover,61,27,5.216848566666613,0.8748319793327064,True,True,True
False,True,False,-11.403564453125,1.0,79.96212005615234,79.96212005615234,0.6833333333333333,0.6833333333333333,0.0,3,10,oracle,blind,nolag_recover,61,27,5.216848566666613,0.8748319793327064,True,True,True
False,True,False,-55.45068359375,1.0,331.13330078125,331.13330078125,0.7,0.7,0.0,3,10,nearest,blind,nolag_recover,61,28,-7.904399600000033,1.1713500376574482,True,False,False
False,True,False,-64.940185546875,1.0,331.13330078125,331.13330078125,0.7,0.7,0.0,3,10,oracle,blind,nolag_recover,61,28,-7.904399600000033,1.1713500376574482,True,False,False
False,True,False,-24.5262451171875,1.0,317.0921936035156,317.0921936035156,0.7,0.7,0.0,3,10,nearest,blind,nolag_recover,61,29,-47.583690199999864,2.7681152800109965,False,False,False
False,True,False,-18.58740234375,1.0,317.0921936035156,317.0921936035156,0.7,0.7,0.0,3,10,oracle,blind,nolag_recover,61,29,-47.583690199999864,2.7681152800109965,False,False,False
False,True,False,-61.809814453125,1.0,252.046875,252.046875,0.7,0.7,0.0,3,10,nearest,blind,nolag_recover,61,30,-5.588850866666462,10.629709330952833,False,False,False
False,True,False,-41.877685546875,1.0,252.046875,252.046875,0.7,0.7,0.0,3,10,oracle,blind,nolag_recover,61,30,-5.588850866666462,10.629709330952833,False,False,False
False,True,False,-3.6927490234375,1.0,475.18994140625,475.18994140625,0.7,0.7,0.0,3,10,nearest,blind,nolag_recover,61,31,-6.416819400000122,2.589210838659513,False,False,False
False,True,False,-0.072509765625,1.0,475.18994140625,475.18994140625,0.7,0.7,0.0,3,10,oracle,blind,nolag_recover,61,31,-6.416819400000122,2.589210838659513,False,False,False
False,True,False,-27.485595703125,1.0,343.0835266113281,343.0835266113281,0.7166666666666667,0.7166666666666667,0.0,3,11,nearest,blind,nolag_recover,61,32,-4.2974644666667245,3.3059719949073743,False,False,False
False,True,False,-26.769287109375,1.0,343.0835266113281,343.0835266113281,0.7166666666666667,0.7166666666666667,0.0,3,11,oracle,blind,nolag_recover,61,32,-4.2974644666667245,3.3059719949073743,False,False,False
False,True,False,-15.337158203125,1.0,60.03388977050781,60.03388977050781,0.6833333333333333,0.6833333333333333,0.0,3,10,nearest,blind,nolag_recover,61,33,-2.5762052000002313,1.0019574874983512,True,False,False
False,True,False,-6.5537109375,1.0,60.03388977050781,60.03388977050781,0.6833333333333333,0.6833333333333333,0.0,3,10,oracle,blind,nolag_recover,61,33,-2.5762052000002313,1.0019574874983512,True,False,False
False,True,False,-30.5958251953125,1.0,348.1700744628906,348.1700744628906,0.7333333333333333,0.7333333333333333,0.0,3,10,nearest,blind,nolag_recover,61,34,-35.24921160000031,4.122834988179906,False,False,False
False,True,False,-19.7725830078125,1.0,348.1700744628906,348.1700744628906,0.7333333333333333,0.7333333333333333,0.0,3,10,oracle,blind,nolag_recover,61,34,-35.24921160000031,4.122834988179906,False,False,False
False,True,False,-27.2608642578125,1.0,366.8337707519531,366.8337707519531,0.75,0.75,0.0,3,10,nearest,blind,nolag_recover,61,35,30.88746083333308,11.844307956870596,False,True,False
False,True,False,-27.2608642578125,1.0,366.8337707519531,366.8337707519531,0.75,0.75,0.0,3,10,oracle,blind,nolag_recover,61,35,30.88746083333308,11.844307956870596,False,True,False
False,True,False,-36.959228515625,1.0,315.2058410644531,315.2058410644531,0.7166666666666667,0.7166666666666667,0.0,3,9,nearest,blind,nolag_recover,61,36,-53.57331450000015,1.1560085683439654,True,False,False
False,True,False,-52.594482421875,1.0,315.2058410644531,315.2058410644531,0.7166666666666667,0.7166666666666667,0.0,3,9,oracle,blind,nolag_recover,61,36,-53.57331450000015,1.1560085683439654,True,False,False
False,True,False,-18.226806640625,1.0,458.62847900390625,458.62847900390625,0.75,0.75,0.0,3,9,nearest,blind,nolag_recover,61,37,58.098749566666356,4.17500831744961,False,True,False
False,True,False,-2.356201171875,1.0,458.62847900390625,458.62847900390625,0.75,0.75,0.0,3,9,oracle,blind,nolag_recover,61,37,58.098749566666356,4.17500831744961,False,True,False
False,True,False,-19.2666015625,1.0,367.11920166015625,367.11920166015625,0.7333333333333333,0.7333333333333333,0.0,3,9,nearest,blind,nolag_recover,61,38,-99.28486810000004,21.45485537228427,False,False,False
True,True,True,4.7708740234375,1.0,367.11920166015625,367.11920166015625,0.7333333333333333,0.7333333333333333,0.0,3,9,oracle,blind,nolag_recover,61,38,-99.28486810000004,21.45485537228427,False,False,False
False,True,False,-12.230224609375,1.0,65.04695892333984,65.04695892333984,0.7,0.7,0.0,3,9,nearest,blind,nolag_recover,61,39,-9.270024766666438,1.0184595581769809,True,False,False
False,True,False,-18.3173828125,1.0,65.04695892333984,65.04695892333984,0.7,0.7,0.0,3,9,oracle,blind,nolag_recover,61,39,-9.270024766666438,1.0184595581769809,True,False,False
False,True,False,-4.52392578125,1.0,269.6574401855469,269.6574401855469,0.7333333333333333,0.7333333333333333,0.0,4,12,nearest,blind,nolag_recover,61,0,9.70355890000019,0.9891706650867147,True,True,True
True,True,True,0.9844970703125,1.0,269.6574401855469,269.6574401855469,0.7333333333333333,0.7333333333333333,0.0,4,12,oracle,blind,nolag_recover,61,0,9.70355890000019,0.9891706650867147,True,True,True
False,True,False,-3.0506591796875,1.0,305.92242431640625,305.92242431640625,0.7166666666666667,0.7166666666666667,0.0,4,13,nearest,blind,nolag_recover,61,1,-4.564158933333374,1.0514611212804694,True,False,False
False,True,False,-18.605712890625,1.0,305.92242431640625,305.92242431640625,0.7166666666666667,0.7166666666666667,0.0,4,13,oracle,blind,nolag_recover,61,1,-4.564158933333374,1.0514611212804694,True,False,False
False,True,False,-18.2012939453125,1.0,336.43682861328125,336.43682861328125,0.7,0.7,0.0,4,13,nearest,blind,nolag_recover,61,2,6.437456533333261,0.950851322590534,True,True,True
False,True,False,-20.0123291015625,1.0,336.43682861328125,336.43682861328125,0.7,0.7,0.0,4,13,oracle,blind,nolag_recover,61,2,6.437456533333261,0.950851322590534,True,True,True
False,True,False,-32.677978515625,1.0,347.75439453125,347.75439453125,0.7333333333333333,0.7333333333333333,0.0,4,13,nearest,blind,nolag_recover,61,3,2.073887133333301,0.9339094361139124,True,True,True
False,True,False,-39.3470458984375,1.0,347.75439453125,347.75439453125,0.7333333333333333,0.7333333333333333,0.0,4,13,oracle,blind,nolag_recover,61,3,2.073887133333301,0.9339094361139124,True,True,True
False,True,False,-23.906982421875,1.0,334.72784423828125,334.72784423828125,0.7333333333333333,0.7333333333333333,0.0,4,13,nearest,blind,nolag_recover,61,4,-3.34094836666668,1.1079364272889105,True,False,False
False,True,False,-25.1708984375,1.0,334.72784423828125,334.72784423828125,0.7333333333333333,0.7333333333333333,0.0,4,13,oracle,blind,nolag_recover,61,4,-3.34094836666668,1.1079364272889105,True,False,False
False,True,False,-23.5849609375,1.0,350.052734375,350.052734375,0.7166666666666667,0.7166666666666667,0.0,4,14,nearest,blind,nolag_recover,61,5,-54.30783263333342,0.1931019612476346,True,False,False
False,True,False,-17.8817138671875,1.0,350.052734375,350.052734375,0.7166666666666667,0.7166666666666667,0.0,4,14,oracle,blind,nolag_recover,61,5,-54.30783263333342,0.1931019612476346,True,False,False
False,True,False,-11.7198486328125,1.0,408.5335388183594,408.5335388183594,0.7333333333333333,0.7333333333333333,0.0,4,14,nearest,blind,nolag_recover,61,6,-8.09107076666669,1.057512957012577,True,False,False
False,True,False,-4.1947021484375,1.0,408.5335388183594,408.5335388183594,0.7333333333333333,0.7333333333333333,0.0,4,14,oracle,blind,nolag_recover,61,6,-8.09107076666669,1.057512957012577,True,False,False
False,True,False,-7.355712890625,1.0,344.96832275390625,344.96832275390625,0.75,0.75,0.0,4,14,nearest,blind,nolag_recover,61,7,-0.5768266333332122,1.020073546961594,True,False,False
False,True,False,-7.6708984375,1.0,344.96832275390625,344.96832275390625,0.75,0.75,0.0,4,14,oracle,blind,nolag_recover,61,7,-0.5768266333332122,1.020073546961594,True,False,False
False,True,False,-24.5465087890625,1.0,420.7277526855469,420.7277526855469,0.75,0.75,0.0,4,13,nearest,blind,nolag_recover,61,8,-8.44530786666678,1.0038294640724634,True,False,False
False,True,False,-27.7069091796875,1.0,420.7277526855469,420.7277526855469,0.75,0.75,0.0,4,13,oracle,blind,nolag_recover,61,8,-8.44530786666678,1.0038294640724634,True,False,False
False,True,False,-21.7542724609375,1.0,347.6257629394531,347.6257629394531,0.7166666666666667,0.7166666666666667,0.0,4,14,nearest,blind,nolag_recover,61,9,4.74318930000004,0.7575791532895725,True,True,True
False,True,False,-21.7542724609375,1.0,347.6257629394531,347.6257629394531,0.7166666666666667,0.7166666666666667,0.0,4,14,oracle,blind,nolag_recover,61,9,4.74318930000004,0.7575791532895725,True,True,True
False,True,False,-38.71435546875,1.0,310.4279479980469,310.4279479980469,0.7166666666666667,0.7166666666666667,0.0,4,12,nearest,blind,nolag_recover,61,10,-52.77160439999966,1.3431286984268311,True,False,False
False,True,False,-38.71435546875,1.0,310.4279479980469,310.4279479980469,0.7166666666666667,0.7166666666666667,0.0,4,12,oracle,blind,nolag_recover,61,10,-52.77160439999966,1.3431286984268311,True,False,False
False,True,False,-52.071044921875,1.0,476.6390380859375,476.6390380859375,0.75,0.75,0.0,4,12,nearest,blind,nolag_recover,61,11,-35.36827746666677,1.7282828843666336,False,False,False
False,True,False,-52.071044921875,1.0,476.6390380859375,476.6390380859375,0.75,0.75,0.0,4,12,oracle,blind,nolag_recover,61,11,-35.36827746666677,1.7282828843666336,False,False,False
False,True,False,-35.4375,1.0,316.0414123535156,316.0414123535156,0.7,0.7,0.0,4,11,nearest,blind,nolag_recover,61,12,-2.60722039999996,1.0429211248812944,True,False,False
False,True,False,-35.4375,1.0,316.0414123535156,316.0414123535156,0.7,0.7,0.0,4,11,oracle,blind,nolag_recover,61,12,-2.60722039999996,1.0429211248812944,True,False,False
False,True,False,-32.685791015625,1.0,433.3649597167969,433.3649597167969,0.7,0.7,0.0,4,10,nearest,blind,nolag_recover,61,13,-34.679685800000016,0.6553859495487728,True,False,False
False,True,False,-32.685791015625,1.0,433.3649597167969,433.3649597167969,0.7,0.7,0.0,4,10,oracle,blind,nolag_recover,61,13,-34.679685800000016,0.6553859495487728,True,False,False
True,True,True,11.69970703125,1.0,450.165283203125,450.165283203125,0.7166666666666667,0.7166666666666667,0.0,4,11,nearest,blind,nolag_recover,61,14,-4.902121866666903,1.2057428888304358,True,False,False
False,True,False,-13.0228271484375,1.0,450.165283203125,450.165283203125,0.7166666666666667,0.7166666666666667,0.0,4,11,oracle,blind,nolag_recover,61,14,-4.902121866666903,1.2057428888304358,True,False,False
False,True,False,-34.754638671875,1.0,51.18735122680664,51.18735122680664,0.6833333333333333,0.6833333333333333,0.0,4,11,nearest,blind,nolag_recover,61,15,-14.864381366666748,1.0518443151444175,True,False,False
False,True,False,-38.25439453125,1.0,51.18735122680664,51.18735122680664,0.6833333333333333,0.6833333333333333,0.0,4,11,oracle,blind,nolag_recover,61,15,-14.864381366666748,1.0518443151444175,True,False,False
False,True,False,-29.4547119140625,1.0,504.3671569824219,504.3671569824219,0.7166666666666667,0.7166666666666667,0.0,4,12,nearest,blind,nolag_recover,61,16,1.7115879000000405,0.8051629536396647,True,True,True
False,True,False,-23.4393310546875,1.0,504.3671569824219,504.3671569824219,0.7166666666666667,0.7166666666666667,0.0,4,12,oracle,blind,nolag_recover,61,16,1.7115879000000405,0.8051629536396647,True,True,True
False,True,False,-28.7779541015625,1.0,489.5591125488281,489.5591125488281,0.7166666666666667,0.7166666666666667,0.0,4,13,nearest,blind,nolag_recover,61,17,-50.00219579999998,0.26650789559915367,True,False,False
False,True,False,-23.1328125,1.0,489.5591125488281,489.5591125488281,0.7166666666666667,0.7166666666666667,0.0,4,13,oracle,blind,nolag_recover,61,17,-50.00219579999998,0.26650789559915367,True,False,False
False,True,False,-22.5975341796875,1.0,403.2037048339844,403.2037048339844,0.7166666666666667,0.7166666666666667,0.0,4,11,nearest,blind,nolag_recover,61,18,-21.29756793333354,2.0784104576233275,False,False,False
False,True,False,-21.859375,1.0,403.2037048339844,403.2037048339844,0.7166666666666667,0.7166666666666667,0.0,4,11,oracle,blind,nolag_recover,61,18,-21.29756793333354,2.0784104576233275,False,False,False
False,True,False,-12.809814453125,1.0,466.7597351074219,466.7597351074219,0.7166666666666667,0.7166666666666667,0.0,4,11,nearest,blind,nolag_recover,61,19,-44.17344233333324,0.9783901537557101,True,False,False
False,True,False,-23.3880615234375,1.0,466.7597351074219,466.7597351074219,0.7166666666666667,0.7166666666666667,0.0,4,11,oracle,blind,nolag_recover,61,19,-44.17344233333324,0.9783901537557101,True,False,False
False,True,False,-12.7923583984375,1.0,395.3087158203125,395.3087158203125,0.7,0.7,0.0,4,11,nearest,blind,nolag_recover,61,20,-4.2913000333333,0.9055905652569832,True,False,False
False,True,False,-33.9007568359375,1.0,395.3087158203125,395.3087158203125,0.7,0.7,0.0,4,11,oracle,blind,nolag_recover,61,20,-4.2913000333333,0.9055905652569832,True,False,False
True,True,True,3.5635986328125,1.0,69.1164321899414,69.1164321899414,0.7,0.7,0.0,4,9,nearest,blind,nolag_recover,61,21,-40.5414594333331,1.0867953504182348,True,False,False
True,True,True,6.06884765625,1.0,69.1164321899414,69.1164321899414,0.7,0.7,0.0,4,9,oracle,blind,nolag_recover,61,21,-40.5414594333331,1.0867953504182348,True,False,False
True,True,True,0.389892578125,1.0,93.60941314697266,93.60941314697266,0.7166666666666667,0.7166666666666667,0.0,4,9,nearest,blind,nolag_recover,61,22,-6.85482583333328,1.0708764778721944,True,False,False
False,True,False,-31.161865234375,1.0,93.60941314697266,93.60941314697266,0.7166666666666667,0.7166666666666667,0.0,4,9,oracle,blind,nolag_recover,61,22,-6.85482583333328,1.0708764778721944,True,False,False
True,True,True,9.491455078125,1.0,84.46784973144531,84.46784973144531,0.7,0.7,0.0,4,8,nearest,blind,nolag_recover,61,23,-23.241722699999855,1.0862913330644095,True,False,False
True,True,True,10.037109375,1.0,84.46784973144531,84.46784973144531,0.7,0.7,0.0,4,8,oracle,blind,nolag_recover,61,23,-23.241722699999855,1.0862913330644095,True,False,False
True,True,True,3.254638671875,1.0,212.86398315429688,212.86398315429688,0.7,0.7,0.0,4,9,nearest,blind,nolag_recover,61,24,-35.671961333333456,1.406808281218942,True,False,False
False,True,False,-6.3720703125,1.0,212.86398315429688,212.86398315429688,0.7,0.7,0.0,4,9,oracle,blind,nolag_recover,61,24,-35.671961333333456,1.406808281218942,True,False,False
True,True,True,24.46435546875,1.0,120.5687026977539,120.5687026977539,0.7166666666666667,0.7166666666666667,0.0,4,10,nearest,blind,nolag_recover,61,25,-22.91091930000016,1.0400081619463724,True,False,False
True,True,True,11.759033203125,1.0,120.5687026977539,120.5687026977539,0.7166666666666667,0.7166666666666667,0.0,4,10,oracle,blind,nolag_recover,61,25,-22.91091930000016,1.0400081619463724,True,False,False
True,True,True,28.5240478515625,1.0,220.3994903564453,220.3994903564453,0.6833333333333333,0.6833333333333333,0.0,4,10,nearest,blind,nolag_recover,61,26,-28.971422766666592,1.4650209870304676,True,False,False
True,True,True,12.9967041015625,1.0,220.3994903564453,220.3994903564453,0.6833333333333333,0.6833333333333333,0.0,4,10,oracle,blind,nolag_recover,61,26,-28.971422766666592,1.4650209870304676,True,False,False
False,True,False,-1.37353515625,1.0,79.96212005615234,79.96212005615234,0.6833333333333333,0.6833333333333333,0.0,4,9,nearest,blind,nolag_recover,61,27,-13.17687039999987,0.9279803455734223,True,False,False
False,True,False,-0.5927734375,1.0,79.96212005615234,79.96212005615234,0.6833333333333333,0.6833333333333333,0.0,4,9,oracle,blind,nolag_recover,61,27,-13.17687039999987,0.9279803455734223,True,False,False
False,True,False,-8.7625732421875,1.0,331.13330078125,331.13330078125,0.7,0.7,0.0,4,10,nearest,blind,nolag_recover,61,28,-21.047346166666784,1.495229712430905,True,False,False
True,True,True,1.636962890625,1.0,331.13330078125,331.13330078125,0.7,0.7,0.0,4,10,oracle,blind,nolag_recover,61,28,-21.047346166666784,1.495229712430905,True,False,False
True,True,True,21.313720703125,1.0,317.0921936035156,317.0921936035156,0.7,0.7,0.0,4,10,nearest,blind,nolag_recover,61,29,-50.34729853333329,4.791505670881415,False,False,False
True,True,True,21.98828125,1.0,317.0921936035156,317.0921936035156,0.7,0.7,0.0,4,10,oracle,blind,nolag_recover,61,29,-50.34729853333329,4.791505670881415,False,False,False
False,True,False,-13.696533203125,1.0,252.046875,252.046875,0.7,0.7,0.0,4,10,nearest,blind,nolag_recover,61,30,-24.5204539333331,4.042213495532783,False,False,False
True,True,True,1.9228515625,1.0,252.046875,252.046875,0.7,0.7,0.0,4,10,oracle,blind,nolag_recover,61,30,-24.5204539333331,4.042213495532783,False,False,False
False,True,False,-30.443603515625,1.0,475.18994140625,475.18994140625,0.7,0.7,0.0,4,10,nearest,blind,nolag_recover,61,31,6.1626547999999275,1.013009697670062,True,True,True
False,True,False,-33.278564453125,1.0,475.18994140625,475.18994140625,0.7,0.7,0.0,4,10,oracle,blind,nolag_recover,61,31,6.1626547999999275,1.013009697670062,True,True,True
False,True,False,-44.7459716796875,1.0,343.0835266113281,343.0835266113281,0.7166666666666667,0.7166666666666667,0.0,4,9,nearest,blind,nolag_recover,61,32,-43.717285533333325,4.582926936161971,False,False,False
False,True,False,-44.7806396484375,1.0,343.0835266113281,343.0835266113281,0.7166666666666667,0.7166666666666667,0.0,4,9,oracle,blind,nolag_recover,61,32,-43.717285533333325,4.582926936161971,False,False,False
False,True,False,-26.54296875,1.0,60.03388977050781,60.03388977050781,0.6833333333333333,0.6833333333333333,0.0,4,8,nearest,blind,nolag_recover,61,33,-42.57816563333358,1.0934640246234495,True,False,False
False,True,False,-26.151611328125,1.0,60.03388977050781,60.03388977050781,0.6833333333333333,0.6833333333333333,0.0,4,8,oracle,blind,nolag_recover,61,33,-42.57816563333358,1.0934640246234495,True,False,False
False,True,False,-34.349609375,1.0,348.1700744628906,348.1700744628906,0.7333333333333333,0.7333333333333333,0.0,4,9,nearest,blind,nolag_recover,61,34,-36.33475520000002,1.7994659799368702,False,False,False
False,True,False,-13.83984375,1.0,348.1700744628906,348.1700744628906,0.7333333333333333,0.7333333333333333,0.0,4,9,oracle,blind,nolag_recover,61,34,-36.33475520000002,1.7994659799368702,False,False,False
False,True,False,-37.4283447265625,1.0,366.8337707519531,366.8337707519531,0.75,0.75,0.0,4,9,nearest,blind,nolag_recover,61,35,-8.309164000000237,8.207325833980887,False,False,False
False,True,False,-42.1175537109375,1.0,366.8337707519531,366.8337707519531,0.75,0.75,0.0,4,9,oracle,blind,nolag_recover,61,35,-8.309164000000237,8.207325833980887,False,False,False
False,True,False,-27.8624267578125,1.0,315.2058410644531,315.2058410644531,0.7166666666666667,0.7166666666666667,0.0,4,10,nearest,blind,nolag_recover,61,36,-27.703856466666593,1.922529519776395,False,False,False
True,True,True,21.5751953125,1.0,315.2058410644531,315.2058410644531,0.7166666666666667,0.7166666666666667,0.0,4,10,oracle,blind,nolag_recover,61,36,-27.703856466666593,1.922529519776395,False,False,False
False,True,False,-26.95458984375,1.0,458.62847900390625,458.62847900390625,0.75,0.75,0.0,4,9,nearest,blind,nolag_recover,61,37,12.559847099999843,2.9351231327670257,False,True,False
False,True,False,-0.025390625,1.0,458.62847900390625,458.62847900390625,0.75,0.75,0.0,4,9,oracle,blind,nolag_recover,61,37,12.559847099999843,2.9351231327670257,False,True,False
False,True,False,-46.9027099609375,1.0,367.11920166015625,367.11920166015625,0.7333333333333333,0.7333333333333333,0.0,4,9,nearest,blind,nolag_recover,61,38,-83.5816304,1.657536107547187,False,False,False
False,True,False,-25.2930908203125,1.0,367.11920166015625,367.11920166015625,0.7333333333333333,0.7333333333333333,0.0,4,9,oracle,blind,nolag_recover,61,38,-83.5816304,1.657536107547187,False,False,False
False,True,False,-33.71533203125,1.0,65.04695892333984,65.04695892333984,0.7,0.7,0.0,4,9,nearest,blind,nolag_recover,61,39,-30.377666066666507,1.0881745585157203,True,False,False
False,True,False,-45.87060546875,1.0,65.04695892333984,65.04695892333984,0.7,0.7,0.0,4,9,oracle,blind,nolag_recover,61,39,-30.377666066666507,1.0881745585157203,True,False,False
False,True,False,-35.5836181640625,1.0,269.6574401855469,269.6574401855469,0.7333333333333333,0.7333333333333333,0.0,5,8,nearest,blind,nolag_recover,61,0,10.358159533333492,1.0101921359863364,True,True,True
False,True,False,-9.7012939453125,1.0,269.6574401855469,269.6574401855469,0.7333333333333333,0.7333333333333333,0.0,5,8,oracle,blind,nolag_recover,61,0,10.358159533333492,1.0101921359863364,True,True,True
False,True,False,-37.3675537109375,1.0,305.92242431640625,305.92242431640625,0.7166666666666667,0.7166666666666667,0.0,5,8,nearest,blind,nolag_recover,61,1,1.1676817000000028,1.52894944454844,False,True,False
False,True,False,-15.2945556640625,1.0,305.92242431640625,305.92242431640625,0.7166666666666667,0.7166666666666667,0.0,5,8,oracle,blind,nolag_recover,61,1,1.1676817000000028,1.52894944454844,False,True,False
False,True,False,-36.0628662109375,1.0,336.43682861328125,336.43682861328125,0.7,0.7,0.0,5,7,nearest,blind,nolag_recover,61,2,4.586766033333333,0.9715874892944493,True,True,True
False,True,False,-14.3475341796875,1.0,336.43682861328125,336.43682861328125,0.7,0.7,0.0,5,7,oracle,blind,nolag_recover,61,2,4.586766033333333,0.9715874892944493,True,True,True
False,True,False,-37.850341796875,1.0,347.75439453125,347.75439453125,0.7333333333333333,0.7333333333333333,0.0,5,7,nearest,blind,nolag_recover,61,3,2.937068100000033,0.985430258148574,True,True,True
False,True,False,-24.6513671875,1.0,347.75439453125,347.75439453125,0.7333333333333333,0.7333333333333333,0.0,5,7,oracle,blind,nolag_recover,61,3,2.937068100000033,0.985430258148574,True,True,True
False,True,False,-36.07568359375,1.0,334.72784423828125,334.72784423828125,0.7333333333333333,0.7333333333333333,0.0,5,8,nearest,blind,nolag_recover,61,4,-5.3782341666667435,0.961279101538153,True,False,False
False,True,False,-23.153076171875,1.0,334.72784423828125,334.72784423828125,0.7333333333333333,0.7333333333333333,0.0,5,8,oracle,blind,nolag_recover,61,4,-5.3782341666667435,0.961279101538153,True,False,False
False,True,False,-36.98681640625,1.0,350.052734375,350.052734375,0.7166666666666667,0.7166666666666667,0.0,5,8,nearest,blind,nolag_recover,61,5,6.876818133333245,0.7528070997822272,True,True,True
False,True,False,-13.69091796875,1.0,350.052734375,350.052734375,0.7166666666666667,0.7166666666666667,0.0,5,8,oracle,blind,nolag_recover,61,5,6.876818133333245,0.7528070997822272,True,True,True
False,True,False,-37.7117919921875,1.0,408.5335388183594,408.5335388183594,0.7333333333333333,0.7333333333333333,0.0,5,8,nearest,blind,nolag_recover,61,6,-46.433630900000026,1.8857215794092748,False,False,False
False,True,False,-22.1561279296875,1.0,408.5335388183594,408.5335388183594,0.7333333333333333,0.7333333333333333,0.0,5,8,oracle,blind,nolag_recover,61,6,-46.433630900000026,1.8857215794092748,False,False,False
False,True,False,-34.634765625,1.0,344.96832275390625,344.96832275390625,0.75,0.75,0.0,5,8,nearest,blind,nolag_recover,61,7,-0.2159790000000612,0.9853661390429498,True,False,False
True,True,True,6.7158203125,1.0,344.96832275390625,344.96832275390625,0.75,0.75,0.0,5,8,oracle,blind,nolag_recover,61,7,-0.2159790000000612,0.9853661390429498,True,False,False
False,True,False,-50.97314453125,1.0,420.7277526855469,420.7277526855469,0.75,0.75,0.0,5,10,nearest,blind,nolag_recover,61,8,3.8440655999997944,1.016232300870289,True,True,True
False,True,False,-21.32568359375,1.0,420.7277526855469,420.7277526855469,0.75,0.75,0.0,5,10,oracle,blind,nolag_recover,61,8,3.8440655999997944,1.016232300870289,True,True,True
False,True,False,-55.2205810546875,1.0,347.6257629394531,347.6257629394531,0.7166666666666667,0.7166666666666667,0.0,5,10,nearest,blind,nolag_recover,61,9,-7.170035299999881,1.9207614151897112,False,False,False
False,True,False,-16.1307373046875,1.0,347.6257629394531,347.6257629394531,0.7166666666666667,0.7166666666666667,0.0,5,10,oracle,blind,nolag_recover,61,9,-7.170035299999881,1.9207614151897112,False,False,False
False,True,False,-54.1241455078125,1.0,310.4279479980469,310.4279479980469,0.7166666666666667,0.7166666666666667,0.0,5,11,nearest,blind,nolag_recover,61,10,-47.837620866666384,2.329466824990565,False,False,False
False,True,False,-31.9820556640625,1.0,310.4279479980469,310.4279479980469,0.7166666666666667,0.7166666666666667,0.0,5,11,oracle,blind,nolag_recover,61,10,-47.837620866666384,2.329466824990565,False,False,False
False,True,False,-57.639404296875,1.0,476.6390380859375,476.6390380859375,0.75,0.75,0.0,5,12,nearest,blind,nolag_recover,61,11,68.0745165999997,3.34548452977546,False,True,False
False,True,False,-40.977783203125,1.0,476.6390380859375,476.6390380859375,0.75,0.75,0.0,5,12,oracle,blind,nolag_recover,61,11,68.0745165999997,3.34548452977546,False,True,False
False,True,False,-46.39501953125,1.0,316.0414123535156,316.0414123535156,0.7,0.7,0.0,5,12,nearest,blind,nolag_recover,61,12,-169.04426336666666,13.630636800760838,False,False,False
False,True,False,-27.5595703125,1.0,316.0414123535156,316.0414123535156,0.7,0.7,0.0,5,12,oracle,blind,nolag_recover,61,12,-169.04426336666666,13.630636800760838,False,False,False
False,True,False,-39.061767578125,1.0,433.3649597167969,433.3649597167969,0.7,0.7,0.0,5,12,nearest,blind,nolag_recover,61,13,-10.553793400000131,1.6789297320737735,False,False,False
False,True,False,-28.310302734375,1.0,433.3649597167969,433.3649597167969,0.7,0.7,0.0,5,12,oracle,blind,nolag_recover,61,13,-10.553793400000131,1.6789297320737735,False,False,False
False,True,False,-44.6669921875,1.0,450.165283203125,450.165283203125,0.7166666666666667,0.7166666666666667,0.0,5,11,nearest,blind,nolag_recover,61,14,-63.0910844,3.2305540070854177,False,False,False
False,True,False,-42.279296875,1.0,450.165283203125,450.165283203125,0.7166666666666667,0.7166666666666667,0.0,5,11,oracle,blind,nolag_recover,61,14,-63.0910844,3.2305540070854177,False,False,False
False,True,False,-15.8486328125,1.0,51.18735122680664,51.18735122680664,0.6833333333333333,0.6833333333333333,0.0,5,11,nearest,blind,nolag_recover,61,15,-14.218723000000182,1.0950187712597867,True,False,False
False,True,False,-1.220458984375,1.0,51.18735122680664,51.18735122680664,0.6833333333333333,0.6833333333333333,0.0,5,11,oracle,blind,nolag_recover,61,15,-14.218723000000182,1.0950187712597867,True,False,False
False,True,False,-50.467041015625,1.0,504.3671569824219,504.3671569824219,0.7166666666666667,0.7166666666666667,0.0,5,11,nearest,blind,nolag_recover,61,16,-2.3767571333335127,1.2171868766129346,True,False,False
False,True,False,-41.966796875,1.0,504.3671569824219,504.3671569824219,0.7166666666666667,0.7166666666666667,0.0,5,11,oracle,blind,nolag_recover,61,16,-2.3767571333335127,1.2171868766129346,True,False,False
False,True,False,-45.465576171875,1.0,489.5591125488281,489.5591125488281,0.7166666666666667,0.7166666666666667,0.0,5,10,nearest,blind,nolag_recover,61,17,-13.031297666666433,0.8438415151281472,True,False,False
False,True,False,-24.708984375,1.0,489.5591125488281,489.5591125488281,0.7166666666666667,0.7166666666666667,0.0,5,10,oracle,blind,nolag_recover,61,17,-13.031297666666433,0.8438415151281472,True,False,False
False,True,False,-32.7127685546875,1.0,403.2037048339844,403.2037048339844,0.7166666666666667,0.7166666666666667,0.0,5,10,nearest,blind,nolag_recover,61,18,21.261369166666782,3.522139973323637,False,True,False
False,True,False,-32.3106689453125,1.0,403.2037048339844,403.2037048339844,0.7166666666666667,0.7166666666666667,0.0,5,10,oracle,blind,nolag_recover,61,18,21.261369166666782,3.522139973323637,False,True,False
False,True,False,-45.59375,1.0,466.7597351074219,466.7597351074219,0.7166666666666667,0.7166666666666667,0.0,5,11,nearest,blind,nolag_recover,61,19,91.58255556666654,1.9305594615874493,False,True,False
False,True,False,-35.6845703125,1.0,466.7597351074219,466.7597351074219,0.7166666666666667,0.7166666666666667,0.0,5,11,oracle,blind,nolag_recover,61,19,91.58255556666654,1.9305594615874493,False,True,False
False,True,False,-41.3013916015625,1.0,395.3087158203125,395.3087158203125,0.7,0.7,0.0,5,11,nearest,blind,nolag_recover,61,20,-177.1502144333333,13.057928800727968,False,False,False
False,True,False,-48.6053466796875,1.0,395.3087158203125,395.3087158203125,0.7,0.7,0.0,5,11,oracle,blind,nolag_recover,61,20,-177.1502144333333,13.057928800727968,False,False,False
False,True,False,-20.992431640625,1.0,69.1164321899414,69.1164321899414,0.7,0.7,0.0,5,11,nearest,blind,nolag_recover,61,21,-73.86984206666648,1.5059389716489209,False,False,False
True,True,True,4.78955078125,1.0,69.1164321899414,69.1164321899414,0.7,0.7,0.0,5,11,oracle,blind,nolag_recover,61,21,-73.86984206666648,1.5059389716489209,False,False,False
False,True,False,-15.602783203125,1.0,93.60941314697266,93.60941314697266,0.7166666666666667,0.7166666666666667,0.0,5,12,nearest,blind,nolag_recover,61,22,-98.77908943333341,1.4359654229862806,True,False,False
False,True,False,-23.93505859375,1.0,93.60941314697266,93.60941314697266,0.7166666666666667,0.7166666666666667,0.0,5,12,oracle,blind,nolag_recover,61,22,-98.77908943333341,1.4359654229862806,True,False,False
False,True,False,-18.106201171875,1.0,84.46784973144531,84.46784973144531,0.7,0.7,0.0,5,12,nearest,blind,nolag_recover,61,23,-44.63783156666659,1.2169881773612927,True,False,False
False,True,False,-12.28271484375,1.0,84.46784973144531,84.46784973144531,0.7,0.7,0.0,5,12,oracle,blind,nolag_recover,61,23,-44.63783156666659,1.2169881773612927,True,False,False
False,True,False,-2.431640625,1.0,212.86398315429688,212.86398315429688,0.7,0.7,0.0,5,12,nearest,blind,nolag_recover,61,24,-40.45295050000027,17.38422593364399,False,False,False
False,True,False,-8.174072265625,1.0,212.86398315429688,212.86398315429688,0.7,0.7,0.0,5,12,oracle,blind,nolag_recover,61,24,-40.45295050000027,17.38422593364399,False,False,False
False,True,False,-17.239501953125,1.0,120.5687026977539,120.5687026977539,0.7166666666666667,0.7166666666666667,0.0,5,13,nearest,blind,nolag_recover,61,25,-38.92732893333323,1.1230725766257124,True,False,False
False,True,False,-28.19482421875,1.0,120.5687026977539,120.5687026977539,0.7166666666666667,0.7166666666666667,0.0,5,13,oracle,blind,nolag_recover,61,25,-38.92732893333323,1.1230725766257124,True,False,False
True,True,True,1.7015380859375,1.0,220.3994903564453,220.3994903564453,0.6833333333333333,0.6833333333333333,0.0,5,13,nearest,blind,nolag_recover,61,26,-17.588635699999713,6.582272981838261,False,False,False
False,True,False,-8.8983154296875,1.0,220.3994903564453,220.3994903564453,0.6833333333333333,0.6833333333333333,0.0,5,13,oracle,blind,nolag_recover,61,26,-17.588635699999713,6.582272981838261,False,False,False
False,True,False,-12.16552734375,1.0,79.96212005615234,79.96212005615234,0.6833333333333333,0.6833333333333333,0.0,5,13,nearest,blind,nolag_recover,61,27,-38.38878839999984,1.0716273853628824,True,False,False
False,True,False,-12.16552734375,1.0,79.96212005615234,79.96212005615234,0.6833333333333333,0.6833333333333333,0.0,5,13,oracle,blind,nolag_recover,61,27,-38.38878839999984,1.0716273853628824,True,False,False
True,True,True,1.28515625,1.0,331.13330078125,331.13330078125,0.7,0.7,0.0,5,13,nearest,blind,nolag_recover,61,28,-24.08931819999998,1.1366021453771404,True,False,False
False,True,False,-8.404052734375,1.0,331.13330078125,331.13330078125,0.7,0.7,0.0,5,13,oracle,blind,nolag_recover,61,28,-24.08931819999998,1.1366021453771404,True,False,False
True,True,True,13.278564453125,1.0,317.0921936035156,317.0921936035156,0.7,0.7,0.0,5,13,nearest,blind,nolag_recover,61,29,-66.30922296666654,13.740217730441543,False,False,False
True,True,True,12.859375,1.0,317.0921936035156,317.0921936035156,0.7,0.7,0.0,5,13,oracle,blind,nolag_recover,61,29,-66.30922296666654,13.740217730441543,False,False,False
False,True,False,-25.9327392578125,1.0,252.046875,252.046875,0.7,0.7,0.0,5,12,nearest,blind,nolag_recover,61,30,-28.89872463333313,11.004355237600238,False,False,False
False,True,False,-7.4393310546875,1.0,252.046875,252.046875,0.7,0.7,0.0,5,12,oracle,blind,nolag_recover,61,30,-28.89872463333313,11.004355237600238,False,False,False
False,True,False,-28.6334228515625,1.0,475.18994140625,475.18994140625,0.7,0.7,0.0,5,11,nearest,blind,nolag_recover,61,31,-29.930995233333533,7.233008156816719,False,False,False
True,True,True,1.8424072265625,1.0,475.18994140625,475.18994140625,0.7,0.7,0.0,5,11,oracle,blind,nolag_recover,61,31,-29.930995233333533,7.233008156816719,False,False,False
False,True,False,-19.449951171875,1.0,343.0835266113281,343.0835266113281,0.7166666666666667,0.7166666666666667,0.0,5,11,nearest,blind,nolag_recover,61,32,-70.47462870000004,3.5493889520825457,False,False,False
False,True,False,-9.511962890625,1.0,343.0835266113281,343.0835266113281,0.7166666666666667,0.7166666666666667,0.0,5,11,oracle,blind,nolag_recover,61,32,-70.47462870000004,3.5493889520825457,False,False,False
False,True,False,-19.3046875,1.0,60.03388977050781,60.03388977050781,0.6833333333333333,0.6833333333333333,0.0,5,11,nearest,blind,nolag_recover,61,33,-23.640904600000113,1.0485702340273968,True,False,False
False,True,False,-3.618408203125,1.0,60.03388977050781,60.03388977050781,0.6833333333333333,0.6833333333333333,0.0,5,11,oracle,blind,nolag_recover,61,33,-23.640904600000113,1.0485702340273968,True,False,False
False,True,False,-12.6483154296875,1.0,348.1700744628906,348.1700744628906,0.7333333333333333,0.7333333333333333,0.0,5,11,nearest,blind,nolag_recover,61,34,-27.281965966666803,1.280712284788171,True,False,False
True,True,True,4.1243896484375,1.0,348.1700744628906,348.1700744628906,0.7333333333333333,0.7333333333333333,0.0,5,11,oracle,blind,nolag_recover,61,34,-27.281965966666803,1.280712284788171,True,False,False
False,True,False,-4.4124755859375,1.0,366.8337707519531,366.8337707519531,0.75,0.75,0.0,5,10,nearest,blind,nolag_recover,61,35,15.529500266666446,0.8234962464296507,True,True,True
True,True,True,10.9132080078125,1.0,366.8337707519531,366.8337707519531,0.75,0.75,0.0,5,10,oracle,blind,nolag_recover,61,35,15.529500266666446,0.8234962464296507,True,True,True
False,True,False,-9.4639892578125,1.0,315.2058410644531,315.2058410644531,0.7166666666666667,0.7166666666666667,0.0,5,10,nearest,blind,nolag_recover,61,36,-42.31854483333336,2.9507447013138832,False,False,False
True,True,True,4.8250732421875,1.0,315.2058410644531,315.2058410644531,0.7166666666666667,0.7166666666666667,0.0,5,10,oracle,blind,nolag_recover,61,36,-42.31854483333336,2.9507447013138832,False,False,False
False,True,False,-7.480224609375,1.0,458.62847900390625,458.62847900390625,0.75,0.75,0.0,5,10,nearest,blind,nolag_recover,61,37,-3.2705997666671465,3.2174143423309545,False,False,False
True,True,True,2.509765625,1.0,458.62847900390625,458.62847900390625,0.75,0.75,0.0,5,10,oracle,blind,nolag_recover,61,37,-3.2705997666671465,3.2174143423309545,False,False,False
False,True,False,-3.9698486328125,1.0,367.11920166015625,367.11920166015625,0.7333333333333333,0.7333333333333333,0.0,5,11,nearest,blind,nolag_recover,61,38,-120.06233753333345,2.0132393697734945,False,False,False
True,True,True,1.6614990234375,1.0,367.11920166015625,367.11920166015625,0.7333333333333333,0.7333333333333333,0.0,5,11,oracle,blind,nolag_recover,61,38,-120.06233753333345,2.0132393697734945,False,False,False
False,True,False,-10.3759765625,1.0,65.04695892333984,65.04695892333984,0.7,0.7,0.0,5,11,nearest,blind,nolag_recover,61,39,-21.750783333333175,1.0226570402319173,True,False,False
False,True,False,-10.920654296875,1.0,65.04695892333984,65.04695892333984,0.7,0.7,0.0,5,11,oracle,blind,nolag_recover,61,39,-21.750783333333175,1.0226570402319173,True,False,False
False,True,False,-65.9898681640625,1.0,301.0388488769531,301.0388488769531,0.7333333333333333,0.7333333333333333,0.0,0,18,nearest,blind,nolag_recover,62,0,12.779539533333491,0.9477886052941774,True,True,True
False,True,False,-82.3651123046875,1.0,301.0388488769531,301.0388488769531,0.7333333333333333,0.7333333333333333,0.0,0,18,oracle,blind,nolag_recover,62,0,12.779539533333491,0.9477886052941774,True,True,True
False,True,False,-51.4390869140625,1.0,252.10816955566406,252.10816955566406,0.7333333333333333,0.7333333333333333,0.0,0,18,nearest,blind,nolag_recover,62,1,17.171154200000046,2.5625786200411045,False,True,False
False,True,False,-67.1766357421875,1.0,252.10816955566406,252.10816955566406,0.7333333333333333,0.7333333333333333,0.0,0,18,oracle,blind,nolag_recover,62,1,17.171154200000046,2.5625786200411045,False,True,False
False,True,False,-33.99462890625,1.0,270.9654846191406,270.9654846191406,0.7333333333333333,0.7333333333333333,0.0,0,17,nearest,blind,nolag_recover,62,2,-25.170744299999797,40.67323224001521,False,False,False
False,True,False,-52.205322265625,1.0,270.9654846191406,270.9654846191406,0.7333333333333333,0.7333333333333333,0.0,0,17,oracle,blind,nolag_recover,62,2,-25.170744299999797,40.67323224001521,False,False,False
False,True,False,-108.778076171875,1.0,267.4181213378906,267.4181213378906,0.7333333333333333,0.7333333333333333,0.0,0,16,nearest,blind,nolag_recover,62,3,-46.97626593333348,0.8384138268166655,True,False,False
False,True,False,-168.7213134765625,1.0,267.4181213378906,267.4181213378906,0.7333333333333333,0.7333333333333333,0.0,0,16,oracle,blind,nolag_recover,62,3,-46.97626593333348,0.8384138268166655,True,False,False
False,True,False,-127.198974609375,1.0,206.2508087158203,206.2508087158203,0.7333333333333333,0.7333333333333333,0.0,0,15,nearest,blind,nolag_recover,62,4,2.909559766666689,1.4445715105105974,True,True,True
False,True,False,-122.610107421875,1.0,206.2508087158203,206.2508087158203,0.7333333333333333,0.7333333333333333,0.0,0,15,oracle,blind,nolag_recover,62,4,2.909559766666689,1.4445715105105974,True,True,True
False,True,False,-71.719970703125,1.0,253.53367614746094,253.53367614746094,0.7333333333333333,0.7333333333333333,0.0,0,16,nearest,blind,nolag_recover,62,5,14.620953466666833,1.1853910737318005,True,True,True
False,True,False,-68.0133056640625,1.0,253.53367614746094,253.53367614746094,0.7333333333333333,0.7333333333333333,0.0,0,16,oracle,blind,nolag_recover,62,5,14.620953466666833,1.1853910737318005,True,True,True
False,True,False,-98.639892578125,1.0,245.2598114013672,245.2598114013672,0.7333333333333333,0.7333333333333333,0.0,0,16,nearest,blind,nolag_recover,62,6,-4.213010166666663,0.9874777870849318,True,False,False
False,True,False,-50.6798095703125,1.0,245.2598114013672,245.2598114013672,0.7333333333333333,0.7333333333333333,0.0,0,16,oracle,blind,nolag_recover,62,6,-4.213010166666663,0.9874777870849318,True,False,False
False,True,False,-65.45556640625,1.0,201.6370849609375,201.6370849609375,0.7333333333333333,0.7333333333333333,0.0,0,17,nearest,blind,nolag_recover,62,7,-2.9362022666668963,1.0987773951089754,True,False,False
False,True,False,-87.1405029296875,1.0,201.6370849609375,201.6370849609375,0.7333333333333333,0.7333333333333333,0.0,0,17,oracle,blind,nolag_recover,62,7,-2.9362022666668963,1.0987773951089754,True,False,False
False,True,False,-12.8681640625,1.0,301.51544189453125,301.51544189453125,0.7333333333333333,0.7333333333333333,0.0,0,16,nearest,blind,nolag_recover,62,8,23.00823953333338,1.6302527848215878,False,True,False
False,True,False,-31.218017578125,1.0,301.51544189453125,301.51544189453125,0.7333333333333333,0.7333333333333333,0.0,0,16,oracle,blind,nolag_recover,62,8,23.00823953333338,1.6302527848215878,False,True,False
False,True,False,-83.16015625,1.0,354.5059814453125,354.5059814453125,0.7333333333333333,0.7333333333333333,0.0,0,16,nearest,blind,nolag_recover,62,9,-35.83143250000012,3.135072646590578,False,False,False
False,True,False,-103.498046875,1.0,354.5059814453125,354.5059814453125,0.7333333333333333,0.7333333333333333,0.0,0,16,oracle,blind,nolag_recover,62,9,-35.83143250000012,3.135072646590578,False,False,False
False,True,False,-28.2928466796875,1.0,262.32257080078125,262.32257080078125,0.7333333333333333,0.7333333333333333,0.0,0,15,nearest,blind,nolag_recover,62,10,-51.42675343333349,1.2272094079627334,True,False,False
False,True,False,-102.3209228515625,1.0,262.32257080078125,262.32257080078125,0.7333333333333333,0.7333333333333333,0.0,0,15,oracle,blind,nolag_recover,62,10,-51.42675343333349,1.2272094079627334,True,False,False
False,True,False,-74.869384765625,1.0,322.9653015136719,322.9653015136719,0.7333333333333333,0.7333333333333333,0.0,0,15,nearest,blind,nolag_recover,62,11,89.84110766666663,1.927326189394728,False,True,False
False,True,False,-84.21533203125,1.0,322.9653015136719,322.9653015136719,0.7333333333333333,0.7333333333333333,0.0,0,15,oracle,blind,nolag_recover,62,11,89.84110766666663,1.927326189394728,False,True,False
False,True,False,-117.646728515625,1.0,234.361572265625,234.361572265625,0.7333333333333333,0.7333333333333333,0.0,0,15,nearest,blind,nolag_recover,62,12,-78.64348769999992,5.9452907845671294,False,False,False
False,True,False,-115.966064453125,1.0,234.361572265625,234.361572265625,0.7333333333333333,0.7333333333333333,0.0,0,15,oracle,blind,nolag_recover,62,12,-78.64348769999992,5.9452907845671294,False,False,False
False,True,False,-133.90869140625,1.0,366.1965026855469,366.1965026855469,0.7333333333333333,0.7333333333333333,0.0,0,15,nearest,blind,nolag_recover,62,13,-28.451137933333484,2.7718171668161675,False,False,False
False,True,False,-149.70849609375,1.0,366.1965026855469,366.1965026855469,0.7333333333333333,0.7333333333333333,0.0,0,15,oracle,blind,nolag_recover,62,13,-28.451137933333484,2.7718171668161675,False,False,False
False,True,False,-89.4351806640625,1.0,299.4131164550781,299.4131164550781,0.7333333333333333,0.7333333333333333,0.0,0,15,nearest,blind,nolag_recover,62,14,16.154781933333425,9.330427532082737,False,True,False
False,True,False,-120.6072998046875,1.0,299.4131164550781,299.4131164550781,0.7333333333333333,0.7333333333333333,0.0,0,15,oracle,blind,nolag_recover,62,14,16.154781933333425,9.330427532082737,False,True,False
True,True,True,8.17041015625,1.0,42.323280334472656,42.323280334472656,0.7333333333333333,0.7333333333333333,0.0,0,16,nearest,blind,nolag_recover,62,15,-67.50732156666686,25.986549331593164,False,False,False
True,True,True,17.1478271484375,1.0,42.323280334472656,42.323280334472656,0.7333333333333333,0.7333333333333333,0.0,0,16,oracle,blind,nolag_recover,62,15,-67.50732156666686,25.986549331593164,False,False,False
False,True,False,-40.871826171875,1.0,278.6437683105469,278.6437683105469,0.7333333333333333,0.7333333333333333,0.0,0,16,nearest,blind,nolag_recover,62,16,-21.763644399999976,1.394600211297318,True,False,False
False,True,False,-172.315673828125,1.0,278.6437683105469,278.6437683105469,0.7333333333333333,0.7333333333333333,0.0,0,16,oracle,blind,nolag_recover,62,16,-21.763644399999976,1.394600211297318,True,False,False
False,True,False,-15.58349609375,1.0,373.1549987792969,373.1549987792969,0.7333333333333333,0.7333333333333333,0.0,0,14,nearest,blind,nolag_recover,62,17,-51.792296033333514,3.4304516668291125,False,False,False
False,True,False,-69.106201171875,1.0,373.1549987792969,373.1549987792969,0.7333333333333333,0.7333333333333333,0.0,0,14,oracle,blind,nolag_recover,62,17,-51.792296033333514,3.4304516668291125,False,False,False
False,True,False,-41.783447265625,1.0,341.1069641113281,341.1069641113281,0.7333333333333333,0.7333333333333333,0.0,0,14,nearest,blind,nolag_recover,62,18,-7.6278168666667625,1.4247584853724204,True,False,False
False,True,False,-144.567138671875,1.0,341.1069641113281,341.1069641113281,0.7333333333333333,0.7333333333333333,0.0,0,14,oracle,blind,nolag_recover,62,18,-7.6278168666667625,1.4247584853724204,True,False,False
True,True,True,6.869873046875,1.0,333.86920166015625,333.86920166015625,0.7333333333333333,0.7333333333333333,0.0,0,14,nearest,blind,nolag_recover,62,19,152.68152456666667,2.5051316873797798,False,True,False
False,True,False,-3.6171875,1.0,333.86920166015625,333.86920166015625,0.7333333333333333,0.7333333333333333,0.0,0,14,oracle,blind,nolag_recover,62,19,152.68152456666667,2.5051316873797798,False,True,False
False,True,False,-63.433837890625,1.0,322.57623291015625,322.57623291015625,0.7333333333333333,0.7333333333333333,0.0,0,13,nearest,blind,nolag_recover,62,20,-205.81054696666683,22.19934591722191,False,False,False
False,True,False,-148.438720703125,1.0,322.57623291015625,322.57623291015625,0.7333333333333333,0.7333333333333333,0.0,0,13,oracle,blind,nolag_recover,62,20,-205.81054696666683,22.19934591722191,False,False,False
False,True,False,-1.2890625,1.0,42.20787048339844,42.20787048339844,0.7333333333333333,0.7333333333333333,0.0,0,13,nearest,blind,nolag_recover,62,21,-28.551240166666503,1.2989943817549394,True,False,False
False,True,False,-3.76806640625,1.0,42.20787048339844,42.20787048339844,0.7333333333333333,0.7333333333333333,0.0,0,13,oracle,blind,nolag_recover,62,21,-28.551240166666503,1.2989943817549394,True,False,False
False,True,False,-1.038330078125,1.0,272.53192138671875,272.53192138671875,0.7333333333333333,0.7333333333333333,0.0,0,13,nearest,blind,nolag_recover,62,22,9.16330159999984,1.2634624020098926,True,True,True
False,True,False,-3.8228759765625,1.0,272.53192138671875,272.53192138671875,0.7333333333333333,0.7333333333333333,0.0,0,13,oracle,blind,nolag_recover,62,22,9.16330159999984,1.2634624020098926,True,True,True
False,True,False,-18.26513671875,1.0,106.16246032714844,106.16246032714844,0.7333333333333333,0.7333333333333333,0.0,0,13,nearest,blind,nolag_recover,62,23,5.548359200000277,10.98276702195685,False,True,False
False,True,False,-24.304443359375,1.0,106.16246032714844,106.16246032714844,0.7333333333333333,0.7333333333333333,0.0,0,13,oracle,blind,nolag_recover,62,23,5.548359200000277,10.98276702195685,False,True,False
True,True,True,5.281982421875,1.0,153.43260192871094,153.43260192871094,0.7333333333333333,0.7333333333333333,0.0,0,13,nearest,blind,nolag_recover,62,24,9.551722633333384,1.1288787164111775,True,True,True
False,True,False,-0.923583984375,1.0,153.43260192871094,153.43260192871094,0.7333333333333333,0.7333333333333333,0.0,0,13,oracle,blind,nolag_recover,62,24,9.551722633333384,1.1288787164111775,True,True,True
True,True,True,0.100341796875,1.0,125.26982879638672,125.26982879638672,0.7333333333333333,0.7333333333333333,0.0,0,12,nearest,blind,nolag_recover,62,25,-4.214334166666504,17.182201858490654,False,False,False
False,True,False,-0.8001708984375,1.0,125.26982879638672,125.26982879638672,0.7333333333333333,0.7333333333333333,0.0,0,12,oracle,blind,nolag_recover,62,25,-4.214334166666504,17.182201858490654,False,False,False
False,True,False,-0.0986328125,1.0,152.3770294189453,152.3770294189453,0.7333333333333333,0.7333333333333333,0.0,0,11,nearest,blind,nolag_recover,62,26,6.842726833333472,1.1310822049441598,True,True,True
True,True,True,0.1483154296875,1.0,152.3770294189453,152.3770294189453,0.7333333333333333,0.7333333333333333,0.0,0,11,oracle,blind,nolag_recover,62,26,6.842726833333472,1.1310822049441598,True,True,True
False,True,False,-2.7047119140625,1.0,61.90498352050781,61.90498352050781,0.7333333333333333,0.7333333333333333,0.0,0,10,nearest,blind,nolag_recover,62,27,-16.15054013333338,1.4774577584012034,True,False,False
False,True,False,-10.4354248046875,1.0,61.90498352050781,61.90498352050781,0.7333333333333333,0.7333333333333333,0.0,0,10,oracle,blind,nolag_recover,62,27,-16.15054013333338,1.4774577584012034,True,False,False
False,True,False,-13.1865234375,1.0,251.99658203125,251.99658203125,0.7333333333333333,0.7333333333333333,0.0,0,10,nearest,blind,nolag_recover,62,28,21.96438076666641,3.500228759053287,False,True,False
False,True,False,-47.835693359375,1.0,251.99658203125,251.99658203125,0.7333333333333333,0.7333333333333333,0.0,0,10,oracle,blind,nolag_recover,62,28,21.96438076666641,3.500228759053287,False,True,False
False,True,False,-87.1876220703125,1.0,485.7283020019531,485.7283020019531,0.7333333333333333,0.7333333333333333,0.0,0,9,nearest,blind,nolag_recover,62,29,-13.48440933333336,1.1707053558192577,True,False,False
False,True,False,-94.755859375,1.0,485.7283020019531,485.7283020019531,0.7333333333333333,0.7333333333333333,0.0,0,9,oracle,blind,nolag_recover,62,29,-13.48440933333336,1.1707053558192577,True,False,False
False,True,False,-6.1180419921875,1.0,226.9839324951172,226.9839324951172,0.7333333333333333,0.7333333333333333,0.0,0,9,nearest,blind,nolag_recover,62,30,-3.0086544333332768,0.8294583041820935,True,False,False
True,True,True,13.189697265625,1.0,226.9839324951172,226.9839324951172,0.7333333333333333,0.7333333333333333,0.0,0,9,oracle,blind,nolag_recover,62,30,-3.0086544333332768,0.8294583041820935,True,False,False
False,True,False,-44.3211669921875,1.0,338.9317932128906,338.9317932128906,0.7333333333333333,0.7333333333333333,0.0,0,8,nearest,blind,nolag_recover,62,31,33.801845666666395,2.5786684502293076,False,True,False
False,True,False,-59.5751953125,1.0,338.9317932128906,338.9317932128906,0.7333333333333333,0.7333333333333333,0.0,0,8,oracle,blind,nolag_recover,62,31,33.801845666666395,2.5786684502293076,False,True,False
False,True,False,-33.74169921875,1.0,256.9499816894531,256.9499816894531,0.7333333333333333,0.7333333333333333,0.0,0,8,nearest,blind,nolag_recover,62,32,0.2679314333331604,1.2881613987668454,True,True,True
False,True,False,-70.49169921875,1.0,256.9499816894531,256.9499816894531,0.7333333333333333,0.7333333333333333,0.0,0,8,oracle,blind,nolag_recover,62,32,0.2679314333331604,1.2881613987668454,True,True,True
True,True,True,18.740234375,1.0,43.54807662963867,43.54807662963867,0.7333333333333333,0.7333333333333333,0.0,0,9,nearest,blind,nolag_recover,62,33,-19.792232433333538,1.1595395463029021,True,False,False
True,True,True,18.53076171875,1.0,43.54807662963867,43.54807662963867,0.7333333333333333,0.7333333333333333,0.0,0,9,oracle,blind,nolag_recover,62,33,-19.792232433333538,1.1595395463029021,True,False,False
True,True,True,41.5811767578125,1.0,300.1610107421875,300.1610107421875,0.7333333333333333,0.7333333333333333,0.0,0,10,nearest,blind,nolag_recover,62,34,0.5441230999999789,1.1857169044874423,True,True,True
True,True,True,33.9893798828125,1.0,300.1610107421875,300.1610107421875,0.7333333333333333,0.7333333333333333,0.0,0,10,oracle,blind,nolag_recover,62,34,0.5441230999999789,1.1857169044874423,True,True,True
False,True,False,-126.3433837890625,1.0,290.4024658203125,290.4024658203125,0.7333333333333333,0.7333333333333333,0.0,0,8,nearest,blind,nolag_recover,62,35,-10.719512900000154,0.7894824328763675,True,False,False
False,True,False,-111.033203125,1.0,290.4024658203125,290.4024658203125,0.7333333333333333,0.7333333333333333,0.0,0,8,oracle,blind,nolag_recover,62,35,-10.719512900000154,0.7894824328763675,True,False,False
True,True,True,35.8538818359375,1.0,243.89828491210938,243.89828491210938,0.7333333333333333,0.7333333333333333,0.0,0,9,nearest,blind,nolag_recover,62,36,-1.9022718333335433,0.8603736853795632,True,False,False
True,True,True,31.23388671875,1.0,243.89828491210938,243.89828491210938,0.7333333333333333,0.7333333333333333,0.0,0,9,oracle,blind,nolag_recover,62,36,-1.9022718333335433,0.8603736853795632,True,False,False
False,True,False,-32.763671875,1.0,269.9544677734375,269.9544677734375,0.7333333333333333,0.7333333333333333,0.0,0,8,nearest,blind,nolag_recover,62,37,100.90276403333337,1.5223855233705987,False,True,False
False,True,False,-25.42626953125,1.0,269.9544677734375,269.9544677734375,0.7333333333333333,0.7333333333333333,0.0,0,8,oracle,blind,nolag_recover,62,37,100.90276403333337,1.5223855233705987,False,True,False
False,True,False,-6.05126953125,1.0,297.0811767578125,297.0811767578125,0.7333333333333333,0.7333333333333333,0.0,0,8,nearest,blind,nolag_recover,62,38,-131.34375646666672,13.900926648203365,False,False,False
False,True,False,-0.83154296875,1.0,297.0811767578125,297.0811767578125,0.7333333333333333,0.7333333333333333,0.0,0,8,oracle,blind,nolag_recover,62,38,-131.34375646666672,13.900926648203365,False,False,False
True,True,True,27.25390625,1.0,38.3161735534668,38.3161735534668,0.7333333333333333,0.7333333333333333,0.0,0,7,nearest,blind,nolag_recover,62,39,-8.752121266666563,0.968012403918855,True,False,False
True,True,True,32.067138671875,1.0,38.3161735534668,38.3161735534668,0.7333333333333333,0.7333333333333333,0.0,0,7,oracle,blind,nolag_recover,62,39,-8.752121266666563,0.968012403918855,True,False,False
False,True,False,-50.4610595703125,1.0,301.0388488769531,301.0388488769531,0.7333333333333333,0.7333333333333333,0.0,1,12,nearest,blind,nolag_recover,62,0,18.72706556666685,0.9495772791613498,True,True,True
False,True,False,-50.4984130859375,1.0,301.0388488769531,301.0388488769531,0.7333333333333333,0.7333333333333333,0.0,1,12,oracle,blind,nolag_recover,62,0,18.72706556666685,0.9495772791613498,True,True,True
False,True,False,-28.0577392578125,1.0,252.10816955566406,252.10816955566406,0.7333333333333333,0.7333333333333333,0.0,1,11,nearest,blind,nolag_recover,62,1,5.6697555333335,0.8966641551412599,True,True,True
False,True,False,-64.9315185546875,1.0,252.10816955566406,252.10816955566406,0.7333333333333333,0.7333333333333333,0.0,1,11,oracle,blind,nolag_recover,62,1,5.6697555333335,0.8966641551412599,True,True,True
False,True,False,-38.670166015625,1.0,270.9654846191406,270.9654846191406,0.7333333333333333,0.7333333333333333,0.0,1,13,nearest,blind,nolag_recover,62,2,-54.54698200000007,7.548189272211579,False,False,False
False,True,False,-40.07080078125,1.0,270.9654846191406,270.9654846191406,0.7333333333333333,0.7333333333333333,0.0,1,13,oracle,blind,nolag_recover,62,2,-54.54698200000007,7.548189272211579,False,False,False
True,True,True,48.2799072265625,1.0,267.4181213378906,267.4181213378906,0.7333333333333333,0.7333333333333333,0.0,1,12,nearest,blind,nolag_recover,62,3,-2.2729858666666587,1.9345765328498585,False,False,False
True,True,True,26.96533203125,1.0,267.4181213378906,267.4181213378906,0.7333333333333333,0.7333333333333333,0.0,1,12,oracle,blind,nolag_recover,62,3,-2.2729858666666587,1.9345765328498585,False,False,False
False,True,False,-51.4027099609375,1.0,206.2508087158203,206.2508087158203,0.7333333333333333,0.7333333333333333,0.0,1,12,nearest,blind,nolag_recover,62,4,0.7504206000000977,1.4221064796559881,True,True,True
False,True,False,-74.77294921875,1.0,206.2508087158203,206.2508087158203,0.7333333333333333,0.7333333333333333,0.0,1,12,oracle,blind,nolag_recover,62,4,0.7504206000000977,1.4221064796559881,True,True,True
False,True,False,-122.852294921875,1.0,253.53367614746094,253.53367614746094,0.7333333333333333,0.7333333333333333,0.0,1,12,nearest,blind,nolag_recover,62,5,4.31254233333334,9.222609972055324,False,True,False
False,True,False,-114.375,1.0,253.53367614746094,253.53367614746094,0.7333333333333333,0.7333333333333333,0.0,1,12,oracle,blind,nolag_recover,62,5,4.31254233333334,9.222609972055324,False,True,False
True,True,True,15.7518310546875,1.0,245.2598114013672,245.2598114013672,0.7333333333333333,0.7333333333333333,0.0,1,12,nearest,blind,nolag_recover,62,6,-6.241225033333194,1.1379871930399925,True,False,False
True,True,True,22.495849609375,1.0,245.2598114013672,245.2598114013672,0.7333333333333333,0.7333333333333333,0.0,1,12,oracle,blind,nolag_recover,62,6,-6.241225033333194,1.1379871930399925,True,False,False
False,True,False,-10.258056640625,1.0,201.6370849609375,201.6370849609375,0.7333333333333333,0.7333333333333333,0.0,1,11,nearest,blind,nolag_recover,62,7,-1.7549422000001869,1.0323545274288017,True,False,False
False,True,False,-0.32861328125,1.0,201.6370849609375,201.6370849609375,0.7333333333333333,0.7333333333333333,0.0,1,11,oracle,blind,nolag_recover,62,7,-1.7549422000001869,1.0323545274288017,True,False,False
True,True,True,61.884765625,1.0,301.51544189453125,301.51544189453125,0.7333333333333333,0.7333333333333333,0.0,1,12,nearest,blind,nolag_recover,62,8,-36.817784100000154,0.9157033858150655,True,False,False
True,True,True,46.43212890625,1.0,301.51544189453125,301.51544189453125,0.7333333333333333,0.7333333333333333,0.0,1,12,oracle,blind,nolag_recover,62,8,-36.817784100000154,0.9157033858150655,True,False,False
True,True,True,58.4873046875,1.0,354.5059814453125,354.5059814453125,0.7333333333333333,0.7333333333333333,0.0,1,13,nearest,blind,nolag_recover,62,9,-11.388467700000092,1.6642160916497464,False,False,False
True,True,True,54.814208984375,1.0,354.5059814453125,354.5059814453125,0.7333333333333333,0.7333333333333333,0.0,1,13,oracle,blind,nolag_recover,62,9,-11.388467700000092,1.6642160916497464,False,False,False
False,True,False,-135.926025390625,1.0,262.32257080078125,262.32257080078125,0.7333333333333333,0.7333333333333333,0.0,1,14,nearest,blind,nolag_recover,62,10,-17.45837396666684,1.7283014225133566,False,False,False
False,True,False,-135.926025390625,1.0,262.32257080078125,262.32257080078125,0.7333333333333333,0.7333333333333333,0.0,1,14,oracle,blind,nolag_recover,62,10,-17.45837396666684,1.7283014225133566,False,False,False
False,True,False,-18.285400390625,1.0,322.9653015136719,322.9653015136719,0.7333333333333333,0.7333333333333333,0.0,1,15,nearest,blind,nolag_recover,62,11,109.63422716666719,1.4934501646893137,True,True,True
True,True,True,41.676025390625,1.0,322.9653015136719,322.9653015136719,0.7333333333333333,0.7333333333333333,0.0,1,15,oracle,blind,nolag_recover,62,11,109.63422716666719,1.4934501646893137,True,True,True
False,True,False,-36.896484375,1.0,234.361572265625,234.361572265625,0.7333333333333333,0.7333333333333333,0.0,1,15,nearest,blind,nolag_recover,62,12,-158.5757423,3.1280358816753373,False,False,False
False,True,False,-36.896484375,1.0,234.361572265625,234.361572265625,0.7333333333333333,0.7333333333333333,0.0,1,15,oracle,blind,nolag_recover,62,12,-158.5757423,3.1280358816753373,False,False,False
False,True,False,-27.799072265625,1.0,366.1965026855469,366.1965026855469,0.7333333333333333,0.7333333333333333,0.0,1,16,nearest,blind,nolag_recover,62,13,32.48159463333309,1.333933911540505,True,True,True
True,True,True,32.7412109375,1.0,366.1965026855469,366.1965026855469,0.7333333333333333,0.7333333333333333,0.0,1,16,oracle,blind,nolag_recover,62,13,32.48159463333309,1.333933911540505,True,True,True
False,True,False,-20.17822265625,1.0,299.4131164550781,299.4131164550781,0.7333333333333333,0.7333333333333333,0.0,1,14,nearest,blind,nolag_recover,62,14,-60.02494300000012,2.433134846445171,False,False,False
False,True,False,-39.8099365234375,1.0,299.4131164550781,299.4131164550781,0.7333333333333333,0.7333333333333333,0.0,1,14,oracle,blind,nolag_recover,62,14,-60.02494300000012,2.433134846445171,False,False,False
True,True,True,0.546142578125,1.0,42.323280334472656,42.323280334472656,0.7333333333333333,0.7333333333333333,0.0,1,13,nearest,blind,nolag_recover,62,15,-5.5865040000001045,1.0699814069186802,True,False,False
False,True,False,-3.029541015625,1.0,42.323280334472656,42.323280334472656,0.7333333333333333,0.7333333333333333,0.0,1,13,oracle,blind,nolag_recover,62,15,-5.5865040000001045,1.0699814069186802,True,False,False
False,True,False,-45.35986328125,1.0,278.6437683105469,278.6437683105469,0.7333333333333333,0.7333333333333333,0.0,1,12,nearest,blind,nolag_recover,62,16,-8.918044433333534,0.6639998232869415,True,False,False
False,True,False,-59.31689453125,1.0,278.6437683105469,278.6437683105469,0.7333333333333333,0.7333333333333333,0.0,1,12,oracle,blind,nolag_recover,62,16,-8.918044433333534,0.6639998232869415,True,False,False
False,True,False,-98.322998046875,1.0,373.1549987792969,373.1549987792969,0.7333333333333333,0.7333333333333333,0.0,1,14,nearest,blind,nolag_recover,62,17,-8.783500033333667,2.044632840051186,False,False,False
False,True,False,-98.322998046875,1.0,373.1549987792969,373.1549987792969,0.7333333333333333,0.7333333333333333,0.0,1,14,oracle,blind,nolag_recover,62,17,-8.783500033333667,2.044632840051186,False,False,False
True,True,True,25.58154296875,1.0,341.1069641113281,341.1069641113281,0.7333333333333333,0.7333333333333333,0.0,1,14,nearest,blind,nolag_recover,62,18,-0.5214885666669034,7.150313371606714,False,False,False
True,True,True,25.58154296875,1.0,341.1069641113281,341.1069641113281,0.7333333333333333,0.7333333333333333,0.0,1,14,oracle,blind,nolag_recover,62,18,-0.5214885666669034,7.150313371606714,False,False,False
True,True,True,13.35595703125,1.0,333.86920166015625,333.86920166015625,0.7333333333333333,0.7333333333333333,0.0,1,14,nearest,blind,nolag_recover,62,19,66.59968103333313,1.8561027532616605,False,True,False
True,True,True,13.35595703125,1.0,333.86920166015625,333.86920166015625,0.7333333333333333,0.7333333333333333,0.0,1,14,oracle,blind,nolag_recover,62,19,66.59968103333313,1.8561027532616605,False,True,False
False,True,False,-44.877685546875,1.0,322.57623291015625,322.57623291015625,0.7333333333333333,0.7333333333333333,0.0,1,15,nearest,blind,nolag_recover,62,20,-110.27342310000017,5.214936996242609,False,False,False
False,True,False,-49.2550048828125,1.0,322.57623291015625,322.57623291015625,0.7333333333333333,0.7333333333333333,0.0,1,15,oracle,blind,nolag_recover,62,20,-110.27342310000017,5.214936996242609,False,False,False
False,True,False,-6.682861328125,1.0,42.20787048339844,42.20787048339844,0.7333333333333333,0.7333333333333333,0.0,1,15,nearest,blind,nolag_recover,62,21,-9.010450433333062,1.0666483153435755,True,False,False
False,True,False,-9.1197509765625,1.0,42.20787048339844,42.20787048339844,0.7333333333333333,0.7333333333333333,0.0,1,15,oracle,blind,nolag_recover,62,21,-9.010450433333062,1.0666483153435755,True,False,False
False,True,False,-17.46533203125,1.0,272.53192138671875,272.53192138671875,0.7333333333333333,0.7333333333333333,0.0,1,15,nearest,blind,nolag_recover,62,22,20.406603633333134,1.9726817898880378,False,True,False
False,True,False,-10.8277587890625,1.0,272.53192138671875,272.53192138671875,0.7333333333333333,0.7333333333333333,0.0,1,15,oracle,blind,nolag_recover,62,22,20.406603633333134,1.9726817898880378,False,True,False
False,True,False,-22.22900390625,1.0,106.16246032714844,106.16246032714844,0.7333333333333333,0.7333333333333333,0.0,1,16,nearest,blind,nolag_recover,62,23,-43.32004889999985,12.422437216792112,False,False,False
False,True,False,-25.44775390625,1.0,106.16246032714844,106.16246032714844,0.7333333333333333,0.7333333333333333,0.0,1,16,oracle,blind,nolag_recover,62,23,-43.32004889999985,12.422437216792112,False,False,False
False,True,False,-24.383544921875,1.0,153.43260192871094,153.43260192871094,0.7333333333333333,0.7333333333333333,0.0,1,15,nearest,blind,nolag_recover,62,24,-31.431483166666567,6.6740069343243995,False,False,False
False,True,False,-23.502197265625,1.0,153.43260192871094,153.43260192871094,0.7333333333333333,0.7333333333333333,0.0,1,15,oracle,blind,nolag_recover,62,24,-31.431483166666567,6.6740069343243995,False,False,False
False,True,False,-0.3564453125,1.0,125.26982879638672,125.26982879638672,0.7333333333333333,0.7333333333333333,0.0,1,16,nearest,blind,nolag_recover,62,25,-7.832004733333406,0.9410480159759715,True,False,False
False,True,False,-5.055419921875,1.0,125.26982879638672,125.26982879638672,0.7333333333333333,0.7333333333333333,0.0,1,16,oracle,blind,nolag_recover,62,25,-7.832004733333406,0.9410480159759715,True,False,False
False,True,False,-3.358154296875,1.0,152.3770294189453,152.3770294189453,0.7333333333333333,0.7333333333333333,0.0,1,15,nearest,blind,nolag_recover,62,26,3.794414133333248,2.98106580016373,False,True,False
False,True,False,-3.358154296875,1.0,152.3770294189453,152.3770294189453,0.7333333333333333,0.7333333333333333,0.0,1,15,oracle,blind,nolag_recover,62,26,3.794414133333248,2.98106580016373,False,True,False
False,True,False,-3.14892578125,1.0,61.90498352050781,61.90498352050781,0.7333333333333333,0.7333333333333333,0.0,1,15,nearest,blind,nolag_recover,62,27,-19.79155056666673,1.114276950707128,True,False,False
False,True,False,-3.14892578125,1.0,61.90498352050781,61.90498352050781,0.7333333333333333,0.7333333333333333,0.0,1,15,oracle,blind,nolag_recover,62,27,-19.79155056666673,1.114276950707128,True,False,False
False,True,False,-58.835693359375,1.0,251.99658203125,251.99658203125,0.7333333333333333,0.7333333333333333,0.0,1,15,nearest,blind,nolag_recover,62,28,-3.5103413000001638,3.263280008798295,False,False,False
False,True,False,-58.835693359375,1.0,251.99658203125,251.99658203125,0.7333333333333333,0.7333333333333333,0.0,1,15,oracle,blind,nolag_recover,62,28,-3.5103413000001638,3.263280008798295,False,False,False
True,True,True,12.4212646484375,1.0,485.7283020019531,485.7283020019531,0.7333333333333333,0.7333333333333333,0.0,1,16,nearest,blind,nolag_recover,62,29,-30.569590366666716,1.876622138585856,False,False,False
True,True,True,11.8829345703125,1.0,485.7283020019531,485.7283020019531,0.7333333333333333,0.7333333333333333,0.0,1,16,oracle,blind,nolag_recover,62,29,-30.569590366666716,1.876622138585856,False,False,False
False,True,False,-46.6007080078125,1.0,226.9839324951172,226.9839324951172,0.7333333333333333,0.7333333333333333,0.0,1,15,nearest,blind,nolag_recover,62,30,-43.01109496666663,1.8130152717946224,False,False,False
False,True,False,-41.054443359375,1.0,226.9839324951172,226.9839324951172,0.7333333333333333,0.7333333333333333,0.0,1,15,oracle,blind,nolag_recover,62,30,-43.01109496666663,1.8130152717946224,False,False,False
False,True,False,-62.4599609375,1.0,338.9317932128906,338.9317932128906,0.7333333333333333,0.7333333333333333,0.0,1,15,nearest,blind,nolag_recover,62,31,5.865168799999992,3.7628664323849694,False,True,False
False,True,False,-25.277587890625,1.0,338.9317932128906,338.9317932128906,0.7333333333333333,0.7333333333333333,0.0,1,15,oracle,blind,nolag_recover,62,31,5.865168799999992,3.7628664323849694,False,True,False
False,True,False,-85.1751708984375,1.0,256.9499816894531,256.9499816894531,0.7333333333333333,0.7333333333333333,0.0,1,15,nearest,blind,nolag_recover,62,32,-73.27006476666656,1.1693589739466987,True,False,False
False,True,False,-62.0662841796875,1.0,256.9499816894531,256.9499816894531,0.7333333333333333,0.7333333333333333,0.0,1,15,oracle,blind,nolag_recover,62,32,-73.27006476666656,1.1693589739466987,True,False,False
True,True,True,20.137939453125,1.0,43.54807662963867,43.54807662963867,0.7333333333333333,0.7333333333333333,0.0,1,15,nearest,blind,nolag_recover,62,33,-35.108968800000184,1.078578076753348,True,False,False
True,True,True,20.380615234375,1.0,43.54807662963867,43.54807662963867,0.7333333333333333,0.7333333333333333,0.0,1,15,oracle,blind,nolag_recover,62,33,-35.108968800000184,1.078578076753348,True,False,False
False,True,False,-85.3519287109375,1.0,300.1610107421875,300.1610107421875,0.7333333333333333,0.7333333333333333,0.0,1,16,nearest,blind,nolag_recover,62,34,-15.788262533333409,1.4478142227788524,True,False,False
False,True,False,-16.0430908203125,1.0,300.1610107421875,300.1610107421875,0.7333333333333333,0.7333333333333333,0.0,1,16,oracle,blind,nolag_recover,62,34,-15.788262533333409,1.4478142227788524,True,False,False
False,True,False,-27.691650390625,1.0,290.4024658203125,290.4024658203125,0.7333333333333333,0.7333333333333333,0.0,1,16,nearest,blind,nolag_recover,62,35,-131.06721073333324,1.1963414097578846,True,False,False
False,True,False,-46.9521484375,1.0,290.4024658203125,290.4024658203125,0.7333333333333333,0.7333333333333333,0.0,1,16,oracle,blind,nolag_recover,62,35,-131.06721073333324,1.1963414097578846,True,False,False
False,True,False,-25.90478515625,1.0,243.89828491210938,243.89828491210938,0.7333333333333333,0.7333333333333333,0.0,1,17,nearest,blind,nolag_recover,62,36,-17.00381900000002,2.774557541741526,False,False,False
False,True,False,-53.1619873046875,1.0,243.89828491210938,243.89828491210938,0.7333333333333333,0.7333333333333333,0.0,1,17,oracle,blind,nolag_recover,62,36,-17.00381900000002,2.774557541741526,False,False,False
True,True,True,99.7841796875,1.0,269.9544677734375,269.9544677734375,0.7333333333333333,0.7333333333333333,0.0,1,15,nearest,blind,nolag_recover,62,37,85.86767529999997,1.273235101357509,True,True,True
False,True,False,-43.498779296875,1.0,269.9544677734375,269.9544677734375,0.7333333333333333,0.7333333333333333,0.0,1,15,oracle,blind,nolag_recover,62,37,85.86767529999997,1.273235101357509,True,True,True
False,True,False,-45.9697265625,1.0,297.0811767578125,297.0811767578125,0.7333333333333333,0.7333333333333333,0.0,1,16,nearest,blind,nolag_recover,62,38,-196.83066910000002,9.641902879766,False,False,False
False,True,False,-32.6630859375,1.0,297.0811767578125,297.0811767578125,0.7333333333333333,0.7333333333333333,0.0,1,16,oracle,blind,nolag_recover,62,38,-196.83066910000002,9.641902879766,False,False,False
True,True,True,20.1046142578125,1.0,38.3161735534668,38.3161735534668,0.7333333333333333,0.7333333333333333,0.0,1,17,nearest,blind,nolag_recover,62,39,-21.693746133333207,1.0197710662206159,True,False,False
True,True,True,23.6533203125,1.0,38.3161735534668,38.3161735534668,0.7333333333333333,0.7333333333333333,0.0,1,17,oracle,blind,nolag_recover,62,39,-21.693746133333207,1.0197710662206159,True,False,False
True,True,True,21.8651123046875,1.0,301.0388488769531,301.0388488769531,0.7333333333333333,0.7333333333333333,0.0,2,11,nearest,blind,nolag_recover,62,0,14.768594800000074,0.9483688168250687,True,True,True
True,True,True,44.8717041015625,1.0,301.0388488769531,301.0388488769531,0.7333333333333333,0.7333333333333333,0.0,2,11,oracle,blind,nolag_recover,62,0,14.768594800000074,0.9483688168250687,True,True,True
False,True,False,-39.4193115234375,1.0,252.10816955566406,252.10816955566406,0.7333333333333333,0.7333333333333333,0.0,2,10,nearest,blind,nolag_recover,62,1,2.6823399333334237,0.9273186282409611,True,True,True
False,True,False,-48.2103271484375,1.0,252.10816955566406,252.10816955566406,0.7333333333333333,0.7333333333333333,0.0,2,10,oracle,blind,nolag_recover,62,1,2.6823399333334237,0.9273186282409611,True,True,True
False,True,False,-3.0015869140625,1.0,270.9654846191406,270.9654846191406,0.7333333333333333,0.7333333333333333,0.0,2,10,nearest,blind,nolag_recover,62,2,0.13034123333318348,2.0881845880649434,False,True,False
True,True,True,11.127685546875,1.0,270.9654846191406,270.9654846191406,0.7333333333333333,0.7333333333333333,0.0,2,10,oracle,blind,nolag_recover,62,2,0.13034123333318348,2.0881845880649434,False,True,False
True,True,True,26.84228515625,1.0,267.4181213378906,267.4181213378906,0.7333333333333333,0.7333333333333333,0.0,2,11,nearest,blind,nolag_recover,62,3,-55.576019433333386,1.8232571678324219,False,False,False
True,True,True,49.4876708984375,1.0,267.4181213378906,267.4181213378906,0.7333333333333333,0.7333333333333333,0.0,2,11,oracle,blind,nolag_recover,62,3,-55.576019433333386,1.8232571678324219,False,False,False
False,True,False,-81.3857421875,1.0,206.2508087158203,206.2508087158203,0.7333333333333333,0.7333333333333333,0.0,2,12,nearest,blind,nolag_recover,62,4,-26.48847703333331,1.351181864645245,True,False,False
False,True,False,-80.494873046875,1.0,206.2508087158203,206.2508087158203,0.7333333333333333,0.7333333333333333,0.0,2,12,oracle,blind,nolag_recover,62,4,-26.48847703333331,1.351181864645245,True,False,False
False,True,False,-27.926025390625,1.0,253.53367614746094,253.53367614746094,0.7333333333333333,0.7333333333333333,0.0,2,12,nearest,blind,nolag_recover,62,5,1.7479988000002322,1.0210561449749778,True,True,True
False,True,False,-13.89501953125,1.0,253.53367614746094,253.53367614746094,0.7333333333333333,0.7333333333333333,0.0,2,12,oracle,blind,nolag_recover,62,5,1.7479988000002322,1.0210561449749778,True,True,True
False,True,False,-63.361572265625,1.0,245.2598114013672,245.2598114013672,0.7333333333333333,0.7333333333333333,0.0,2,11,nearest,blind,nolag_recover,62,6,-19.447796299999936,1.071527032533578,True,False,False
False,True,False,-4.742431640625,1.0,245.2598114013672,245.2598114013672,0.7333333333333333,0.7333333333333333,0.0,2,11,oracle,blind,nolag_recover,62,6,-19.447796299999936,1.071527032533578,True,False,False
True,True,True,23.5804443359375,1.0,201.6370849609375,201.6370849609375,0.7333333333333333,0.7333333333333333,0.0,2,11,nearest,blind,nolag_recover,62,7,-2.5914484000002176,1.1191268029143153,True,False,False
True,True,True,36.4718017578125,1.0,201.6370849609375,201.6370849609375,0.7333333333333333,0.7333333333333333,0.0,2,11,oracle,blind,nolag_recover,62,7,-2.5914484000002176,1.1191268029143153,True,False,False
True,True,True,71.8851318359375,1.0,301.51544189453125,301.51544189453125,0.7333333333333333,0.7333333333333333,0.0,2,11,nearest,blind,nolag_recover,62,8,5.281910733333234,1.1649217900510924,True,True,True
True,True,True,44.1708984375,1.0,301.51544189453125,301.51544189453125,0.7333333333333333,0.7333333333333333,0.0,2,11,oracle,blind,nolag_recover,62,8,5.281910733333234,1.1649217900510924,True,True,True
True,True,True,110.2255859375,1.0,354.5059814453125,354.5059814453125,0.7333333333333333,0.7333333333333333,0.0,2,11,nearest,blind,nolag_recover,62,9,-34.290314966666756,2.391979208760095,False,False,False
True,True,True,61.36376953125,1.0,354.5059814453125,354.5059814453125,0.7333333333333333,0.7333333333333333,0.0,2,11,oracle,blind,nolag_recover,62,9,-34.290314966666756,2.391979208760095,False,False,False
False,True,False,-13.6663818359375,1.0,262.32257080078125,262.32257080078125,0.7333333333333333,0.7333333333333333,0.0,2,11,nearest,blind,nolag_recover,62,10,-37.500049033333426,1.0342235560213047,True,False,False
False,True,False,-47.19873046875,1.0,262.32257080078125,262.32257080078125,0.7333333333333333,0.7333333333333333,0.0,2,11,oracle,blind,nolag_recover,62,10,-37.500049033333426,1.0342235560213047,True,False,False
True,True,True,42.3056640625,1.0,322.9653015136719,322.9653015136719,0.7333333333333333,0.7333333333333333,0.0,2,11,nearest,blind,nolag_recover,62,11,80.52500143333327,1.8686971585587187,False,True,False
True,True,True,79.151611328125,1.0,322.9653015136719,322.9653015136719,0.7333333333333333,0.7333333333333333,0.0,2,11,oracle,blind,nolag_recover,62,11,80.52500143333327,1.8686971585587187,False,True,False
False,True,False,-59.35986328125,1.0,234.361572265625,234.361572265625,0.7333333333333333,0.7333333333333333,0.0,2,11,nearest,blind,nolag_recover,62,12,-136.33609279999996,5.214265456631638,False,False,False
False,True,False,-86.598876953125,1.0,234.361572265625,234.361572265625,0.7333333333333333,0.7333333333333333,0.0,2,11,oracle,blind,nolag_recover,62,12,-136.33609279999996,5.214265456631638,False,False,False
True,True,True,2.944580078125,1.0,366.1965026855469,366.1965026855469,0.7333333333333333,0.7333333333333333,0.0,2,10,nearest,blind,nolag_recover,62,13,-19.648349666666945,1.397675693833393,True,False,False
True,True,True,12.833984375,1.0,366.1965026855469,366.1965026855469,0.7333333333333333,0.7333333333333333,0.0,2,10,oracle,blind,nolag_recover,62,13,-19.648349666666945,1.397675693833393,True,False,False
True,True,True,61.5576171875,1.0,299.4131164550781,299.4131164550781,0.7333333333333333,0.7333333333333333,0.0,2,11,nearest,blind,nolag_recover,62,14,-16.49777816666665,1.9380852050899344,False,False,False
True,True,True,55.18798828125,1.0,299.4131164550781,299.4131164550781,0.7333333333333333,0.7333333333333333,0.0,2,11,oracle,blind,nolag_recover,62,14,-16.49777816666665,1.9380852050899344,False,False,False
False,True,False,-13.773193359375,1.0,42.323280334472656,42.323280334472656,0.7333333333333333,0.7333333333333333,0.0,2,10,nearest,blind,nolag_recover,62,15,-9.914027666666698,1.0120206528263118,True,False,False
False,True,False,-19.572265625,1.0,42.323280334472656,42.323280334472656,0.7333333333333333,0.7333333333333333,0.0,2,10,oracle,blind,nolag_recover,62,15,-9.914027666666698,1.0120206528263118,True,False,False
True,True,True,10.96826171875,1.0,278.6437683105469,278.6437683105469,0.7333333333333333,0.7333333333333333,0.0,2,11,nearest,blind,nolag_recover,62,16,1.2589064999999664,0.789697198678068,True,True,True
False,True,False,-21.590576171875,1.0,278.6437683105469,278.6437683105469,0.7333333333333333,0.7333333333333333,0.0,2,11,oracle,blind,nolag_recover,62,16,1.2589064999999664,0.789697198678068,True,True,True
True,True,True,8.6507568359375,1.0,373.1549987792969,373.1549987792969,0.7333333333333333,0.7333333333333333,0.0,2,8,nearest,blind,nolag_recover,62,17,-11.890593566666894,1.6443266634126905,False,False,False
True,True,True,6.1107177734375,1.0,373.1549987792969,373.1549987792969,0.7333333333333333,0.7333333333333333,0.0,2,8,oracle,blind,nolag_recover,62,17,-11.890593566666894,1.6443266634126905,False,False,False
True,True,True,41.312255859375,1.0,341.1069641113281,341.1069641113281,0.7333333333333333,0.7333333333333333,0.0,2,8,nearest,blind,nolag_recover,62,18,-56.748517966666896,8.025051377057453,False,False,False
True,True,True,17.712158203125,1.0,341.1069641113281,341.1069641113281,0.7333333333333333,0.7333333333333333,0.0,2,8,oracle,blind,nolag_recover,62,18,-56.748517966666896,8.025051377057453,False,False,False
True,True,True,2.138427734375,1.0,333.86920166015625,333.86920166015625,0.7333333333333333,0.7333333333333333,0.0,2,8,nearest,blind,nolag_recover,62,19,37.807527700000264,1.584380085575503,False,True,False
True,True,True,18.187744140625,1.0,333.86920166015625,333.86920166015625,0.7333333333333333,0.7333333333333333,0.0,2,8,oracle,blind,nolag_recover,62,19,37.807527700000264,1.584380085575503,False,True,False
False,True,False,-83.16796875,1.0,322.57623291015625,322.57623291015625,0.7333333333333333,0.7333333333333333,0.0,2,8,nearest,blind,nolag_recover,62,20,-101.25730540000018,12.07996023070583,False,False,False
False,True,False,-79.2730712890625,1.0,322.57623291015625,322.57623291015625,0.7333333333333333,0.7333333333333333,0.0,2,8,oracle,blind,nolag_recover,62,20,-101.25730540000018,12.07996023070583,False,False,False
False,True,False,-8.32568359375,1.0,42.20787048339844,42.20787048339844,0.7333333333333333,0.7333333333333333,0.0,2,8,nearest,blind,nolag_recover,62,21,-18.265982199999826,1.078230582781586,True,False,False
False,True,False,-10.5120849609375,1.0,42.20787048339844,42.20787048339844,0.7333333333333333,0.7333333333333333,0.0,2,8,oracle,blind,nolag_recover,62,21,-18.265982199999826,1.078230582781586,True,False,False
False,True,False,-12.2720947265625,1.0,272.53192138671875,272.53192138671875,0.7333333333333333,0.7333333333333333,0.0,2,8,nearest,blind,nolag_recover,62,22,-10.10978950000026,0.917682100314543,True,False,False
False,True,False,-17.486083984375,1.0,272.53192138671875,272.53192138671875,0.7333333333333333,0.7333333333333333,0.0,2,8,oracle,blind,nolag_recover,62,22,-10.10978950000026,0.917682100314543,True,False,False
False,True,False,-16.8914794921875,1.0,106.16246032714844,106.16246032714844,0.7333333333333333,0.7333333333333333,0.0,2,7,nearest,blind,nolag_recover,62,23,-6.317396533333067,4.907422997437625,False,False,False
False,True,False,-11.247802734375,1.0,106.16246032714844,106.16246032714844,0.7333333333333333,0.7333333333333333,0.0,2,7,oracle,blind,nolag_recover,62,23,-6.317396533333067,4.907422997437625,False,False,False
False,True,False,-36.6817626953125,1.0,153.43260192871094,153.43260192871094,0.7333333333333333,0.7333333333333333,0.0,2,7,nearest,blind,nolag_recover,62,24,-19.414420899999868,0.5692464093824104,True,False,False
False,True,False,-35.0687255859375,1.0,153.43260192871094,153.43260192871094,0.7333333333333333,0.7333333333333333,0.0,2,7,oracle,blind,nolag_recover,62,24,-19.414420899999868,0.5692464093824104,True,False,False
True,True,True,1.33837890625,1.0,125.26982879638672,125.26982879638672,0.7333333333333333,0.7333333333333333,0.0,2,6,nearest,blind,nolag_recover,62,25,-19.335988633333272,2.132881434966157,False,False,False
True,True,True,5.79248046875,1.0,125.26982879638672,125.26982879638672,0.7333333333333333,0.7333333333333333,0.0,2,6,oracle,blind,nolag_recover,62,25,-19.335988633333272,2.132881434966157,False,False,False
True,True,True,1.5389404296875,1.0,152.3770294189453,152.3770294189453,0.7333333333333333,0.7333333333333333,0.0,2,7,nearest,blind,nolag_recover,62,26,-19.82901066666659,0.9856360840704168,True,False,False
True,True,True,2.605712890625,1.0,152.3770294189453,152.3770294189453,0.7333333333333333,0.7333333333333333,0.0,2,7,oracle,blind,nolag_recover,62,26,-19.82901066666659,0.9856360840704168,True,False,False
False,True,False,-13.528076171875,1.0,61.90498352050781,61.90498352050781,0.7333333333333333,0.7333333333333333,0.0,2,7,nearest,blind,nolag_recover,62,27,-28.578075633333356,1.2027480918715185,True,False,False
False,True,False,-1.6109619140625,1.0,61.90498352050781,61.90498352050781,0.7333333333333333,0.7333333333333333,0.0,2,7,oracle,blind,nolag_recover,62,27,-28.578075633333356,1.2027480918715185,True,False,False
False,True,False,-58.4515380859375,1.0,251.99658203125,251.99658203125,0.7333333333333333,0.7333333333333333,0.0,2,7,nearest,blind,nolag_recover,62,28,-30.1054903666668,1.915208660953367,False,False,False
False,True,False,-59.0667724609375,1.0,251.99658203125,251.99658203125,0.7333333333333333,0.7333333333333333,0.0,2,7,oracle,blind,nolag_recover,62,28,-30.1054903666668,1.915208660953367,False,False,False
False,True,False,-36.9757080078125,1.0,485.7283020019531,485.7283020019531,0.7333333333333333,0.7333333333333333,0.0,2,7,nearest,blind,nolag_recover,62,29,-5.072412433333511,1.4205256508730637,True,False,False
False,True,False,-25.57470703125,1.0,485.7283020019531,485.7283020019531,0.7333333333333333,0.7333333333333333,0.0,2,7,oracle,blind,nolag_recover,62,29,-5.072412433333511,1.4205256508730637,True,False,False
True,True,True,2.531982421875,1.0,226.9839324951172,226.9839324951172,0.7333333333333333,0.7333333333333333,0.0,2,7,nearest,blind,nolag_recover,62,30,-29.10181426666645,0.938884912099977,True,False,False
False,True,False,-0.6448974609375,1.0,226.9839324951172,226.9839324951172,0.7333333333333333,0.7333333333333333,0.0,2,7,oracle,blind,nolag_recover,62,30,-29.10181426666645,0.938884912099977,True,False,False
True,True,True,14.355224609375,1.0,338.9317932128906,338.9317932128906,0.7333333333333333,0.7333333333333333,0.0,2,8,nearest,blind,nolag_recover,62,31,9.845495233333168,2.2754320738340805,False,True,False
True,True,True,26.6226806640625,1.0,338.9317932128906,338.9317932128906,0.7333333333333333,0.7333333333333333,0.0,2,8,oracle,blind,nolag_recover,62,31,9.845495233333168,2.2754320738340805,False,True,False
False,True,False,-67.70361328125,1.0,256.9499816894531,256.9499816894531,0.7333333333333333,0.7333333333333333,0.0,2,8,nearest,blind,nolag_recover,62,32,-18.389803533333406,1.0737661842589477,True,False,False
False,True,False,-90.084716796875,1.0,256.9499816894531,256.9499816894531,0.7333333333333333,0.7333333333333333,0.0,2,8,oracle,blind,nolag_recover,62,32,-18.389803533333406,1.0737661842589477,True,False,False
True,True,True,5.5384521484375,1.0,43.54807662963867,43.54807662963867,0.7333333333333333,0.7333333333333333,0.0,2,9,nearest,blind,nolag_recover,62,33,-29.992881900000157,1.0546219640231227,True,False,False
True,True,True,16.74072265625,1.0,43.54807662963867,43.54807662963867,0.7333333333333333,0.7333333333333333,0.0,2,9,oracle,blind,nolag_recover,62,33,-29.992881900000157,1.0546219640231227,True,False,False
False,True,False,-64.769287109375,1.0,300.1610107421875,300.1610107421875,0.7333333333333333,0.7333333333333333,0.0,2,10,nearest,blind,nolag_recover,62,34,-25.233919433333313,0.7026394925209132,True,False,False
False,True,False,-38.550048828125,1.0,300.1610107421875,300.1610107421875,0.7333333333333333,0.7333333333333333,0.0,2,10,oracle,blind,nolag_recover,62,34,-25.233919433333313,0.7026394925209132,True,False,False
False,True,False,-38.34765625,1.0,290.4024658203125,290.4024658203125,0.7333333333333333,0.7333333333333333,0.0,2,9,nearest,blind,nolag_recover,62,35,0.15501999999992222,0.788799427945216,True,True,True
True,True,True,0.107666015625,1.0,290.4024658203125,290.4024658203125,0.7333333333333333,0.7333333333333333,0.0,2,9,oracle,blind,nolag_recover,62,35,0.15501999999992222,0.788799427945216,True,True,True
False,True,False,-98.8592529296875,1.0,243.89828491210938,243.89828491210938,0.7333333333333333,0.7333333333333333,0.0,2,9,nearest,blind,nolag_recover,62,36,-40.231951699999854,1.7212548340709453,False,False,False
False,True,False,-90.7225341796875,1.0,243.89828491210938,243.89828491210938,0.7333333333333333,0.7333333333333333,0.0,2,9,oracle,blind,nolag_recover,62,36,-40.231951699999854,1.7212548340709453,False,False,False
True,True,True,30.064208984375,1.0,269.9544677734375,269.9544677734375,0.7333333333333333,0.7333333333333333,0.0,2,10,nearest,blind,nolag_recover,62,37,52.581156633333194,1.7867317201652058,False,True,False
True,True,True,30.064208984375,1.0,269.9544677734375,269.9544677734375,0.7333333333333333,0.7333333333333333,0.0,2,10,oracle,blind,nolag_recover,62,37,52.581156633333194,1.7867317201652058,False,True,False
False,True,False,-33.036376953125,1.0,297.0811767578125,297.0811767578125,0.7333333333333333,0.7333333333333333,0.0,2,10,nearest,blind,nolag_recover,62,38,-156.76538199999982,18.302379069111307,False,False,False
False,True,False,-33.036376953125,1.0,297.0811767578125,297.0811767578125,0.7333333333333333,0.7333333333333333,0.0,2,10,oracle,blind,nolag_recover,62,38,-156.76538199999982,18.302379069111307,False,False,False
False,True,False,-2.6605224609375,1.0,38.3161735534668,38.3161735534668,0.7333333333333333,0.7333333333333333,0.0,2,10,nearest,blind,nolag_recover,62,39,-22.37306046666663,1.0646953681608173,True,False,False
True,True,True,9.2164306640625,1.0,38.3161735534668,38.3161735534668,0.7333333333333333,0.7333333333333333,0.0,2,10,oracle,blind,nolag_recover,62,39,-22.37306046666663,1.0646953681608173,True,False,False
True,True,True,37.916015625,1.0,301.0388488769531,301.0388488769531,0.7333333333333333,0.7333333333333333,0.0,5,6,nearest,blind,nolag_recover,62,0,13.3473045333335,0.9704659905067647,True,True,True
True,True,True,38.8978271484375,1.0,301.0388488769531,301.0388488769531,0.7333333333333333,0.7333333333333333,0.0,5,6,oracle,blind,nolag_recover,62,0,13.3473045333335,0.9704659905067647,True,True,True
False,True,False,-0.0465087890625,1.0,252.10816955566406,252.10816955566406,0.7333333333333333,0.7333333333333333,0.0,5,7,nearest,blind,nolag_recover,62,1,3.3252081000000544,0.9420700980139742,True,True,True
False,True,False,-22.899658203125,1.0,252.10816955566406,252.10816955566406,0.7333333333333333,0.7333333333333333,0.0,5,7,oracle,blind,nolag_recover,62,1,3.3252081000000544,0.9420700980139742,True,True,True
True,True,True,4.8349609375,1.0,270.9654846191406,270.9654846191406,0.7333333333333333,0.7333333333333333,0.0,5,7,nearest,blind,nolag_recover,62,2,-18.845238999999992,3.2973286921601397,False,False,False
False,True,False,-3.8314208984375,1.0,270.9654846191406,270.9654846191406,0.7333333333333333,0.7333333333333333,0.0,5,7,oracle,blind,nolag_recover,62,2,-18.845238999999992,3.2973286921601397,False,False,False
True,True,True,26.9365234375,1.0,267.4181213378906,267.4181213378906,0.7333333333333333,0.7333333333333333,0.0,5,8,nearest,blind,nolag_recover,62,3,-9.26335620000009,1.074133994719162,True,False,False
True,True,True,13.99365234375,1.0,267.4181213378906,267.4181213378906,0.7333333333333333,0.7333333333333333,0.0,5,8,oracle,blind,nolag_recover,62,3,-9.26335620000009,1.074133994719162,True,False,False
False,True,False,-1.78564453125,1.0,206.2508087158203,206.2508087158203,0.7333333333333333,0.7333333333333333,0.0,5,7,nearest,blind,nolag_recover,62,4,2.350205066666831,0.8729296766390969,True,True,True
False,True,False,-4.137451171875,1.0,206.2508087158203,206.2508087158203,0.7333333333333333,0.7333333333333333,0.0,5,7,oracle,blind,nolag_recover,62,4,2.350205066666831,0.8729296766390969,True,True,True
False,True,False,-113.4044189453125,1.0,253.53367614746094,253.53367614746094,0.7333333333333333,0.7333333333333333,0.0,5,7,nearest,blind,nolag_recover,62,5,0.8653949666668268,0.8988846708080834,True,True,True
False,True,False,-39.7369384765625,1.0,253.53367614746094,253.53367614746094,0.7333333333333333,0.7333333333333333,0.0,5,7,oracle,blind,nolag_recover,62,5,0.8653949666668268,0.8988846708080834,True,True,True
False,True,False,-45.9488525390625,1.0,245.2598114013672,245.2598114013672,0.7333333333333333,0.7333333333333333,0.0,5,5,nearest,blind,nolag_recover,62,6,-21.01102406666655,1.144697025146817,True,False,False
False,True,False,-16.8896484375,1.0,245.2598114013672,245.2598114013672,0.7333333333333333,0.7333333333333333,0.0,5,5,oracle,blind,nolag_recover,62,6,-21.01102406666655,1.144697025146817,True,False,False
True,True,True,16.82080078125,1.0,201.6370849609375,201.6370849609375,0.7333333333333333,0.7333333333333333,0.0,5,5,nearest,blind,nolag_recover,62,7,-0.484175633333507,1.0972293403021627,True,False,False
True,True,True,15.0684814453125,1.0,201.6370849609375,201.6370849609375,0.7333333333333333,0.7333333333333333,0.0,5,5,oracle,blind,nolag_recover,62,7,-0.484175633333507,1.0972293403021627,True,False,False
True,True,True,3.3250732421875,1.0,301.51544189453125,301.51544189453125,0.7333333333333333,0.7333333333333333,0.0,5,4,nearest,blind,nolag_recover,62,8,-2.1927924666665604,0.9932948758017908,True,False,False
False,True,False,-0.435791015625,1.0,301.51544189453125,301.51544189453125,0.7333333333333333,0.7333333333333333,0.0,5,4,oracle,blind,nolag_recover,62,8,-2.1927924666665604,0.9932948758017908,True,False,False
True,True,True,53.472412109375,1.0,354.5059814453125,354.5059814453125,0.7333333333333333,0.7333333333333333,0.0,5,5,nearest,blind,nolag_recover,62,9,-26.794813500000146,1.4367099728513775,True,False,False
True,True,True,53.472412109375,1.0,354.5059814453125,354.5059814453125,0.7333333333333333,0.7333333333333333,0.0,5,5,oracle,blind,nolag_recover,62,9,-26.794813500000146,1.4367099728513775,True,False,False
False,True,False,-82.3564453125,1.0,262.32257080078125,262.32257080078125,0.7333333333333333,0.7333333333333333,0.0,5,5,nearest,blind,nolag_recover,62,10,-31.787659133333364,2.043542248711771,False,False,False
False,True,False,-82.3564453125,1.0,262.32257080078125,262.32257080078125,0.7333333333333333,0.7333333333333333,0.0,5,5,oracle,blind,nolag_recover,62,10,-31.787659133333364,2.043542248711771,False,False,False
False,True,False,-75.46875,1.0,322.9653015136719,322.9653015136719,0.7333333333333333,0.7333333333333333,0.0,5,5,nearest,blind,nolag_recover,62,11,-22.403558366666402,1.0875607122198734,True,False,False
False,True,False,-48.9716796875,1.0,322.9653015136719,322.9653015136719,0.7333333333333333,0.7333333333333333,0.0,5,5,oracle,blind,nolag_recover,62,11,-22.403558366666402,1.0875607122198734,True,False,False
True,True,True,13.6927490234375,1.0,234.361572265625,234.361572265625,0.7333333333333333,0.7333333333333333,0.0,5,5,nearest,blind,nolag_recover,62,12,-1.210080299999845,1.0742572997229898,True,False,False
True,True,True,19.6544189453125,1.0,234.361572265625,234.361572265625,0.7333333333333333,0.7333333333333333,0.0,5,5,oracle,blind,nolag_recover,62,12,-1.210080299999845,1.0742572997229898,True,False,False
False,True,False,-100.828125,1.0,366.1965026855469,366.1965026855469,0.7333333333333333,0.7333333333333333,0.0,5,5,nearest,blind,nolag_recover,62,13,4.62865069999998,0.9901217694367158,True,True,True
False,True,False,-85.9296875,1.0,366.1965026855469,366.1965026855469,0.7333333333333333,0.7333333333333333,0.0,5,5,oracle,blind,nolag_recover,62,13,4.62865069999998,0.9901217694367158,True,True,True
True,True,True,10.85205078125,1.0,299.4131164550781,299.4131164550781,0.7333333333333333,0.7333333333333333,0.0,5,4,nearest,blind,nolag_recover,62,14,-13.20142143333328,0.842551807862076,True,False,False
True,True,True,10.0130615234375,1.0,299.4131164550781,299.4131164550781,0.7333333333333333,0.7333333333333333,0.0,5,4,oracle,blind,nolag_recover,62,14,-13.20142143333328,0.842551807862076,True,False,False
False,True,False,-15.889404296875,1.0,42.323280334472656,42.323280334472656,0.7333333333333333,0.7333333333333333,0.0,5,4,nearest,blind,nolag_recover,62,15,-7.655597133333458,1.0433885195640122,True,False,False
False,True,False,-15.477294921875,1.0,42.323280334472656,42.323280334472656,0.7333333333333333,0.7333333333333333,0.0,5,4,oracle,blind,nolag_recover,62,15,-7.655597133333458,1.0433885195640122,True,False,False
True,True,True,12.3394775390625,1.0,278.6437683105469,278.6437683105469,0.7333333333333333,0.7333333333333333,0.0,5,4,nearest,blind,nolag_recover,62,16,-4.02132030000007,0.6539386885826429,True,False,False
False,True,False,-19.919921875,1.0,278.6437683105469,278.6437683105469,0.7333333333333333,0.7333333333333333,0.0,5,4,oracle,blind,nolag_recover,62,16,-4.02132030000007,0.6539386885826429,True,False,False
False,True,False,-70.988525390625,1.0,373.1549987792969,373.1549987792969,0.7333333333333333,0.7333333333333333,0.0,5,6,nearest,blind,nolag_recover,62,17,0.13575769999988552,0.7857258109763648,True,True,True
False,True,False,-53.1492919921875,1.0,373.1549987792969,373.1549987792969,0.7333333333333333,0.7333333333333333,0.0,5,6,oracle,blind,nolag_recover,62,17,0.13575769999988552,0.7857258109763648,True,True,True
True,True,True,21.5828857421875,1.0,341.1069641113281,341.1069641113281,0.7333333333333333,0.7333333333333333,0.0,5,6,nearest,blind,nolag_recover,62,18,-18.36624330000018,6.486719249757702,False,False,False
True,True,True,9.239990234375,1.0,341.1069641113281,341.1069641113281,0.7333333333333333,0.7333333333333333,0.0,5,6,oracle,blind,nolag_recover,62,18,-18.36624330000018,6.486719249757702,False,False,False
False,True,False,-104.596435546875,1.0,333.86920166015625,333.86920166015625,0.7333333333333333,0.7333333333333333,0.0,5,7,nearest,blind,nolag_recover,62,19,-33.49386996666681,1.0455987117837293,True,False,False
False,True,False,-84.8017578125,1.0,333.86920166015625,333.86920166015625,0.7333333333333333,0.7333333333333333,0.0,5,7,oracle,blind,nolag_recover,62,19,-33.49386996666681,1.0455987117837293,True,False,False
True,True,True,12.5164794921875,1.0,322.57623291015625,322.57623291015625,0.7333333333333333,0.7333333333333333,0.0,5,7,nearest,blind,nolag_recover,62,20,-9.941659633333302,1.2986966507988968,True,False,False
True,True,True,5.738525390625,1.0,322.57623291015625,322.57623291015625,0.7333333333333333,0.7333333333333333,0.0,5,7,oracle,blind,nolag_recover,62,20,-9.941659633333302,1.2986966507988968,True,False,False
False,True,False,-5.680908203125,1.0,42.20787048339844,42.20787048339844,0.7333333333333333,0.7333333333333333,0.0,5,7,nearest,blind,nolag_recover,62,21,-1.909318966666433,1.0114121649227068,True,False,False
False,True,False,-4.0240478515625,1.0,42.20787048339844,42.20787048339844,0.7333333333333333,0.7333333333333333,0.0,5,7,oracle,blind,nolag_recover,62,21,-1.909318966666433,1.0114121649227068,True,False,False
False,True,False,-1.485107421875,1.0,272.53192138671875,272.53192138671875,0.7333333333333333,0.7333333333333333,0.0,5,7,nearest,blind,nolag_recover,62,22,6.858160399999861,0.8322471387823595,True,True,True
True,True,True,0.1431884765625,1.0,272.53192138671875,272.53192138671875,0.7333333333333333,0.7333333333333333,0.0,5,7,oracle,blind,nolag_recover,62,22,6.858160399999861,0.8322471387823595,True,True,True
False,True,False,-3.715087890625,1.0,106.16246032714844,106.16246032714844,0.7333333333333333,0.7333333333333333,0.0,5,7,nearest,blind,nolag_recover,62,23,-22.835088999999698,0.9526434006840487,True,False,False
False,True,False,-4.13916015625,1.0,106.16246032714844,106.16246032714844,0.7333333333333333,0.7333333333333333,0.0,5,7,oracle,blind,nolag_recover,62,23,-22.835088999999698,0.9526434006840487,True,False,False
False,True,False,-9.5772705078125,1.0,153.43260192871094,153.43260192871094,0.7333333333333333,0.7333333333333333,0.0,5,7,nearest,blind,nolag_recover,62,24,-27.856779966666636,3.5984628934744975,False,False,False
False,True,False,-3.25244140625,1.0,153.43260192871094,153.43260192871094,0.7333333333333333,0.7333333333333333,0.0,5,7,oracle,blind,nolag_recover,62,24,-27.856779966666636,3.5984628934744975,False,False,False
False,True,False,-6.236328125,1.0,125.26982879638672,125.26982879638672,0.7333333333333333,0.7333333333333333,0.0,5,7,nearest,blind,nolag_recover,62,25,-44.0325289333332,2.007958379892395,False,False,False
False,True,False,-6.1278076171875,1.0,125.26982879638672,125.26982879638672,0.7333333333333333,0.7333333333333333,0.0,5,7,oracle,blind,nolag_recover,62,25,-44.0325289333332,2.007958379892395,False,False,False
False,True,False,-20.06884765625,1.0,152.3770294189453,152.3770294189453,0.7333333333333333,0.7333333333333333,0.0,5,7,nearest,blind,nolag_recover,62,26,4.443997666666746,2.3270396136380302,False,True,False
False,True,False,-15.978759765625,1.0,152.3770294189453,152.3770294189453,0.7333333333333333,0.7333333333333333,0.0,5,7,oracle,blind,nolag_recover,62,26,4.443997666666746,2.3270396136380302,False,True,False
False,True,False,-4.194091796875,1.0,61.90498352050781,61.90498352050781,0.7333333333333333,0.7333333333333333,0.0,5,7,nearest,blind,nolag_recover,62,27,-10.74282733333348,1.128957531252182,True,False,False
False,True,False,-4.194091796875,1.0,61.90498352050781,61.90498352050781,0.7333333333333333,0.7333333333333333,0.0,5,7,oracle,blind,nolag_recover,62,27,-10.74282733333348,1.128957531252182,True,False,False
True,True,True,2.1142578125,1.0,251.99658203125,251.99658203125,0.7333333333333333,0.7333333333333333,0.0,5,7,nearest,blind,nolag_recover,62,28,-9.27497563333327,1.951311215029413,False,False,False
True,True,True,2.1142578125,1.0,251.99658203125,251.99658203125,0.7333333333333333,0.7333333333333333,0.0,5,7,oracle,blind,nolag_recover,62,28,-9.27497563333327,1.951311215029413,False,False,False
False,True,False,-86.0167236328125,1.0,485.7283020019531,485.7283020019531,0.7333333333333333,0.7333333333333333,0.0,5,7,nearest,blind,nolag_recover,62,29,7.813186133333147,1.3014817818001727,True,True,True
False,True,False,-95.12451171875,1.0,485.7283020019531,485.7283020019531,0.7333333333333333,0.7333333333333333,0.0,5,7,oracle,blind,nolag_recover,62,29,7.813186133333147,1.3014817818001727,True,True,True
True,True,True,5.96630859375,1.0,226.9839324951172,226.9839324951172,0.7333333333333333,0.7333333333333333,0.0,5,7,nearest,blind,nolag_recover,62,30,-8.476232699999855,2.4789952948156806,False,False,False
True,True,True,54.8223876953125,1.0,226.9839324951172,226.9839324951172,0.7333333333333333,0.7333333333333333,0.0,5,7,oracle,blind,nolag_recover,62,30,-8.476232699999855,2.4789952948156806,False,False,False
False,True,False,-45.169677734375,1.0,338.9317932128906,338.9317932128906,0.7333333333333333,0.7333333333333333,0.0,5,6,nearest,blind,nolag_recover,62,31,11.82771433333346,1.493777973208824,True,True,True
False,True,False,-136.959228515625,1.0,338.9317932128906,338.9317932128906,0.7333333333333333,0.7333333333333333,0.0,5,6,oracle,blind,nolag_recover,62,31,11.82771433333346,1.493777973208824,True,True,True
False,True,False,-67.8162841796875,1.0,256.9499816894531,256.9499816894531,0.7333333333333333,0.7333333333333333,0.0,5,6,nearest,blind,nolag_recover,62,32,6.5577189666669256,1.1237523293220069,True,True,True
False,True,False,-94.1348876953125,1.0,256.9499816894531,256.9499816894531,0.7333333333333333,0.7333333333333333,0.0,5,6,oracle,blind,nolag_recover,62,32,6.5577189666669256,1.1237523293220069,True,True,True
False,True,False,-7.6986083984375,1.0,43.54807662963867,43.54807662963867,0.7333333333333333,0.7333333333333333,0.0,5,5,nearest,blind,nolag_recover,62,33,-6.926185066666903,1.0573869204931485,True,False,False
False,True,False,-4.0010986328125,1.0,43.54807662963867,43.54807662963867,0.7333333333333333,0.7333333333333333,0.0,5,5,oracle,blind,nolag_recover,62,33,-6.926185066666903,1.0573869204931485,True,False,False
False,True,False,-10.83837890625,1.0,300.1610107421875,300.1610107421875,0.7333333333333333,0.7333333333333333,0.0,5,4,nearest,blind,nolag_recover,62,34,-6.736180266666679,0.6472252025817352,True,False,False
True,True,True,0.9627685546875,1.0,300.1610107421875,300.1610107421875,0.7333333333333333,0.7333333333333333,0.0,5,4,oracle,blind,nolag_recover,62,34,-6.736180266666679,0.6472252025817352,True,False,False
False,True,False,-24.9083251953125,1.0,290.4024658203125,290.4024658203125,0.7333333333333333,0.7333333333333333,0.0,5,5,nearest,blind,nolag_recover,62,35,-5.791637033333473,0.8318046997818237,True,False,False
False,True,False,-9.2110595703125,1.0,290.4024658203125,290.4024658203125,0.7333333333333333,0.7333333333333333,0.0,5,5,oracle,blind,nolag_recover,62,35,-5.791637033333473,0.8318046997818237,True,False,False
False,True,False,-40.40673828125,1.0,243.89828491210938,243.89828491210938,0.7333333333333333,0.7333333333333333,0.0,5,4,nearest,blind,nolag_recover,62,36,-33.18429190000006,1.3713615502857015,True,False,False
False,True,False,-49.88427734375,1.0,243.89828491210938,243.89828491210938,0.7333333333333333,0.7333333333333333,0.0,5,4,oracle,blind,nolag_recover,62,36,-33.18429190000006,1.3713615502857015,True,False,False
True,True,True,29.51904296875,1.0,269.9544677734375,269.9544677734375,0.7333333333333333,0.7333333333333333,0.0,5,4,nearest,blind,nolag_recover,62,37,40.98335760000009,1.2556626276546545,True,True,True
False,True,False,-55.566162109375,1.0,269.9544677734375,269.9544677734375,0.7333333333333333,0.7333333333333333,0.0,5,4,oracle,blind,nolag_recover,62,37,40.98335760000009,1.2556626276546545,True,True,True
True,True,True,11.036376953125,1.0,297.0811767578125,297.0811767578125,0.7333333333333333,0.7333333333333333,0.0,5,4,nearest,blind,nolag_recover,62,38,-63.89541356666655,5.709797079319204,False,False,False
True,True,True,10.0223388671875,1.0,297.0811767578125,297.0811767578125,0.7333333333333333,0.7333333333333333,0.0,5,4,oracle,blind,nolag_recover,62,38,-63.89541356666655,5.709797079319204,False,False,False
False,True,False,-7.7318115234375,1.0,38.3161735534668,38.3161735534668,0.7333333333333333,0.7333333333333333,0.0,5,4,nearest,blind,nolag_recover,62,39,-10.009482766666451,1.0161964744581722,True,False,False
False,True,False,-12.52392578125,1.0,38.3161735534668,38.3161735534668,0.7333333333333333,0.7333333333333333,0.0,5,4,oracle,blind,nolag_recover,62,39,-10.009482766666451,1.0161964744581722,True,False,False
False,True,False,-72.510498046875,1.0,211.28543090820312,211.28543090820312,0.7166666666666667,0.7166666666666667,0.0,0,10,nearest,blind,nolag_recover,63,0,12.954174100000046,1.0466252182086921,True,True,True
False,True,False,-72.510498046875,1.0,211.28543090820312,211.28543090820312,0.7166666666666667,0.7166666666666667,0.0,0,10,oracle,blind,nolag_recover,63,0,12.954174100000046,1.0466252182086921,True,True,True
True,True,True,39.1669921875,1.0,285.09393310546875,285.09393310546875,0.7166666666666667,0.7166666666666667,0.0,0,10,nearest,blind,nolag_recover,63,1,-26.994391266666298,0.9753126192180266,True,False,False
True,True,True,16.736572265625,1.0,285.09393310546875,285.09393310546875,0.7166666666666667,0.7166666666666667,0.0,0,10,oracle,blind,nolag_recover,63,1,-26.994391266666298,0.9753126192180266,True,False,False
True,True,True,40.381103515625,1.0,338.93499755859375,338.93499755859375,0.7333333333333333,0.7333333333333333,0.0,0,10,nearest,blind,nolag_recover,63,2,-2.8661634333334405,1.1218063284866846,True,False,False
True,True,True,40.381103515625,1.0,338.93499755859375,338.93499755859375,0.7333333333333333,0.7333333333333333,0.0,0,10,oracle,blind,nolag_recover,63,2,-2.8661634333334405,1.1218063284866846,True,False,False
True,True,True,44.232421875,1.0,273.9765625,273.9765625,0.7333333333333333,0.7333333333333333,0.0,0,10,nearest,blind,nolag_recover,63,3,3.0462916999999834,0.8927186375688857,True,True,True
True,True,True,44.232421875,1.0,273.9765625,273.9765625,0.7333333333333333,0.7333333333333333,0.0,0,10,oracle,blind,nolag_recover,63,3,3.0462916999999834,0.8927186375688857,True,True,True
False,True,False,-9.330078125,1.0,350.0397033691406,350.0397033691406,0.7333333333333333,0.7333333333333333,0.0,0,10,nearest,blind,nolag_recover,63,4,2.813345133333314,1.051048594502166,True,True,True
False,True,False,-1.552734375,1.0,350.0397033691406,350.0397033691406,0.7333333333333333,0.7333333333333333,0.0,0,10,oracle,blind,nolag_recover,63,4,2.813345133333314,1.051048594502166,True,True,True
True,True,True,0.71240234375,1.0,448.69708251953125,448.69708251953125,0.7166666666666667,0.7166666666666667,0.0,0,10,nearest,blind,nolag_recover,63,5,2.285624199999802,1.003657739076402,True,True,True
True,True,True,29.552978515625,1.0,448.69708251953125,448.69708251953125,0.7166666666666667,0.7166666666666667,0.0,0,10,oracle,blind,nolag_recover,63,5,2.285624199999802,1.003657739076402,True,True,True
False,True,False,-44.0814208984375,1.0,382.5709228515625,382.5709228515625,0.7166666666666667,0.7166666666666667,0.0,0,10,nearest,blind,nolag_recover,63,6,-9.482441599999902,1.0307033737750788,True,False,False
True,True,True,33.9725341796875,1.0,382.5709228515625,382.5709228515625,0.7166666666666667,0.7166666666666667,0.0,0,10,oracle,blind,nolag_recover,63,6,-9.482441599999902,1.0307033737750788,True,False,False
False,True,False,-44.849853515625,1.0,351.1888122558594,351.1888122558594,0.7166666666666667,0.7166666666666667,0.0,0,10,nearest,blind,nolag_recover,63,7,-0.3888261333331684,1.091147026684883,True,False,False
False,True,False,-29.3740234375,1.0,351.1888122558594,351.1888122558594,0.7166666666666667,0.7166666666666667,0.0,0,10,oracle,blind,nolag_recover,63,7,-0.3888261333331684,1.091147026684883,True,False,False
True,True,True,21.34521484375,1.0,625.5291137695312,625.5291137695312,0.7166666666666667,0.7166666666666667,0.0,0,11,nearest,blind,nolag_recover,63,8,-29.794029100000216,2.7557325077319574,False,False,False
True,True,True,37.980712890625,1.0,625.5291137695312,625.5291137695312,0.7166666666666667,0.7166666666666667,0.0,0,11,oracle,blind,nolag_recover,63,8,-29.794029100000216,2.7557325077319574,False,False,False
True,True,True,46.261474609375,1.0,344.0743103027344,344.0743103027344,0.7166666666666667,0.7166666666666667,0.0,0,11,nearest,blind,nolag_recover,63,9,-4.002453766666804,1.0856809774601945,True,False,False
True,True,True,113.471435546875,1.0,344.0743103027344,344.0743103027344,0.7166666666666667,0.7166666666666667,0.0,0,11,oracle,blind,nolag_recover,63,9,-4.002453766666804,1.0856809774601945,True,False,False
False,True,False,-86.920166015625,1.0,299.2604064941406,299.2604064941406,0.7166666666666667,0.7166666666666667,0.0,0,11,nearest,blind,nolag_recover,63,10,-0.1652116999998725,1.0354473052496123,True,False,False
False,True,False,-31.8887939453125,1.0,299.2604064941406,299.2604064941406,0.7166666666666667,0.7166666666666667,0.0,0,11,oracle,blind,nolag_recover,63,10,-0.1652116999998725,1.0354473052496123,True,False,False
True,True,True,99.356201171875,1.0,472.94580078125,472.94580078125,0.7166666666666667,0.7166666666666667,0.0,0,11,nearest,blind,nolag_recover,63,11,57.488783266666815,3.3252544886344717,False,True,False
True,True,True,132.875,1.0,472.94580078125,472.94580078125,0.7166666666666667,0.7166666666666667,0.0,0,11,oracle,blind,nolag_recover,63,11,57.488783266666815,3.3252544886344717,False,True,False
False,True,False,-5.5650634765625,1.0,524.16748046875,524.16748046875,0.7166666666666667,0.7166666666666667,0.0,0,11,nearest,blind,nolag_recover,63,12,-109.89202483333338,11.232045159252701,False,False,False
False,True,False,-23.9322509765625,1.0,524.16748046875,524.16748046875,0.7166666666666667,0.7166666666666667,0.0,0,11,oracle,blind,nolag_recover,63,12,-109.89202483333338,11.232045159252701,False,False,False
True,True,True,74.929931640625,1.0,343.75518798828125,343.75518798828125,0.7333333333333333,0.7333333333333333,0.0,0,11,nearest,blind,nolag_recover,63,13,-29.982227400000056,0.8240233358457383,True,False,False
True,True,True,55.38037109375,1.0,343.75518798828125,343.75518798828125,0.7333333333333333,0.7333333333333333,0.0,0,11,oracle,blind,nolag_recover,63,13,-29.982227400000056,0.8240233358457383,True,False,False
True,True,True,24.439697265625,1.0,391.48345947265625,391.48345947265625,0.7166666666666667,0.7166666666666667,0.0,0,11,nearest,blind,nolag_recover,63,14,-63.23959290000016,3.307600080710403,False,False,False
True,True,True,24.439697265625,1.0,391.48345947265625,391.48345947265625,0.7166666666666667,0.7166666666666667,0.0,0,11,oracle,blind,nolag_recover,63,14,-63.23959290000016,3.307600080710403,False,False,False
False,True,False,-48.0576171875,1.0,59.48818588256836,59.48818588256836,0.7166666666666667,0.7166666666666667,0.0,0,11,nearest,blind,nolag_recover,63,15,-28.934249099999988,1.121880210124218,True,False,False
False,True,False,-48.218017578125,1.0,59.48818588256836,59.48818588256836,0.7166666666666667,0.7166666666666667,0.0,0,11,oracle,blind,nolag_recover,63,15,-28.934249099999988,1.121880210124218,True,False,False
True,True,True,114.888427734375,1.0,380.7918395996094,380.7918395996094,0.7166666666666667,0.7166666666666667,0.0,0,11,nearest,blind,nolag_recover,63,16,21.08802680000008,3.7662499200027826,False,True,False
True,True,True,74.122802734375,1.0,380.7918395996094,380.7918395996094,0.7166666666666667,0.7166666666666667,0.0,0,11,oracle,blind,nolag_recover,63,16,21.08802680000008,3.7662499200027826,False,True,False
True,True,True,119.5655517578125,1.0,372.1136474609375,372.1136474609375,0.7166666666666667,0.7166666666666667,0.0,0,11,nearest,blind,nolag_recover,63,17,-81.71247656666674,14.185323975989512,False,False,False
True,True,True,81.109130859375,1.0,372.1136474609375,372.1136474609375,0.7166666666666667,0.7166666666666667,0.0,0,11,oracle,blind,nolag_recover,63,17,-81.71247656666674,14.185323975989512,False,False,False
True,True,True,40.083251953125,1.0,378.04071044921875,378.04071044921875,0.7166666666666667,0.7166666666666667,0.0,0,11,nearest,blind,nolag_recover,63,18,-8.763469966666662,1.0624800005529922,True,False,False
True,True,True,41.671875,1.0,378.04071044921875,378.04071044921875,0.7166666666666667,0.7166666666666667,0.0,0,11,oracle,blind,nolag_recover,63,18,-8.763469966666662,1.0624800005529922,True,False,False
True,True,True,114.665771484375,1.0,477.53631591796875,477.53631591796875,0.7166666666666667,0.7166666666666667,0.0,0,11,nearest,blind,nolag_recover,63,19,58.01158396666642,1.9728585778428331,False,True,False
True,True,True,55.8935546875,1.0,477.53631591796875,477.53631591796875,0.7166666666666667,0.7166666666666667,0.0,0,11,oracle,blind,nolag_recover,63,19,58.01158396666642,1.9728585778428331,False,True,False
True,True,True,54.515380859375,1.0,406.84234619140625,406.84234619140625,0.7166666666666667,0.7166666666666667,0.0,0,11,nearest,blind,nolag_recover,63,20,-48.828660433333425,3.486709502309199,False,False,False
True,True,True,54.837646484375,1.0,406.84234619140625,406.84234619140625,0.7166666666666667,0.7166666666666667,0.0,0,11,oracle,blind,nolag_recover,63,20,-48.828660433333425,3.486709502309199,False,False,False
False,True,False,-28.10595703125,1.0,51.3807258605957,51.3807258605957,0.7166666666666667,0.7166666666666667,0.0,0,11,nearest,blind,nolag_recover,63,21,-25.245410900000024,1.04886526677428,True,False,False
False,True,False,-25.9493408203125,1.0,51.3807258605957,51.3807258605957,0.7166666666666667,0.7166666666666667,0.0,0,11,oracle,blind,nolag_recover,63,21,-25.245410900000024,1.04886526677428,True,False,False
False,True,False,-20.458251953125,1.0,68.50211334228516,68.50211334228516,0.7166666666666667,0.7166666666666667,0.0,0,11,nearest,blind,nolag_recover,63,22,-43.21145640000009,1.5781218930610448,False,False,False
False,True,False,-15.33154296875,1.0,68.50211334228516,68.50211334228516,0.7166666666666667,0.7166666666666667,0.0,0,11,oracle,blind,nolag_recover,63,22,-43.21145640000009,1.5781218930610448,False,False,False
False,True,False,-29.1917724609375,1.0,191.58123779296875,191.58123779296875,0.7166666666666667,0.7166666666666667,0.0,0,11,nearest,blind,nolag_recover,63,23,-49.28956599999992,1.978088265654754,False,False,False
False,True,False,-45.1329345703125,1.0,191.58123779296875,191.58123779296875,0.7166666666666667,0.7166666666666667,0.0,0,11,oracle,blind,nolag_recover,63,23,-49.28956599999992,1.978088265654754,False,False,False
False,True,False,-38.9356689453125,1.0,261.5642395019531,261.5642395019531,0.7166666666666667,0.7166666666666667,0.0,0,11,nearest,blind,nolag_recover,63,24,-11.217587366666521,1.2048270875121019,True,False,False
False,True,False,-80.69091796875,1.0,261.5642395019531,261.5642395019531,0.7166666666666667,0.7166666666666667,0.0,0,11,oracle,blind,nolag_recover,63,24,-11.217587366666521,1.2048270875121019,True,False,False
False,True,False,-78.6033935546875,1.0,243.20570373535156,243.20570373535156,0.7166666666666667,0.7166666666666667,0.0,0,10,nearest,blind,nolag_recover,63,25,-2.4405343333332894,7.712131694308852,False,False,False
False,True,False,-65.6197509765625,1.0,243.20570373535156,243.20570373535156,0.7166666666666667,0.7166666666666667,0.0,0,10,oracle,blind,nolag_recover,63,25,-2.4405343333332894,7.712131694308852,False,False,False
False,True,False,-72.0673828125,1.0,93.72464752197266,93.72464752197266,0.7333333333333333,0.7333333333333333,0.0,0,10,nearest,blind,nolag_recover,63,26,-34.51450276666674,1.417209357264147,True,False,False
False,True,False,-66.0147705078125,1.0,93.72464752197266,93.72464752197266,0.7333333333333333,0.7333333333333333,0.0,0,10,oracle,blind,nolag_recover,63,26,-34.51450276666674,1.417209357264147,True,False,False
False,True,False,-59.8380126953125,1.0,84.74346160888672,84.74346160888672,0.7166666666666667,0.7166666666666667,0.0,0,10,nearest,blind,nolag_recover,63,27,-27.88592963333349,1.1848992137319436,True,False,False
False,True,False,-55.82568359375,1.0,84.74346160888672,84.74346160888672,0.7166666666666667,0.7166666666666667,0.0,0,10,oracle,blind,nolag_recover,63,27,-27.88592963333349,1.1848992137319436,True,False,False
False,True,False,-68.998779296875,1.0,332.2825622558594,332.2825622558594,0.7166666666666667,0.7166666666666667,0.0,0,11,nearest,blind,nolag_recover,63,28,-48.657563900000014,4.112331290729349,False,False,False
False,True,False,-84.734619140625,1.0,332.2825622558594,332.2825622558594,0.7166666666666667,0.7166666666666667,0.0,0,11,oracle,blind,nolag_recover,63,28,-48.657563900000014,4.112331290729349,False,False,False
True,True,True,13.686279296875,1.0,496.34375,496.34375,0.7,0.7,0.0,0,11,nearest,blind,nolag_recover,63,29,-18.03406843333346,2.154555552971401,False,False,False
True,True,True,12.85009765625,1.0,496.34375,496.34375,0.7,0.7,0.0,0,11,oracle,blind,nolag_recover,63,29,-18.03406843333346,2.154555552971401,False,False,False
False,True,False,-37.087158203125,1.0,491.4318542480469,491.4318542480469,0.7166666666666667,0.7166666666666667,0.0,0,11,nearest,blind,nolag_recover,63,30,-20.189823066666577,0.9395124975081818,True,False,False
False,True,False,-39.22021484375,1.0,491.4318542480469,491.4318542480469,0.7166666666666667,0.7166666666666667,0.0,0,11,oracle,blind,nolag_recover,63,30,-20.189823066666577,0.9395124975081818,True,False,False
True,True,True,18.1875,1.0,518.2650146484375,518.2650146484375,0.7166666666666667,0.7166666666666667,0.0,0,12,nearest,blind,nolag_recover,63,31,-13.909533033333219,1.4597823416991855,True,False,False
True,True,True,18.554443359375,1.0,518.2650146484375,518.2650146484375,0.7166666666666667,0.7166666666666667,0.0,0,12,oracle,blind,nolag_recover,63,31,-13.909533033333219,1.4597823416991855,True,False,False
True,True,True,95.068603515625,1.0,395.7669372558594,395.7669372558594,0.7333333333333333,0.7333333333333333,0.0,0,10,nearest,blind,nolag_recover,63,32,-31.577409333333208,2.1375861456097587,False,False,False
True,True,True,64.576416015625,1.0,395.7669372558594,395.7669372558594,0.7333333333333333,0.7333333333333333,0.0,0,10,oracle,blind,nolag_recover,63,32,-31.577409333333208,2.1375861456097587,False,False,False
False,True,False,-21.2496337890625,1.0,53.258140563964844,53.258140563964844,0.7166666666666667,0.7166666666666667,0.0,0,11,nearest,blind,nolag_recover,63,33,-27.853849899999886,1.12526235423446,True,False,False
False,True,False,-36.386474609375,1.0,53.258140563964844,53.258140563964844,0.7166666666666667,0.7166666666666667,0.0,0,11,oracle,blind,nolag_recover,63,33,-27.853849899999886,1.12526235423446,True,False,False
True,True,True,5.124267578125,1.0,333.42303466796875,333.42303466796875,0.7166666666666667,0.7166666666666667,0.0,0,12,nearest,blind,nolag_recover,63,34,-28.661509066666667,1.6476689507468143,False,False,False
True,True,True,24.7587890625,1.0,333.42303466796875,333.42303466796875,0.7166666666666667,0.7166666666666667,0.0,0,12,oracle,blind,nolag_recover,63,34,-28.661509066666667,1.6476689507468143,False,False,False
True,True,True,10.582763671875,1.0,326.61126708984375,326.61126708984375,0.7333333333333333,0.7333333333333333,0.0,0,12,nearest,blind,nolag_recover,63,35,-24.763681099999985,2.187073839464607,False,False,False
False,True,False,-5.736083984375,1.0,326.61126708984375,326.61126708984375,0.7333333333333333,0.7333333333333333,0.0,0,12,oracle,blind,nolag_recover,63,35,-24.763681099999985,2.187073839464607,False,False,False
False,True,False,-57.94677734375,1.0,315.9986877441406,315.9986877441406,0.7166666666666667,0.7166666666666667,0.0,0,12,nearest,blind,nolag_recover,63,36,-3.3719171666666625,0.4774937145772917,True,False,False
False,True,False,-46.153564453125,1.0,315.9986877441406,315.9986877441406,0.7166666666666667,0.7166666666666667,0.0,0,12,oracle,blind,nolag_recover,63,36,-3.3719171666666625,0.4774937145772917,True,False,False
True,True,True,71.912841796875,1.0,561.0357055664062,561.0357055664062,0.7333333333333333,0.7333333333333333,0.0,0,13,nearest,blind,nolag_recover,63,37,80.17076253333289,2.145269383794934,False,True,False
True,True,True,60.279052734375,1.0,561.0357055664062,561.0357055664062,0.7333333333333333,0.7333333333333333,0.0,0,13,oracle,blind,nolag_recover,63,37,80.17076253333289,2.145269383794934,False,True,False
False,True,False,-95.000732421875,1.0,298.38751220703125,298.38751220703125,0.7166666666666667,0.7166666666666667,0.0,0,14,nearest,blind,nolag_recover,63,38,-155.46449766666638,17.641663732881526,False,False,False
False,True,False,-185.5567626953125,1.0,298.38751220703125,298.38751220703125,0.7166666666666667,0.7166666666666667,0.0,0,14,oracle,blind,nolag_recover,63,38,-155.46449766666638,17.641663732881526,False,False,False
False,True,False,-53.92138671875,1.0,54.80746841430664,54.80746841430664,0.7166666666666667,0.7166666666666667,0.0,0,14,nearest,blind,nolag_recover,63,39,-35.25739616666647,1.0720772704029768,True,False,False
False,True,False,-57.885986328125,1.0,54.80746841430664,54.80746841430664,0.7166666666666667,0.7166666666666667,0.0,0,14,oracle,blind,nolag_recover,63,39,-35.25739616666647,1.0720772704029768,True,False,False
True,True,True,11.0791015625,1.0,211.28543090820312,211.28543090820312,0.7166666666666667,0.7166666666666667,0.0,1,16,nearest,blind,nolag_recover,63,0,13.160502400000041,1.0219346546081447,True,True,True
False,True,False,-18.634033203125,1.0,211.28543090820312,211.28543090820312,0.7166666666666667,0.7166666666666667,0.0,1,16,oracle,blind,nolag_recover,63,0,13.160502400000041,1.0219346546081447,True,True,True
False,True,False,-39.344970703125,1.0,285.09393310546875,285.09393310546875,0.7166666666666667,0.7166666666666667,0.0,1,15,nearest,blind,nolag_recover,63,1,-3.746132466666495,1.0766557459264756,True,False,False
False,True,False,-33.3931884765625,1.0,285.09393310546875,285.09393310546875,0.7166666666666667,0.7166666666666667,0.0,1,15,oracle,blind,nolag_recover,63,1,-3.746132466666495,1.0766557459264756,True,False,False
False,True,False,-93.251953125,1.0,338.93499755859375,338.93499755859375,0.7333333333333333,0.7333333333333333,0.0,1,15,nearest,blind,nolag_recover,63,2,-55.70577943333319,0.13017401860911013,True,False,False
False,True,False,-106.796630859375,1.0,338.93499755859375,338.93499755859375,0.7333333333333333,0.7333333333333333,0.0,1,15,oracle,blind,nolag_recover,63,2,-55.70577943333319,0.13017401860911013,True,False,False
True,True,True,38.05224609375,1.0,273.9765625,273.9765625,0.7333333333333333,0.7333333333333333,0.0,1,15,nearest,blind,nolag_recover,63,3,3.248421633333237,0.8363527173247786,True,True,True
True,True,True,38.05224609375,1.0,273.9765625,273.9765625,0.7333333333333333,0.7333333333333333,0.0,1,15,oracle,blind,nolag_recover,63,3,3.248421633333237,0.8363527173247786,True,True,True
False,True,False,-12.386962890625,1.0,350.0397033691406,350.0397033691406,0.7333333333333333,0.7333333333333333,0.0,1,15,nearest,blind,nolag_recover,63,4,0.8074828666665326,0.9838470244728311,True,True,True
True,True,True,36.10205078125,1.0,350.0397033691406,350.0397033691406,0.7333333333333333,0.7333333333333333,0.0,1,15,oracle,blind,nolag_recover,63,4,0.8074828666665326,0.9838470244728311,True,True,True
False,True,False,-38.408447265625,1.0,448.69708251953125,448.69708251953125,0.7166666666666667,0.7166666666666667,0.0,1,15,nearest,blind,nolag_recover,63,5,-2.4399545000001126,1.0093718710014015,True,False,False
False,True,False,-34.56494140625,1.0,448.69708251953125,448.69708251953125,0.7166666666666667,0.7166666666666667,0.0,1,15,oracle,blind,nolag_recover,63,5,-2.4399545000001126,1.0093718710014015,True,False,False
False,True,False,-25.4178466796875,1.0,382.5709228515625,382.5709228515625,0.7166666666666667,0.7166666666666667,0.0,1,16,nearest,blind,nolag_recover,63,6,-8.108328266666604,1.046481014994576,True,False,False
True,True,True,21.744873046875,1.0,382.5709228515625,382.5709228515625,0.7166666666666667,0.7166666666666667,0.0,1,16,oracle,blind,nolag_recover,63,6,-8.108328266666604,1.046481014994576,True,False,False
False,True,False,-41.695068359375,1.0,351.1888122558594,351.1888122558594,0.7166666666666667,0.7166666666666667,0.0,1,14,nearest,blind,nolag_recover,63,7,-1.2281797666664716,1.0162557448477394,True,False,False
False,True,False,-65.042236328125,1.0,351.1888122558594,351.1888122558594,0.7166666666666667,0.7166666666666667,0.0,1,14,oracle,blind,nolag_recover,63,7,-1.2281797666664716,1.0162557448477394,True,False,False
False,True,False,-50.800537109375,1.0,625.5291137695312,625.5291137695312,0.7166666666666667,0.7166666666666667,0.0,1,14,nearest,blind,nolag_recover,63,8,-16.08491026666661,3.91227515549901,False,False,False
False,True,False,-92.34130859375,1.0,625.5291137695312,625.5291137695312,0.7166666666666667,0.7166666666666667,0.0,1,14,oracle,blind,nolag_recover,63,8,-16.08491026666661,3.91227515549901,False,False,False
True,True,True,86.5615234375,1.0,344.0743103027344,344.0743103027344,0.7166666666666667,0.7166666666666667,0.0,1,13,nearest,blind,nolag_recover,63,9,-9.430569999999989,1.5969900455865536,False,False,False
True,True,True,36.00341796875,1.0,344.0743103027344,344.0743103027344,0.7166666666666667,0.7166666666666667,0.0,1,13,oracle,blind,nolag_recover,63,9,-9.430569999999989,1.5969900455865536,False,False,False
False,True,False,-21.612548828125,1.0,299.2604064941406,299.2604064941406,0.7166666666666667,0.7166666666666667,0.0,1,13,nearest,blind,nolag_recover,63,10,2.359498600000279,0.961379837980631,True,True,True
False,True,False,-34.332763671875,1.0,299.2604064941406,299.2604064941406,0.7166666666666667,0.7166666666666667,0.0,1,13,oracle,blind,nolag_recover,63,10,2.359498600000279,0.961379837980631,True,True,True
True,True,True,40.00634765625,1.0,472.94580078125,472.94580078125,0.7166666666666667,0.7166666666666667,0.0,1,13,nearest,blind,nolag_recover,63,11,15.954055166666876,2.4070974757780923,False,True,False
True,True,True,30.760009765625,1.0,472.94580078125,472.94580078125,0.7166666666666667,0.7166666666666667,0.0,1,13,oracle,blind,nolag_recover,63,11,15.954055166666876,2.4070974757780923,False,True,False
True,True,True,70.6497802734375,1.0,524.16748046875,524.16748046875,0.7166666666666667,0.7166666666666667,0.0,1,13,nearest,blind,nolag_recover,63,12,-49.5370597000001,2.1780588019746534,False,False,False
False,True,False,-8.84814453125,1.0,524.16748046875,524.16748046875,0.7166666666666667,0.7166666666666667,0.0,1,13,oracle,blind,nolag_recover,63,12,-49.5370597000001,2.1780588019746534,False,False,False
False,True,False,-9.91650390625,1.0,343.75518798828125,343.75518798828125,0.7333333333333333,0.7333333333333333,0.0,1,13,nearest,blind,nolag_recover,63,13,-4.967957566666655,0.9827787368255801,True,False,False
True,True,True,181.559814453125,1.0,343.75518798828125,343.75518798828125,0.7333333333333333,0.7333333333333333,0.0,1,13,oracle,blind,nolag_recover,63,13,-4.967957566666655,0.9827787368255801,True,False,False
False,True,False,-52.90771484375,1.0,391.48345947265625,391.48345947265625,0.7166666666666667,0.7166666666666667,0.0,1,13,nearest,blind,nolag_recover,63,14,-24.633589433333327,1.4474104521405033,True,False,False
False,True,False,-47.264404296875,1.0,391.48345947265625,391.48345947265625,0.7166666666666667,0.7166666666666667,0.0,1,13,oracle,blind,nolag_recover,63,14,-24.633589433333327,1.4474104521405033,True,False,False
False,True,False,-74.581298828125,1.0,59.48818588256836,59.48818588256836,0.7166666666666667,0.7166666666666667,0.0,1,14,nearest,blind,nolag_recover,63,15,-8.843294966666463,1.032560284108761,True,False,False
False,True,False,-73.697509765625,1.0,59.48818588256836,59.48818588256836,0.7166666666666667,0.7166666666666667,0.0,1,14,oracle,blind,nolag_recover,63,15,-8.843294966666463,1.032560284108761,True,False,False
False,True,False,-136.26611328125,1.0,380.7918395996094,380.7918395996094,0.7166666666666667,0.7166666666666667,0.0,1,14,nearest,blind,nolag_recover,63,16,15.305301999999983,0.8430622105075481,True,True,True
False,True,False,-137.455322265625,1.0,380.7918395996094,380.7918395996094,0.7166666666666667,0.7166666666666667,0.0,1,14,oracle,blind,nolag_recover,63,16,15.305301999999983,0.8430622105075481,True,True,True
False,True,False,-4.3653564453125,1.0,372.1136474609375,372.1136474609375,0.7166666666666667,0.7166666666666667,0.0,1,15,nearest,blind,nolag_recover,63,17,3.298708499999975,1.0428749832634034,True,True,True
False,True,False,-3.0438232421875,1.0,372.1136474609375,372.1136474609375,0.7166666666666667,0.7166666666666667,0.0,1,15,oracle,blind,nolag_recover,63,17,3.298708499999975,1.0428749832634034,True,True,True
False,True,False,-7.831298828125,1.0,378.04071044921875,378.04071044921875,0.7166666666666667,0.7166666666666667,0.0,1,13,nearest,blind,nolag_recover,63,18,2.044729566666774,6.397354257197489,False,True,False
False,True,False,-30.11328125,1.0,378.04071044921875,378.04071044921875,0.7166666666666667,0.7166666666666667,0.0,1,13,oracle,blind,nolag_recover,63,18,2.044729566666774,6.397354257197489,False,True,False
False,True,False,-45.12109375,1.0,477.53631591796875,477.53631591796875,0.7166666666666667,0.7166666666666667,0.0,1,13,nearest,blind,nolag_recover,63,19,26.06472459999941,2.1251980671829496,False,True,False
False,True,False,-24.247314453125,1.0,477.53631591796875,477.53631591796875,0.7166666666666667,0.7166666666666667,0.0,1,13,oracle,blind,nolag_recover,63,19,26.06472459999941,2.1251980671829496,False,True,False
False,True,False,-37.8123779296875,1.0,406.84234619140625,406.84234619140625,0.7166666666666667,0.7166666666666667,0.0,1,13,nearest,blind,nolag_recover,63,20,-21.630932466666536,3.429833269010219,False,False,False
False,True,False,-75.46923828125,1.0,406.84234619140625,406.84234619140625,0.7166666666666667,0.7166666666666667,0.0,1,13,oracle,blind,nolag_recover,63,20,-21.630932466666536,3.429833269010219,False,False,False
False,True,False,-46.019287109375,1.0,51.3807258605957,51.3807258605957,0.7166666666666667,0.7166666666666667,0.0,1,13,nearest,blind,nolag_recover,63,21,-8.259725099999969,1.0127562764318705,True,False,False
False,True,False,-26.3291015625,1.0,51.3807258605957,51.3807258605957,0.7166666666666667,0.7166666666666667,0.0,1,13,oracle,blind,nolag_recover,63,21,-8.259725099999969,1.0127562764318705,True,False,False
False,True,False,-55.032470703125,1.0,68.50211334228516,68.50211334228516,0.7166666666666667,0.7166666666666667,0.0,1,13,nearest,blind,nolag_recover,63,22,-2.9777112666668017,1.399186976911328,True,False,False
False,True,False,-20.4036865234375,1.0,68.50211334228516,68.50211334228516,0.7166666666666667,0.7166666666666667,0.0,1,13,oracle,blind,nolag_recover,63,22,-2.9777112666668017,1.399186976911328,True,False,False
False,True,False,-71.11865234375,1.0,191.58123779296875,191.58123779296875,0.7166666666666667,0.7166666666666667,0.0,1,13,nearest,blind,nolag_recover,63,23,-16.169080699999768,1.3905714324153562,True,False,False
False,True,False,-55.2725830078125,1.0,191.58123779296875,191.58123779296875,0.7166666666666667,0.7166666666666667,0.0,1,13,oracle,blind,nolag_recover,63,23,-16.169080699999768,1.3905714324153562,True,False,False
False,True,False,-58.14208984375,1.0,261.5642395019531,261.5642395019531,0.7166666666666667,0.7166666666666667,0.0,1,14,nearest,blind,nolag_recover,63,24,2.982131766666953,6.451625370558881,False,True,False
False,True,False,-75.7353515625,1.0,261.5642395019531,261.5642395019531,0.7166666666666667,0.7166666666666667,0.0,1,14,oracle,blind,nolag_recover,63,24,2.982131766666953,6.451625370558881,False,True,False
False,True,False,-85.0540771484375,1.0,243.20570373535156,243.20570373535156,0.7166666666666667,0.7166666666666667,0.0,1,16,nearest,blind,nolag_recover,63,25,8.850584566666612,0.7713043955344678,True,True,True
False,True,False,-67.711669921875,1.0,243.20570373535156,243.20570373535156,0.7166666666666667,0.7166666666666667,0.0,1,16,oracle,blind,nolag_recover,63,25,8.850584566666612,0.7713043955344678,True,True,True
False,True,False,-84.42724609375,1.0,93.72464752197266,93.72464752197266,0.7333333333333333,0.7333333333333333,0.0,1,16,nearest,blind,nolag_recover,63,26,-1.3864141000001382,1.0025584124069644,True,False,False
False,True,False,-73.3330078125,1.0,93.72464752197266,93.72464752197266,0.7333333333333333,0.7333333333333333,0.0,1,16,oracle,blind,nolag_recover,63,26,-1.3864141000001382,1.0025584124069644,True,False,False
False,True,False,-40.7275390625,1.0,84.74346160888672,84.74346160888672,0.7166666666666667,0.7166666666666667,0.0,1,15,nearest,blind,nolag_recover,63,27,-3.2096221666668043,1.0441201709915378,True,False,False
False,True,False,-35.1236572265625,1.0,84.74346160888672,84.74346160888672,0.7166666666666667,0.7166666666666667,0.0,1,15,oracle,blind,nolag_recover,63,27,-3.2096221666668043,1.0441201709915378,True,False,False
False,True,False,-33.205322265625,1.0,332.2825622558594,332.2825622558594,0.7166666666666667,0.7166666666666667,0.0,1,14,nearest,blind,nolag_recover,63,28,-18.0991128666667,6.5506411226236425,False,False,False
False,True,False,-40.88720703125,1.0,332.2825622558594,332.2825622558594,0.7166666666666667,0.7166666666666667,0.0,1,14,oracle,blind,nolag_recover,63,28,-18.0991128666667,6.5506411226236425,False,False,False
False,True,False,-95.364501953125,1.0,496.34375,496.34375,0.7,0.7,0.0,1,14,nearest,blind,nolag_recover,63,29,2.4926711333332605,1.910614115375131,False,True,False
False,True,False,-23.196044921875,1.0,496.34375,496.34375,0.7,0.7,0.0,1,14,oracle,blind,nolag_recover,63,29,2.4926711333332605,1.910614115375131,False,True,False
False,True,False,-47.0576171875,1.0,491.4318542480469,491.4318542480469,0.7166666666666667,0.7166666666666667,0.0,1,14,nearest,blind,nolag_recover,63,30,1.6024617666666927,0.9914394109734298,True,True,True
False,True,False,-37.391845703125,1.0,491.4318542480469,491.4318542480469,0.7166666666666667,0.7166666666666667,0.0,1,14,oracle,blind,nolag_recover,63,30,1.6024617666666927,0.9914394109734298,True,True,True
True,True,True,61.994384765625,1.0,518.2650146484375,518.2650146484375,0.7166666666666667,0.7166666666666667,0.0,1,14,nearest,blind,nolag_recover,63,31,-20.986949333333314,1.4460783925839338,True,False,False
False,True,False,-36.373779296875,1.0,518.2650146484375,518.2650146484375,0.7166666666666667,0.7166666666666667,0.0,1,14,oracle,blind,nolag_recover,63,31,-20.986949333333314,1.4460783925839338,True,False,False
True,True,True,59.072021484375,1.0,395.7669372558594,395.7669372558594,0.7333333333333333,0.7333333333333333,0.0,1,15,nearest,blind,nolag_recover,63,32,13.745268533333274,1.1172017866968909,True,True,True
True,True,True,35.668701171875,1.0,395.7669372558594,395.7669372558594,0.7333333333333333,0.7333333333333333,0.0,1,15,oracle,blind,nolag_recover,63,32,13.745268533333274,1.1172017866968909,True,True,True
False,True,False,-35.60791015625,1.0,53.258140563964844,53.258140563964844,0.7166666666666667,0.7166666666666667,0.0,1,14,nearest,blind,nolag_recover,63,33,-2.662215033333041,1.0560581346673765,True,False,False
False,True,False,-36.2841796875,1.0,53.258140563964844,53.258140563964844,0.7166666666666667,0.7166666666666667,0.0,1,14,oracle,blind,nolag_recover,63,33,-2.662215033333041,1.0560581346673765,True,False,False
False,True,False,-18.274658203125,1.0,333.42303466796875,333.42303466796875,0.7166666666666667,0.7166666666666667,0.0,1,14,nearest,blind,nolag_recover,63,34,4.731555566666657,0.8965890329238587,True,True,True
False,True,False,-4.123291015625,1.0,333.42303466796875,333.42303466796875,0.7166666666666667,0.7166666666666667,0.0,1,14,oracle,blind,nolag_recover,63,34,4.731555566666657,0.8965890329238587,True,True,True
False,True,False,-19.876708984375,1.0,326.61126708984375,326.61126708984375,0.7333333333333333,0.7333333333333333,0.0,1,14,nearest,blind,nolag_recover,63,35,-17.41411476666667,1.44680765819697,True,False,False
False,True,False,-48.038818359375,1.0,326.61126708984375,326.61126708984375,0.7333333333333333,0.7333333333333333,0.0,1,14,oracle,blind,nolag_recover,63,35,-17.41411476666667,1.44680765819697,True,False,False
False,True,False,-120.607421875,1.0,315.9986877441406,315.9986877441406,0.7166666666666667,0.7166666666666667,0.0,1,14,nearest,blind,nolag_recover,63,36,5.7928749333332235,1.0348816801753031,True,True,True
False,True,False,-103.587890625,1.0,315.9986877441406,315.9986877441406,0.7166666666666667,0.7166666666666667,0.0,1,14,oracle,blind,nolag_recover,63,36,5.7928749333332235,1.0348816801753031,True,True,True
False,True,False,-26.314208984375,1.0,561.0357055664062,561.0357055664062,0.7333333333333333,0.7333333333333333,0.0,1,13,nearest,blind,nolag_recover,63,37,11.20278473333292,1.627922609739101,False,True,False
False,True,False,-20.5908203125,1.0,561.0357055664062,561.0357055664062,0.7333333333333333,0.7333333333333333,0.0,1,13,oracle,blind,nolag_recover,63,37,11.20278473333292,1.627922609739101,False,True,False
False,True,False,-24.086181640625,1.0,298.38751220703125,298.38751220703125,0.7166666666666667,0.7166666666666667,0.0,1,13,nearest,blind,nolag_recover,63,38,-25.65303139999969,3.5702550921486345,False,False,False
False,True,False,-37.6295166015625,1.0,298.38751220703125,298.38751220703125,0.7166666666666667,0.7166666666666667,0.0,1,13,oracle,blind,nolag_recover,63,38,-25.65303139999969,3.5702550921486345,False,False,False
False,True,False,-55.653564453125,1.0,54.80746841430664,54.80746841430664,0.7166666666666667,0.7166666666666667,0.0,1,12,nearest,blind,nolag_recover,63,39,-4.43460059999984,0.9969264862939392,True,False,False
False,True,False,-45.9422607421875,1.0,54.80746841430664,54.80746841430664,0.7166666666666667,0.7166666666666667,0.0,1,12,oracle,blind,nolag_recover,63,39,-4.43460059999984,0.9969264862939392,True,False,False
False,True,False,-27.3670654296875,1.0,211.28543090820312,211.28543090820312,0.7166666666666667,0.7166666666666667,0.0,2,8,nearest,blind,nolag_recover,63,0,12.131606033333128,1.0030017880349653,True,True,True
False,True,False,-38.1790771484375,1.0,211.28543090820312,211.28543090820312,0.7166666666666667,0.7166666666666667,0.0,2,8,oracle,blind,nolag_recover,63,0,12.131606033333128,1.0030017880349653,True,True,True
True,True,True,25.3787841796875,1.0,285.09393310546875,285.09393310546875,0.7166666666666667,0.7166666666666667,0.0,2,9,nearest,blind,nolag_recover,63,1,-4.1561371999998755,1.4042455095874147,True,False,False
True,True,True,25.3787841796875,1.0,285.09393310546875,285.09393310546875,0.7166666666666667,0.7166666666666667,0.0,2,9,oracle,blind,nolag_recover,63,1,-4.1561371999998755,1.4042455095874147,True,False,False
True,True,True,36.537353515625,1.0,338.93499755859375,338.93499755859375,0.7333333333333333,0.7333333333333333,0.0,2,9,nearest,blind,nolag_recover,63,2,-0.5199999000001299,0.9871094808489714,True,False,False
True,True,True,36.537353515625,1.0,338.93499755859375,338.93499755859375,0.7333333333333333,0.7333333333333333,0.0,2,9,oracle,blind,nolag_recover,63,2,-0.5199999000001299,0.9871094808489714,True,False,False
True,True,True,50.95751953125,1.0,273.9765625,273.9765625,0.7333333333333333,0.7333333333333333,0.0,2,9,nearest,blind,nolag_recover,63,3,-22.768579600000066,0.23047024594582585,True,False,False
True,True,True,25.318115234375,1.0,273.9765625,273.9765625,0.7333333333333333,0.7333333333333333,0.0,2,9,oracle,blind,nolag_recover,63,3,-22.768579600000066,0.23047024594582585,True,False,False
True,True,True,69.8272705078125,1.0,350.0397033691406,350.0397033691406,0.7333333333333333,0.7333333333333333,0.0,2,9,nearest,blind,nolag_recover,63,4,2.8580804999999145,0.8165524235713452,True,True,True
True,True,True,62.09375,1.0,350.0397033691406,350.0397033691406,0.7333333333333333,0.7333333333333333,0.0,2,9,oracle,blind,nolag_recover,63,4,2.8580804999999145,0.8165524235713452,True,True,True
False,True,False,-44.6929931640625,1.0,448.69708251953125,448.69708251953125,0.7166666666666667,0.7166666666666667,0.0,2,9,nearest,blind,nolag_recover,63,5,-4.4255741333333845,0.9962409625497797,True,False,False
False,True,False,-65.7296142578125,1.0,448.69708251953125,448.69708251953125,0.7166666666666667,0.7166666666666667,0.0,2,9,oracle,blind,nolag_recover,63,5,-4.4255741333333845,0.9962409625497797,True,False,False
False,True,False,-51.488525390625,1.0,382.5709228515625,382.5709228515625,0.7166666666666667,0.7166666666666667,0.0,2,8,nearest,blind,nolag_recover,63,6,-4.957508899999766,1.013764245550162,True,False,False
False,True,False,-123.64892578125,1.0,382.5709228515625,382.5709228515625,0.7166666666666667,0.7166666666666667,0.0,2,8,oracle,blind,nolag_recover,63,6,-4.957508899999766,1.013764245550162,True,False,False
True,True,True,5.8690185546875,1.0,351.1888122558594,351.1888122558594,0.7166666666666667,0.7166666666666667,0.0,2,8,nearest,blind,nolag_recover,63,7,-0.5063356666664731,0.9880883343861075,True,False,False
True,True,True,5.300048828125,1.0,351.1888122558594,351.1888122558594,0.7166666666666667,0.7166666666666667,0.0,2,8,oracle,blind,nolag_recover,63,7,-0.5063356666664731,0.9880883343861075,True,False,False
False,True,False,-35.224609375,1.0,625.5291137695312,625.5291137695312,0.7166666666666667,0.7166666666666667,0.0,2,8,nearest,blind,nolag_recover,63,8,-0.6829712666667547,0.9406535064788225,True,False,False
False,True,False,-63.400390625,1.0,625.5291137695312,625.5291137695312,0.7166666666666667,0.7166666666666667,0.0,2,8,oracle,blind,nolag_recover,63,8,-0.6829712666667547,0.9406535064788225,True,False,False
True,True,True,94.65625,1.0,344.0743103027344,344.0743103027344,0.7166666666666667,0.7166666666666667,0.0,2,8,nearest,blind,nolag_recover,63,9,-42.35036156666661,1.8482342666665583,False,False,False
True,True,True,203.46484375,1.0,344.0743103027344,344.0743103027344,0.7166666666666667,0.7166666666666667,0.0,2,8,oracle,blind,nolag_recover,63,9,-42.35036156666661,1.8482342666665583,False,False,False
False,True,False,-89.257080078125,1.0,299.2604064941406,299.2604064941406,0.7166666666666667,0.7166666666666667,0.0,2,8,nearest,blind,nolag_recover,63,10,-3.3390587999999752,1.0067702414644029,True,False,False
True,True,True,12.924072265625,1.0,299.2604064941406,299.2604064941406,0.7166666666666667,0.7166666666666667,0.0,2,8,oracle,blind,nolag_recover,63,10,-3.3390587999999752,1.0067702414644029,True,False,False
False,True,False,-41.601318359375,1.0,472.94580078125,472.94580078125,0.7166666666666667,0.7166666666666667,0.0,2,9,nearest,blind,nolag_recover,63,11,5.4966762000003655,2.25800861416897,False,True,False
True,True,True,51.046630859375,1.0,472.94580078125,472.94580078125,0.7166666666666667,0.7166666666666667,0.0,2,9,oracle,blind,nolag_recover,63,11,5.4966762000003655,2.25800861416897,False,True,False
False,True,False,-34.993408203125,1.0,524.16748046875,524.16748046875,0.7166666666666667,0.7166666666666667,0.0,2,9,nearest,blind,nolag_recover,63,12,-65.28377756666669,1.5062833050770188,False,False,False
True,True,True,30.8109130859375,1.0,524.16748046875,524.16748046875,0.7166666666666667,0.7166666666666667,0.0,2,9,oracle,blind,nolag_recover,63,12,-65.28377756666669,1.5062833050770188,False,False,False
True,True,True,68.553955078125,1.0,343.75518798828125,343.75518798828125,0.7333333333333333,0.7333333333333333,0.0,2,9,nearest,blind,nolag_recover,63,13,-54.03364236666653,1.2152186566550685,True,False,False
True,True,True,194.1790771484375,1.0,343.75518798828125,343.75518798828125,0.7333333333333333,0.7333333333333333,0.0,2,9,oracle,blind,nolag_recover,63,13,-54.03364236666653,1.2152186566550685,True,False,False
False,True,False,-116.52783203125,1.0,391.48345947265625,391.48345947265625,0.7166666666666667,0.7166666666666667,0.0,2,10,nearest,blind,nolag_recover,63,14,-20.563789499999984,1.6958009186629721,False,False,False
False,True,False,-76.004638671875,1.0,391.48345947265625,391.48345947265625,0.7166666666666667,0.7166666666666667,0.0,2,10,oracle,blind,nolag_recover,63,14,-20.563789499999984,1.6958009186629721,False,False,False
False,True,False,-2.2266845703125,1.0,59.48818588256836,59.48818588256836,0.7166666666666667,0.7166666666666667,0.0,2,9,nearest,blind,nolag_recover,63,15,-23.74860396666668,1.0705247888902134,True,False,False
False,True,False,-21.7186279296875,1.0,59.48818588256836,59.48818588256836,0.7166666666666667,0.7166666666666667,0.0,2,9,oracle,blind,nolag_recover,63,15,-23.74860396666668,1.0705247888902134,True,False,False
False,True,False,-68.50537109375,1.0,380.7918395996094,380.7918395996094,0.7166666666666667,0.7166666666666667,0.0,2,10,nearest,blind,nolag_recover,63,16,10.268215300000065,0.8656969776862233,True,True,True
False,True,False,-85.706787109375,1.0,380.7918395996094,380.7918395996094,0.7166666666666667,0.7166666666666667,0.0,2,10,oracle,blind,nolag_recover,63,16,10.268215300000065,0.8656969776862233,True,True,True
False,True,False,-29.6771240234375,1.0,372.1136474609375,372.1136474609375,0.7166666666666667,0.7166666666666667,0.0,2,9,nearest,blind,nolag_recover,63,17,-12.959618399999954,1.0568229473368873,True,False,False
False,True,False,-43.1260986328125,1.0,372.1136474609375,372.1136474609375,0.7166666666666667,0.7166666666666667,0.0,2,9,oracle,blind,nolag_recover,63,17,-12.959618399999954,1.0568229473368873,True,False,False
False,True,False,-1.894287109375,1.0,378.04071044921875,378.04071044921875,0.7166666666666667,0.7166666666666667,0.0,2,9,nearest,blind,nolag_recover,63,18,-37.76934860000006,12.214361561244544,False,False,False
True,True,True,40.830810546875,1.0,378.04071044921875,378.04071044921875,0.7166666666666667,0.7166666666666667,0.0,2,9,oracle,blind,nolag_recover,63,18,-37.76934860000006,12.214361561244544,False,False,False
False,True,False,-51.9423828125,1.0,477.53631591796875,477.53631591796875,0.7166666666666667,0.7166666666666667,0.0,2,10,nearest,blind,nolag_recover,63,19,-7.271376533333751,1.4197555579824666,True,False,False
False,True,False,-47.106201171875,1.0,477.53631591796875,477.53631591796875,0.7166666666666667,0.7166666666666667,0.0,2,10,oracle,blind,nolag_recover,63,19,-7.271376533333751,1.4197555579824666,True,False,False
False,True,False,-69.735107421875,1.0,406.84234619140625,406.84234619140625,0.7166666666666667,0.7166666666666667,0.0,2,9,nearest,blind,nolag_recover,63,20,-32.714236633333485,1.0482042932653748,True,False,False
False,True,False,-69.6298828125,1.0,406.84234619140625,406.84234619140625,0.7166666666666667,0.7166666666666667,0.0,2,9,oracle,blind,nolag_recover,63,20,-32.714236633333485,1.0482042932653748,True,False,False
True,True,True,14.3101806640625,1.0,51.3807258605957,51.3807258605957,0.7166666666666667,0.7166666666666667,0.0,2,9,nearest,blind,nolag_recover,63,21,-13.1416330666666,1.0376121988585039,True,False,False
True,True,True,29.569091796875,1.0,51.3807258605957,51.3807258605957,0.7166666666666667,0.7166666666666667,0.0,2,9,oracle,blind,nolag_recover,63,21,-13.1416330666666,1.0376121988585039,True,False,False
True,True,True,17.71728515625,1.0,68.50211334228516,68.50211334228516,0.7166666666666667,0.7166666666666667,0.0,2,9,nearest,blind,nolag_recover,63,22,4.698237733333372,1.0713701443805672,True,True,True
True,True,True,22.797607421875,1.0,68.50211334228516,68.50211334228516,0.7166666666666667,0.7166666666666667,0.0,2,9,oracle,blind,nolag_recover,63,22,4.698237733333372,1.0713701443805672,True,True,True
True,True,True,0.6229248046875,1.0,191.58123779296875,191.58123779296875,0.7166666666666667,0.7166666666666667,0.0,2,8,nearest,blind,nolag_recover,63,23,-13.47291610000002,1.0660973337841813,True,False,False
True,True,True,0.6229248046875,1.0,191.58123779296875,191.58123779296875,0.7166666666666667,0.7166666666666667,0.0,2,8,oracle,blind,nolag_recover,63,23,-13.47291610000002,1.0660973337841813,True,False,False
False,True,False,-35.115478515625,1.0,261.5642395019531,261.5642395019531,0.7166666666666667,0.7166666666666667,0.0,2,7,nearest,blind,nolag_recover,63,24,-7.21626973333332,1.1125502899815327,True,False,False
False,True,False,-46.56640625,1.0,261.5642395019531,261.5642395019531,0.7166666666666667,0.7166666666666667,0.0,2,7,oracle,blind,nolag_recover,63,24,-7.21626973333332,1.1125502899815327,True,False,False
True,True,True,13.4508056640625,1.0,243.20570373535156,243.20570373535156,0.7166666666666667,0.7166666666666667,0.0,2,8,nearest,blind,nolag_recover,63,25,4.302289400000063,0.8674704633688386,True,True,True
False,True,False,-28.6226806640625,1.0,243.20570373535156,243.20570373535156,0.7166666666666667,0.7166666666666667,0.0,2,8,oracle,blind,nolag_recover,63,25,4.302289400000063,0.8674704633688386,True,True,True
True,True,True,14.5872802734375,1.0,93.72464752197266,93.72464752197266,0.7333333333333333,0.7333333333333333,0.0,2,8,nearest,blind,nolag_recover,63,26,1.6385079333333579,1.121366126142733,True,True,True
True,True,True,15.819091796875,1.0,93.72464752197266,93.72464752197266,0.7333333333333333,0.7333333333333333,0.0,2,8,oracle,blind,nolag_recover,63,26,1.6385079333333579,1.121366126142733,True,True,True
False,True,False,-39.4815673828125,1.0,84.74346160888672,84.74346160888672,0.7166666666666667,0.7166666666666667,0.0,2,8,nearest,blind,nolag_recover,63,27,-9.650312166666708,1.1421111502863939,True,False,False
False,True,False,-41.87890625,1.0,84.74346160888672,84.74346160888672,0.7166666666666667,0.7166666666666667,0.0,2,8,oracle,blind,nolag_recover,63,27,-9.650312166666708,1.1421111502863939,True,False,False
False,True,False,-58.952880859375,1.0,332.2825622558594,332.2825622558594,0.7166666666666667,0.7166666666666667,0.0,2,7,nearest,blind,nolag_recover,63,28,2.664665500000183,2.708102900618581,False,True,False
False,True,False,-68.200927734375,1.0,332.2825622558594,332.2825622558594,0.7166666666666667,0.7166666666666667,0.0,2,7,oracle,blind,nolag_recover,63,28,2.664665500000183,2.708102900618581,False,True,False
False,True,False,-45.64404296875,1.0,496.34375,496.34375,0.7,0.7,0.0,2,6,nearest,blind,nolag_recover,63,29,-20.977173600000015,1.8008694063953747,False,False,False
False,True,False,-52.4451904296875,1.0,496.34375,496.34375,0.7,0.7,0.0,2,6,oracle,blind,nolag_recover,63,29,-20.977173600000015,1.8008694063953747,False,False,False
False,True,False,-2.4462890625,1.0,491.4318542480469,491.4318542480469,0.7166666666666667,0.7166666666666667,0.0,2,7,nearest,blind,nolag_recover,63,30,-3.6166094000000157,1.1223183655863023,True,False,False
False,True,False,-17.0618896484375,1.0,491.4318542480469,491.4318542480469,0.7166666666666667,0.7166666666666667,0.0,2,7,oracle,blind,nolag_recover,63,30,-3.6166094000000157,1.1223183655863023,True,False,False
True,True,True,100.917724609375,1.0,518.2650146484375,518.2650146484375,0.7166666666666667,0.7166666666666667,0.0,2,7,nearest,blind,nolag_recover,63,31,-10.999240600000121,1.5451214395065802,False,False,False
True,True,True,35.32275390625,1.0,518.2650146484375,518.2650146484375,0.7166666666666667,0.7166666666666667,0.0,2,7,oracle,blind,nolag_recover,63,31,-10.999240600000121,1.5451214395065802,False,False,False
False,True,False,-12.2978515625,1.0,395.7669372558594,395.7669372558594,0.7333333333333333,0.7333333333333333,0.0,2,7,nearest,blind,nolag_recover,63,32,-11.495344966666607,0.5633980664675138,True,False,False
False,True,False,-1.708251953125,1.0,395.7669372558594,395.7669372558594,0.7333333333333333,0.7333333333333333,0.0,2,7,oracle,blind,nolag_recover,63,32,-11.495344966666607,0.5633980664675138,True,False,False
True,True,True,20.556884765625,1.0,53.258140563964844,53.258140563964844,0.7166666666666667,0.7166666666666667,0.0,2,7,nearest,blind,nolag_recover,63,33,-9.13139853333314,1.014321728453166,True,False,False
False,True,False,-1.647705078125,1.0,53.258140563964844,53.258140563964844,0.7166666666666667,0.7166666666666667,0.0,2,7,oracle,blind,nolag_recover,63,33,-9.13139853333314,1.014321728453166,True,False,False
False,True,False,-52.8369140625,1.0,333.42303466796875,333.42303466796875,0.7166666666666667,0.7166666666666667,0.0,2,6,nearest,blind,nolag_recover,63,34,-5.183429799999885,0.6083811681241181,True,False,False
False,True,False,-46.215576171875,1.0,333.42303466796875,333.42303466796875,0.7166666666666667,0.7166666666666667,0.0,2,6,oracle,blind,nolag_recover,63,34,-5.183429799999885,0.6083811681241181,True,False,False
True,True,True,3.73291015625,1.0,326.61126708984375,326.61126708984375,0.7333333333333333,0.7333333333333333,0.0,2,6,nearest,blind,nolag_recover,63,35,-3.4205675333332692,1.0301818418948794,True,False,False
True,True,True,52.103515625,1.0,326.61126708984375,326.61126708984375,0.7333333333333333,0.7333333333333333,0.0,2,6,oracle,blind,nolag_recover,63,35,-3.4205675333332692,1.0301818418948794,True,False,False
False,True,False,-64.887451171875,1.0,315.9986877441406,315.9986877441406,0.7166666666666667,0.7166666666666667,0.0,2,6,nearest,blind,nolag_recover,63,36,-8.436170533333552,1.0353471679255617,True,False,False
True,True,True,15.561279296875,1.0,315.9986877441406,315.9986877441406,0.7166666666666667,0.7166666666666667,0.0,2,6,oracle,blind,nolag_recover,63,36,-8.436170533333552,1.0353471679255617,True,False,False
False,True,False,-116.181884765625,1.0,561.0357055664062,561.0357055664062,0.7333333333333333,0.7333333333333333,0.0,2,6,nearest,blind,nolag_recover,63,37,24.095910833333164,1.6052451618941077,False,True,False
False,True,False,-85.28466796875,1.0,561.0357055664062,561.0357055664062,0.7333333333333333,0.7333333333333333,0.0,2,6,oracle,blind,nolag_recover,63,37,24.095910833333164,1.6052451618941077,False,True,False
False,True,False,-13.6669921875,1.0,298.38751220703125,298.38751220703125,0.7166666666666667,0.7166666666666667,0.0,2,6,nearest,blind,nolag_recover,63,38,-75.77160163333315,8.13262219653909,False,False,False
False,True,False,-1.8270263671875,1.0,298.38751220703125,298.38751220703125,0.7166666666666667,0.7166666666666667,0.0,2,6,oracle,blind,nolag_recover,63,38,-75.77160163333315,8.13262219653909,False,False,False
True,True,True,20.77734375,1.0,54.80746841430664,54.80746841430664,0.7166666666666667,0.7166666666666667,0.0,2,6,nearest,blind,nolag_recover,63,39,-22.225997766666524,1.0572715757466593,True,False,False
True,True,True,27.379150390625,1.0,54.80746841430664,54.80746841430664,0.7166666666666667,0.7166666666666667,0.0,2,6,oracle,blind,nolag_recover,63,39,-22.225997766666524,1.0572715757466593,True,False,False
True,True,True,41.6099853515625,1.0,211.28543090820312,211.28543090820312,0.7166666666666667,0.7166666666666667,0.0,3,12,nearest,blind,nolag_recover,63,0,12.320336800000177,1.043770184929961,True,True,True
True,True,True,68.180419921875,1.0,211.28543090820312,211.28543090820312,0.7166666666666667,0.7166666666666667,0.0,3,12,oracle,blind,nolag_recover,63,0,12.320336800000177,1.043770184929961,True,True,True
True,True,True,118.30517578125,1.0,285.09393310546875,285.09393310546875,0.7166666666666667,0.7166666666666667,0.0,3,12,nearest,blind,nolag_recover,63,1,-2.8419093999998495,0.9969618154689869,True,False,False
True,True,True,104.7884521484375,1.0,285.09393310546875,285.09393310546875,0.7166666666666667,0.7166666666666667,0.0,3,12,oracle,blind,nolag_recover,63,1,-2.8419093999998495,0.9969618154689869,True,False,False
False,True,False,-50.66748046875,1.0,338.93499755859375,338.93499755859375,0.7333333333333333,0.7333333333333333,0.0,3,12,nearest,blind,nolag_recover,63,2,-5.625351666666575,1.0231019184085337,True,False,False
False,True,False,-50.66748046875,1.0,338.93499755859375,338.93499755859375,0.7333333333333333,0.7333333333333333,0.0,3,12,oracle,blind,nolag_recover,63,2,-5.625351666666575,1.0231019184085337,True,False,False
True,True,True,112.337158203125,1.0,273.9765625,273.9765625,0.7333333333333333,0.7333333333333333,0.0,3,12,nearest,blind,nolag_recover,63,3,-9.3384285333334,1.0616895853984636,True,False,False
True,True,True,99.5748291015625,1.0,273.9765625,273.9765625,0.7333333333333333,0.7333333333333333,0.0,3,12,oracle,blind,nolag_recover,63,3,-9.3384285333334,1.0616895853984636,True,False,False
True,True,True,17.7789306640625,1.0,350.0397033691406,350.0397033691406,0.7333333333333333,0.7333333333333333,0.0,3,12,nearest,blind,nolag_recover,63,4,-33.06077110000001,1.6730972988458537,False,False,False
True,True,True,2.559814453125,1.0,350.0397033691406,350.0397033691406,0.7333333333333333,0.7333333333333333,0.0,3,12,oracle,blind,nolag_recover,63,4,-33.06077110000001,1.6730972988458537,False,False,False
True,True,True,40.241943359375,1.0,448.69708251953125,448.69708251953125,0.7166666666666667,0.7166666666666667,0.0,3,12,nearest,blind,nolag_recover,63,5,1.3837798333333922,1.0168453014634122,True,True,True
True,True,True,33.884521484375,1.0,448.69708251953125,448.69708251953125,0.7166666666666667,0.7166666666666667,0.0,3,12,oracle,blind,nolag_recover,63,5,1.3837798333333922,1.0168453014634122,True,True,True
True,True,True,87.8653564453125,1.0,382.5709228515625,382.5709228515625,0.7166666666666667,0.7166666666666667,0.0,3,12,nearest,blind,nolag_recover,63,6,-7.455960033333213,1.4787119360100955,True,False,False
True,True,True,123.51806640625,1.0,382.5709228515625,382.5709228515625,0.7166666666666667,0.7166666666666667,0.0,3,12,oracle,blind,nolag_recover,63,6,-7.455960033333213,1.4787119360100955,True,False,False
True,True,True,141.22607421875,1.0,351.1888122558594,351.1888122558594,0.7166666666666667,0.7166666666666667,0.0,3,12,nearest,blind,nolag_recover,63,7,0.14548800000011397,0.9921612591804292,True,True,True
True,True,True,153.437255859375,1.0,351.1888122558594,351.1888122558594,0.7166666666666667,0.7166666666666667,0.0,3,12,oracle,blind,nolag_recover,63,7,0.14548800000011397,0.9921612591804292,True,True,True
True,True,True,78.862548828125,1.0,625.5291137695312,625.5291137695312,0.7166666666666667,0.7166666666666667,0.0,3,11,nearest,blind,nolag_recover,63,8,10.896690533333185,0.9922444651167703,True,True,True
True,True,True,143.1168212890625,1.0,625.5291137695312,625.5291137695312,0.7166666666666667,0.7166666666666667,0.0,3,11,oracle,blind,nolag_recover,63,8,10.896690533333185,0.9922444651167703,True,True,True
True,True,True,110.296875,1.0,344.0743103027344,344.0743103027344,0.7166666666666667,0.7166666666666667,0.0,3,12,nearest,blind,nolag_recover,63,9,-31.223604366666677,1.156083121760985,True,False,False
True,True,True,129.1796875,1.0,344.0743103027344,344.0743103027344,0.7166666666666667,0.7166666666666667,0.0,3,12,oracle,blind,nolag_recover,63,9,-31.223604366666677,1.156083121760985,True,False,False
True,True,True,263.2501220703125,1.0,299.2604064941406,299.2604064941406,0.7166666666666667,0.7166666666666667,0.0,3,12,nearest,blind,nolag_recover,63,10,2.1471656666667513,0.9901513457970097,True,True,True
True,True,True,267.9661865234375,1.0,299.2604064941406,299.2604064941406,0.7166666666666667,0.7166666666666667,0.0,3,12,oracle,blind,nolag_recover,63,10,2.1471656666667513,0.9901513457970097,True,True,True
True,True,True,134.517578125,1.0,472.94580078125,472.94580078125,0.7166666666666667,0.7166666666666667,0.0,3,12,nearest,blind,nolag_recover,63,11,73.05658733333348,3.3795194707093223,False,True,False
True,True,True,119.193359375,1.0,472.94580078125,472.94580078125,0.7166666666666667,0.7166666666666667,0.0,3,12,oracle,blind,nolag_recover,63,11,73.05658733333348,3.3795194707093223,False,True,False
True,True,True,183.06689453125,1.0,524.16748046875,524.16748046875,0.7166666666666667,0.7166666666666667,0.0,3,12,nearest,blind,nolag_recover,63,12,-126.14401343333361,23.341187137207648,False,False,False
True,True,True,187.8250732421875,1.0,524.16748046875,524.16748046875,0.7166666666666667,0.7166666666666667,0.0,3,12,oracle,blind,nolag_recover,63,12,-126.14401343333361,23.341187137207648,False,False,False
True,True,True,354.2227783203125,1.0,343.75518798828125,343.75518798828125,0.7333333333333333,0.7333333333333333,0.0,3,12,nearest,blind,nolag_recover,63,13,2.4841152333335685,0.922699162334029,True,True,True
True,True,True,353.6126708984375,1.0,343.75518798828125,343.75518798828125,0.7333333333333333,0.7333333333333333,0.0,3,12,oracle,blind,nolag_recover,63,13,2.4841152333335685,0.922699162334029,True,True,True
True,True,True,88.083740234375,1.0,391.48345947265625,391.48345947265625,0.7166666666666667,0.7166666666666667,0.0,3,11,nearest,blind,nolag_recover,63,14,-28.280023366666683,5.408429581327414,False,False,False
True,True,True,108.107421875,1.0,391.48345947265625,391.48345947265625,0.7166666666666667,0.7166666666666667,0.0,3,11,oracle,blind,nolag_recover,63,14,-28.280023366666683,5.408429581327414,False,False,False
False,True,False,-21.470947265625,1.0,59.48818588256836,59.48818588256836,0.7166666666666667,0.7166666666666667,0.0,3,12,nearest,blind,nolag_recover,63,15,-53.88535713333317,2.850651546088366,False,False,False
False,True,False,-33.90234375,1.0,59.48818588256836,59.48818588256836,0.7166666666666667,0.7166666666666667,0.0,3,12,oracle,blind,nolag_recover,63,15,-53.88535713333317,2.850651546088366,False,False,False
True,True,True,22.434326171875,1.0,380.7918395996094,380.7918395996094,0.7166666666666667,0.7166666666666667,0.0,3,13,nearest,blind,nolag_recover,63,16,55.764320433333296,4.4726829182547165,False,True,False
True,True,True,53.331787109375,1.0,380.7918395996094,380.7918395996094,0.7166666666666667,0.7166666666666667,0.0,3,13,oracle,blind,nolag_recover,63,16,55.764320433333296,4.4726829182547165,False,True,False
True,True,True,242.9613037109375,1.0,372.1136474609375,372.1136474609375,0.7166666666666667,0.7166666666666667,0.0,3,13,nearest,blind,nolag_recover,63,17,-51.66782950000015,12.778804608970963,False,False,False
True,True,True,254.137451171875,1.0,372.1136474609375,372.1136474609375,0.7166666666666667,0.7166666666666667,0.0,3,13,oracle,blind,nolag_recover,63,17,-51.66782950000015,12.778804608970963,False,False,False
True,True,True,148.17919921875,1.0,378.04071044921875,378.04071044921875,0.7166666666666667,0.7166666666666667,0.0,3,13,nearest,blind,nolag_recover,63,18,-7.213513300000159,4.352721867828735,False,False,False
True,True,True,147.9169921875,1.0,378.04071044921875,378.04071044921875,0.7166666666666667,0.7166666666666667,0.0,3,13,oracle,blind,nolag_recover,63,18,-7.213513300000159,4.352721867828735,False,False,False
True,True,True,77.537353515625,1.0,477.53631591796875,477.53631591796875,0.7166666666666667,0.7166666666666667,0.0,3,13,nearest,blind,nolag_recover,63,19,99.59976806666646,2.8917868802215994,False,True,False
True,True,True,77.537353515625,1.0,477.53631591796875,477.53631591796875,0.7166666666666667,0.7166666666666667,0.0,3,13,oracle,blind,nolag_recover,63,19,99.59976806666646,2.8917868802215994,False,True,False
True,True,True,253.110595703125,1.0,406.84234619140625,406.84234619140625,0.7166666666666667,0.7166666666666667,0.0,3,13,nearest,blind,nolag_recover,63,20,-102.58979799999997,18.18683362043013,False,False,False
True,True,True,234.203857421875,1.0,406.84234619140625,406.84234619140625,0.7166666666666667,0.7166666666666667,0.0,3,13,oracle,blind,nolag_recover,63,20,-102.58979799999997,18.18683362043013,False,False,False
True,True,True,20.86767578125,1.0,51.3807258605957,51.3807258605957,0.7166666666666667,0.7166666666666667,0.0,3,14,nearest,blind,nolag_recover,63,21,-20.962325133333252,1.0823720354496358,True,False,False
True,True,True,13.52197265625,1.0,51.3807258605957,51.3807258605957,0.7166666666666667,0.7166666666666667,0.0,3,14,oracle,blind,nolag_recover,63,21,-20.962325133333252,1.0823720354496358,True,False,False
True,True,True,27.638427734375,1.0,68.50211334228516,68.50211334228516,0.7166666666666667,0.7166666666666667,0.0,3,14,nearest,blind,nolag_recover,63,22,-32.83853446666649,22.760238239997552,False,False,False
True,True,True,50.21484375,1.0,68.50211334228516,68.50211334228516,0.7166666666666667,0.7166666666666667,0.0,3,14,oracle,blind,nolag_recover,63,22,-32.83853446666649,22.760238239997552,False,False,False
True,True,True,39.576904296875,1.0,191.58123779296875,191.58123779296875,0.7166666666666667,0.7166666666666667,0.0,3,14,nearest,blind,nolag_recover,63,23,-18.586780399999725,1.1664151618510272,True,False,False
True,True,True,35.2161865234375,1.0,191.58123779296875,191.58123779296875,0.7166666666666667,0.7166666666666667,0.0,3,14,oracle,blind,nolag_recover,63,23,-18.586780399999725,1.1664151618510272,True,False,False
True,True,True,8.626708984375,1.0,261.5642395019531,261.5642395019531,0.7166666666666667,0.7166666666666667,0.0,3,13,nearest,blind,nolag_recover,63,24,0.1306944000000385,0.9939638696884856,True,True,True
True,True,True,8.626708984375,1.0,261.5642395019531,261.5642395019531,0.7166666666666667,0.7166666666666667,0.0,3,13,oracle,blind,nolag_recover,63,24,0.1306944000000385,0.9939638696884856,True,True,True
True,True,True,12.8302001953125,1.0,243.20570373535156,243.20570373535156,0.7166666666666667,0.7166666666666667,0.0,3,12,nearest,blind,nolag_recover,63,25,13.978897266666763,22.935969888252462,False,True,False
True,True,True,16.854248046875,1.0,243.20570373535156,243.20570373535156,0.7166666666666667,0.7166666666666667,0.0,3,12,oracle,blind,nolag_recover,63,25,13.978897266666763,22.935969888252462,False,True,False
False,True,False,-4.8441162109375,1.0,93.72464752197266,93.72464752197266,0.7333333333333333,0.7333333333333333,0.0,3,12,nearest,blind,nolag_recover,63,26,-59.44368683333323,28.358198257442616,False,False,False
False,True,False,-3.723876953125,1.0,93.72464752197266,93.72464752197266,0.7333333333333333,0.7333333333333333,0.0,3,12,oracle,blind,nolag_recover,63,26,-59.44368683333323,28.358198257442616,False,False,False
True,True,True,11.1702880859375,1.0,84.74346160888672,84.74346160888672,0.7166666666666667,0.7166666666666667,0.0,3,12,nearest,blind,nolag_recover,63,27,-71.6556297333334,1.5120180443129845,False,False,False
True,True,True,11.1702880859375,1.0,84.74346160888672,84.74346160888672,0.7166666666666667,0.7166666666666667,0.0,3,12,oracle,blind,nolag_recover,63,27,-71.6556297333334,1.5120180443129845,False,False,False
True,True,True,1.074462890625,1.0,332.2825622558594,332.2825622558594,0.7166666666666667,0.7166666666666667,0.0,3,13,nearest,blind,nolag_recover,63,28,-18.777340666666532,4.810843997961585,False,False,False
False,True,False,-8.697998046875,1.0,332.2825622558594,332.2825622558594,0.7166666666666667,0.7166666666666667,0.0,3,13,oracle,blind,nolag_recover,63,28,-18.777340666666532,4.810843997961585,False,False,False
True,True,True,94.496337890625,1.0,496.34375,496.34375,0.7,0.7,0.0,3,13,nearest,blind,nolag_recover,63,29,-24.664687766666702,2.9476442792634847,False,False,False
True,True,True,117.145263671875,1.0,496.34375,496.34375,0.7,0.7,0.0,3,13,oracle,blind,nolag_recover,63,29,-24.664687766666702,2.9476442792634847,False,False,False
True,True,True,83.296630859375,1.0,491.4318542480469,491.4318542480469,0.7166666666666667,0.7166666666666667,0.0,3,13,nearest,blind,nolag_recover,63,30,-10.434985433333395,1.0963103522455644,True,False,False
True,True,True,81.295166015625,1.0,491.4318542480469,491.4318542480469,0.7166666666666667,0.7166666666666667,0.0,3,13,oracle,blind,nolag_recover,63,30,-10.434985433333395,1.0963103522455644,True,False,False
True,True,True,183.765625,1.0,518.2650146484375,518.2650146484375,0.7166666666666667,0.7166666666666667,0.0,3,12,nearest,blind,nolag_recover,63,31,-52.20096990000002,0.9177004311118329,True,False,False
True,True,True,142.3046875,1.0,518.2650146484375,518.2650146484375,0.7166666666666667,0.7166666666666667,0.0,3,12,oracle,blind,nolag_recover,63,31,-52.20096990000002,0.9177004311118329,True,False,False
True,True,True,185.608642578125,1.0,395.7669372558594,395.7669372558594,0.7333333333333333,0.7333333333333333,0.0,3,14,nearest,blind,nolag_recover,63,32,21.554892699999982,12.15903390869932,False,True,False
True,True,True,175.382568359375,1.0,395.7669372558594,395.7669372558594,0.7333333333333333,0.7333333333333333,0.0,3,14,oracle,blind,nolag_recover,63,32,21.554892699999982,12.15903390869932,False,True,False
True,True,True,15.5047607421875,1.0,53.258140563964844,53.258140563964844,0.7166666666666667,0.7166666666666667,0.0,3,14,nearest,blind,nolag_recover,63,33,-59.06589989999998,3.6498787528401846,False,False,False
True,True,True,21.3546142578125,1.0,53.258140563964844,53.258140563964844,0.7166666666666667,0.7166666666666667,0.0,3,14,oracle,blind,nolag_recover,63,33,-59.06589989999998,3.6498787528401846,False,False,False
True,True,True,76.80322265625,1.0,333.42303466796875,333.42303466796875,0.7166666666666667,0.7166666666666667,0.0,3,13,nearest,blind,nolag_recover,63,34,56.048252866666644,4.003933473806334,False,True,False
True,True,True,76.80322265625,1.0,333.42303466796875,333.42303466796875,0.7166666666666667,0.7166666666666667,0.0,3,13,oracle,blind,nolag_recover,63,34,56.048252866666644,4.003933473806334,False,True,False
True,True,True,65.8759765625,1.0,326.61126708984375,326.61126708984375,0.7333333333333333,0.7333333333333333,0.0,3,12,nearest,blind,nolag_recover,63,35,-81.15524140000002,19.578340576584345,False,False,False
True,True,True,62.990478515625,1.0,326.61126708984375,326.61126708984375,0.7333333333333333,0.7333333333333333,0.0,3,12,oracle,blind,nolag_recover,63,35,-81.15524140000002,19.578340576584345,False,False,False
True,True,True,38.26513671875,1.0,315.9986877441406,315.9986877441406,0.7166666666666667,0.7166666666666667,0.0,3,12,nearest,blind,nolag_recover,63,36,-34.42861916666675,0.7570819593898439,True,False,False
True,True,True,48.145263671875,1.0,315.9986877441406,315.9986877441406,0.7166666666666667,0.7166666666666667,0.0,3,12,oracle,blind,nolag_recover,63,36,-34.42861916666675,0.7570819593898439,True,False,False
True,True,True,149.4072265625,1.0,561.0357055664062,561.0357055664062,0.7333333333333333,0.7333333333333333,0.0,3,11,nearest,blind,nolag_recover,63,37,68.1309405333327,3.771264178857945,False,True,False
True,True,True,39.634521484375,1.0,561.0357055664062,561.0357055664062,0.7333333333333333,0.7333333333333333,0.0,3,11,oracle,blind,nolag_recover,63,37,68.1309405333327,3.771264178857945,False,True,False
True,True,True,76.9073486328125,1.0,298.38751220703125,298.38751220703125,0.7166666666666667,0.7166666666666667,0.0,3,10,nearest,blind,nolag_recover,63,38,-118.68867946666637,50.27481446051203,False,False,False
True,True,True,80.4320068359375,1.0,298.38751220703125,298.38751220703125,0.7166666666666667,0.7166666666666667,0.0,3,10,oracle,blind,nolag_recover,63,38,-118.68867946666637,50.27481446051203,False,False,False
False,True,False,-17.595458984375,1.0,54.80746841430664,54.80746841430664,0.7166666666666667,0.7166666666666667,0.0,3,11,nearest,blind,nolag_recover,63,39,-12.261831233333169,1.0337921736400713,True,False,False
False,True,False,-16.99609375,1.0,54.80746841430664,54.80746841430664,0.7166666666666667,0.7166666666666667,0.0,3,11,oracle,blind,nolag_recover,63,39,-12.261831233333169,1.0337921736400713,True,False,False
False,True,False,-59.1075439453125,1.0,211.28543090820312,211.28543090820312,0.7166666666666667,0.7166666666666667,0.0,4,5,nearest,blind,nolag_recover,63,0,13.644819533333475,1.0467961164251254,True,True,True
False,True,False,-105.2479248046875,1.0,211.28543090820312,211.28543090820312,0.7166666666666667,0.7166666666666667,0.0,4,5,oracle,blind,nolag_recover,63,0,13.644819533333475,1.0467961164251254,True,True,True
False,True,False,-85.37255859375,1.0,285.09393310546875,285.09393310546875,0.7166666666666667,0.7166666666666667,0.0,4,5,nearest,blind,nolag_recover,63,1,-3.3189111666665667,1.0413799147023053,True,False,False
False,True,False,-88.86669921875,1.0,285.09393310546875,285.09393310546875,0.7166666666666667,0.7166666666666667,0.0,4,5,oracle,blind,nolag_recover,63,1,-3.3189111666665667,1.0413799147023053,True,False,False
False,True,False,-58.520263671875,1.0,338.93499755859375,338.93499755859375,0.7333333333333333,0.7333333333333333,0.0,4,5,nearest,blind,nolag_recover,63,2,-4.607251566666491,0.9835277510928967,True,False,False
False,True,False,-81.857666015625,1.0,338.93499755859375,338.93499755859375,0.7333333333333333,0.7333333333333333,0.0,4,5,oracle,blind,nolag_recover,63,2,-4.607251566666491,0.9835277510928967,True,False,False
False,True,False,-83.99169921875,1.0,273.9765625,273.9765625,0.7333333333333333,0.7333333333333333,0.0,4,5,nearest,blind,nolag_recover,63,3,-2.6565064000001257,1.0294173958787625,True,False,False
False,True,False,-60.423095703125,1.0,273.9765625,273.9765625,0.7333333333333333,0.7333333333333333,0.0,4,5,oracle,blind,nolag_recover,63,3,-2.6565064000001257,1.0294173958787625,True,False,False
False,True,False,-13.4061279296875,1.0,350.0397033691406,350.0397033691406,0.7333333333333333,0.7333333333333333,0.0,4,5,nearest,blind,nolag_recover,63,4,4.174373033333495,0.8766889337883879,True,True,True
False,True,False,-12.51416015625,1.0,350.0397033691406,350.0397033691406,0.7333333333333333,0.7333333333333333,0.0,4,5,oracle,blind,nolag_recover,63,4,4.174373033333495,0.8766889337883879,True,True,True
False,True,False,-65.9993896484375,1.0,448.69708251953125,448.69708251953125,0.7166666666666667,0.7166666666666667,0.0,4,5,nearest,blind,nolag_recover,63,5,-5.95578433333344,1.1169135744244258,True,False,False
False,True,False,-39.1341552734375,1.0,448.69708251953125,448.69708251953125,0.7166666666666667,0.7166666666666667,0.0,4,5,oracle,blind,nolag_recover,63,5,-5.95578433333344,1.1169135744244258,True,False,False
False,True,False,-154.6845703125,1.0,382.5709228515625,382.5709228515625,0.7166666666666667,0.7166666666666667,0.0,4,6,nearest,blind,nolag_recover,63,6,-8.554473200000075,1.099445397159593,True,False,False
False,True,False,-164.757568359375,1.0,382.5709228515625,382.5709228515625,0.7166666666666667,0.7166666666666667,0.0,4,6,oracle,blind,nolag_recover,63,6,-8.554473200000075,1.099445397159593,True,False,False
True,True,True,61.12353515625,1.0,351.1888122558594,351.1888122558594,0.7166666666666667,0.7166666666666667,0.0,4,8,nearest,blind,nolag_recover,63,7,0.3536922666667124,0.9860884031679349,True,True,True
True,True,True,140.332275390625,1.0,351.1888122558594,351.1888122558594,0.7166666666666667,0.7166666666666667,0.0,4,8,oracle,blind,nolag_recover,63,7,0.3536922666667124,0.9860884031679349,True,True,True
False,True,False,-107.137451171875,1.0,625.5291137695312,625.5291137695312,0.7166666666666667,0.7166666666666667,0.0,4,7,nearest,blind,nolag_recover,63,8,9.829894333333186,1.1529295547647977,True,True,True
False,True,False,-64.7490234375,1.0,625.5291137695312,625.5291137695312,0.7166666666666667,0.7166666666666667,0.0,4,7,oracle,blind,nolag_recover,63,8,9.829894333333186,1.1529295547647977,True,True,True
True,True,True,37.55615234375,1.0,344.0743103027344,344.0743103027344,0.7166666666666667,0.7166666666666667,0.0,4,8,nearest,blind,nolag_recover,63,9,-8.797167633333174,1.1385482217456218,True,False,False
True,True,True,56.402587890625,1.0,344.0743103027344,344.0743103027344,0.7166666666666667,0.7166666666666667,0.0,4,8,oracle,blind,nolag_recover,63,9,-8.797167633333174,1.1385482217456218,True,False,False
False,True,False,-6.985595703125,1.0,299.2604064941406,299.2604064941406,0.7166666666666667,0.7166666666666667,0.0,4,8,nearest,blind,nolag_recover,63,10,-32.66188006666653,1.8434194826454489,False,False,False
True,True,True,0.677490234375,1.0,299.2604064941406,299.2604064941406,0.7166666666666667,0.7166666666666667,0.0,4,8,oracle,blind,nolag_recover,63,10,-32.66188006666653,1.8434194826454489,False,False,False
True,True,True,45.70068359375,1.0,472.94580078125,472.94580078125,0.7166666666666667,0.7166666666666667,0.0,4,8,nearest,blind,nolag_recover,63,11,-37.025790133332976,1.5150218919619831,False,False,False
True,True,True,35.66455078125,1.0,472.94580078125,472.94580078125,0.7166666666666667,0.7166666666666667,0.0,4,8,oracle,blind,nolag_recover,63,11,-37.025790133332976,1.5150218919619831,False,False,False
True,True,True,22.804931640625,1.0,524.16748046875,524.16748046875,0.7166666666666667,0.7166666666666667,0.0,4,8,nearest,blind,nolag_recover,63,12,-0.778394900000194,1.0244250523260614,True,False,False
True,True,True,65.3515625,1.0,524.16748046875,524.16748046875,0.7166666666666667,0.7166666666666667,0.0,4,8,oracle,blind,nolag_recover,63,12,-0.778394900000194,1.0244250523260614,True,False,False
True,True,True,127.135498046875,1.0,343.75518798828125,343.75518798828125,0.7333333333333333,0.7333333333333333,0.0,4,8,nearest,blind,nolag_recover,63,13,-13.956443399999898,1.0263463089676321,True,False,False
True,True,True,163.584716796875,1.0,343.75518798828125,343.75518798828125,0.7333333333333333,0.7333333333333333,0.0,4,8,oracle,blind,nolag_recover,63,13,-13.956443399999898,1.0263463089676321,True,False,False
True,True,True,3.730712890625,1.0,391.48345947265625,391.48345947265625,0.7166666666666667,0.7166666666666667,0.0,4,8,nearest,blind,nolag_recover,63,14,-36.45852076666665,2.268452822150669,False,False,False
False,True,False,-8.285400390625,1.0,391.48345947265625,391.48345947265625,0.7166666666666667,0.7166666666666667,0.0,4,8,oracle,blind,nolag_recover,63,14,-36.45852076666665,2.268452822150669,False,False,False
False,True,False,-40.9449462890625,1.0,59.48818588256836,59.48818588256836,0.7166666666666667,0.7166666666666667,0.0,4,7,nearest,blind,nolag_recover,63,15,-6.000090266666575,1.041926726930526,True,False,False
False,True,False,-40.9449462890625,1.0,59.48818588256836,59.48818588256836,0.7166666666666667,0.7166666666666667,0.0,4,7,oracle,blind,nolag_recover,63,15,-6.000090266666575,1.041926726930526,True,False,False
False,True,False,-22.65283203125,1.0,380.7918395996094,380.7918395996094,0.7166666666666667,0.7166666666666667,0.0,4,6,nearest,blind,nolag_recover,63,16,8.336959166666702,0.7396750184116943,True,True,True
False,True,False,-29.1923828125,1.0,380.7918395996094,380.7918395996094,0.7166666666666667,0.7166666666666667,0.0,4,6,oracle,blind,nolag_recover,63,16,8.336959166666702,0.7396750184116943,True,True,True
True,True,True,40.7821044921875,1.0,372.1136474609375,372.1136474609375,0.7166666666666667,0.7166666666666667,0.0,4,6,nearest,blind,nolag_recover,63,17,-7.910300333333225,1.2498902442476305,True,False,False
True,True,True,12.3004150390625,1.0,372.1136474609375,372.1136474609375,0.7166666666666667,0.7166666666666667,0.0,4,6,oracle,blind,nolag_recover,63,17,-7.910300333333225,1.2498902442476305,True,False,False
False,True,False,-30.051025390625,1.0,378.04071044921875,378.04071044921875,0.7166666666666667,0.7166666666666667,0.0,4,7,nearest,blind,nolag_recover,63,18,-1.3911729000001287,3.7144171381276925,False,False,False
False,True,False,-1.315185546875,1.0,378.04071044921875,378.04071044921875,0.7166666666666667,0.7166666666666667,0.0,4,7,oracle,blind,nolag_recover,63,18,-1.3911729000001287,3.7144171381276925,False,False,False
True,True,True,19.973876953125,1.0,477.53631591796875,477.53631591796875,0.7166666666666667,0.7166666666666667,0.0,4,7,nearest,blind,nolag_recover,63,19,16.010408233332782,1.2850676379066273,True,True,True
True,True,True,47.40576171875,1.0,477.53631591796875,477.53631591796875,0.7166666666666667,0.7166666666666667,0.0,4,7,oracle,blind,nolag_recover,63,19,16.010408233332782,1.2850676379066273,True,True,True
True,True,True,29.464599609375,1.0,406.84234619140625,406.84234619140625,0.7166666666666667,0.7166666666666667,0.0,4,7,nearest,blind,nolag_recover,63,20,2.5040466333334734,0.9708429341793113,True,True,True
True,True,True,22.680908203125,1.0,406.84234619140625,406.84234619140625,0.7166666666666667,0.7166666666666667,0.0,4,7,oracle,blind,nolag_recover,63,20,2.5040466333334734,0.9708429341793113,True,True,True
False,True,False,-8.8935546875,1.0,51.3807258605957,51.3807258605957,0.7166666666666667,0.7166666666666667,0.0,4,6,nearest,blind,nolag_recover,63,21,-8.715184766666653,1.0341118359290984,True,False,False
True,True,True,9.632568359375,1.0,51.3807258605957,51.3807258605957,0.7166666666666667,0.7166666666666667,0.0,4,6,oracle,blind,nolag_recover,63,21,-8.715184766666653,1.0341118359290984,True,False,False
True,True,True,3.0850830078125,1.0,68.50211334228516,68.50211334228516,0.7166666666666667,0.7166666666666667,0.0,4,6,nearest,blind,nolag_recover,63,22,-1.4411523999999645,1.066294398736432,True,False,False
False,True,False,-9.630615234375,1.0,68.50211334228516,68.50211334228516,0.7166666666666667,0.7166666666666667,0.0,4,6,oracle,blind,nolag_recover,63,22,-1.4411523999999645,1.066294398736432,True,False,False
True,True,True,3.5186767578125,1.0,191.58123779296875,191.58123779296875,0.7166666666666667,0.7166666666666667,0.0,4,6,nearest,blind,nolag_recover,63,23,-8.059924499999852,1.0084572149712496,True,False,False
False,True,False,-6.8929443359375,1.0,191.58123779296875,191.58123779296875,0.7166666666666667,0.7166666666666667,0.0,4,6,oracle,blind,nolag_recover,63,23,-8.059924499999852,1.0084572149712496,True,False,False
False,True,False,-30.303466796875,1.0,261.5642395019531,261.5642395019531,0.7166666666666667,0.7166666666666667,0.0,4,7,nearest,blind,nolag_recover,63,24,-24.331055166666374,1.5329927224585136,False,False,False
False,True,False,-56.850830078125,1.0,261.5642395019531,261.5642395019531,0.7166666666666667,0.7166666666666667,0.0,4,7,oracle,blind,nolag_recover,63,24,-24.331055166666374,1.5329927224585136,False,False,False
False,True,False,-36.0814208984375,1.0,243.20570373535156,243.20570373535156,0.7166666666666667,0.7166666666666667,0.0,4,7,nearest,blind,nolag_recover,63,25,-12.10979139999995,10.754728579597705,False,False,False
False,True,False,-35.86279296875,1.0,243.20570373535156,243.20570373535156,0.7166666666666667,0.7166666666666667,0.0,4,7,oracle,blind,nolag_recover,63,25,-12.10979139999995,10.754728579597705,False,False,False
False,True,False,-41.33349609375,1.0,93.72464752197266,93.72464752197266,0.7333333333333333,0.7333333333333333,0.0,4,8,nearest,blind,nolag_recover,63,26,-16.68718630000012,1.1165809812912042,True,False,False
False,True,False,-37.73876953125,1.0,93.72464752197266,93.72464752197266,0.7333333333333333,0.7333333333333333,0.0,4,8,oracle,blind,nolag_recover,63,26,-16.68718630000012,1.1165809812912042,True,False,False
False,True,False,-47.84814453125,1.0,84.74346160888672,84.74346160888672,0.7166666666666667,0.7166666666666667,0.0,4,9,nearest,blind,nolag_recover,63,27,-20.93463613333347,1.146621193849759,True,False,False
False,True,False,-47.84814453125,1.0,84.74346160888672,84.74346160888672,0.7166666666666667,0.7166666666666667,0.0,4,9,oracle,blind,nolag_recover,63,27,-20.93463613333347,1.146621193849759,True,False,False
False,True,False,-40.3388671875,1.0,332.2825622558594,332.2825622558594,0.7166666666666667,0.7166666666666667,0.0,4,8,nearest,blind,nolag_recover,63,28,-24.80301079999981,1.4417538193029085,True,False,False
False,True,False,-62.354248046875,1.0,332.2825622558594,332.2825622558594,0.7166666666666667,0.7166666666666667,0.0,4,8,oracle,blind,nolag_recover,63,28,-24.80301079999981,1.4417538193029085,True,False,False
True,True,True,1.8104248046875,1.0,496.34375,496.34375,0.7,0.7,0.0,4,9,nearest,blind,nolag_recover,63,29,-1.0151694000001044,3.547900121112106,False,False,False
True,True,True,25.631103515625,1.0,496.34375,496.34375,0.7,0.7,0.0,4,9,oracle,blind,nolag_recover,63,29,-1.0151694000001044,3.547900121112106,False,False,False
True,True,True,36.358642578125,1.0,491.4318542480469,491.4318542480469,0.7166666666666667,0.7166666666666667,0.0,4,9,nearest,blind,nolag_recover,63,30,-21.50263016666645,1.012111610819516,True,False,False
True,True,True,0.6181640625,1.0,491.4318542480469,491.4318542480469,0.7166666666666667,0.7166666666666667,0.0,4,9,oracle,blind,nolag_recover,63,30,-21.50263016666645,1.012111610819516,True,False,False
True,True,True,103.002197265625,1.0,518.2650146484375,518.2650146484375,0.7166666666666667,0.7166666666666667,0.0,4,9,nearest,blind,nolag_recover,63,31,-19.931161833333363,1.2462960584910447,True,False,False
True,True,True,96.75341796875,1.0,518.2650146484375,518.2650146484375,0.7166666666666667,0.7166666666666667,0.0,4,9,oracle,blind,nolag_recover,63,31,-19.931161833333363,1.2462960584910447,True,False,False
True,True,True,65.4654541015625,1.0,395.7669372558594,395.7669372558594,0.7333333333333333,0.7333333333333333,0.0,4,8,nearest,blind,nolag_recover,63,32,15.996682166666687,8.466379998591448,False,True,False
True,True,True,81.1551513671875,1.0,395.7669372558594,395.7669372558594,0.7333333333333333,0.7333333333333333,0.0,4,8,oracle,blind,nolag_recover,63,32,15.996682166666687,8.466379998591448,False,True,False
False,True,False,-5.396728515625,1.0,53.258140563964844,53.258140563964844,0.7166666666666667,0.7166666666666667,0.0,4,8,nearest,blind,nolag_recover,63,33,-19.70847089999984,1.0633882606717757,True,False,False
False,True,False,-14.0380859375,1.0,53.258140563964844,53.258140563964844,0.7166666666666667,0.7166666666666667,0.0,4,8,oracle,blind,nolag_recover,63,33,-19.70847089999984,1.0633882606717757,True,False,False
True,True,True,3.736572265625,1.0,333.42303466796875,333.42303466796875,0.7166666666666667,0.7166666666666667,0.0,4,8,nearest,blind,nolag_recover,63,34,-34.16579003333345,1.1143463088267027,True,False,False
True,True,True,3.49853515625,1.0,333.42303466796875,333.42303466796875,0.7166666666666667,0.7166666666666667,0.0,4,8,oracle,blind,nolag_recover,63,34,-34.16579003333345,1.1143463088267027,True,False,False
False,True,False,-86.751953125,1.0,326.61126708984375,326.61126708984375,0.7333333333333333,0.7333333333333333,0.0,4,9,nearest,blind,nolag_recover,63,35,-5.053517899999861,1.2440507518939343,True,False,False
False,True,False,-61.76611328125,1.0,326.61126708984375,326.61126708984375,0.7333333333333333,0.7333333333333333,0.0,4,9,oracle,blind,nolag_recover,63,35,-5.053517899999861,1.2440507518939343,True,False,False
False,True,False,-45.86767578125,1.0,315.9986877441406,315.9986877441406,0.7166666666666667,0.7166666666666667,0.0,4,9,nearest,blind,nolag_recover,63,36,-6.358393433333504,0.8235509668115802,True,False,False
False,True,False,-34.588134765625,1.0,315.9986877441406,315.9986877441406,0.7166666666666667,0.7166666666666667,0.0,4,9,oracle,blind,nolag_recover,63,36,-6.358393433333504,0.8235509668115802,True,False,False
True,True,True,2.37158203125,1.0,561.0357055664062,561.0357055664062,0.7333333333333333,0.7333333333333333,0.0,4,10,nearest,blind,nolag_recover,63,37,6.643046833332846,1.7664653411983429,False,True,False
False,True,False,-23.96337890625,1.0,561.0357055664062,561.0357055664062,0.7333333333333333,0.7333333333333333,0.0,4,10,oracle,blind,nolag_recover,63,37,6.643046833332846,1.7664653411983429,False,True,False
False,True,False,-64.787109375,1.0,298.38751220703125,298.38751220703125,0.7166666666666667,0.7166666666666667,0.0,4,11,nearest,blind,nolag_recover,63,38,-73.03764840000008,7.695810463547207,False,False,False
False,True,False,-54.52490234375,1.0,298.38751220703125,298.38751220703125,0.7166666666666667,0.7166666666666667,0.0,4,11,oracle,blind,nolag_recover,63,38,-73.03764840000008,7.695810463547207,False,False,False
False,True,False,-13.943115234375,1.0,54.80746841430664,54.80746841430664,0.7166666666666667,0.7166666666666667,0.0,4,11,nearest,blind,nolag_recover,63,39,-27.928972666666596,1.0474615030190717,True,False,False
False,True,False,-13.1968994140625,1.0,54.80746841430664,54.80746841430664,0.7166666666666667,0.7166666666666667,0.0,4,11,oracle,blind,nolag_recover,63,39,-27.928972666666596,1.0474615030190717,True,False,False
False,True,False,-17.7861328125,1.0,211.28543090820312,211.28543090820312,0.7166666666666667,0.7166666666666667,0.0,5,9,nearest,blind,nolag_recover,63,0,12.947287199999892,1.0533089222593885,True,True,True
True,True,True,6.525146484375,1.0,211.28543090820312,211.28543090820312,0.7166666666666667,0.7166666666666667,0.0,5,9,oracle,blind,nolag_recover,63,0,12.947287199999892,1.0533089222593885,True,True,True
True,True,True,5.80078125,1.0,285.09393310546875,285.09393310546875,0.7166666666666667,0.7166666666666667,0.0,5,9,nearest,blind,nolag_recover,63,1,-2.0313576666665085,0.9987752671207003,True,False,False
True,True,True,58.919189453125,1.0,285.09393310546875,285.09393310546875,0.7166666666666667,0.7166666666666667,0.0,5,9,oracle,blind,nolag_recover,63,1,-2.0313576666665085,0.9987752671207003,True,False,False
False,True,False,-17.64599609375,1.0,338.93499755859375,338.93499755859375,0.7333333333333333,0.7333333333333333,0.0,5,9,nearest,blind,nolag_recover,63,2,-4.745751533333532,1.0310306108093419,True,False,False
False,True,False,-3.95068359375,1.0,338.93499755859375,338.93499755859375,0.7333333333333333,0.7333333333333333,0.0,5,9,oracle,blind,nolag_recover,63,2,-4.745751533333532,1.0310306108093419,True,False,False
False,True,False,-88.0400390625,1.0,273.9765625,273.9765625,0.7333333333333333,0.7333333333333333,0.0,5,9,nearest,blind,nolag_recover,63,3,-1.465351099999907,1.0259683792195478,True,False,False
True,True,True,38.7216796875,1.0,273.9765625,273.9765625,0.7333333333333333,0.7333333333333333,0.0,5,9,oracle,blind,nolag_recover,63,3,-1.465351099999907,1.0259683792195478,True,False,False
True,True,True,30.8511962890625,1.0,350.0397033691406,350.0397033691406,0.7333333333333333,0.7333333333333333,0.0,5,9,nearest,blind,nolag_recover,63,4,10.208404333333192,0.9158833342193341,True,True,True
True,True,True,19.1802978515625,1.0,350.0397033691406,350.0397033691406,0.7333333333333333,0.7333333333333333,0.0,5,9,oracle,blind,nolag_recover,63,4,10.208404333333192,0.9158833342193341,True,True,True
False,True,False,-31.9439697265625,1.0,448.69708251953125,448.69708251953125,0.7166666666666667,0.7166666666666667,0.0,5,9,nearest,blind,nolag_recover,63,5,-1.1954528666667557,0.9680334290986765,True,False,False
False,True,False,-31.9439697265625,1.0,448.69708251953125,448.69708251953125,0.7166666666666667,0.7166666666666667,0.0,5,9,oracle,blind,nolag_recover,63,5,-1.1954528666667557,0.9680334290986765,True,False,False
False,True,False,-43.505126953125,1.0,382.5709228515625,382.5709228515625,0.7166666666666667,0.7166666666666667,0.0,5,8,nearest,blind,nolag_recover,63,6,-52.91477696666652,1.14374830993631,True,False,False
True,True,True,27.03466796875,1.0,382.5709228515625,382.5709228515625,0.7166666666666667,0.7166666666666667,0.0,5,8,oracle,blind,nolag_recover,63,6,-52.91477696666652,1.14374830993631,True,False,False
False,True,False,-7.360107421875,1.0,351.1888122558594,351.1888122558594,0.7166666666666667,0.7166666666666667,0.0,5,8,nearest,blind,nolag_recover,63,7,-0.35086956666646074,1.022839166762313,True,False,False
False,True,False,-14.196044921875,1.0,351.1888122558594,351.1888122558594,0.7166666666666667,0.7166666666666667,0.0,5,8,oracle,blind,nolag_recover,63,7,-0.35086956666646074,1.022839166762313,True,False,False
False,True,False,-24.006591796875,1.0,625.5291137695312,625.5291137695312,0.7166666666666667,0.7166666666666667,0.0,5,9,nearest,blind,nolag_recover,63,8,1.4315061333331869,0.9498774220981038,True,True,True
False,True,False,-26.174560546875,1.0,625.5291137695312,625.5291137695312,0.7166666666666667,0.7166666666666667,0.0,5,9,oracle,blind,nolag_recover,63,8,1.4315061333331869,0.9498774220981038,True,True,True
True,True,True,151.69580078125,1.0,344.0743103027344,344.0743103027344,0.7166666666666667,0.7166666666666667,0.0,5,8,nearest,blind,nolag_recover,63,9,2.551188966666814,1.0408706621998567,True,True,True
True,True,True,217.594482421875,1.0,344.0743103027344,344.0743103027344,0.7166666666666667,0.7166666666666667,0.0,5,8,oracle,blind,nolag_recover,63,9,2.551188966666814,1.0408706621998567,True,True,True
False,True,False,-39.194580078125,1.0,299.2604064941406,299.2604064941406,0.7166666666666667,0.7166666666666667,0.0,5,8,nearest,blind,nolag_recover,63,10,-38.638157599999886,1.03969178334539,True,False,False
True,True,True,3.10791015625,1.0,299.2604064941406,299.2604064941406,0.7166666666666667,0.7166666666666667,0.0,5,8,oracle,blind,nolag_recover,63,10,-38.638157599999886,1.03969178334539,True,False,False
False,True,False,-11.9267578125,1.0,472.94580078125,472.94580078125,0.7166666666666667,0.7166666666666667,0.0,5,7,nearest,blind,nolag_recover,63,11,15.767144466667105,2.4496612037134735,False,True,False
True,True,True,22.369873046875,1.0,472.94580078125,472.94580078125,0.7166666666666667,0.7166666666666667,0.0,5,7,oracle,blind,nolag_recover,63,11,15.767144466667105,2.4496612037134735,False,True,False
True,True,True,49.047119140625,1.0,524.16748046875,524.16748046875,0.7166666666666667,0.7166666666666667,0.0,5,7,nearest,blind,nolag_recover,63,12,-79.17391410000005,3.055326138239531,False,False,False
True,True,True,27.6376953125,1.0,524.16748046875,524.16748046875,0.7166666666666667,0.7166666666666667,0.0,5,7,oracle,blind,nolag_recover,63,12,-79.17391410000005,3.055326138239531,False,False,False
True,True,True,98.895751953125,1.0,343.75518798828125,343.75518798828125,0.7333333333333333,0.7333333333333333,0.0,5,7,nearest,blind,nolag_recover,63,13,4.304274433333603,0.7959803195740522,True,True,True
True,True,True,242.5517578125,1.0,343.75518798828125,343.75518798828125,0.7333333333333333,0.7333333333333333,0.0,5,7,oracle,blind,nolag_recover,63,13,4.304274433333603,0.7959803195740522,True,True,True
False,True,False,-82.694580078125,1.0,391.48345947265625,391.48345947265625,0.7166666666666667,0.7166666666666667,0.0,5,7,nearest,blind,nolag_recover,63,14,-50.62809570000013,2.758496824007535,False,False,False
False,True,False,-84.880615234375,1.0,391.48345947265625,391.48345947265625,0.7166666666666667,0.7166666666666667,0.0,5,7,oracle,blind,nolag_recover,63,14,-50.62809570000013,2.758496824007535,False,False,False
False,True,False,-3.777099609375,1.0,59.48818588256836,59.48818588256836,0.7166666666666667,0.7166666666666667,0.0,5,7,nearest,blind,nolag_recover,63,15,-9.517006066666454,1.0507380807896032,True,False,False
False,True,False,-21.7099609375,1.0,59.48818588256836,59.48818588256836,0.7166666666666667,0.7166666666666667,0.0,5,7,oracle,blind,nolag_recover,63,15,-9.517006066666454,1.0507380807896032,True,False,False
False,True,False,-171.830078125,1.0,380.7918395996094,380.7918395996094,0.7166666666666667,0.7166666666666667,0.0,5,6,nearest,blind,nolag_recover,63,16,22.73432333333335,0.6455664897844909,True,True,True
False,True,False,-120.425537109375,1.0,380.7918395996094,380.7918395996094,0.7166666666666667,0.7166666666666667,0.0,5,6,oracle,blind,nolag_recover,63,16,22.73432333333335,0.6455664897844909,True,True,True
False,True,False,-65.6031494140625,1.0,372.1136474609375,372.1136474609375,0.7166666666666667,0.7166666666666667,0.0,5,6,nearest,blind,nolag_recover,63,17,-11.434668999999985,1.0729414550852407,True,False,False
False,True,False,-39.2462158203125,1.0,372.1136474609375,372.1136474609375,0.7166666666666667,0.7166666666666667,0.0,5,6,oracle,blind,nolag_recover,63,17,-11.434668999999985,1.0729414550852407,True,False,False
False,True,False,-0.75244140625,1.0,378.04071044921875,378.04071044921875,0.7166666666666667,0.7166666666666667,0.0,5,7,nearest,blind,nolag_recover,63,18,-0.7063200000000052,20.24297470807032,False,False,False
True,True,True,0.655029296875,1.0,378.04071044921875,378.04071044921875,0.7166666666666667,0.7166666666666667,0.0,5,7,oracle,blind,nolag_recover,63,18,-0.7063200000000052,20.24297470807032,False,False,False
False,True,False,-106.158447265625,1.0,477.53631591796875,477.53631591796875,0.7166666666666667,0.7166666666666667,0.0,5,6,nearest,blind,nolag_recover,63,19,12.977692766666223,1.6562453759832876,False,True,False
False,True,False,-118.3623046875,1.0,477.53631591796875,477.53631591796875,0.7166666666666667,0.7166666666666667,0.0,5,6,oracle,blind,nolag_recover,63,19,12.977692766666223,1.6562453759832876,False,True,False
False,True,False,-5.078369140625,1.0,406.84234619140625,406.84234619140625,0.7166666666666667,0.7166666666666667,0.0,5,7,nearest,blind,nolag_recover,63,20,4.552935600000183,0.9881482270292132,True,True,True
False,True,False,-64.6904296875,1.0,406.84234619140625,406.84234619140625,0.7166666666666667,0.7166666666666667,0.0,5,7,oracle,blind,nolag_recover,63,20,4.552935600000183,0.9881482270292132,True,True,True
True,True,True,6.0625,1.0,51.3807258605957,51.3807258605957,0.7166666666666667,0.7166666666666667,0.0,5,7,nearest,blind,nolag_recover,63,21,-21.60077363333312,1.0677860379117612,True,False,False
True,True,True,8.284912109375,1.0,51.3807258605957,51.3807258605957,0.7166666666666667,0.7166666666666667,0.0,5,7,oracle,blind,nolag_recover,63,21,-21.60077363333312,1.0677860379117612,True,False,False
True,True,True,3.71142578125,1.0,68.50211334228516,68.50211334228516,0.7166666666666667,0.7166666666666667,0.0,5,7,nearest,blind,nolag_recover,63,22,-18.738213366666514,1.1501171794435407,True,False,False
True,True,True,3.283447265625,1.0,68.50211334228516,68.50211334228516,0.7166666666666667,0.7166666666666667,0.0,5,7,oracle,blind,nolag_recover,63,22,-18.738213366666514,1.1501171794435407,True,False,False
False,True,False,-3.6180419921875,1.0,191.58123779296875,191.58123779296875,0.7166666666666667,0.7166666666666667,0.0,5,8,nearest,blind,nolag_recover,63,23,-18.605270366666446,0.9867929956313481,True,False,False
True,True,True,9.0408935546875,1.0,191.58123779296875,191.58123779296875,0.7166666666666667,0.7166666666666667,0.0,5,8,oracle,blind,nolag_recover,63,23,-18.605270366666446,0.9867929956313481,True,False,False
False,True,False,-52.0712890625,1.0,261.5642395019531,261.5642395019531,0.7166666666666667,0.7166666666666667,0.0,5,8,nearest,blind,nolag_recover,63,24,-16.885122799999863,1.0153065077884482,True,False,False
False,True,False,-37.068603515625,1.0,261.5642395019531,261.5642395019531,0.7166666666666667,0.7166666666666667,0.0,5,8,oracle,blind,nolag_recover,63,24,-16.885122799999863,1.0153065077884482,True,False,False
True,True,True,5.6712646484375,1.0,243.20570373535156,243.20570373535156,0.7166666666666667,0.7166666666666667,0.0,5,7,nearest,blind,nolag_recover,63,25,-21.82772460000001,0.9695960275053727,True,False,False
True,True,True,13.2423095703125,1.0,243.20570373535156,243.20570373535156,0.7166666666666667,0.7166666666666667,0.0,5,7,oracle,blind,nolag_recover,63,25,-21.82772460000001,0.9695960275053727,True,False,False
True,True,True,6.233642578125,1.0,93.72464752197266,93.72464752197266,0.7333333333333333,0.7333333333333333,0.0,5,6,nearest,blind,nolag_recover,63,26,-26.114832766666723,1.0531172567028741,True,False,False
True,True,True,12.229736328125,1.0,93.72464752197266,93.72464752197266,0.7333333333333333,0.7333333333333333,0.0,5,6,oracle,blind,nolag_recover,63,26,-26.114832766666723,1.0531172567028741,True,False,False
False,True,False,-54.6396484375,1.0,84.74346160888672,84.74346160888672,0.7166666666666667,0.7166666666666667,0.0,5,6,nearest,blind,nolag_recover,63,27,-60.107870300000286,1.0308421603631737,True,False,False
False,True,False,-61.93701171875,1.0,84.74346160888672,84.74346160888672,0.7166666666666667,0.7166666666666667,0.0,5,6,oracle,blind,nolag_recover,63,27,-60.107870300000286,1.0308421603631737,True,False,False
False,True,False,-53.928955078125,1.0,332.2825622558594,332.2825622558594,0.7166666666666667,0.7166666666666667,0.0,5,7,nearest,blind,nolag_recover,63,28,-14.644242300000087,1.9293446209307756,False,False,False
False,True,False,-45.54833984375,1.0,332.2825622558594,332.2825622558594,0.7166666666666667,0.7166666666666667,0.0,5,7,oracle,blind,nolag_recover,63,28,-14.644242300000087,1.9293446209307756,False,False,False
True,True,True,0.0838623046875,1.0,496.34375,496.34375,0.7,0.7,0.0,5,7,nearest,blind,nolag_recover,63,29,-10.452212733333226,0.9725738839101894,True,False,False
False,True,False,-7.7725830078125,1.0,496.34375,496.34375,0.7,0.7,0.0,5,7,oracle,blind,nolag_recover,63,29,-10.452212733333226,0.9725738839101894,True,False,False
False,True,False,-8.7626953125,1.0,491.4318542480469,491.4318542480469,0.7166666666666667,0.7166666666666667,0.0,5,6,nearest,blind,nolag_recover,63,30,-25.895172900000034,1.3498563505609955,True,False,False
False,True,False,-5.513427734375,1.0,491.4318542480469,491.4318542480469,0.7166666666666667,0.7166666666666667,0.0,5,6,oracle,blind,nolag_recover,63,30,-25.895172900000034,1.3498563505609955,True,False,False
True,True,True,307.821533203125,1.0,518.2650146484375,518.2650146484375,0.7166666666666667,0.7166666666666667,0.0,5,6,nearest,blind,nolag_recover,63,31,-11.93087586666661,0.7960698585150021,True,False,False
True,True,True,227.810302734375,1.0,518.2650146484375,518.2650146484375,0.7166666666666667,0.7166666666666667,0.0,5,6,oracle,blind,nolag_recover,63,31,-11.93087586666661,0.7960698585150021,True,False,False
True,True,True,13.307373046875,1.0,395.7669372558594,395.7669372558594,0.7333333333333333,0.7333333333333333,0.0,5,6,nearest,blind,nolag_recover,63,32,-37.842719966666664,3.120664400388434,False,False,False
True,True,True,13.957275390625,1.0,395.7669372558594,395.7669372558594,0.7333333333333333,0.7333333333333333,0.0,5,6,oracle,blind,nolag_recover,63,32,-37.842719966666664,3.120664400388434,False,False,False
True,True,True,3.77197265625,1.0,53.258140563964844,53.258140563964844,0.7166666666666667,0.7166666666666667,0.0,5,6,nearest,blind,nolag_recover,63,33,-10.410306799999944,1.0280804430600141,True,False,False
True,True,True,13.11181640625,1.0,53.258140563964844,53.258140563964844,0.7166666666666667,0.7166666666666667,0.0,5,6,oracle,blind,nolag_recover,63,33,-10.410306799999944,1.0280804430600141,True,False,False
False,True,False,-77.5859375,1.0,333.42303466796875,333.42303466796875,0.7166666666666667,0.7166666666666667,0.0,5,7,nearest,blind,nolag_recover,63,34,4.994334333333427,0.7444210427060115,True,True,True
False,True,False,-62.8212890625,1.0,333.42303466796875,333.42303466796875,0.7166666666666667,0.7166666666666667,0.0,5,7,oracle,blind,nolag_recover,63,34,4.994334333333427,0.7444210427060115,True,True,True
False,True,False,-93.06884765625,1.0,326.61126708984375,326.61126708984375,0.7333333333333333,0.7333333333333333,0.0,5,7,nearest,blind,nolag_recover,63,35,-3.505339499999991,1.0297327395701301,True,False,False
True,True,True,25.271728515625,1.0,326.61126708984375,326.61126708984375,0.7333333333333333,0.7333333333333333,0.0,5,7,oracle,blind,nolag_recover,63,35,-3.505339499999991,1.0297327395701301,True,False,False
False,True,False,-16.206298828125,1.0,315.9986877441406,315.9986877441406,0.7166666666666667,0.7166666666666667,0.0,5,7,nearest,blind,nolag_recover,63,36,-36.91659153333353,0.5528659079177881,True,False,False
True,True,True,31.137451171875,1.0,315.9986877441406,315.9986877441406,0.7166666666666667,0.7166666666666667,0.0,5,7,oracle,blind,nolag_recover,63,36,-36.91659153333353,0.5528659079177881,True,False,False
False,True,False,-52.944091796875,1.0,561.0357055664062,561.0357055664062,0.7333333333333333,0.7333333333333333,0.0,5,7,nearest,blind,nolag_recover,63,37,2.3443194999999832,1.3146202501090387,True,True,True
False,True,False,-65.96826171875,1.0,561.0357055664062,561.0357055664062,0.7333333333333333,0.7333333333333333,0.0,5,7,oracle,blind,nolag_recover,63,37,2.3443194999999832,1.3146202501090387,True,True,True
True,True,True,63.17236328125,1.0,298.38751220703125,298.38751220703125,0.7166666666666667,0.7166666666666667,0.0,5,6,nearest,blind,nolag_recover,63,38,-32.48807880000004,2.1310345995580855,False,False,False
True,True,True,81.934326171875,1.0,298.38751220703125,298.38751220703125,0.7166666666666667,0.7166666666666667,0.0,5,6,oracle,blind,nolag_recover,63,38,-32.48807880000004,2.1310345995580855,False,False,False
False,True,False,-5.0908203125,1.0,54.80746841430664,54.80746841430664,0.7166666666666667,0.7166666666666667,0.0,5,6,nearest,blind,nolag_recover,63,39,-15.870231233333243,1.0465741164664162,True,False,False
True,True,True,11.436767578125,1.0,54.80746841430664,54.80746841430664,0.7166666666666667,0.7166666666666667,0.0,5,6,oracle,blind,nolag_recover,63,39,-15.870231233333243,1.0465741164664162,True,False,False
