approved,safe,saves_energy,predicted_saving_w,pred_d95_ratio,pred_d95_cf,pred_d95_base,violation_rate_cf,violation_rate_base,violation_increase,cell,n_stranded,reassign,seed,phase,true_saved_w,true_d95_ratio,true_safe,true_saves,true_approve
False,True,False,-0.9627685546875,1.2447373976643938,56.11700439453125,45.08340835571289,0.6833333333333333,0.6833333333333333,0.0,0,9,nearest,61,0,13.890583399999969,1.0056064056268186,True,True,True
False,True,False,-11.1929931640625,1.244407317606653,56.10212326049805,45.08340835571289,0.6833333333333333,0.6833333333333333,0.0,0,9,oracle,61,0,13.890583399999969,1.0056064056268186,True,True,True
False,True,False,-7.0211181640625,1.0658265847614732,39.55611038208008,37.11308288574219,0.6833333333333333,0.6833333333333333,0.0,0,8,nearest,61,1,-11.020424466666555,1.0655403018373895,True,False,False
False,False,False,-19.0511474609375,1.5018279423560885,55.737464904785156,37.11308288574219,0.6833333333333333,0.6833333333333333,0.0,0,8,oracle,61,1,-11.020424466666555,1.0655403018373895,True,False,False
False,True,False,-42.63623046875,0.9874228760510794,117.43411254882812,118.9299087524414,0.6833333333333333,0.6833333333333333,0.0,0,8,nearest,61,2,3.944507799999883,1.0473523100451028,True,True,True
False,True,False,-35.142578125,0.985523191920957,117.20818328857422,118.9299087524414,0.6833333333333333,0.6833333333333333,0.0,0,8,oracle,61,2,3.944507799999883,1.0473523100451028,True,True,True
False,True,False,-42.125,1.0850589896614011,360.5106506347656,332.24981689453125,0.6833333333333333,0.6833333333333333,0.0,0,10,nearest,61,3,8.766797233333364,1.046168298655292,True,True,True
False,True,False,-41.8162841796875,1.052570541340342,349.71636962890625,332.24981689453125,0.6833333333333333,0.6833333333333333,0.0,0,10,oracle,61,3,8.766797233333364,1.046168298655292,True,True,True
False,True,False,-55.1893310546875,1.3907964687779006,114.85411834716797,82.58154296875,0.6833333333333333,0.6833333333333333,0.0,0,12,nearest,61,4,-5.415719766666598,1.086681591882506,True,False,False
False,True,False,-113.33251953125,1.4533050606940348,120.01617431640625,82.58154296875,0.6833333333333333,0.6833333333333333,0.0,0,12,oracle,61,4,-5.415719766666598,1.086681591882506,True,False,False
False,True,False,-72.3636474609375,0.9883110302186505,181.5371551513672,183.68423461914062,0.6833333333333333,0.6833333333333333,0.0,0,13,nearest,61,5,11.222080000000005,0.8127337646494677,True,True,True
False,True,False,-81.8995361328125,1.0301375734864715,189.22003173828125,183.68423461914062,0.6833333333333333,0.6833333333333333,0.0,0,13,oracle,61,5,11.222080000000005,0.8127337646494677,True,True,True
False,False,False,-28.6177978515625,2.732395525372639,105.37059783935547,38.56344985961914,0.6833333333333333,0.6833333333333333,0.0,0,14,nearest,61,6,-4.406086033333395,1.0676184019670558,True,False,False
False,False,False,-13.6361083984375,1.6548506371982605,63.816749572753906,38.56344985961914,0.6833333333333333,0.6833333333333333,0.0,0,14,oracle,61,6,-4.406086033333395,1.0676184019670558,True,False,False
False,False,False,-8.2882080078125,1.6231295904270153,49.640655517578125,30.583297729492188,0.6833333333333333,0.6833333333333333,0.0,0,14,nearest,61,7,-4.151432533333264,1.002507324659881,True,False,False
False,False,False,-18.6876220703125,2.9031306082351658,88.78730773925781,30.583297729492188,0.6833333333333333,0.6833333333333333,0.0,0,14,oracle,61,7,-4.151432533333264,1.002507324659881,True,False,False
True,True,True,63.8822021484375,0.3990260041446754,85.06272888183594,213.1759033203125,0.6833333333333333,0.6833333333333333,0.0,0,14,nearest,61,8,6.304782766666676,3.9837846144343585,False,True,False
True,True,True,55.062744140625,0.6925409442736424,147.63304138183594,213.1759033203125,0.6833333333333333,0.6833333333333333,0.0,0,14,oracle,61,8,6.304782766666676,3.9837846144343585,False,True,False
False,True,False,-59.6605224609375,0.9897512095951476,189.19284057617188,191.15191650390625,0.6833333333333333,0.6833333333333333,0.0,0,13,nearest,61,9,-103.0977926999999,1.5715477663537436,False,False,False
False,True,False,-57.80029296875,1.1031459052893307,210.8684539794922,191.15191650390625,0.6833333333333333,0.6833333333333333,0.0,0,13,oracle,61,9,-103.0977926999999,1.5715477663537436,False,False,False
False,True,False,-56.5482177734375,1.0816922002845484,102.6867904663086,94.9316177368164,0.6833333333333333,0.6833333333333333,0.0,0,12,nearest,61,10,2.0773339000002125,1.1860263024282927,True,True,True
False,False,False,-63.90771484375,1.735801294186224,164.7824249267578,94.9316177368164,0.6833333333333333,0.6833333333333333,0.0,0,12,oracle,61,10,2.0773339000002125,1.1860263024282927,True,True,True
True,True,True,67.8388671875,1.2878247055017111,1114.6151123046875,865.502197265625,0.7666666666666667,0.75,0.01666666666666672,0,12,nearest,61,11,47.92111866666664,2.611581363556213,False,True,False
False,False,True,123.4970703125,1.9972635445518134,1728.635986328125,865.502197265625,0.7666666666666667,0.75,0.01666666666666672,0,12,oracle,61,11,47.92111866666664,2.611581363556213,False,True,False
False,True,False,-9.1279296875,1.249137704824743,42.20240783691406,33.78523254394531,0.6833333333333333,0.6833333333333333,0.0,0,12,nearest,61,12,-95.18273853333335,31.37893112765215,False,False,False
False,False,False,-20.943359375,2.1027742487068397,71.04271697998047,33.78523254394531,0.6833333333333333,0.6833333333333333,0.0,0,12,oracle,61,12,-95.18273853333335,31.37893112765215,False,False,False
False,True,False,-34.473388671875,0.9726391699162729,248.51907348632812,255.51004028320312,0.6833333333333333,0.6833333333333333,0.0,0,11,nearest,61,13,-45.40875316666643,1.099382534805502,True,False,False
False,True,False,-25.5145263671875,0.8765146067155383,223.95828247070312,255.51004028320312,0.6833333333333333,0.6833333333333333,0.0,0,11,oracle,61,13,-45.40875316666643,1.099382534805502,True,False,False
False,False,False,-54.2989501953125,6.573744441457281,318.7252197265625,48.48457717895508,0.6833333333333333,0.6833333333333333,0.0,0,10,nearest,61,14,-27.09851576666688,11.196674128159232,False,False,False
False,False,False,-65.9676513671875,5.0978458515267695,247.16690063476562,48.48457717895508,0.6833333333333333,0.6833333333333333,0.0,0,10,oracle,61,14,-27.09851576666688,11.196674128159232,False,False,False
False,True,False,-3.5966796875,1.1129573735611258,34.17686080932617,30.708148956298828,0.6833333333333333,0.6833333333333333,0.0,0,11,nearest,61,15,-38.87063473333342,1.228540231076628,True,False,False
False,True,False,-15.5948486328125,1.2485295263067864,38.340030670166016,30.708148956298828,0.6833333333333333,0.6833333333333333,0.0,0,11,oracle,61,15,-38.87063473333342,1.228540231076628,True,False,False
True,True,True,46.4100341796875,0.4541120826255899,132.0011444091797,290.6796569824219,0.6833333333333333,0.6833333333333333,0.0,0,11,nearest,61,16,-50.13599683333359,1.3620346213568262,True,False,False
False,True,False,-6.2276611328125,0.8497507766674005,247.00526428222656,290.6796569824219,0.6833333333333333,0.6833333333333333,0.0,0,11,oracle,61,16,-50.13599683333359,1.3620346213568262,True,False,False
True,True,True,30.5833740234375,0.731107118091206,430.05078125,588.2185668945312,0.6833333333333333,0.6833333333333333,0.0,0,11,nearest,61,17,-17.587031499999966,0.24121780353056163,True,False,False
True,True,True,19.0673828125,0.6240542417523945,367.0802917480469,588.2185668945312,0.6833333333333333,0.6833333333333333,0.0,0,11,oracle,61,17,-17.587031499999966,0.24121780353056163,True,False,False
True,True,True,45.0928955078125,0.9898165156645056,196.59146118164062,198.61404418945312,0.6833333333333333,0.6833333333333333,0.0,0,12,nearest,61,18,-30.752922433333424,0.6369879153571719,True,False,False
True,True,True,44.3316650390625,1.0307541964464748,204.72225952148438,198.61404418945312,0.6833333333333333,0.6833333333333333,0.0,0,12,oracle,61,18,-30.752922433333424,0.6369879153571719,True,False,False
True,True,True,27.614501953125,1.149162425595284,1139.3380126953125,991.4508056640625,0.8166666666666667,0.8,0.016666666666666607,0,11,nearest,61,19,14.439381199999843,1.7526646637146197,False,True,False
False,False,True,9.5244140625,1.6434075990231427,1629.3577880859375,991.4508056640625,0.8333333333333334,0.8,0.033333333333333326,0,11,oracle,61,19,14.439381199999843,1.7526646637146197,False,True,False
False,False,False,-14.9600830078125,1.64961867401874,93.66517639160156,56.7798957824707,0.6833333333333333,0.6833333333333333,0.0,0,9,nearest,61,20,-73.77189466666664,16.99290581328298,False,False,False
False,False,False,-60.0478515625,2.5668754004582883,145.74691772460938,56.7798957824707,0.6833333333333333,0.6833333333333333,0.0,0,9,oracle,61,20,-73.77189466666664,16.99290581328298,False,False,False
False,True,False,-19.29150390625,1.3025005232916842,38.90568923950195,29.869998931884766,0.6833333333333333,0.6833333333333333,0.0,0,9,nearest,61,21,-27.921950533333074,1.0526180136270402,True,False,False
False,True,False,-19.5137939453125,1.324073167096645,39.55006408691406,29.869998931884766,0.6833333333333333,0.6833333333333333,0.0,0,9,oracle,61,21,-27.921950533333074,1.0526180136270402,True,False,False
True,True,True,12.435546875,1.389214977666218,55.32735824584961,39.82634735107422,0.6833333333333333,0.6833333333333333,0.0,0,9,nearest,61,22,-36.642168099999935,1.7693759852962205,False,False,False
False,False,True,34.1614990234375,2.562817054553737,102.06764221191406,39.82634735107422,0.6833333333333333,0.6833333333333333,0.0,0,9,oracle,61,22,-36.642168099999935,1.7693759852962205,False,False,False
False,False,False,-36.1884765625,1.8716261710762436,58.30453872680664,31.15180778503418,0.6833333333333333,0.6833333333333333,0.0,0,9,nearest,61,23,-3.601908199999798,3.3006829731936347,False,False,False
False,False,False,-23.5491943359375,1.842518107586466,57.397769927978516,31.15180778503418,0.6833333333333333,0.6833333333333333,0.0,0,9,oracle,61,23,-3.601908199999798,3.3006829731936347,False,False,False
True,True,True,19.02587890625,0.9997147072458388,61.30268096923828,61.32017517089844,0.6833333333333333,0.6833333333333333,0.0,0,9,nearest,61,24,-56.879328433333285,5.3350454929380575,False,False,False
True,True,True,43.042724609375,1.3935505921224363,85.45276641845703,61.32017517089844,0.6833333333333333,0.6833333333333333,0.0,0,9,oracle,61,24,-56.879328433333285,5.3350454929380575,False,False,False
False,True,False,-19.6358642578125,1.2576610415625158,40.43069076538086,32.147525787353516,0.6833333333333333,0.6833333333333333,0.0,0,9,nearest,61,25,-37.21127363333335,1.0186678631748816,True,False,False
False,True,False,-19.83203125,1.2737960203296887,40.94939041137695,32.147525787353516,0.6833333333333333,0.6833333333333333,0.0,0,9,oracle,61,25,-37.21127363333335,1.0186678631748816,True,False,False
False,True,False,-0.376953125,1.037667167771452,163.38949584960938,157.45848083496094,0.6833333333333333,0.6833333333333333,0.0,0,8,nearest,61,26,-17.94265306666648,0.9495644715992411,True,False,False
False,True,False,-4.230712890625,1.1083179033566462,174.51405334472656,157.45848083496094,0.6833333333333333,0.6833333333333333,0.0,0,8,oracle,61,26,-17.94265306666648,0.9495644715992411,True,False,False
False,False,True,36.3936767578125,1.6099304917510229,54.871070861816406,34.082881927490234,0.6833333333333333,0.6833333333333333,0.0,0,8,nearest,61,27,-17.2229738333333,1.2573965022353393,True,False,False
True,True,True,43.032958984375,1.260589954383078,42.96453857421875,34.082881927490234,0.6833333333333333,0.6833333333333333,0.0,0,8,oracle,61,27,-17.2229738333333,1.2573965022353393,True,False,False
False,False,False,-27.9044189453125,2.332284916704409,144.6793975830078,62.033329010009766,0.6833333333333333,0.6833333333333333,0.0,0,8,nearest,61,28,-32.39956849999999,4.6131490903423575,False,False,False
False,False,False,-31.7822265625,2.6307382423632513,163.19345092773438,62.033329010009766,0.6833333333333333,0.6833333333333333,0.0,0,8,oracle,61,28,-32.39956849999999,4.6131490903423575,False,False,False
False,False,False,-50.96435546875,2.3388038795383554,166.12950134277344,71.03182220458984,0.6833333333333333,0.6833333333333333,0.0,0,7,nearest,61,29,-66.76301679999983,1.5705174396557517,False,False,False
False,False,False,-58.3291015625,2.3341516041993566,165.79904174804688,71.03182220458984,0.6833333333333333,0.6833333333333333,0.0,0,7,oracle,61,29,-66.76301679999983,1.5705174396557517,False,False,False
False,False,False,-22.00439453125,1.8419493595495768,127.60327911376953,69.27621459960938,0.6833333333333333,0.6833333333333333,0.0,0,7,nearest,61,30,7.1637543333336,1.012974949136309,True,True,True
False,False,False,-14.245849609375,1.5947163776192785,110.47591400146484,69.27621459960938,0.6833333333333333,0.6833333333333333,0.0,0,7,oracle,61,30,7.1637543333336,1.012974949136309,True,True,True
False,False,False,-27.589599609375,1.5357525224654962,127.33232879638672,82.9120101928711,0.6833333333333333,0.6833333333333333,0.0,0,7,nearest,61,31,2.0496886333332895,7.7891285847189895,False,True,False
False,False,False,-31.751708984375,1.619090157638738,134.2420196533203,82.9120101928711,0.6833333333333333,0.6833333333333333,0.0,0,7,oracle,61,31,2.0496886333332895,7.7891285847189895,False,True,False
False,True,False,-21.46728515625,1.1060545061175417,118.15304565429688,106.82389068603516,0.6833333333333333,0.6833333333333333,0.0,0,6,nearest,61,32,-56.851441466666756,3.3109342752800313,False,False,False
True,True,True,8.1363525390625,1.086292008618145,116.04193878173828,106.82389068603516,0.6833333333333333,0.6833333333333333,0.0,0,6,oracle,61,32,-56.851441466666756,3.3109342752800313,False,False,False
False,False,False,-31.156982421875,1.7658299334125573,54.456417083740234,30.838993072509766,0.6833333333333333,0.6833333333333333,0.0,0,7,nearest,61,33,-11.821652166666809,1.0841453968101904,True,False,False
False,False,False,-31.54052734375,1.985019526222385,61.21600341796875,30.838993072509766,0.6833333333333333,0.6833333333333333,0.0,0,7,oracle,61,33,-11.821652166666809,1.0841453968101904,True,False,False
False,False,False,-62.0125732421875,2.6210341080863655,179.71546936035156,68.5666275024414,0.6833333333333333,0.6833333333333333,0.0,0,6,nearest,61,34,-8.682782800000268,1.0177546226018037,True,False,False
False,False,False,-66.216552734375,2.642163129307184,181.16421508789062,68.5666275024414,0.6833333333333333,0.6833333333333333,0.0,0,6,oracle,61,34,-8.682782800000268,1.0177546226018037,True,False,False
False,False,False,-27.871826171875,2.161087664924832,630.255615234375,291.6381530761719,0.6833333333333333,0.6833333333333333,0.0,0,7,nearest,61,35,-16.628457000000026,3.3767118378265164,False,False,False
False,True,False,-52.45068359375,1.4457502245354135,421.63592529296875,291.6381530761719,0.6833333333333333,0.6833333333333333,0.0,0,7,oracle,61,35,-16.628457000000026,3.3767118378265164,False,False,False
False,True,False,-63.673583984375,1.3870787017536639,113.63719940185547,81.9255599975586,0.6833333333333333,0.6833333333333333,0.0,0,7,nearest,61,36,-44.98465003333331,1.1140342012415587,True,False,False
False,True,False,-73.6680908203125,1.422675439254091,116.55348205566406,81.9255599975586,0.6833333333333333,0.6833333333333333,0.0,0,7,oracle,61,36,-44.98465003333331,1.1140342012415587,True,False,False
False,False,True,119.9638671875,1.9071164399490381,1492.0556640625,782.3621215820312,0.9166666666666666,0.75,0.16666666666666663,0,8,nearest,61,37,0.09917043333325637,2.5722847242774254,False,True,False
False,False,True,119.50732421875,2.030629523394861,1588.6876220703125,782.3621215820312,0.9333333333333333,0.75,0.18333333333333335,0,8,oracle,61,37,0.09917043333325637,2.5722847242774254,False,True,False
False,False,False,-78.6429443359375,4.264793937161262,226.99244689941406,53.22471618652344,0.6833333333333333,0.6833333333333333,0.0,0,8,nearest,61,38,-68.57255936666684,4.023732566543321,False,False,False
False,False,False,-12.1712646484375,5.781578407945793,307.7228698730469,53.22471618652344,0.6833333333333333,0.6833333333333333,0.0,0,8,oracle,61,38,-68.57255936666684,4.023732566543321,False,False,False
False,False,False,-30.1573486328125,2.0379663878217755,60.99098205566406,29.9273738861084,0.6833333333333333,0.6833333333333333,0.0,0,8,nearest,61,39,-18.17676173333325,1.051860044920582,True,False,False
False,False,False,-28.8511962890625,1.7755023831840833,53.13612365722656,29.9273738861084,0.6833333333333333,0.6833333333333333,0.0,0,8,oracle,61,39,-18.17676173333325,1.051860044920582,True,False,False
False,True,False,-12.8414306640625,1.476775470677155,66.57807159423828,45.08340835571289,0.6833333333333333,0.6833333333333333,0.0,1,14,nearest,61,0,3.4481281000000763,0.9786908847684882,True,True,True
False,True,False,-1.568603515625,1.206177599316994,54.378597259521484,45.08340835571289,0.6833333333333333,0.6833333333333333,0.0,1,14,oracle,61,0,3.4481281000000763,0.9786908847684882,True,True,True
False,True,False,-19.748779296875,1.3301429996920537,49.36570739746094,37.11308288574219,0.6833333333333333,0.6833333333333333,0.0,1,14,nearest,61,1,-6.319989299999861,1.1073857394131859,True,False,False
False,True,False,-12.681640625,1.2091894189848629,44.876747131347656,37.11308288574219,0.6833333333333333,0.6833333333333333,0.0,1,14,oracle,61,1,-6.319989299999861,1.1073857394131859,True,False,False
False,True,False,-10.406005859375,1.4854329003120978,176.6623992919922,118.9299087524414,0.6833333333333333,0.6833333333333333,0.0,1,15,nearest,61,2,-19.635116200000084,1.0788918502212181,True,False,False
True,True,True,10.837890625,1.3212100730666,157.1313934326172,118.9299087524414,0.6833333333333333,0.6833333333333333,0.0,1,15,oracle,61,2,-19.635116200000084,1.0788918502212181,True,False,False
True,True,True,37.947265625,0.7647110881605326,254.0751190185547,332.24981689453125,0.6833333333333333,0.6833333333333333,0.0,1,14,nearest,61,3,24.516336533333288,1.787761589033308,False,True,False
True,True,True,40.7222900390625,0.9054760092666941,300.84423828125,332.24981689453125,0.6833333333333333,0.6833333333333333,0.0,1,14,oracle,61,3,24.516336533333288,1.787761589033308,False,True,False
False,True,False,-3.1265869140625,1.2307910623377698,101.640625,82.58154296875,0.6833333333333333,0.6833333333333333,0.0,1,13,nearest,61,4,-33.48885016666668,1.7026352756453578,False,False,False
True,True,True,12.361572265625,0.8559564336268012,70.68620300292969,82.58154296875,0.6833333333333333,0.6833333333333333,0.0,1,13,oracle,61,4,-33.48885016666668,1.7026352756453578,False,False,False
False,True,False,-21.1390380859375,1.470046594389567,270.0243835449219,183.68423461914062,0.6833333333333333,0.6833333333333333,0.0,1,12,nearest,61,5,22.7442529333332,1.1989609283232059,True,True,True
False,False,False,-13.6085205078125,1.5726423064430513,288.8695983886719,183.68423461914062,0.6833333333333333,0.6833333333333333,0.0,1,12,oracle,61,5,22.7442529333332,1.1989609283232059,True,True,True
False,False,False,-16.6051025390625,1.622133235969654,62.5550537109375,38.56344985961914,0.6833333333333333,0.6833333333333333,0.0,1,11,nearest,61,6,-19.056073166666692,2.0080631313398576,False,False,False
False,False,False,-19.733642578125,2.2516845832257166,86.83272552490234,38.56344985961914,0.6833333333333333,0.6833333333333333,0.0,1,11,oracle,61,6,-19.056073166666692,2.0080631313398576,False,False,False
False,False,False,-9.104248046875,1.7045342854163559,52.130279541015625,30.583297729492188,0.6833333333333333,0.6833333333333333,0.0,1,11,nearest,61,7,-0.8344759666665595,1.0314626403969775,True,False,False
False,False,False,-10.0135498046875,2.098277858631437,64.17225646972656,30.583297729492188,0.6833333333333333,0.6833333333333333,0.0,1,11,oracle,61,7,-0.8344759666665595,1.0314626403969775,True,False,False
True,True,True,15.04638671875,1.0335611769091533,220.33033752441406,213.1759033203125,0.6833333333333333,0.6833333333333333,0.0,1,11,nearest,61,8,-50.92870333333349,1.3329097552970448,True,False,False
True,True,True,28.9669189453125,0.8005498079694813,170.65792846679688,213.1759033203125,0.6833333333333333,0.6833333333333333,0.0,1,11,oracle,61,8,-50.92870333333349,1.3329097552970448,True,False,False
True,True,True,121.6558837890625,0.6952131547244058,132.89132690429688,191.15191650390625,0.6833333333333333,0.6833333333333333,0.0,1,11,nearest,61,9,-33.293167766666784,1.0196318536143703,True,False,False
True,True,True,131.163818359375,0.5597397753967086,106.99533081054688,191.15191650390625,0.6833333333333333,0.6833333333333333,0.0,1,11,oracle,61,9,-33.293167766666784,1.0196318536143703,True,False,False
True,True,True,21.0277099609375,0.9967575023043305,94.6238021850586,94.9316177368164,0.6833333333333333,0.6833333333333333,0.0,1,13,nearest,61,10,-11.779157099999793,1.336734935304769,True,False,False
True,True,True,23.9957275390625,0.9169417169357216,87.04676055908203,94.9316177368164,0.6833333333333333,0.6833333333333333,0.0,1,13,oracle,61,10,-11.779157099999793,1.336734935304769,True,False,False
False,False,True,100.777587890625,1.5544207958202554,1345.3546142578125,865.502197265625,0.8,0.75,0.050000000000000044,1,13,nearest,61,11,31.105822466666268,1.5061699189261621,False,True,False
True,True,True,103.515380859375,1.4807331082901258,1281.5777587890625,865.502197265625,0.8,0.75,0.050000000000000044,1,13,oracle,61,11,31.105822466666268,1.5061699189261621,False,True,False
False,True,False,-17.645263671875,1.304572885564612,44.07529830932617,33.78523254394531,0.6833333333333333,0.6833333333333333,0.0,1,14,nearest,61,12,-85.55362049999985,3.3584002352671476,False,False,False
False,True,False,-16.3638916015625,1.302547502449022,44.00687026977539,33.78523254394531,0.6833333333333333,0.6833333333333333,0.0,1,14,oracle,61,12,-85.55362049999985,3.3584002352671476,False,False,False
True,True,True,75.8609619140625,1.1651152282941655,297.6986389160156,255.51004028320312,0.6833333333333333,0.6833333333333333,0.0,1,14,nearest,61,13,-29.91805033333344,1.2880424811320659,True,False,False
True,True,True,75.8609619140625,1.1651152282941655,297.6986389160156,255.51004028320312,0.6833333333333333,0.6833333333333333,0.0,1,14,oracle,61,13,-29.91805033333344,1.2880424811320659,True,False,False
False,True,False,-5.469482421875,1.399373765779086,67.8480453491211,48.48457717895508,0.6833333333333333,0.6833333333333333,0.0,1,14,nearest,61,14,-35.370481000000154,3.8046501973316538,False,False,False
False,False,False,-14.8970947265625,1.9191020634950233,93.0468521118164,48.48457717895508,0.6833333333333333,0.6833333333333333,0.0,1,14,oracle,61,14,-35.370481000000154,3.8046501973316538,False,False,False
True,True,True,1.1204833984375,1.088417615149994,33.42329025268555,30.708148956298828,0.6833333333333333,0.6833333333333333,0.0,1,13,nearest,61,15,-11.390547266666772,1.100018360625012,True,False,False
True,True,True,3.0228271484375,1.0901541461650044,33.47661590576172,30.708148956298828,0.6833333333333333,0.6833333333333333,0.0,1,13,oracle,61,15,-11.390547266666772,1.100018360625012,True,False,False
True,True,True,3.473388671875,0.842804208423924,244.9860382080078,290.6796569824219,0.6833333333333333,0.6833333333333333,0.0,1,12,nearest,61,16,-0.68732910000017,0.9093997365983538,True,False,False
False,False,False,-16.97509765625,1.5916699553836848,462.66607666015625,290.6796569824219,0.6833333333333333,0.6833333333333333,0.0,1,12,oracle,61,16,-0.68732910000017,0.9093997365983538,True,False,False
False,True,False,-7.7056884765625,1.059773550323309,623.3784790039062,588.2185668945312,0.6833333333333333,0.6833333333333333,0.0,1,11,nearest,61,17,-20.935927999999876,1.7353209830302878,False,False,False
False,True,False,-7.7056884765625,1.059773550323309,623.3784790039062,588.2185668945312,0.6833333333333333,0.6833333333333333,0.0,1,11,oracle,61,17,-20.935927999999876,1.7353209830302878,False,False,False
True,True,True,49.4736328125,1.1386571678586273,226.15330505371094,198.61404418945312,0.6833333333333333,0.6833333333333333,0.0,1,12,nearest,61,18,-0.9273000333332675,1.2569709600724137,True,False,False
True,True,True,62.3629150390625,1.11498843379529,221.45236206054688,198.61404418945312,0.6833333333333333,0.6833333333333333,0.0,1,12,oracle,61,18,-0.9273000333332675,1.2569709600724137,True,False,False
True,True,True,22.903564453125,1.2574513679879191,1246.701171875,991.4508056640625,0.8666666666666667,0.8,0.06666666666666665,1,13,nearest,61,19,-6.1899474333336,1.3813967551739297,True,False,False
True,True,True,0.740966796875,1.2146646778211923,1204.2802734375,991.4508056640625,0.8833333333333333,0.8,0.08333333333333326,1,13,oracle,61,19,-6.1899474333336,1.3813967551739297,True,False,False
True,True,True,6.0369873046875,0.9377169243540382,53.24346923828125,56.7798957824707,0.6833333333333333,0.6833333333333333,0.0,1,15,nearest,61,20,-42.50288106666676,1.5399084752861967,False,False,False
True,True,True,11.6697998046875,0.9104741715027348,51.69662857055664,56.7798957824707,0.6833333333333333,0.6833333333333333,0.0,1,15,oracle,61,20,-42.50288106666676,1.5399084752861967,False,False,False
True,True,True,8.497802734375,1.0899819047715134,32.55775833129883,29.869998931884766,0.6833333333333333,0.6833333333333333,0.0,1,15,nearest,61,21,-9.65271843333312,1.0379183110557608,True,False,False
True,True,True,5.546875,1.0856927647565382,32.42964172363281,29.869998931884766,0.6833333333333333,0.6833333333333333,0.0,1,15,oracle,61,21,-9.65271843333312,1.0379183110557608,True,False,False
True,True,True,37.2247314453125,1.3487708805105785,53.716617584228516,39.82634735107422,0.6833333333333333,0.6833333333333333,0.0,1,15,nearest,61,22,-7.396650433333207,1.3626024051621788,True,False,False
False,False,True,36.571533203125,1.7262299959062235,68.74943542480469,39.82634735107422,0.6833333333333333,0.6833333333333333,0.0,1,15,oracle,61,22,-7.396650433333207,1.3626024051621788,True,False,False
True,True,True,21.837646484375,1.0603427432106463,33.031593322753906,31.15180778503418,0.6833333333333333,0.6833333333333333,0.0,1,15,nearest,61,23,-9.766937199999802,1.0666916247028768,True,False,False
False,True,False,-5.255859375,1.2567929050013658,39.151371002197266,31.15180778503418,0.6833333333333333,0.6833333333333333,0.0,1,15,oracle,61,23,-9.766937199999802,1.0666916247028768,True,False,False
False,False,True,13.5579833984375,1.87149881839281,114.76063537597656,61.32017517089844,0.6833333333333333,0.6833333333333333,0.0,1,13,nearest,61,24,2.6033596666663925,0.9892806298684983,True,True,True
True,True,True,12.8026123046875,1.266706547101672,77.67466735839844,61.32017517089844,0.6833333333333333,0.6833333333333333,0.0,1,13,oracle,61,24,2.6033596666663925,0.9892806298684983,True,True,True
False,True,False,-3.0882568359375,1.120892847882965,36.033931732177734,32.147525787353516,0.6833333333333333,0.6833333333333333,0.0,1,14,nearest,61,25,2.7125330333333295,0.864369958726694,True,True,True
False,True,False,-8.4091796875,1.0277477397514097,33.039546966552734,32.147525787353516,0.6833333333333333,0.6833333333333333,0.0,1,14,oracle,61,25,2.7125330333333295,0.864369958726694,True,True,True
True,True,True,7.6297607421875,0.9124683999213505,143.67588806152344,157.45848083496094,0.6833333333333333,0.6833333333333333,0.0,1,14,nearest,61,26,6.041002800000115,1.0058314150685175,True,True,True
True,True,True,9.50830078125,0.8026317255825767,126.38117218017578,157.45848083496094,0.6833333333333333,0.6833333333333333,0.0,1,14,oracle,61,26,6.041002800000115,1.0058314150685175,True,True,True
True,True,True,32.1226806640625,1.086590111300723,37.034122467041016,34.082881927490234,0.6833333333333333,0.6833333333333333,0.0,1,14,nearest,61,27,-8.084932066666624,1.3697800725153892,True,False,False
True,True,True,24.40234375,1.0789602426425826,36.77407455444336,34.082881927490234,0.6833333333333333,0.6833333333333333,0.0,1,14,oracle,61,27,-8.084932066666624,1.3697800725153892,True,False,False
False,False,True,49.974365234375,1.510380886582032,93.69395446777344,62.033329010009766,0.6833333333333333,0.6833333333333333,0.0,1,14,nearest,61,28,-14.90404036666655,1.4842478424253867,True,False,False
True,True,True,27.908935546875,1.2992004201291811,80.5937271118164,62.033329010009766,0.6833333333333333,0.6833333333333333,0.0,1,14,oracle,61,28,-14.90404036666655,1.4842478424253867,True,False,False
True,True,True,21.0064697265625,1.1352110349384654,80.6361083984375,71.03182220458984,0.6833333333333333,0.6833333333333333,0.0,1,15,nearest,61,29,-20.467024966666713,1.0243031494338513,True,False,False
True,True,True,11.8189697265625,0.947565396239835,67.30729675292969,71.03182220458984,0.6833333333333333,0.6833333333333333,0.0,1,15,oracle,61,29,-20.467024966666713,1.0243031494338513,True,False,False
True,True,True,44.4296875,1.0589232230402683,73.35819244384766,69.27621459960938,0.6833333333333333,0.6833333333333333,0.0,1,15,nearest,61,30,-6.901203199999827,1.2699463911228557,True,False,False
True,True,True,36.656005859375,0.8400034162348466,58.192256927490234,69.27621459960938,0.6833333333333333,0.6833333333333333,0.0,1,15,oracle,61,30,-6.901203199999827,1.2699463911228557,True,False,False
False,False,True,7.80419921875,1.8057003841658061,149.71424865722656,82.9120101928711,0.6833333333333333,0.6833333333333333,0.0,1,16,nearest,61,31,2.4200235666664867,3.878668320885857,False,True,False
False,False,False,-33.563720703125,1.9428618121116439,161.08657836914062,82.9120101928711,0.6833333333333333,0.6833333333333333,0.0,1,16,oracle,61,31,2.4200235666664867,3.878668320885857,False,True,False
False,True,False,-5.483154296875,1.45123439636025,155.02650451660156,106.82389068603516,0.6833333333333333,0.6833333333333333,0.0,1,17,nearest,61,32,-1.505666066666663,1.820547511130409,False,False,False
False,False,False,-93.6683349609375,1.7983007824594024,192.1014862060547,106.82389068603516,0.6833333333333333,0.6833333333333333,0.0,1,17,oracle,61,32,-1.505666066666663,1.820547511130409,False,False,False
False,True,False,-20.14453125,1.044330357137335,32.20609664916992,30.838993072509766,0.6833333333333333,0.6833333333333333,0.0,1,18,nearest,61,33,-1.225533866666865,1.000398478862571,True,False,False
False,True,False,-21.9893798828125,1.0066026475902485,31.042612075805664,30.838993072509766,0.6833333333333333,0.6833333333333333,0.0,1,18,oracle,61,33,-1.225533866666865,1.000398478862571,True,False,False
False,True,False,-4.088134765625,1.22690715036388,84.12488555908203,68.5666275024414,0.6833333333333333,0.6833333333333333,0.0,1,18,nearest,61,34,-4.953867833333334,1.014918728519014,True,False,False
False,True,False,-16.8206787109375,1.0645960099764498,72.99575805664062,68.5666275024414,0.6833333333333333,0.6833333333333333,0.0,1,18,oracle,61,34,-4.953867833333334,1.014918728519014,True,False,False
True,True,True,56.441162109375,0.8174822964173011,238.40902709960938,291.6381530761719,0.6833333333333333,0.6833333333333333,0.0,1,19,nearest,61,35,-30.082883033333474,1.7228744587620148,False,False,False
True,True,True,73.1619873046875,0.5385169664849699,157.05209350585938,291.6381530761719,0.6833333333333333,0.6833333333333333,0.0,1,19,oracle,61,35,-30.082883033333474,1.7228744587620148,False,False,False
False,True,False,-24.2275390625,1.2338900743303292,101.0871353149414,81.9255599975586,0.6833333333333333,0.6833333333333333,0.0,1,19,nearest,61,36,-40.450298200000134,1.2156721488898028,True,False,False
False,True,False,-23.2711181640625,1.2600353673683178,103.2291030883789,81.9255599975586,0.6833333333333333,0.6833333333333333,0.0,1,19,oracle,61,36,-40.450298200000134,1.2156721488898028,True,False,False
True,True,True,40.085205078125,1.146510268468612,896.9862060546875,782.3621215820312,0.8333333333333334,0.75,0.08333333333333337,1,19,nearest,61,37,-36.545801799999936,1.8283143453535877,False,False,False
True,True,True,48.29296875,1.1446039196858908,895.4947509765625,782.3621215820312,0.7833333333333333,0.75,0.033333333333333326,1,19,oracle,61,37,-36.545801799999936,1.8283143453535877,False,False,False
True,True,True,30.39599609375,1.08823855728061,57.92118835449219,53.22471618652344,0.6833333333333333,0.6833333333333333,0.0,1,19,nearest,61,38,-30.054339400000117,0.9975625999799427,True,False,False
True,True,True,83.734619140625,0.8938073641071805,47.5726432800293,53.22471618652344,0.6833333333333333,0.6833333333333333,0.0,1,19,oracle,61,38,-30.054339400000117,0.9975625999799427,True,False,False
False,True,False,-6.93408203125,1.1335660804523076,33.92465591430664,29.9273738861084,0.6833333333333333,0.6833333333333333,0.0,1,19,nearest,61,39,-25.037725733333218,1.0068100884229216,True,False,False
False,True,False,-13.0501708984375,1.2006638640053897,35.932716369628906,29.9273738861084,0.6833333333333333,0.6833333333333333,0.0,1,19,oracle,61,39,-25.037725733333218,1.0068100884229216,True,False,False
False,True,False,-14.367431640625,1.375314902382694,62.003883361816406,45.08340835571289,0.6833333333333333,0.6833333333333333,0.0,2,10,nearest,61,0,14.864857233333396,0.9888759534831284,True,True,True
False,True,False,-8.5721435546875,1.2118105369237402,54.63254928588867,45.08340835571289,0.6833333333333333,0.6833333333333333,0.0,2,10,oracle,61,0,14.864857233333396,0.9888759534831284,True,True,True
False,True,False,-4.024658203125,1.1712508783045115,43.46873092651367,37.11308288574219,0.6833333333333333,0.6833333333333333,0.0,2,10,nearest,61,1,-8.178946266666571,1.4590337275020342,True,False,False
False,True,False,-1.90087890625,1.136306693040128,42.171844482421875,37.11308288574219,0.6833333333333333,0.6833333333333333,0.0,2,10,oracle,61,1,-8.178946266666571,1.4590337275020342,True,False,False
False,True,False,-56.050537109375,1.250688702053151,148.74429321289062,118.9299087524414,0.6833333333333333,0.6833333333333333,0.0,2,10,nearest,61,2,8.658684666666659,1.0096476911659797,True,True,True
False,True,False,-29.5516357421875,1.1144458170479667,132.5409393310547,118.9299087524414,0.6833333333333333,0.6833333333333333,0.0,2,10,oracle,61,2,8.658684666666659,1.0096476911659797,True,True,True
True,True,True,135.62548828125,0.18758958946325957,62.32660675048828,332.24981689453125,0.6833333333333333,0.6833333333333333,0.0,2,10,nearest,61,3,-38.467573999999786,0.7331626511156996,True,False,False
True,True,True,126.4256591796875,0.1575876592081573,52.35847091674805,332.24981689453125,0.6833333333333333,0.6833333333333333,0.0,2,10,oracle,61,3,-38.467573999999786,0.7331626511156996,True,False,False
True,True,True,0.1351318359375,1.094786942652563,90.40919494628906,82.58154296875,0.6833333333333333,0.6833333333333333,0.0,2,9,nearest,61,4,-1.006126466666501,0.9554225889021297,True,False,False
False,True,False,-3.1181640625,1.1206705057442041,92.54669952392578,82.58154296875,0.6833333333333333,0.6833333333333333,0.0,2,9,oracle,61,4,-1.006126466666501,0.9554225889021297,True,False,False
False,True,False,-31.430419921875,0.9972538467992421,183.1798095703125,183.68423461914062,0.6833333333333333,0.6833333333333333,0.0,2,9,nearest,61,5,6.722084966666671,0.7334992043767363,True,True,True
False,True,False,-23.5682373046875,1.0475390702554344,192.41641235351562,183.68423461914062,0.6833333333333333,0.6833333333333333,0.0,2,9,oracle,61,5,6.722084966666671,0.7334992043767363,True,True,True
True,True,True,4.8599853515625,1.2239662041727037,47.20035934448242,38.56344985961914,0.6833333333333333,0.6833333333333333,0.0,2,9,nearest,61,6,-1.052608699999837,0.9756900079793124,True,False,False
False,False,False,-0.104248046875,1.840098555995211,70.9605484008789,38.56344985961914,0.6833333333333333,0.6833333333333333,0.0,2,9,oracle,61,6,-1.052608699999837,0.9756900079793124,True,False,False
False,True,False,-0.36474609375,1.2268684388170075,37.52168273925781,30.583297729492188,0.6833333333333333,0.6833333333333333,0.0,2,9,nearest,61,7,-0.5745735000000423,1.0216392303745232,True,False,False
True,True,True,0.1466064453125,1.209873537337344,37.001922607421875,30.583297729492188,0.6833333333333333,0.6833333333333333,0.0,2,9,oracle,61,7,-0.5745735000000423,1.0216392303745232,True,False,False
True,True,True,16.1446533203125,0.8490101710036494,180.98851013183594,213.1759033203125,0.6833333333333333,0.6833333333333333,0.0,2,8,nearest,61,8,1.1110168666666596,0.7688685333342811,True,True,True
True,True,True,2.787109375,0.8558200679479391,182.44021606445312,213.1759033203125,0.6833333333333333,0.6833333333333333,0.0,2,8,oracle,61,8,1.1110168666666596,0.7688685333342811,True,True,True
True,True,True,103.2076416015625,0.39435938953322225,75.38255310058594,191.15191650390625,0.6833333333333333,0.6833333333333333,0.0,2,8,nearest,61,9,-29.776920333333237,1.076111669234759,True,False,False
True,True,True,101.0277099609375,0.3596288499418711,68.74374389648438,191.15191650390625,0.6833333333333333,0.6833333333333333,0.0,2,8,oracle,61,9,-29.776920333333237,1.076111669234759,True,False,False
True,True,True,6.6070556640625,1.397928630171302,132.70762634277344,94.9316177368164,0.6833333333333333,0.6833333333333333,0.0,2,8,nearest,61,10,-1.1674140666664243,1.4028551350186098,True,False,False
True,True,True,11.3060302734375,1.2019889773080614,114.10675811767578,94.9316177368164,0.6833333333333333,0.6833333333333333,0.0,2,8,oracle,61,10,-1.1674140666664243,1.4028551350186098,True,False,False
True,True,True,133.6806640625,1.1661009557707447,1009.262939453125,865.502197265625,0.8166666666666667,0.75,0.06666666666666665,2,7,nearest,61,11,38.19397696666647,1.7871974332038971,False,True,False
True,True,True,120.682373046875,1.1437496632673239,989.9178466796875,865.502197265625,0.8166666666666667,0.75,0.06666666666666665,2,7,oracle,61,11,38.19397696666647,1.7871974332038971,False,True,False
False,True,False,-16.1396484375,1.445800960097988,48.84672164916992,33.78523254394531,0.6833333333333333,0.6833333333333333,0.0,2,7,nearest,61,12,-86.21341653333343,8.740349515850887,False,False,False
False,True,False,-11.83740234375,1.1584265557557327,39.13771057128906,33.78523254394531,0.6833333333333333,0.6833333333333333,0.0,2,7,oracle,61,12,-86.21341653333343,8.740349515850887,False,False,False
True,True,True,73.397705078125,0.8376471310483194,214.02725219726562,255.51004028320312,0.6833333333333333,0.6833333333333333,0.0,2,8,nearest,61,13,-44.29535916666646,1.1049882170238865,True,False,False
True,True,True,79.6405029296875,0.8063089597641245,206.02003479003906,255.51004028320312,0.6833333333333333,0.6833333333333333,0.0,2,8,oracle,61,13,-44.29535916666646,1.1049882170238865,True,False,False
False,False,False,-44.880615234375,3.427837155184277,166.19723510742188,48.48457717895508,0.6833333333333333,0.6833333333333333,0.0,2,9,nearest,61,14,-10.156326333333482,1.9781608549217324,False,False,False
False,False,False,-23.8038330078125,2.9840261256916927,144.6792449951172,48.48457717895508,0.6833333333333333,0.6833333333333333,0.0,2,9,oracle,61,14,-10.156326333333482,1.9781608549217324,False,False,False
True,True,True,11.6513671875,1.1639121799035697,35.7415885925293,30.708148956298828,0.6833333333333333,0.6833333333333333,0.0,2,9,nearest,61,15,-15.659811333333437,1.2021197043840604,True,False,False
True,True,True,12.98193359375,1.1367444571443053,34.907318115234375,30.708148956298828,0.6833333333333333,0.6833333333333333,0.0,2,9,oracle,61,15,-15.659811333333437,1.2021197043840604,True,False,False
False,True,False,-39.9149169921875,0.9655705711427969,280.6717224121094,290.6796569824219,0.6833333333333333,0.6833333333333333,0.0,2,9,nearest,61,16,2.4453411999998025,0.7025707477495011,True,True,True
False,True,False,-41.6422119140625,0.9242567263318149,268.6626281738281,290.6796569824219,0.6833333333333333,0.6833333333333333,0.0,2,9,oracle,61,16,2.4453411999998025,0.7025707477495011,True,True,True
False,True,False,-48.254150390625,0.7938954422538175,466.9840393066406,588.2185668945312,0.6833333333333333,0.6833333333333333,0.0,2,9,nearest,61,17,-28.864946633333375,0.37000520117784774,True,False,False
False,True,False,-49.1644287109375,0.7862645764566755,462.49542236328125,588.2185668945312,0.6833333333333333,0.6833333333333333,0.0,2,9,oracle,61,17,-28.864946633333375,0.37000520117784774,True,False,False
True,True,True,8.21630859375,1.3262471795131823,263.41131591796875,198.61404418945312,0.6833333333333333,0.6833333333333333,0.0,2,9,nearest,61,18,18.83853453333336,3.162165578699149,False,True,False
True,True,True,28.5943603515625,1.1495499897436843,228.3167724609375,198.61404418945312,0.6833333333333333,0.6833333333333333,0.0,2,9,oracle,61,18,18.83853453333336,3.162165578699149,False,True,False
True,True,True,42.30712890625,1.0734165931520265,1064.23974609375,991.4508056640625,0.8666666666666667,0.8,0.06666666666666665,2,8,nearest,61,19,4.171389033333071,1.8535000314014007,False,True,False
True,True,True,18.5791015625,1.0849093784570605,1075.63427734375,991.4508056640625,0.85,0.8,0.04999999999999993,2,8,oracle,61,19,4.171389033333071,1.8535000314014007,False,True,False
False,True,False,-16.498046875,1.3582522607900602,77.12142181396484,56.7798957824707,0.6833333333333333,0.6833333333333333,0.0,2,8,nearest,61,20,-89.13107366666691,22.15800149968234,False,False,False
False,True,False,-20.5450439453125,1.2205055605126107,69.30017852783203,56.7798957824707,0.6833333333333333,0.6833333333333333,0.0,2,8,oracle,61,20,-89.13107366666691,22.15800149968234,False,False,False
True,True,True,15.7034912109375,1.146733797848623,34.25293731689453,29.869998931884766,0.6833333333333333,0.6833333333333333,0.0,2,8,nearest,61,21,-14.673009099999945,1.067307704305657,True,False,False
True,True,True,15.1304931640625,1.0970649562382562,32.76932907104492,29.869998931884766,0.6833333333333333,0.6833333333333333,0.0,2,8,oracle,61,21,-14.673009099999945,1.067307704305657,True,False,False
True,True,True,2.5604248046875,1.2732386943669292,50.70844650268555,39.82634735107422,0.6833333333333333,0.6833333333333333,0.0,2,7,nearest,61,22,-21.724714733333258,1.1555041282029777,True,False,False
True,True,True,6.27783203125,1.2270957807666836,48.87074279785156,39.82634735107422,0.6833333333333333,0.6833333333333333,0.0,2,7,oracle,61,22,-21.724714733333258,1.1555041282029777,True,False,False
True,True,True,35.8482666015625,1.2333657778080651,38.421573638916016,31.15180778503418,0.6833333333333333,0.6833333333333333,0.0,2,7,nearest,61,23,-19.39406096666653,1.0506975933694493,True,False,False
True,True,True,47.8497314453125,1.1690706130511772,36.418663024902344,31.15180778503418,0.6833333333333333,0.6833333333333333,0.0,2,7,oracle,61,23,-19.39406096666653,1.0506975933694493,True,False,False
False,False,True,31.33984375,3.091226743912614,189.5545654296875,61.32017517089844,0.6833333333333333,0.6833333333333333,0.0,2,8,nearest,61,24,-42.98126326666693,11.363455098026014,False,False,False
False,False,True,29.423095703125,2.8976653771052625,177.6853485107422,61.32017517089844,0.6833333333333333,0.6833333333333333,0.0,2,8,oracle,61,24,-42.98126326666693,11.363455098026014,False,False,False
True,True,True,10.7847900390625,1.0413107145709275,33.475563049316406,32.147525787353516,0.6833333333333333,0.6833333333333333,0.0,2,6,nearest,61,25,-27.826190100000076,1.0064872103530509,True,False,False
True,True,True,11.87841796875,1.0343922316106464,33.253150939941406,32.147525787353516,0.6833333333333333,0.6833333333333333,0.0,2,6,oracle,61,25,-27.826190100000076,1.0064872103530509,True,False,False
True,True,True,13.196044921875,1.0176387721566373,160.23585510253906,157.45848083496094,0.6833333333333333,0.6833333333333333,0.0,2,6,nearest,61,26,-45.50270499999988,1.021390187391,True,False,False
True,True,True,12.6407470703125,1.027644102996754,161.811279296875,157.45848083496094,0.6833333333333333,0.6833333333333333,0.0,2,6,oracle,61,26,-45.50270499999988,1.021390187391,True,False,False
True,True,True,19.43359375,1.3161177589697965,44.857086181640625,34.082881927490234,0.6833333333333333,0.6833333333333333,0.0,2,6,nearest,61,27,-17.631678899999997,1.6497134422268718,False,False,False
True,True,True,14.551025390625,1.1289188139219752,38.476806640625,34.082881927490234,0.6833333333333333,0.6833333333333333,0.0,2,6,oracle,61,27,-17.631678899999997,1.6497134422268718,False,False,False
False,True,False,-8.679443359375,1.0816206089597837,67.09652709960938,62.033329010009766,0.6833333333333333,0.6833333333333333,0.0,2,5,nearest,61,28,-24.5313662333333,1.0645985642535187,True,False,False
False,True,False,-11.6212158203125,1.080555035416115,67.03042602539062,62.033329010009766,0.6833333333333333,0.6833333333333333,0.0,2,5,oracle,61,28,-24.5313662333333,1.0645985642535187,True,False,False
False,False,False,-20.6778564453125,1.6633645830099901,118.15181732177734,71.03182220458984,0.6833333333333333,0.6833333333333333,0.0,2,5,nearest,61,29,-45.07626736666657,9.305726041134806,False,False,False
False,False,False,-20.6778564453125,1.6633645830099901,118.15181732177734,71.03182220458984,0.6833333333333333,0.6833333333333333,0.0,2,5,oracle,61,29,-45.07626736666657,9.305726041134806,False,False,False
False,False,False,-37.86474609375,2.5256598663549545,174.96815490722656,69.27621459960938,0.6833333333333333,0.6833333333333333,0.0,2,6,nearest,61,30,-12.067986766666536,12.60799169563128,False,False,False
False,False,False,-37.86474609375,2.5256598663549545,174.96815490722656,69.27621459960938,0.6833333333333333,0.6833333333333333,0.0,2,6,oracle,61,30,-12.067986766666536,12.60799169563128,False,False,False
False,False,True,2.455810546875,2.0651052874167366,171.22203063964844,82.9120101928711,0.6833333333333333,0.6833333333333333,0.0,2,6,nearest,61,31,-8.633197599999903,4.366150633090896,False,False,False
False,False,True,14.1822509765625,1.982997472358493,164.414306640625,82.9120101928711,0.6833333333333333,0.6833333333333333,0.0,2,6,oracle,61,31,-8.633197599999903,4.366150633090896,False,False,False
False,True,False,-53.748291015625,1.4367783558775087,153.4822540283203,106.82389068603516,0.6833333333333333,0.6833333333333333,0.0,2,6,nearest,61,32,12.766447666666636,0.9289147841604405,True,True,True
False,False,False,-46.4224853515625,1.5118540917512338,161.50213623046875,106.82389068603516,0.6833333333333333,0.6833333333333333,0.0,2,6,oracle,61,32,12.766447666666636,0.9289147841604405,True,True,True
True,True,True,4.971923828125,1.1014748788911584,33.96837615966797,30.838993072509766,0.6833333333333333,0.6833333333333333,0.0,2,6,nearest,61,33,-7.500190633333432,1.036624119007333,True,False,False
True,True,True,0.7601318359375,1.1163147089460417,34.426021575927734,30.838993072509766,0.6833333333333333,0.6833333333333333,0.0,2,6,oracle,61,33,-7.500190633333432,1.036624119007333,True,False,False
False,False,False,-31.416259765625,2.348227945075004,161.01007080078125,68.5666275024414,0.6833333333333333,0.6833333333333333,0.0,2,6,nearest,61,34,-9.860398600000053,1.0946524696915816,True,False,False
False,True,False,-32.76416015625,1.481297828625601,101.56759643554688,68.5666275024414,0.6833333333333333,0.6833333333333333,0.0,2,6,oracle,61,34,-9.860398600000053,1.0946524696915816,True,False,False
True,True,True,17.3890380859375,0.8684864978952846,253.28379821777344,291.6381530761719,0.6833333333333333,0.6833333333333333,0.0,2,5,nearest,61,35,-14.078193633333512,1.826340975315445,False,False,False
True,True,True,17.19921875,0.63776669433748,185.99710083007812,291.6381530761719,0.6833333333333333,0.6833333333333333,0.0,2,5,oracle,61,35,-14.078193633333512,1.826340975315445,False,False,False
False,False,False,-30.5020751953125,1.6179225335618892,132.54920959472656,81.9255599975586,0.6833333333333333,0.6833333333333333,0.0,2,5,nearest,61,36,-23.22838569999999,2.573781231312626,False,False,False
False,True,False,-26.23291015625,1.4438756519164806,118.29032135009766,81.9255599975586,0.6833333333333333,0.6833333333333333,0.0,2,5,oracle,61,36,-23.22838569999999,2.573781231312626,False,False,False
True,True,True,78.823974609375,1.087341059262436,850.6944580078125,782.3621215820312,0.7333333333333333,0.75,-0.01666666666666672,2,5,nearest,61,37,-3.164002966666885,2.213693869180355,False,False,False
True,True,True,61.532958984375,0.9226306833062092,721.831298828125,782.3621215820312,0.7166666666666667,0.75,-0.033333333333333326,2,5,oracle,61,37,-3.164002966666885,2.213693869180355,False,False,False
False,True,False,-34.438232421875,1.4448831538916929,76.90349578857422,53.22471618652344,0.6833333333333333,0.6833333333333333,0.0,2,4,nearest,61,38,-72.95921653333335,1.0346444077483639,True,False,False
False,True,False,-24.8154296875,1.4283511102637942,76.0235824584961,53.22471618652344,0.6833333333333333,0.6833333333333333,0.0,2,4,oracle,61,38,-72.95921653333335,1.0346444077483639,True,False,False
True,True,True,9.48681640625,1.0496624627172397,31.41364097595215,29.9273738861084,0.6833333333333333,0.6833333333333333,0.0,2,4,nearest,61,39,-24.06741783333314,1.0546426384497067,True,False,False
True,True,True,14.140869140625,1.0462662812035488,31.312002182006836,29.9273738861084,0.6833333333333333,0.6833333333333333,0.0,2,4,oracle,61,39,-24.06741783333314,1.0546426384497067,True,False,False
False,True,False,-1.7523193359375,1.264178529227231,56.99347686767578,45.08340835571289,0.6833333333333333,0.6833333333333333,0.0,3,7,nearest,61,0,6.520652366666809,1.0508762286389612,True,True,True
False,True,False,-2.4462890625,1.4774970607136617,66.61060333251953,45.08340835571289,0.6833333333333333,0.6833333333333333,0.0,3,7,oracle,61,0,6.520652366666809,1.0508762286389612,True,True,True
False,True,False,-5.97802734375,1.1813524594376466,43.843631744384766,37.11308288574219,0.6833333333333333,0.6833333333333333,0.0,3,7,nearest,61,1,0.29075673333341,1.0023046444548163,True,True,True
False,True,False,-12.9884033203125,1.366164688314449,50.70258331298828,37.11308288574219,0.6833333333333333,0.6833333333333333,0.0,3,7,oracle,61,1,0.29075673333341,1.0023046444548163,True,True,True
True,True,True,3.4998779296875,1.2051014149577175,143.32260131835938,118.9299087524414,0.6833333333333333,0.6833333333333333,0.0,3,7,nearest,61,2,12.621657799999866,0.9497429526478286,True,True,True
True,True,True,13.696533203125,1.1841612031422635,140.83218383789062,118.9299087524414,0.6833333333333333,0.6833333333333333,0.0,3,7,oracle,61,2,12.621657799999866,0.9497429526478286,True,True,True
False,True,False,-10.69140625,0.9250208640231494,307.3380126953125,332.24981689453125,0.6833333333333333,0.6833333333333333,0.0,3,6,nearest,61,3,-3.254433199999994,1.1539617222030372,True,False,False
True,True,True,7.8988037109375,0.8483362330789236,281.85955810546875,332.24981689453125,0.6833333333333333,0.6833333333333333,0.0,3,6,oracle,61,3,-3.254433199999994,1.1539617222030372,True,False,False
False,False,False,-9.401611328125,2.270278215483039,187.4830780029297,82.58154296875,0.6833333333333333,0.6833333333333333,0.0,3,5,nearest,61,4,-19.99570093333341,1.0901231770026032,True,False,False
False,False,False,-9.401611328125,2.270278215483039,187.4830780029297,82.58154296875,0.6833333333333333,0.6833333333333333,0.0,3,5,oracle,61,4,-19.99570093333341,1.0901231770026032,True,False,False
False,False,False,-25.1402587890625,1.5192533932328898,279.0628967285156,183.68423461914062,0.6833333333333333,0.6833333333333333,0.0,3,4,nearest,61,5,3.3277532666666048,0.8371502810063084,True,True,True
False,False,False,-25.1402587890625,1.5192533932328898,279.0628967285156,183.68423461914062,0.6833333333333333,0.6833333333333333,0.0,3,4,oracle,61,5,3.3277532666666048,0.8371502810063084,True,True,True
False,True,False,-20.198486328125,1.3700626668224327,52.83434295654297,38.56344985961914,0.6833333333333333,0.6833333333333333,0.0,3,4,nearest,61,6,-1.8871341999999913,1.0051582606606795,True,False,False
False,True,False,-20.198486328125,1.3700626668224327,52.83434295654297,38.56344985961914,0.6833333333333333,0.6833333333333333,0.0,3,4,oracle,61,6,-1.8871341999999913,1.0051582606606795,True,False,False
False,False,False,-8.40234375,1.6123083938737928,49.30970764160156,30.583297729492188,0.6833333333333333,0.6833333333333333,0.0,3,4,nearest,61,7,-0.8070668000000296,0.9931772391523623,True,False,False
False,True,False,-6.9210205078125,1.4640521636655461,44.775543212890625,30.583297729492188,0.6833333333333333,0.6833333333333333,0.0,3,4,oracle,61,7,-0.8070668000000296,0.9931772391523623,True,False,False
False,False,False,-8.3662109375,1.6390065319580356,349.3966979980469,213.1759033203125,0.7,0.6833333333333333,0.016666666666666607,3,4,nearest,61,8,6.381240733333243,0.873970676041242,True,True,True
False,False,False,-8.1773681640625,1.6865722366301579,359.53656005859375,213.1759033203125,0.7166666666666667,0.6833333333333333,0.033333333333333326,3,4,oracle,61,8,6.381240733333243,0.873970676041242,True,True,True
True,True,True,4.4722900390625,1.0715469981956254,204.82826232910156,191.15191650390625,0.6833333333333333,0.6833333333333333,0.0,3,4,nearest,61,9,-15.466190333333316,0.9601287930471871,True,False,False
True,True,True,3.4166259765625,1.0805853951982753,206.55596923828125,191.15191650390625,0.6833333333333333,0.6833333333333333,0.0,3,4,oracle,61,9,-15.466190333333316,0.9601287930471871,True,False,False
True,True,True,32.5888671875,0.7200227889418179,68.3529281616211,94.9316177368164,0.6833333333333333,0.6833333333333333,0.0,3,4,nearest,61,10,2.2381830333335984,1.2621237654172879,True,True,True
True,True,True,32.5888671875,0.7200227889418179,68.3529281616211,94.9316177368164,0.6833333333333333,0.6833333333333333,0.0,3,4,oracle,61,10,2.2381830333335984,1.2621237654172879,True,True,True
False,True,False,-1.3564453125,1.2059588214370438,1043.760009765625,865.502197265625,0.75,0.75,0.0,3,4,nearest,61,11,27.00026949999983,1.6140110014926514,False,True,False
True,True,True,0.015380859375,1.2338933180107625,1067.9373779296875,865.502197265625,0.7666666666666667,0.75,0.01666666666666672,3,4,oracle,61,11,27.00026949999983,1.6140110014926514,False,True,False
False,True,False,-9.078369140625,1.3607507895810083,45.97328186035156,33.78523254394531,0.6833333333333333,0.6833333333333333,0.0,3,4,nearest,61,12,-62.29991323333343,4.342624535128006,False,False,False
False,True,False,-4.7691650390625,1.3245822661437872,44.751319885253906,33.78523254394531,0.6833333333333333,0.6833333333333333,0.0,3,4,oracle,61,12,-62.29991323333343,4.342624535128006,False,False,False
True,True,True,33.0118408203125,0.9017254951984179,230.39991760253906,255.51004028320312,0.6833333333333333,0.6833333333333333,0.0,3,5,nearest,61,13,-6.58969263333347,0.6357676430500306,True,False,False
True,True,True,47.8719482421875,0.9294347853038374,237.47991943359375,255.51004028320312,0.6833333333333333,0.6833333333333333,0.0,3,5,oracle,61,13,-6.58969263333347,0.6357676430500306,True,False,False
False,True,False,-24.03271484375,1.261690750570754,61.172542572021484,48.48457717895508,0.6833333333333333,0.6833333333333333,0.0,3,5,nearest,61,14,-14.776954933333627,6.87986470907451,False,False,False
False,False,False,-34.5838623046875,1.6645493476326916,80.70497131347656,48.48457717895508,0.6833333333333333,0.6833333333333333,0.0,3,5,oracle,61,14,-14.776954933333627,6.87986470907451,False,False,False
False,True,False,-10.1207275390625,1.2861551931271185,39.495445251464844,30.708148956298828,0.6833333333333333,0.6833333333333333,0.0,3,5,nearest,61,15,3.6805031333331044,1.0122646991772664,True,True,True
False,True,False,-10.1207275390625,1.2861551931271185,39.495445251464844,30.708148956298828,0.6833333333333333,0.6833333333333333,0.0,3,5,oracle,61,15,3.6805031333331044,1.0122646991772664,True,True,True
False,False,False,-17.6358642578125,1.967704536413735,571.9716796875,290.6796569824219,0.75,0.6833333333333333,0.06666666666666665,3,5,nearest,61,16,-17.03120110000009,1.8712589986632386,False,False,False
False,False,False,-29.8199462890625,2.093553054275852,608.5532836914062,290.6796569824219,0.75,0.6833333333333333,0.06666666666666665,3,5,oracle,61,16,-17.03120110000009,1.8712589986632386,False,False,False
True,True,True,42.9698486328125,0.9361830241498383,550.6802368164062,588.2185668945312,0.6833333333333333,0.6833333333333333,0.0,3,6,nearest,61,17,-12.644774433333396,0.9655348297933251,True,False,False
True,True,True,23.91943359375,1.029778031835024,605.7345581054688,588.2185668945312,0.75,0.6833333333333333,0.06666666666666665,3,6,oracle,61,17,-12.644774433333396,0.9655348297933251,True,False,False
False,False,True,6.3380126953125,1.6832799006174533,334.3230285644531,198.61404418945312,0.7166666666666667,0.6833333333333333,0.033333333333333326,3,6,nearest,61,18,2.115690633333543,0.6103568862407378,True,True,True
False,False,True,36.065673828125,1.6538114697108333,328.4701843261719,198.61404418945312,0.7166666666666667,0.6833333333333333,0.033333333333333326,3,6,oracle,61,18,2.115690633333543,0.6103568862407378,True,True,True
False,True,False,-14.198974609375,1.1800017606576734,1169.9136962890625,991.4508056640625,0.8666666666666667,0.8,0.06666666666666665,3,6,nearest,61,19,40.68051859999969,1.257015561923831,True,True,True
True,True,True,40.048095703125,1.3086414432960496,1297.45361328125,991.4508056640625,0.8833333333333333,0.8,0.08333333333333326,3,6,oracle,61,19,40.68051859999969,1.257015561923831,True,True,True
False,False,False,-24.0584716796875,1.5899262783878192,90.27584838867188,56.7798957824707,0.6833333333333333,0.6833333333333333,0.0,3,6,nearest,61,20,-39.98266666666677,1.8389205966549216,False,False,False
False,True,False,-12.8970947265625,1.4583719221104303,82.80620574951172,56.7798957824707,0.6833333333333333,0.6833333333333333,0.0,3,6,oracle,61,20,-39.98266666666677,1.8389205966549216,False,False,False
True,True,True,5.162841796875,1.2455050872635975,37.2032356262207,29.869998931884766,0.6833333333333333,0.6833333333333333,0.0,3,8,nearest,61,21,-5.281077933333108,1.0159880124725968,True,False,False
True,True,True,3.0211181640625,1.2507316186053532,37.359352111816406,29.869998931884766,0.6833333333333333,0.6833333333333333,0.0,3,8,oracle,61,21,-5.281077933333108,1.0159880124725968,True,False,False
True,True,True,13.364501953125,1.496657930595069,59.60641860961914,39.82634735107422,0.6833333333333333,0.6833333333333333,0.0,3,8,nearest,61,22,-2.7483766666666725,1.06144767711277,True,False,False
False,False,True,16.28369140625,1.65320867206284,65.84126281738281,39.82634735107422,0.6833333333333333,0.6833333333333333,0.0,3,8,oracle,61,22,-2.7483766666666725,1.06144767711277,True,False,False
True,True,True,35.017578125,1.249314328059254,38.918399810791016,31.15180778503418,0.6833333333333333,0.6833333333333333,0.0,3,9,nearest,61,23,-19.72016606666648,0.9990774433561979,True,False,False
True,True,True,44.0111083984375,1.2574572238366906,39.17206573486328,31.15180778503418,0.6833333333333333,0.6833333333333333,0.0,3,9,oracle,61,23,-19.72016606666648,0.9990774433561979,True,False,False
True,True,True,27.888671875,1.2581233783539316,77.14834594726562,61.32017517089844,0.6833333333333333,0.6833333333333333,0.0,3,9,nearest,61,24,7.082139666666535,1.0418341960635213,True,True,True
False,False,True,15.41015625,1.753554464041542,107.52826690673828,61.32017517089844,0.6833333333333333,0.6833333333333333,0.0,3,9,oracle,61,24,7.082139666666535,1.0418341960635213,True,True,True
False,False,False,-58.6893310546875,2.09969573816276,67.5000228881836,32.147525787353516,0.6833333333333333,0.6833333333333333,0.0,3,8,nearest,61,25,-3.267896900000096,0.865005268792262,True,False,False
False,False,False,-56.1220703125,2.280434460414931,73.3103256225586,32.147525787353516,0.6833333333333333,0.6833333333333333,0.0,3,8,oracle,61,25,-3.267896900000096,0.865005268792262,True,False,False
False,False,True,32.77734375,3.8904926632386876,612.591064453125,157.45848083496094,0.6833333333333333,0.6833333333333333,0.0,3,9,nearest,61,26,3.4722998000002008,20.097426654453756,False,True,False
False,False,True,32.77734375,3.8904926632386876,612.591064453125,157.45848083496094,0.6833333333333333,0.6833333333333333,0.0,3,9,oracle,61,26,3.4722998000002008,20.097426654453756,False,True,False
True,True,True,2.08984375,1.439802888157676,49.0726318359375,34.082881927490234,0.6833333333333333,0.6833333333333333,0.0,3,10,nearest,61,27,5.216848566666613,0.8748319793327064,True,True,True
False,False,True,5.3065185546875,1.6069242093370923,54.76860809326172,34.082881927490234,0.6833333333333333,0.6833333333333333,0.0,3,10,oracle,61,27,5.216848566666613,0.8748319793327064,True,True,True
False,False,False,-64.858642578125,4.906771846548309,304.3833923339844,62.033329010009766,0.6833333333333333,0.6833333333333333,0.0,3,10,nearest,61,28,-7.904399600000033,1.1713500376574482,True,False,False
False,False,False,-64.081298828125,4.650194429660186,288.467041015625,62.033329010009766,0.6833333333333333,0.6833333333333333,0.0,3,10,oracle,61,28,-7.904399600000033,1.1713500376574482,True,False,False
True,True,True,47.5877685546875,1.0586961749712656,75.20111846923828,71.03182220458984,0.6833333333333333,0.6833333333333333,0.0,3,10,nearest,61,29,-47.583690199999864,2.7681152800109965,False,False,False
True,True,True,56.6226806640625,0.81090091461237,57.599769592285156,71.03182220458984,0.6833333333333333,0.6833333333333333,0.0,3,10,oracle,61,29,-47.583690199999864,2.7681152800109965,False,False,False
False,False,True,6.33837890625,3.103677551482505,215.0110321044922,69.27621459960938,0.6833333333333333,0.6833333333333333,0.0,3,10,nearest,61,30,-5.588850866666462,10.629709330952833,False,False,False
False,False,True,10.460205078125,2.5475519626720726,176.48475646972656,69.27621459960938,0.6833333333333333,0.6833333333333333,0.0,3,10,oracle,61,30,-5.588850866666462,10.629709330952833,False,False,False
False,False,False,-103.258544921875,4.124611465640998,341.9798278808594,82.9120101928711,0.6833333333333333,0.6833333333333333,0.0,3,10,nearest,61,31,-6.416819400000122,2.589210838659513,False,False,False
False,False,False,-115.7386474609375,3.4238685217856677,283.87982177734375,82.9120101928711,0.6833333333333333,0.6833333333333333,0.0,3,10,oracle,61,31,-6.416819400000122,2.589210838659513,False,False,False
False,False,False,-83.6109619140625,1.8233857351230975,194.78115844726562,106.82389068603516,0.6833333333333333,0.6833333333333333,0.0,3,11,nearest,61,32,-4.2974644666667245,3.3059719949073743,False,False,False
False,False,False,-88.486328125,1.9139476779152929,204.45533752441406,106.82389068603516,0.6833333333333333,0.6833333333333333,0.0,3,11,oracle,61,32,-4.2974644666667245,3.3059719949073743,False,False,False
True,True,True,2.324462890625,1.1361347121943304,35.03725051879883,30.838993072509766,0.6833333333333333,0.6833333333333333,0.0,3,10,nearest,61,33,-2.5762052000002313,1.0019574874983512,True,False,False
True,True,True,0.51806640625,1.0227205790216713,31.5396728515625,30.838993072509766,0.6833333333333333,0.6833333333333333,0.0,3,10,oracle,61,33,-2.5762052000002313,1.0019574874983512,True,False,False
False,False,False,-39.0806884765625,2.1137001490458895,144.92929077148438,68.5666275024414,0.6833333333333333,0.6833333333333333,0.0,3,10,nearest,61,34,-35.24921160000031,4.122834988179906,False,False,False
False,False,False,-42.177734375,4.0383720561489636,276.8975524902344,68.5666275024414,0.6833333333333333,0.6833333333333333,0.0,3,10,oracle,61,34,-35.24921160000031,4.122834988179906,False,False,False
False,False,True,50.3883056640625,1.6225843018902832,473.2074890136719,291.6381530761719,0.6833333333333333,0.6833333333333333,0.0,3,10,nearest,61,35,30.88746083333308,11.844307956870596,False,True,False
False,False,True,50.3883056640625,1.6225843018902832,473.2074890136719,291.6381530761719,0.6833333333333333,0.6833333333333333,0.0,3,10,oracle,61,35,30.88746083333308,11.844307956870596,False,True,False
False,False,False,-43.73291015625,3.5197633260189116,288.35858154296875,81.9255599975586,0.6833333333333333,0.6833333333333333,0.0,3,9,nearest,61,36,-53.57331450000015,1.1560085683439654,True,False,False
False,False,False,-39.123291015625,3.2581774118011237,266.9280090332031,81.9255599975586,0.6833333333333333,0.6833333333333333,0.0,3,9,oracle,61,36,-53.57331450000015,1.1560085683439654,True,False,False
True,True,True,133.68115234375,1.3759478791947806,1076.489501953125,782.3621215820312,0.8,0.75,0.050000000000000044,3,9,nearest,61,37,58.098749566666356,4.17500831744961,False,True,False
False,False,True,132.54296875,1.522242283075007,1190.9447021484375,782.3621215820312,0.8166666666666667,0.75,0.06666666666666665,3,9,oracle,61,37,58.098749566666356,4.17500831744961,False,True,False
False,False,True,49.1939697265625,1.5401271739769247,81.97283172607422,53.22471618652344,0.6833333333333333,0.6833333333333333,0.0,3,9,nearest,61,38,-99.28486810000004,21.45485537228427,False,False,False
False,False,True,56.1968994140625,1.5372431112901306,81.81932830810547,53.22471618652344,0.6833333333333333,0.6833333333333333,0.0,3,9,oracle,61,38,-99.28486810000004,21.45485537228427,False,False,False
True,True,True,12.6890869140625,1.228796315339354,36.7746467590332,29.9273738861084,0.6833333333333333,0.6833333333333333,0.0,3,9,nearest,61,39,-9.270024766666438,1.0184595581769809,True,False,False
True,True,True,11.9205322265625,1.3024208245427522,38.97803497314453,29.9273738861084,0.6833333333333333,0.6833333333333333,0.0,3,9,oracle,61,39,-9.270024766666438,1.0184595581769809,True,False,False
False,False,False,-11.2464599609375,2.1087466984590484,95.06948852539062,45.08340835571289,0.6833333333333333,0.6833333333333333,0.0,4,12,nearest,61,0,9.70355890000019,0.9891706650867147,True,True,True
False,True,False,-11.37109375,1.3355581513316797,60.21151351928711,45.08340835571289,0.6833333333333333,0.6833333333333333,0.0,4,12,oracle,61,0,9.70355890000019,0.9891706650867147,True,True,True
False,False,False,-9.4609375,2.4991828530290765,92.75238037109375,37.11308288574219,0.6833333333333333,0.6833333333333333,0.0,4,13,nearest,61,1,-4.564158933333374,1.0514611212804694,True,False,False
False,True,False,-11.9410400390625,1.3535262512832804,50.2335319519043,37.11308288574219,0.6833333333333333,0.6833333333333333,0.0,4,13,oracle,61,1,-4.564158933333374,1.0514611212804694,True,False,False
True,True,True,21.4527587890625,1.2641679722865382,150.34738159179688,118.9299087524414,0.6833333333333333,0.6833333333333333,0.0,4,13,nearest,61,2,6.437456533333261,0.950851322590534,True,True,True
True,True,True,35.0006103515625,0.8570522493644465,101.92914581298828,118.9299087524414,0.6833333333333333,0.6833333333333333,0.0,4,13,oracle,61,2,6.437456533333261,0.950851322590534,True,True,True
True,True,True,5.9190673828125,0.994067599986112,330.2787780761719,332.24981689453125,0.6833333333333333,0.6833333333333333,0.0,4,13,nearest,61,3,2.073887133333301,0.9339094361139124,True,True,True
True,True,True,4.34423828125,0.8600365274256045,285.7469787597656,332.24981689453125,0.6833333333333333,0.6833333333333333,0.0,4,13,oracle,61,3,2.073887133333301,0.9339094361139124,True,True,True
False,False,False,-68.5001220703125,2.6917708290219777,222.29058837890625,82.58154296875,0.6833333333333333,0.6833333333333333,0.0,4,13,nearest,61,4,-3.34094836666668,1.1079364272889105,True,False,False
False,True,False,-10.6002197265625,0.9273953523092114,76.58573913574219,82.58154296875,0.6833333333333333,0.6833333333333333,0.0,4,13,oracle,61,4,-3.34094836666668,1.1079364272889105,True,False,False
True,True,True,23.3155517578125,0.578380751507942,106.23942565917969,183.68423461914062,0.6833333333333333,0.6833333333333333,0.0,4,14,nearest,61,5,-54.30783263333342,0.1931019612476346,True,False,False
True,True,True,42.974609375,0.47462445785944923,87.1810302734375,183.68423461914062,0.6833333333333333,0.6833333333333333,0.0,4,14,oracle,61,5,-54.30783263333342,0.1931019612476346,True,False,False
True,True,True,23.4610595703125,1.1034859712120977,42.55422592163086,38.56344985961914,0.6833333333333333,0.6833333333333333,0.0,4,14,nearest,61,6,-8.09107076666669,1.057512957012577,True,False,False
True,True,True,26.8045654296875,1.1081868484447348,42.73550796508789,38.56344985961914,0.6833333333333333,0.6833333333333333,0.0,4,14,oracle,61,6,-8.09107076666669,1.057512957012577,True,False,False
True,True,True,15.3984375,1.0623951320830591,32.491546630859375,30.583297729492188,0.6833333333333333,0.6833333333333333,0.0,4,14,nearest,61,7,-0.5768266333332122,1.020073546961594,True,False,False
True,True,True,15.8338623046875,1.0964978169511956,33.53451919555664,30.583297729492188,0.6833333333333333,0.6833333333333333,0.0,4,14,oracle,61,7,-0.5768266333332122,1.020073546961594,True,False,False
True,True,True,1.4998779296875,0.7728301438954795,164.74876403808594,213.1759033203125,0.6833333333333333,0.6833333333333333,0.0,4,13,nearest,61,8,-8.44530786666678,1.0038294640724634,True,False,False
False,True,False,-4.0303955078125,0.7331823697258891,156.29681396484375,213.1759033203125,0.6833333333333333,0.6833333333333333,0.0,4,13,oracle,61,8,-8.44530786666678,1.0038294640724634,True,False,False
True,True,True,47.1632080078125,0.8490571655640642,162.2989044189453,191.15191650390625,0.6833333333333333,0.6833333333333333,0.0,4,14,nearest,61,9,4.74318930000004,0.7575791532895725,True,True,True
True,True,True,47.1632080078125,0.8490571655640642,162.2989044189453,191.15191650390625,0.6833333333333333,0.6833333333333333,0.0,4,14,oracle,61,9,4.74318930000004,0.7575791532895725,True,True,True
True,True,True,75.5413818359375,0.5869624846408109,55.72129821777344,94.9316177368164,0.6833333333333333,0.6833333333333333,0.0,4,12,nearest,61,10,-52.77160439999966,1.3431286984268311,True,False,False
True,True,True,75.5413818359375,0.5869624846408109,55.72129821777344,94.9316177368164,0.6833333333333333,0.6833333333333333,0.0,4,12,oracle,61,10,-52.77160439999966,1.3431286984268311,True,False,False
False,True,False,-6.33642578125,0.9924912491816162,859.0033569335938,865.502197265625,0.75,0.75,0.0,4,12,nearest,61,11,-35.36827746666677,1.7282828843666336,False,False,False
False,True,False,-6.33642578125,0.9924912491816162,859.0033569335938,865.502197265625,0.75,0.75,0.0,4,12,oracle,61,11,-35.36827746666677,1.7282828843666336,False,False,False
True,True,True,9.4190673828125,1.0033017199836145,33.89678192138672,33.78523254394531,0.6833333333333333,0.6833333333333333,0.0,4,11,nearest,61,12,-2.60722039999996,1.0429211248812944,True,False,False
True,True,True,9.4190673828125,1.0033017199836145,33.89678192138672,33.78523254394531,0.6833333333333333,0.6833333333333333,0.0,4,11,oracle,61,12,-2.60722039999996,1.0429211248812944,True,False,False
True,True,True,106.4779052734375,0.6500011406317763,166.08181762695312,255.51004028320312,0.6833333333333333,0.6833333333333333,0.0,4,10,nearest,61,13,-34.679685800000016,0.6553859495487728,True,False,False
True,True,True,106.4779052734375,0.6500011406317763,166.08181762695312,255.51004028320312,0.6833333333333333,0.6833333333333333,0.0,4,10,oracle,61,13,-34.679685800000016,0.6553859495487728,True,False,False
True,True,True,27.421142578125,1.0975166603841828,53.21263122558594,48.48457717895508,0.6833333333333333,0.6833333333333333,0.0,4,11,nearest,61,14,-4.902121866666903,1.2057428888304358,True,False,False
True,True,True,24.57568359375,1.0371822339694574,50.2873420715332,48.48457717895508,0.6833333333333333,0.6833333333333333,0.0,4,11,oracle,61,14,-4.902121866666903,1.2057428888304358,True,False,False
True,True,True,0.48681640625,1.0447137792164605,32.08122634887695,30.708148956298828,0.6833333333333333,0.6833333333333333,0.0,4,11,nearest,61,15,-14.864381366666748,1.0518443151444175,True,False,False
True,True,True,1.78271484375,1.0450817314924787,32.092525482177734,30.708148956298828,0.6833333333333333,0.6833333333333333,0.0,4,11,oracle,61,15,-14.864381366666748,1.0518443151444175,True,False,False
True,True,True,10.07470703125,0.857253040974002,249.18601989746094,290.6796569824219,0.6833333333333333,0.6833333333333333,0.0,4,12,nearest,61,16,1.7115879000000405,0.8051629536396647,True,True,True
False,False,False,-13.57421875,2.0711610121206414,602.0443725585938,290.6796569824219,0.7166666666666667,0.6833333333333333,0.033333333333333326,4,12,oracle,61,16,1.7115879000000405,0.8051629536396647,True,True,True
True,True,True,120.4425048828125,0.3698148603359027,217.53196716308594,588.2185668945312,0.6833333333333333,0.6833333333333333,0.0,4,13,nearest,61,17,-50.00219579999998,0.26650789559915367,True,False,False
True,True,True,105.6744384765625,0.6825734564803084,401.50238037109375,588.2185668945312,0.7166666666666667,0.6833333333333333,0.033333333333333326,4,13,oracle,61,17,-50.00219579999998,0.26650789559915367,True,False,False
True,True,True,44.967041015625,0.9463154473943196,187.9515380859375,198.61404418945312,0.6833333333333333,0.6833333333333333,0.0,4,11,nearest,61,18,-21.29756793333354,2.0784104576233275,False,False,False
True,True,True,43.2689208984375,0.9441335026585753,187.51817321777344,198.61404418945312,0.6833333333333333,0.6833333333333333,0.0,4,11,oracle,61,18,-21.29756793333354,2.0784104576233275,False,False,False
False,True,False,-94.431396484375,0.8037059997180486,796.8349609375,991.4508056640625,0.7666666666666667,0.8,-0.033333333333333326,4,11,nearest,61,19,-44.17344233333324,0.9783901537557101,True,False,False
False,True,False,-84.240234375,0.9742712508610909,965.9420166015625,991.4508056640625,0.7833333333333333,0.8,-0.01666666666666672,4,11,oracle,61,19,-44.17344233333324,0.9783901537557101,True,False,False
True,True,True,21.87060546875,0.8565288918835011,48.63362121582031,56.7798957824707,0.6833333333333333,0.6833333333333333,0.0,4,11,nearest,61,20,-4.2913000333333,0.9055905652569832,True,False,False
True,True,True,10.0443115234375,0.922029944017636,52.35276412963867,56.7798957824707,0.6833333333333333,0.6833333333333333,0.0,4,11,oracle,61,20,-4.2913000333333,0.9055905652569832,True,False,False
True,True,True,9.3856201171875,1.152492241298831,34.42494201660156,29.869998931884766,0.6833333333333333,0.6833333333333333,0.0,4,9,nearest,61,21,-40.5414594333331,1.0867953504182348,True,False,False
True,True,True,8.5682373046875,1.133865994673727,33.86857604980469,29.869998931884766,0.6833333333333333,0.6833333333333333,0.0,4,9,oracle,61,21,-40.5414594333331,1.0867953504182348,True,False,False
False,True,False,-6.9337158203125,0.9971175944456439,39.711551666259766,39.82634735107422,0.6833333333333333,0.6833333333333333,0.0,4,9,nearest,61,22,-6.85482583333328,1.0708764778721944,True,False,False
False,True,False,-4.333740234375,1.062382677483023,42.310821533203125,39.82634735107422,0.6833333333333333,0.6833333333333333,0.0,4,9,oracle,61,22,-6.85482583333328,1.0708764778721944,True,False,False
True,True,True,15.163818359375,1.1412043665768887,35.55057907104492,31.15180778503418,0.6833333333333333,0.6833333333333333,0.0,4,8,nearest,61,23,-23.241722699999855,1.0862913330644095,True,False,False
True,True,True,27.0748291015625,1.197287815798653,37.29767990112305,31.15180778503418,0.6833333333333333,0.6833333333333333,0.0,4,8,oracle,61,23,-23.241722699999855,1.0862913330644095,True,False,False
True,True,True,17.4776611328125,1.3650396062984875,83.7044677734375,61.32017517089844,0.6833333333333333,0.6833333333333333,0.0,4,9,nearest,61,24,-35.671961333333456,1.406808281218942,True,False,False
False,False,True,25.176025390625,1.52586596242198,93.56636810302734,61.32017517089844,0.6833333333333333,0.6833333333333333,0.0,4,9,oracle,61,24,-35.671961333333456,1.406808281218942,True,False,False
False,False,False,-41.363525390625,1.6782971874321029,53.953102111816406,32.147525787353516,0.6833333333333333,0.6833333333333333,0.0,4,10,nearest,61,25,-22.91091930000016,1.0400081619463724,True,False,False
True,True,True,2.8353271484375,1.2395052449301263,39.84702682495117,32.147525787353516,0.6833333333333333,0.6833333333333333,0.0,4,10,oracle,61,25,-22.91091930000016,1.0400081619463724,True,False,False
True,True,True,25.4420166015625,0.9244066327241097,145.5556640625,157.45848083496094,0.6833333333333333,0.6833333333333333,0.0,4,10,nearest,61,26,-28.971422766666592,1.4650209870304676,True,False,False
True,True,True,25.3045654296875,1.1125018521301895,175.1728515625,157.45848083496094,0.6833333333333333,0.6833333333333333,0.0,4,10,oracle,61,26,-28.971422766666592,1.4650209870304676,True,False,False
False,False,True,2.0997314453125,1.816893337301417,61.92496109008789,34.082881927490234,0.6833333333333333,0.6833333333333333,0.0,4,9,nearest,61,27,-13.17687039999987,0.9279803455734223,True,False,False
False,False,True,6.8758544921875,1.7089091503916842,58.24454879760742,34.082881927490234,0.6833333333333333,0.6833333333333333,0.0,4,9,oracle,61,27,-13.17687039999987,0.9279803455734223,True,False,False
False,False,False,-36.6038818359375,1.7088475257607385,106.00550079345703,62.033329010009766,0.6833333333333333,0.6833333333333333,0.0,4,10,nearest,61,28,-21.047346166666784,1.495229712430905,True,False,False
False,True,False,-37.942138671875,1.358600118745528,84.27848815917969,62.033329010009766,0.6833333333333333,0.6833333333333333,0.0,4,10,oracle,61,28,-21.047346166666784,1.495229712430905,True,False,False
False,False,True,10.149658203125,1.9764980291146896,140.39425659179688,71.03182220458984,0.6833333333333333,0.6833333333333333,0.0,4,10,nearest,61,29,-50.34729853333329,4.791505670881415,False,False,False
False,False,True,12.0718994140625,1.93349138796318,137.33941650390625,71.03182220458984,0.6833333333333333,0.6833333333333333,0.0,4,10,oracle,61,29,-50.34729853333329,4.791505670881415,False,False,False
False,False,False,-11.005126953125,2.4790195604224237,171.73709106445312,69.27621459960938,0.6833333333333333,0.6833333333333333,0.0,4,10,nearest,61,30,-24.5204539333331,4.042213495532783,False,False,False
False,False,False,-3.7237548828125,2.588823647833984,179.34390258789062,69.27621459960938,0.6833333333333333,0.6833333333333333,0.0,4,10,oracle,61,30,-24.5204539333331,4.042213495532783,False,False,False
True,True,True,5.5767822265625,1.3534259162896,112.21526336669922,82.9120101928711,0.6833333333333333,0.6833333333333333,0.0,4,10,nearest,61,31,6.1626547999999275,1.013009697670062,True,True,True
False,False,False,-28.980224609375,1.7439489675722246,144.5943145751953,82.9120101928711,0.6833333333333333,0.6833333333333333,0.0,4,10,oracle,61,31,6.1626547999999275,1.013009697670062,True,True,True
False,False,True,2.926513671875,2.071466868014782,221.2821502685547,106.82389068603516,0.6833333333333333,0.6833333333333333,0.0,4,9,nearest,61,32,-43.717285533333325,4.582926936161971,False,False,False
False,False,True,3.63818359375,2.071863679212571,221.3245391845703,106.82389068603516,0.6833333333333333,0.6833333333333333,0.0,4,9,oracle,61,32,-43.717285533333325,4.582926936161971,False,False,False
True,True,True,3.90673828125,1.136034641155025,35.03416442871094,30.838993072509766,0.6833333333333333,0.6833333333333333,0.0,4,8,nearest,61,33,-42.57816563333358,1.0934640246234495,True,False,False
False,True,False,-7.5106201171875,1.195194561479181,36.85859680175781,30.838993072509766,0.6833333333333333,0.6833333333333333,0.0,4,8,oracle,61,33,-42.57816563333358,1.0934640246234495,True,False,False
False,False,True,7.53466796875,2.5421384830477685,174.3058624267578,68.5666275024414,0.6833333333333333,0.6833333333333333,0.0,4,9,nearest,61,34,-36.33475520000002,1.7994659799368702,False,False,False
False,False,False,-10.8746337890625,2.154425561342203,147.72169494628906,68.5666275024414,0.6833333333333333,0.6833333333333333,0.0,4,9,oracle,61,34,-36.33475520000002,1.7994659799368702,False,False,False
False,False,True,33.752197265625,1.5632138214404818,455.8927917480469,291.6381530761719,0.6833333333333333,0.6833333333333333,0.0,4,9,nearest,61,35,-8.309164000000237,8.207325833980887,False,False,False
False,False,True,29.5908203125,1.6836629571452595,491.0203552246094,291.6381530761719,0.6833333333333333,0.6833333333333333,0.0,4,9,oracle,61,35,-8.309164000000237,8.207325833980887,False,False,False
False,True,False,-36.2421875,1.4430247602309785,118.22061157226562,81.9255599975586,0.6833333333333333,0.6833333333333333,0.0,4,10,nearest,61,36,-27.703856466666593,1.922529519776395,False,False,False
False,True,False,-17.229736328125,1.21216025446476,99.3069076538086,81.9255599975586,0.6833333333333333,0.6833333333333333,0.0,4,10,oracle,61,36,-27.703856466666593,1.922529519776395,False,False,False
True,True,True,202.79296875,1.3350989969668958,1044.5308837890625,782.3621215820312,0.8666666666666667,0.75,0.1166666666666667,4,9,nearest,61,37,12.559847099999843,2.9351231327670257,False,True,False
True,True,True,177.30419921875,1.2780267246133454,999.8796997070312,782.3621215820312,0.8333333333333334,0.75,0.08333333333333337,4,9,oracle,61,37,12.559847099999843,2.9351231327670257,False,True,False
False,False,True,53.2982177734375,2.458179227581501,130.8358917236328,53.22471618652344,0.6833333333333333,0.6833333333333333,0.0,4,9,nearest,61,38,-83.5816304,1.657536107547187,False,False,False
False,False,True,54.238525390625,2.5875919366652953,137.72384643554688,53.22471618652344,0.6833333333333333,0.6833333333333333,0.0,4,9,oracle,61,38,-83.5816304,1.657536107547187,False,False,False
True,True,True,1.9810791015625,1.1877557229782003,35.546409606933594,29.9273738861084,0.6833333333333333,0.6833333333333333,0.0,4,9,nearest,61,39,-30.377666066666507,1.0881745585157203,True,False,False
True,True,True,1.9930419921875,1.371057112482197,41.03213882446289,29.9273738861084,0.6833333333333333,0.6833333333333333,0.0,4,9,oracle,61,39,-30.377666066666507,1.0881745585157203,True,False,False
False,False,False,-6.0504150390625,1.5401288420671422,69.43425750732422,45.08340835571289,0.6833333333333333,0.6833333333333333,0.0,5,8,nearest,61,0,10.358159533333492,1.0101921359863364,True,True,True
False,True,False,-18.9945068359375,1.3184073573753348,59.438297271728516,45.08340835571289,0.6833333333333333,0.6833333333333333,0.0,5,8,oracle,61,0,10.358159533333492,1.0101921359863364,True,True,True
False,True,False,-16.0111083984375,1.3329521351279456,49.46996307373047,37.11308288574219,0.6833333333333333,0.6833333333333333,0.0,5,8,nearest,61,1,1.1676817000000028,1.52894944454844,False,True,False
False,True,False,-16.9610595703125,1.16284906565668,43.15691375732422,37.11308288574219,0.6833333333333333,0.6833333333333333,0.0,5,8,oracle,61,1,1.1676817000000028,1.52894944454844,False,True,False
True,True,True,34.968505859375,0.7587616058396315,90.23944854736328,118.9299087524414,0.6833333333333333,0.6833333333333333,0.0,5,7,nearest,61,2,4.586766033333333,0.9715874892944493,True,True,True
True,True,True,2.1376953125,1.49865069374427,178.23439025878906,118.9299087524414,0.6833333333333333,0.6833333333333333,0.0,5,7,oracle,61,2,4.586766033333333,0.9715874892944493,True,True,True
True,True,True,17.21044921875,0.9771405991754325,324.65478515625,332.24981689453125,0.6833333333333333,0.6833333333333333,0.0,5,7,nearest,61,3,2.937068100000033,0.985430258148574,True,True,True
True,True,True,76.0577392578125,0.507323212422117,168.55804443359375,332.24981689453125,0.6833333333333333,0.6833333333333333,0.0,5,7,oracle,61,3,2.937068100000033,0.985430258148574,True,True,True
False,False,False,-25.3587646484375,3.543676497543266,292.64227294921875,82.58154296875,0.6833333333333333,0.6833333333333333,0.0,5,8,nearest,61,4,-5.3782341666667435,0.961279101538153,True,False,False
False,True,False,-27.600341796875,1.2745107042340962,105.25106048583984,82.58154296875,0.6833333333333333,0.6833333333333333,0.0,5,8,oracle,61,4,-5.3782341666667435,0.961279101538153,True,False,False
False,False,False,-26.8341064453125,2.541105655208163,466.76104736328125,183.68423461914062,0.6833333333333333,0.6833333333333333,0.0,5,8,nearest,61,5,6.876818133333245,0.7528070997822272,True,True,True
False,True,False,-24.38916015625,1.1833641664306072,217.36534118652344,183.68423461914062,0.6833333333333333,0.6833333333333333,0.0,5,8,oracle,61,5,6.876818133333245,0.7528070997822272,True,True,True
False,False,True,1.6414794921875,1.9047067827578843,73.45206451416016,38.56344985961914,0.6833333333333333,0.6833333333333333,0.0,5,8,nearest,61,6,-46.433630900000026,1.8857215794092748,False,False,False
False,False,False,-9.2681884765625,1.6203257693479896,62.4853515625,38.56344985961914,0.6833333333333333,0.6833333333333333,0.0,5,8,oracle,61,6,-46.433630900000026,1.8857215794092748,False,False,False
False,False,False,-10.3421630859375,1.6871138004307724,51.597503662109375,30.583297729492188,0.6833333333333333,0.6833333333333333,0.0,5,8,nearest,61,7,-0.2159790000000612,0.9853661390429498,True,False,False
False,True,False,-11.6339111328125,1.1765444365558768,35.982608795166016,30.583297729492188,0.6833333333333333,0.6833333333333333,0.0,5,8,oracle,61,7,-0.2159790000000612,0.9853661390429498,True,False,False
True,True,True,24.80224609375,0.8484565121165044,180.8704833984375,213.1759033203125,0.6833333333333333,0.6833333333333333,0.0,5,10,nearest,61,8,3.8440655999997944,1.016232300870289,True,True,True
False,True,False,-21.3426513671875,1.281593701559321,273.20489501953125,213.1759033203125,0.7,0.6833333333333333,0.016666666666666607,5,10,oracle,61,8,3.8440655999997944,1.016232300870289,True,True,True
False,False,True,14.9940185546875,1.699388185768526,324.84130859375,191.15191650390625,0.6833333333333333,0.6833333333333333,0.0,5,10,nearest,61,9,-7.170035299999881,1.9207614151897112,False,False,False
True,True,True,45.50927734375,1.1043186210759002,211.09262084960938,191.15191650390625,0.6833333333333333,0.6833333333333333,0.0,5,10,oracle,61,9,-7.170035299999881,1.9207614151897112,False,False,False
False,False,False,-22.4268798828125,5.2287454099240875,496.3732604980469,94.9316177368164,0.6833333333333333,0.6833333333333333,0.0,5,11,nearest,61,10,-47.837620866666384,2.329466824990565,False,False,False
False,False,False,-31.3226318359375,3.228660381357141,306.501953125,94.9316177368164,0.6833333333333333,0.6833333333333333,0.0,5,11,oracle,61,10,-47.837620866666384,2.329466824990565,False,False,False
True,True,True,144.8798828125,1.3306724752524401,1151.699951171875,865.502197265625,0.9,0.75,0.15000000000000002,5,12,nearest,61,11,68.0745165999997,3.34548452977546,False,True,False
True,True,True,129.333251953125,1.2612973636546476,1091.6556396484375,865.502197265625,0.9,0.75,0.15000000000000002,5,12,oracle,61,11,68.0745165999997,3.34548452977546,False,True,False
False,True,False,-22.9932861328125,1.1842685383865315,40.01078796386719,33.78523254394531,0.6833333333333333,0.6833333333333333,0.0,5,12,nearest,61,12,-169.04426336666666,13.630636800760838,False,False,False
False,True,False,-31.59814453125,1.3070377151673171,44.158573150634766,33.78523254394531,0.6833333333333333,0.6833333333333333,0.0,5,12,oracle,61,12,-169.04426336666666,13.630636800760838,False,False,False
True,True,True,63.1759033203125,1.238638322146184,316.4845275878906,255.51004028320312,0.6833333333333333,0.6833333333333333,0.0,5,12,nearest,61,13,-10.553793400000131,1.6789297320737735,False,False,False
False,False,True,95.3511962890625,1.772142618864282,452.80023193359375,255.51004028320312,0.6833333333333333,0.6833333333333333,0.0,5,12,oracle,61,13,-10.553793400000131,1.6789297320737735,False,False,False
False,False,False,-44.3880615234375,1.6484235450030806,79.9231185913086,48.48457717895508,0.6833333333333333,0.6833333333333333,0.0,5,11,nearest,61,14,-63.0910844,3.2305540070854177,False,False,False
False,False,False,-52.1614990234375,2.165184716435741,104.97806549072266,48.48457717895508,0.6833333333333333,0.6833333333333333,0.0,5,11,oracle,61,14,-63.0910844,3.2305540070854177,False,False,False
True,True,True,0.0294189453125,1.108799960049476,34.0491943359375,30.708148956298828,0.6833333333333333,0.6833333333333333,0.0,5,11,nearest,61,15,-14.218723000000182,1.0950187712597867,True,False,False
True,True,True,7.7640380859375,1.1620676980013682,35.6849479675293,30.708148956298828,0.6833333333333333,0.6833333333333333,0.0,5,11,oracle,61,15,-14.218723000000182,1.0950187712597867,True,False,False
False,True,False,-20.2288818359375,1.349986472428163,392.4136047363281,290.6796569824219,0.6833333333333333,0.6833333333333333,0.0,5,11,nearest,61,16,-2.3767571333335127,1.2171868766129346,True,False,False
False,False,False,-44.049560546875,2.635965535295519,766.2215576171875,290.6796569824219,0.7333333333333333,0.6833333333333333,0.04999999999999993,5,11,oracle,61,16,-2.3767571333335127,1.2171868766129346,True,False,False
True,True,True,40.253173828125,0.8253034825984218,485.4588317871094,588.2185668945312,0.7166666666666667,0.6833333333333333,0.033333333333333326,5,10,nearest,61,17,-13.031297666666433,0.8438415151281472,True,False,False
True,True,True,3.8602294921875,1.020187347734699,600.0931396484375,588.2185668945312,0.7333333333333333,0.6833333333333333,0.04999999999999993,5,10,oracle,61,17,-13.031297666666433,0.8438415151281472,True,False,False
False,False,True,18.0269775390625,1.766633247211012,350.878173828125,198.61404418945312,0.6833333333333333,0.6833333333333333,0.0,5,10,nearest,61,18,21.261369166666782,3.522139973323637,False,True,False
True,True,True,11.4931640625,1.265416932677851,251.32957458496094,198.61404418945312,0.6833333333333333,0.6833333333333333,0.0,5,10,oracle,61,18,21.261369166666782,3.522139973323637,False,True,False
True,True,True,112.286376953125,1.1425943106132568,1132.8260498046875,991.4508056640625,0.8666666666666667,0.8,0.06666666666666665,5,11,nearest,61,19,91.58255556666654,1.9305594615874493,False,True,False
True,True,True,90.107421875,1.3259809664286906,1314.6448974609375,991.4508056640625,0.8833333333333333,0.8,0.08333333333333326,5,11,oracle,61,19,91.58255556666654,1.9305594615874493,False,True,False
False,False,False,-4.2130126953125,1.638212856063979,93.0175552368164,56.7798957824707,0.6833333333333333,0.6833333333333333,0.0,5,11,nearest,61,20,-177.1502144333333,13.057928800727968,False,False,False
False,False,False,-12.2611083984375,1.580424990841149,89.73636627197266,56.7798957824707,0.6833333333333333,0.6833333333333333,0.0,5,11,oracle,61,20,-177.1502144333333,13.057928800727968,False,False,False
True,True,True,16.8577880859375,1.1676391569557054,34.87738037109375,29.869998931884766,0.6833333333333333,0.6833333333333333,0.0,5,11,nearest,61,21,-73.86984206666648,1.5059389716489209,False,False,False
True,True,True,10.1341552734375,1.1224399095762188,33.527278900146484,29.869998931884766,0.6833333333333333,0.6833333333333333,0.0,5,11,oracle,61,21,-73.86984206666648,1.5059389716489209,False,False,False
True,True,True,22.315673828125,1.0718284391601034,42.68701171875,39.82634735107422,0.6833333333333333,0.6833333333333333,0.0,5,12,nearest,61,22,-98.77908943333341,1.4359654229862806,True,False,False
True,True,True,10.6610107421875,1.0766890563222793,42.880592346191406,39.82634735107422,0.6833333333333333,0.6833333333333333,0.0,5,12,oracle,61,22,-98.77908943333341,1.4359654229862806,True,False,False
True,True,True,16.5517578125,1.076838545236041,33.545467376708984,31.15180778503418,0.6833333333333333,0.6833333333333333,0.0,5,12,nearest,61,23,-44.63783156666659,1.2169881773612927,True,False,False
True,True,True,29.167724609375,1.0563112769071323,32.906005859375,31.15180778503418,0.6833333333333333,0.6833333333333333,0.0,5,12,oracle,61,23,-44.63783156666659,1.2169881773612927,True,False,False
False,False,False,-15.719482421875,2.521815004383281,154.6381378173828,61.32017517089844,0.6833333333333333,0.6833333333333333,0.0,5,12,nearest,61,24,-40.45295050000027,17.38422593364399,False,False,False
False,False,False,-3.31396484375,2.898802566714087,177.7550811767578,61.32017517089844,0.6833333333333333,0.6833333333333333,0.0,5,12,oracle,61,24,-40.45295050000027,17.38422593364399,False,False,False
True,True,True,9.952392578125,1.3765018634124102,44.251129150390625,32.147525787353516,0.6833333333333333,0.6833333333333333,0.0,5,13,nearest,61,25,-38.92732893333323,1.1230725766257124,True,False,False
True,True,True,10.87451171875,1.2551376891312869,40.349571228027344,32.147525787353516,0.6833333333333333,0.6833333333333333,0.0,5,13,oracle,61,25,-38.92732893333323,1.1230725766257124,True,False,False
True,True,True,41.7315673828125,0.951111806255505,149.7606201171875,157.45848083496094,0.6833333333333333,0.6833333333333333,0.0,5,13,nearest,61,26,-17.588635699999713,6.582272981838261,False,False,False
True,True,True,36.1678466796875,0.7922141049901257,124.74082946777344,157.45848083496094,0.6833333333333333,0.6833333333333333,0.0,5,13,oracle,61,26,-17.588635699999713,6.582272981838261,False,False,False
True,True,True,47.8358154296875,1.147003852316992,39.093196868896484,34.082881927490234,0.6833333333333333,0.6833333333333333,0.0,5,13,nearest,61,27,-38.38878839999984,1.0716273853628824,True,False,False
True,True,True,47.8358154296875,1.147003852316992,39.093196868896484,34.082881927490234,0.6833333333333333,0.6833333333333333,0.0,5,13,oracle,61,27,-38.38878839999984,1.0716273853628824,True,False,False
False,True,False,-7.2562255859375,1.4251367249294584,88.40597534179688,62.033329010009766,0.6833333333333333,0.6833333333333333,0.0,5,13,nearest,61,28,-24.08931819999998,1.1366021453771404,True,False,False
False,False,False,-1.588134765625,1.534958935631745,95.21861267089844,62.033329010009766,0.6833333333333333,0.6833333333333333,0.0,5,13,oracle,61,28,-24.08931819999998,1.1366021453771404,True,False,False
True,True,True,10.7789306640625,1.0339724367132557,73.4449462890625,71.03182220458984,0.6833333333333333,0.6833333333333333,0.0,5,13,nearest,61,29,-66.30922296666654,13.740217730441543,False,False,False
True,True,True,15.970947265625,1.125521426147841,79.94783782958984,71.03182220458984,0.6833333333333333,0.6833333333333333,0.0,5,13,oracle,61,29,-66.30922296666654,13.740217730441543,False,False,False
False,False,False,-27.712890625,2.5082212099065964,173.76007080078125,69.27621459960938,0.6833333333333333,0.6833333333333333,0.0,5,12,nearest,61,30,-28.89872463333313,11.004355237600238,False,False,False
False,False,False,-0.5068359375,1.7951576247674603,124.36172485351562,69.27621459960938,0.6833333333333333,0.6833333333333333,0.0,5,12,oracle,61,30,-28.89872463333313,11.004355237600238,False,False,False
False,False,False,-159.49072265625,3.9417231818009077,326.8161926269531,82.9120101928711,0.6833333333333333,0.6833333333333333,0.0,5,11,nearest,61,31,-29.930995233333533,7.233008156816719,False,False,False
False,False,False,-124.281005859375,4.237073247129063,351.30426025390625,82.9120101928711,0.6833333333333333,0.6833333333333333,0.0,5,11,oracle,61,31,-29.930995233333533,7.233008156816719,False,False,False
False,False,False,-172.8172607421875,3.3202587043314487,354.6829528808594,106.82389068603516,0.6833333333333333,0.6833333333333333,0.0,5,11,nearest,61,32,-70.47462870000004,3.5493889520825457,False,False,False
False,False,False,-135.6632080078125,2.2502683082194554,240.38241577148438,106.82389068603516,0.6833333333333333,0.6833333333333333,0.0,5,11,oracle,61,32,-70.47462870000004,3.5493889520825457,False,False,False
True,True,True,3.6971435546875,1.053058803053886,32.47527313232422,30.838993072509766,0.6833333333333333,0.6833333333333333,0.0,5,11,nearest,61,33,-23.640904600000113,1.0485702340273968,True,False,False
True,True,True,5.3809814453125,1.064286798403366,32.821533203125,30.838993072509766,0.6833333333333333,0.6833333333333333,0.0,5,11,oracle,61,33,-23.640904600000113,1.0485702340273968,True,False,False
False,False,False,-25.6455078125,1.6003335868430144,109.72947692871094,68.5666275024414,0.6833333333333333,0.6833333333333333,0.0,5,11,nearest,61,34,-27.281965966666803,1.280712284788171,True,False,False
False,False,False,-62.2471923828125,1.531347427136366,104.99932861328125,68.5666275024414,0.6833333333333333,0.6833333333333333,0.0,5,11,oracle,61,34,-27.281965966666803,1.280712284788171,True,False,False
True,True,True,21.302734375,1.2395728767708423,361.5067443847656,291.6381530761719,0.6833333333333333,0.6833333333333333,0.0,5,10,nearest,61,35,15.529500266666446,0.8234962464296507,True,True,True
True,True,True,17.130859375,0.8893479646465159,259.3677978515625,291.6381530761719,0.6833333333333333,0.6833333333333333,0.0,5,10,oracle,61,35,15.529500266666446,0.8234962464296507,True,True,True
False,False,False,-72.7017822265625,2.4083892686512858,197.3086395263672,81.9255599975586,0.6833333333333333,0.6833333333333333,0.0,5,10,nearest,61,36,-42.31854483333336,2.9507447013138832,False,False,False
False,True,False,-46.6494140625,1.3417681840265365,109.92510986328125,81.9255599975586,0.6833333333333333,0.6833333333333333,0.0,5,10,oracle,61,36,-42.31854483333336,2.9507447013138832,False,False,False
True,True,True,70.582275390625,1.0491664170870514,820.8280639648438,782.3621215820312,0.8166666666666667,0.75,0.06666666666666665,5,10,nearest,61,37,-3.2705997666671465,3.2174143423309545,False,False,False
True,True,True,37.23046875,1.0319578668521943,807.36474609375,782.3621215820312,0.7833333333333333,0.75,0.033333333333333326,5,10,oracle,61,37,-3.2705997666671465,3.2174143423309545,False,False,False
True,True,True,44.243408203125,0.8118881579984719,43.21251678466797,53.22471618652344,0.6833333333333333,0.6833333333333333,0.0,5,11,nearest,61,38,-120.06233753333345,2.0132393697734945,False,False,False
True,True,True,68.80126953125,0.7680504768307419,40.879268646240234,53.22471618652344,0.6833333333333333,0.6833333333333333,0.0,5,11,oracle,61,38,-120.06233753333345,2.0132393697734945,False,False,False
True,True,True,12.67529296875,1.0439727369884688,31.243362426757812,29.9273738861084,0.6833333333333333,0.6833333333333333,0.0,5,11,nearest,61,39,-21.750783333333175,1.0226570402319173,True,False,False
True,True,True,15.688232421875,1.042522374754813,31.1999568939209,29.9273738861084,0.6833333333333333,0.6833333333333333,0.0,5,11,oracle,61,39,-21.750783333333175,1.0226570402319173,True,False,False
False,False,False,-93.256591796875,5.557533227976085,413.0706787109375,74.32626342773438,0.7333333333333333,0.7333333333333333,0.0,0,18,nearest,62,0,12.779539533333491,0.9477886052941774,True,True,True
False,False,False,-97.1365966796875,6.728164751472271,500.079345703125,74.32626342773438,0.7666666666666667,0.7333333333333333,0.03333333333333344,0,18,oracle,62,0,12.779539533333491,0.9477886052941774,True,True,True
True,True,True,27.0198974609375,0.4490769638600396,242.56887817382812,540.14990234375,0.7333333333333333,0.8333333333333334,-0.10000000000000009,0,18,nearest,62,1,17.171154200000046,2.5625786200411045,False,True,False
True,True,True,31.09521484375,0.5156886877648078,278.5491943359375,540.14990234375,0.7333333333333333,0.8333333333333334,-0.10000000000000009,0,18,oracle,62,1,17.171154200000046,2.5625786200411045,False,True,False
False,False,False,-107.906982421875,4.161568558173735,717.4751586914062,172.4049835205078,0.8333333333333334,0.7333333333333333,0.10000000000000009,0,17,nearest,62,2,-25.170744299999797,40.67323224001521,False,False,False
False,False,False,-112.2669677734375,3.7083223402128365,639.333251953125,172.4049835205078,0.8333333333333334,0.7333333333333333,0.10000000000000009,0,17,oracle,62,2,-25.170744299999797,40.67323224001521,False,False,False
False,True,False,-86.2547607421875,1.178913378108424,343.32171630859375,291.2187805175781,0.7333333333333333,0.7333333333333333,0.0,0,16,nearest,62,3,-46.97626593333348,0.8384138268166655,True,False,False
False,True,False,-189.3216552734375,1.4935500668210122,434.9498291015625,291.2187805175781,0.7666666666666667,0.7333333333333333,0.03333333333333344,0,16,oracle,62,3,-46.97626593333348,0.8384138268166655,True,False,False
False,False,False,-41.6368408203125,6.507521399503211,238.03387451171875,36.578269958496094,0.7333333333333333,0.7333333333333333,0.0,0,15,nearest,62,4,2.909559766666689,1.4445715105105974,True,True,True
False,False,False,-24.45703125,2.1467634965637945,78.52489471435547,36.578269958496094,0.7333333333333333,0.7333333333333333,0.0,0,15,oracle,62,4,2.909559766666689,1.4445715105105974,True,True,True
False,False,False,-85.8287353515625,5.481559030473751,276.2335510253906,50.393245697021484,0.7333333333333333,0.7333333333333333,0.0,0,16,nearest,62,5,14.620953466666833,1.1853910737318005,True,True,True
False,False,False,-102.716552734375,2.922255966127004,147.261962890625,50.393245697021484,0.7333333333333333,0.7333333333333333,0.0,0,16,oracle,62,5,14.620953466666833,1.1853910737318005,True,True,True
False,False,False,-220.6763916015625,3.4353136022238386,288.7764892578125,84.06117248535156,0.7333333333333333,0.7333333333333333,0.0,0,16,nearest,62,6,-4.213010166666663,0.9874777870849318,True,False,False
False,False,False,-92.0426025390625,1.5829531244412585,133.0648956298828,84.06117248535156,0.7333333333333333,0.7333333333333333,0.0,0,16,oracle,62,6,-4.213010166666663,0.9874777870849318,True,False,False
False,False,False,-94.3131103515625,5.539938199176142,461.98309326171875,83.3913803100586,0.7333333333333333,0.7333333333333333,0.0,0,17,nearest,62,7,-2.9362022666668963,1.0987773951089754,True,False,False
False,False,False,-93.59375,6.4844414253072316,540.7465209960938,83.3913803100586,0.8333333333333334,0.7333333333333333,0.10000000000000009,0,17,oracle,62,7,-2.9362022666668963,1.0987773951089754,True,False,False
False,True,False,-53.405029296875,1.0950213638272124,1353.037109375,1235.626220703125,0.8666666666666667,0.8166666666666667,0.050000000000000044,0,16,nearest,62,8,23.00823953333338,1.6302527848215878,False,True,False
False,True,False,-68.384765625,1.2965683518980464,1602.0738525390625,1235.626220703125,0.8666666666666667,0.8166666666666667,0.050000000000000044,0,16,oracle,62,8,23.00823953333338,1.6302527848215878,False,True,False
False,False,False,-50.942138671875,4.006830535190362,1432.1427001953125,357.4253234863281,0.8666666666666667,0.7333333333333333,0.13333333333333341,0,16,nearest,62,9,-35.83143250000012,3.135072646590578,False,False,False
False,False,False,-57.890625,5.039003295135558,1801.0673828125,357.4253234863281,0.8666666666666667,0.7333333333333333,0.13333333333333341,0,16,oracle,62,9,-35.83143250000012,3.135072646590578,False,False,False
False,False,False,-82.75341796875,1.844385403273453,447.0942077636719,242.40823364257812,0.7666666666666667,0.7333333333333333,0.03333333333333344,0,15,nearest,62,10,-51.42675343333349,1.2272094079627334,True,False,False
False,False,False,-71.1007080078125,2.0891401523787607,506.4247741699219,242.40823364257812,0.8666666666666667,0.7333333333333333,0.13333333333333341,0,15,oracle,62,10,-51.42675343333349,1.2272094079627334,True,False,False
False,False,True,158.087158203125,1.9455002272614432,3094.762451171875,1590.7283935546875,0.9333333333333333,0.9333333333333333,0.0,0,15,nearest,62,11,89.84110766666663,1.927326189394728,False,True,False
False,False,True,163.09375,2.013485585838408,3202.90869140625,1590.7283935546875,0.95,0.9333333333333333,0.016666666666666607,0,15,oracle,62,11,89.84110766666663,1.927326189394728,False,True,False
False,False,False,-128.796142578125,6.282615192172275,631.9578857421875,100.58834838867188,0.8666666666666667,0.7333333333333333,0.13333333333333341,0,15,nearest,62,12,-78.64348769999992,5.9452907845671294,False,False,False
False,False,False,-141.55224609375,7.788634313679982,783.4458618164062,100.58834838867188,0.8666666666666667,0.7333333333333333,0.13333333333333341,0,15,oracle,62,12,-78.64348769999992,5.9452907845671294,False,False,False
False,False,False,-99.355224609375,1.6893893330570013,1616.9659423828125,957.1304321289062,0.9333333333333333,0.8166666666666667,0.1166666666666667,0,15,nearest,62,13,-28.451137933333484,2.7718171668161675,False,False,False
False,False,False,-104.6025390625,2.1189416275417887,2028.103515625,957.1304321289062,0.9333333333333333,0.8166666666666667,0.1166666666666667,0,15,oracle,62,13,-28.451137933333484,2.7718171668161675,False,False,False
False,False,False,-172.669189453125,9.812341699512913,1140.516357421875,116.23284149169922,0.8666666666666667,0.7333333333333333,0.13333333333333341,0,15,nearest,62,14,16.154781933333425,9.330427532082737,False,True,False
False,False,False,-209.11669921875,13.316090960008784,1547.76708984375,116.23284149169922,0.8833333333333333,0.7333333333333333,0.15000000000000002,0,15,oracle,62,14,16.154781933333425,9.330427532082737,False,True,False
False,False,False,-11.83935546875,3.94750836087931,138.04319763183594,34.969703674316406,0.7333333333333333,0.7333333333333333,0.0,0,16,nearest,62,15,-67.50732156666686,25.986549331593164,False,False,False
False,False,True,4.1514892578125,2.7491360951961026,96.136474609375,34.969703674316406,0.7333333333333333,0.7333333333333333,0.0,0,16,oracle,62,15,-67.50732156666686,25.986549331593164,False,False,False
False,True,False,-117.34375,0.8500970181760583,362.9454040527344,426.94586181640625,0.7333333333333333,0.7333333333333333,0.0,0,16,nearest,62,16,-21.763644399999976,1.394600211297318,True,False,False
False,True,False,-149.898193359375,1.4736867235704634,629.1844482421875,426.94586181640625,0.7333333333333333,0.7333333333333333,0.0,0,16,oracle,62,16,-21.763644399999976,1.394600211297318,True,False,False
False,False,False,-115.63427734375,1.9698990838631307,246.18675231933594,124.97429656982422,0.7333333333333333,0.7333333333333333,0.0,0,14,nearest,62,17,-51.792296033333514,3.4304516668291125,False,False,False
False,False,False,-137.872314453125,4.897847952255319,612.1051025390625,124.97429656982422,0.7833333333333333,0.7333333333333333,0.050000000000000044,0,14,oracle,62,17,-51.792296033333514,3.4304516668291125,False,False,False
False,False,False,-153.020263671875,1.605268493784211,227.10943603515625,141.4775390625,0.7333333333333333,0.7333333333333333,0.0,0,14,nearest,62,18,-7.6278168666667625,1.4247584853724204,True,False,False
False,False,False,-186.043701171875,2.5782566886169267,364.7654113769531,141.4775390625,0.7333333333333333,0.7333333333333333,0.0,0,14,oracle,62,18,-7.6278168666667625,1.4247584853724204,True,False,False
False,False,True,143.842041015625,1.7342340527655224,2207.05078125,1272.63720703125,0.9333333333333333,0.9333333333333333,0.0,0,14,nearest,62,19,152.68152456666667,2.5051316873797798,False,True,False
False,False,True,150.834716796875,2.236618411647504,2846.40380859375,1272.63720703125,0.9333333333333333,0.9333333333333333,0.0,0,14,oracle,62,19,152.68152456666667,2.5051316873797798,False,True,False
False,False,False,-191.75732421875,4.847889336442037,356.07464599609375,73.44941711425781,0.7333333333333333,0.7333333333333333,0.0,0,13,nearest,62,20,-205.81054696666683,22.19934591722191,False,False,False
False,False,False,-203.9710693359375,9.54777493097135,701.2785034179688,73.44941711425781,0.7333333333333333,0.7333333333333333,0.0,0,13,oracle,62,20,-205.81054696666683,22.19934591722191,False,False,False
False,False,False,-31.1639404296875,3.534393529823146,113.89957427978516,32.22605895996094,0.7333333333333333,0.7333333333333333,0.0,0,13,nearest,62,21,-28.551240166666503,1.2989943817549394,True,False,False
False,False,False,-34.2930908203125,3.9882938511823336,128.52699279785156,32.22605895996094,0.7333333333333333,0.7333333333333333,0.0,0,13,oracle,62,21,-28.551240166666503,1.2989943817549394,True,False,False
True,True,True,30.1839599609375,1.4000053462210584,589.7788696289062,421.2690124511719,0.7333333333333333,0.7333333333333333,0.0,0,13,nearest,62,22,9.16330159999984,1.2634624020098926,True,True,True
False,False,True,18.981201171875,1.8332529589124076,772.2926635742188,421.2690124511719,0.7333333333333333,0.7333333333333333,0.0,0,13,oracle,62,22,9.16330159999984,1.2634624020098926,True,True,True
False,False,True,76.391357421875,2.717720432966107,534.727294921875,196.7558135986328,0.7333333333333333,0.7333333333333333,0.0,0,13,nearest,62,23,5.548359200000277,10.98276702195685,False,True,False
False,False,True,78.49365234375,2.9335933080147027,577.2015380859375,196.7558135986328,0.7333333333333333,0.7333333333333333,0.0,0,13,oracle,62,23,5.548359200000277,10.98276702195685,False,True,False
False,True,False,-3.254150390625,0.9062198101040555,172.9628143310547,190.86187744140625,0.7333333333333333,0.7333333333333333,0.0,0,13,nearest,62,24,9.551722633333384,1.1288787164111775,True,True,True
False,True,False,-14.004638671875,0.7633722151744711,145.6986541748047,190.86187744140625,0.7333333333333333,0.7333333333333333,0.0,0,13,oracle,62,24,9.551722633333384,1.1288787164111775,True,True,True
False,False,True,32.4830322265625,9.96038922478435,501.5721130371094,50.3566780090332,0.7333333333333333,0.7333333333333333,0.0,0,12,nearest,62,25,-4.214334166666504,17.182201858490654,False,False,False
False,False,True,15.6702880859375,6.632599283931967,333.99566650390625,50.3566780090332,0.7333333333333333,0.7333333333333333,0.0,0,12,oracle,62,25,-4.214334166666504,17.182201858490654,False,False,False
False,True,False,-15.353271484375,0.9101992916375313,197.5084686279297,216.9947509765625,0.7333333333333333,0.7333333333333333,0.0,0,11,nearest,62,26,6.842726833333472,1.1310822049441598,True,True,True
False,True,False,-21.062255859375,1.1258187909571276,244.29676818847656,216.9947509765625,0.7333333333333333,0.7333333333333333,0.0,0,11,oracle,62,26,6.842726833333472,1.1310822049441598,True,True,True
False,False,False,-2.681884765625,3.83921649126939,239.6510772705078,62.421871185302734,0.7333333333333333,0.7333333333333333,0.0,0,10,nearest,62,27,-16.15054013333338,1.4774577584012034,True,False,False
False,False,False,-8.4510498046875,3.1855201805919617,198.84613037109375,62.421871185302734,0.7333333333333333,0.7333333333333333,0.0,0,10,oracle,62,27,-16.15054013333338,1.4774577584012034,True,False,False
False,False,True,35.534423828125,2.195935145822332,603.0576171875,274.62451171875,0.7333333333333333,0.7333333333333333,0.0,0,10,nearest,62,28,21.96438076666641,3.500228759053287,False,True,False
False,False,True,85.593994140625,3.0807663517835966,846.053955078125,274.62451171875,0.8666666666666667,0.7333333333333333,0.13333333333333341,0,10,oracle,62,28,21.96438076666641,3.500228759053287,False,True,False
False,True,False,-16.030029296875,1.2902176275757713,444.3360595703125,344.3884582519531,0.7333333333333333,0.7333333333333333,0.0,0,9,nearest,62,29,-13.48440933333336,1.1707053558192577,True,False,False
False,True,False,-51.2333984375,1.3341513866158212,459.4663391113281,344.3884582519531,0.7333333333333333,0.7333333333333333,0.0,0,9,oracle,62,29,-13.48440933333336,1.1707053558192577,True,False,False
False,True,False,-27.9176025390625,1.0032841476364494,213.7416229248047,213.04196166992188,0.7333333333333333,0.7333333333333333,0.0,0,9,nearest,62,30,-3.0086544333332768,0.8294583041820935,True,False,False
True,True,True,4.5255126953125,0.9760138256076278,207.93190002441406,213.04196166992188,0.7333333333333333,0.7333333333333333,0.0,0,9,oracle,62,30,-3.0086544333332768,0.8294583041820935,True,False,False
False,True,False,-18.66259765625,0.9758645027940008,272.4472351074219,279.1855163574219,0.7333333333333333,0.7333333333333333,0.0,0,8,nearest,62,31,33.801845666666395,2.5786684502293076,False,True,False
True,True,True,20.625,0.969057811620914,270.5469055175781,279.1855163574219,0.7333333333333333,0.7333333333333333,0.0,0,8,oracle,62,31,33.801845666666395,2.5786684502293076,False,True,False
False,True,False,-3.401611328125,0.8590189686945106,238.90484619140625,278.11358642578125,0.7333333333333333,0.7333333333333333,0.0,0,8,nearest,62,32,0.2679314333331604,1.2881613987668454,True,True,True
False,True,False,-13.6656494140625,0.9416708199708863,261.8914489746094,278.11358642578125,0.7333333333333333,0.7333333333333333,0.0,0,8,oracle,62,32,0.2679314333331604,1.2881613987668454,True,True,True
False,False,False,-23.1949462890625,2.87923409111402,91.53965759277344,31.793058395385742,0.7333333333333333,0.7333333333333333,0.0,0,9,nearest,62,33,-19.792232433333538,1.1595395463029021,True,False,False
False,False,False,-17.919189453125,3.68164608210145,117.05078887939453,31.793058395385742,0.7333333333333333,0.7333333333333333,0.0,0,9,oracle,62,33,-19.792232433333538,1.1595395463029021,True,False,False
False,True,False,-84.1728515625,1.3277173303177314,335.4432373046875,252.64657592773438,0.7333333333333333,0.7333333333333333,0.0,0,10,nearest,62,34,0.5441230999999789,1.1857169044874423,True,True,True
False,True,False,-27.569091796875,1.4481203200058752,365.8626403808594,252.64657592773438,0.7333333333333333,0.7333333333333333,0.0,0,10,oracle,62,34,0.5441230999999789,1.1857169044874423,True,True,True
False,False,False,-14.86328125,1.7942764025802818,714.7932739257812,398.3741149902344,0.7333333333333333,0.7333333333333333,0.0,0,8,nearest,62,35,-10.719512900000154,0.7894824328763675,True,False,False
False,True,False,-32.873779296875,1.4913394234055157,594.1110229492188,398.3741149902344,0.7333333333333333,0.7333333333333333,0.0,0,8,oracle,62,35,-10.719512900000154,0.7894824328763675,True,False,False
True,True,True,22.827880859375,1.3692373796532282,257.7591247558594,188.25013732910156,0.7333333333333333,0.7333333333333333,0.0,0,9,nearest,62,36,-1.9022718333335433,0.8603736853795632,True,False,False
True,True,True,25.5908203125,1.3470795266431232,253.58790588378906,188.25013732910156,0.7333333333333333,0.7333333333333333,0.0,0,9,oracle,62,36,-1.9022718333335433,0.8603736853795632,True,False,False
True,True,True,17.8076171875,1.285253697110934,1362.626220703125,1060.2001953125,0.9166666666666666,0.8333333333333334,0.08333333333333326,0,8,nearest,62,37,100.90276403333337,1.5223855233705987,False,True,False
True,True,True,18.13525390625,1.3452767709518305,1426.2626953125,1060.2001953125,0.9166666666666666,0.8333333333333334,0.08333333333333326,0,8,oracle,62,37,100.90276403333337,1.5223855233705987,False,True,False
False,True,False,-74.811767578125,1.2068783247254933,192.17401123046875,159.2322998046875,0.7333333333333333,0.7333333333333333,0.0,0,8,nearest,62,38,-131.34375646666672,13.900926648203365,False,False,False
False,True,False,-94.7821044921875,1.0935304358758724,174.1253662109375,159.2322998046875,0.7333333333333333,0.7333333333333333,0.0,0,8,oracle,62,38,-131.34375646666672,13.900926648203365,False,False,False
False,False,False,-33.4852294921875,2.5041100461607497,88.85511779785156,35.48371124267578,0.7333333333333333,0.7333333333333333,0.0,0,7,nearest,62,39,-8.752121266666563,0.968012403918855,True,False,False
False,False,False,-29.2022705078125,2.486140702024395,88.21749877929688,35.48371124267578,0.7333333333333333,0.7333333333333333,0.0,0,7,oracle,62,39,-8.752121266666563,0.968012403918855,True,False,False
False,False,False,-44.107177734375,1.5063358054922906,111.96031188964844,74.32626342773438,0.7333333333333333,0.7333333333333333,0.0,1,12,nearest,62,0,18.72706556666685,0.9495772791613498,True,True,True
False,False,False,-41.994140625,1.736900862771569,129.09735107421875,74.32626342773438,0.7333333333333333,0.7333333333333333,0.0,1,12,oracle,62,0,18.72706556666685,0.9495772791613498,True,True,True
True,True,True,27.2425537109375,0.6273811794505106,338.8798828125,540.14990234375,0.7666666666666667,0.8333333333333334,-0.06666666666666665,1,11,nearest,62,1,5.6697555333335,0.8966641551412599,True,True,True
False,True,False,-13.1405029296875,0.7173790957913702,387.49224853515625,540.14990234375,0.8333333333333334,0.8333333333333334,0.0,1,11,oracle,62,1,5.6697555333335,0.8966641551412599,True,True,True
False,False,False,-137.2835693359375,5.033362590301054,867.7767944335938,172.4049835205078,0.85,0.7333333333333333,0.1166666666666667,1,13,nearest,62,2,-54.54698200000007,7.548189272211579,False,False,False
False,False,False,-138.78271484375,4.981786541906955,858.8848266601562,172.4049835205078,0.85,0.7333333333333333,0.1166666666666667,1,13,oracle,62,2,-54.54698200000007,7.548189272211579,False,False,False
False,False,False,-37.7344970703125,1.5648353493162335,455.7094421386719,291.2187805175781,0.7333333333333333,0.7333333333333333,0.0,1,12,nearest,62,3,-2.2729858666666587,1.9345765328498585,False,False,False
False,True,False,-36.162109375,1.4182692514254678,413.0266418457031,291.2187805175781,0.7333333333333333,0.7333333333333333,0.0,1,12,oracle,62,3,-2.2729858666666587,1.9345765328498585,False,False,False
False,False,False,-25.1214599609375,1.8743470228832173,68.56037139892578,36.578269958496094,0.7333333333333333,0.7333333333333333,0.0,1,12,nearest,62,4,0.7504206000000977,1.4221064796559881,True,True,True
False,False,False,-32.3836669921875,2.1730181564400204,79.48524475097656,36.578269958496094,0.7333333333333333,0.7333333333333333,0.0,1,12,oracle,62,4,0.7504206000000977,1.4221064796559881,True,True,True
False,False,False,-97.29541015625,3.5259209735564414,177.68260192871094,50.393245697021484,0.7333333333333333,0.7333333333333333,0.0,1,12,nearest,62,5,4.31254233333334,9.222609972055324,False,True,False
False,False,False,-64.9388427734375,2.252901848385277,113.53103637695312,50.393245697021484,0.7333333333333333,0.7333333333333333,0.0,1,12,oracle,62,5,4.31254233333334,9.222609972055324,False,True,False
True,True,True,6.0521240234375,1.2886787935378132,108.32785034179688,84.06117248535156,0.7333333333333333,0.7333333333333333,0.0,1,12,nearest,62,6,-6.241225033333194,1.1379871930399925,True,False,False
True,True,True,1.9134521484375,1.1988265454209477,100.77476501464844,84.06117248535156,0.7333333333333333,0.7333333333333333,0.0,1,12,oracle,62,6,-6.241225033333194,1.1379871930399925,True,False,False
False,True,False,-32.34619140625,1.4217673388821417,118.56314086914062,83.3913803100586,0.7333333333333333,0.7333333333333333,0.0,1,11,nearest,62,7,-1.7549422000001869,1.0323545274288017,True,False,False
False,True,False,-32.978515625,1.4747136737181818,122.97840881347656,83.3913803100586,0.7333333333333333,0.7333333333333333,0.0,1,11,oracle,62,7,-1.7549422000001869,1.0323545274288017,True,False,False
False,True,False,-23.4610595703125,1.090230729333893,1347.11767578125,1235.626220703125,0.8333333333333334,0.8166666666666667,0.01666666666666672,1,12,nearest,62,8,-36.817784100000154,0.9157033858150655,True,False,False
False,True,False,-37.4566650390625,1.1287437081676506,1394.705322265625,1235.626220703125,0.85,0.8166666666666667,0.033333333333333326,1,12,oracle,62,8,-36.817784100000154,0.9157033858150655,True,False,False
False,True,False,-19.384765625,1.1226826448822684,401.27520751953125,357.4253234863281,0.7333333333333333,0.7333333333333333,0.0,1,13,nearest,62,9,-11.388467700000092,1.6642160916497464,False,False,False
True,True,True,1.151611328125,1.1043722853425337,394.7306213378906,357.4253234863281,0.7333333333333333,0.7333333333333333,0.0,1,13,oracle,62,9,-11.388467700000092,1.6642160916497464,False,False,False
False,True,False,-48.957763671875,1.333343362834755,323.2134094238281,242.40823364257812,0.7333333333333333,0.7333333333333333,0.0,1,14,nearest,62,10,-17.45837396666684,1.7283014225133566,False,False,False
False,True,False,-48.957763671875,1.333343362834755,323.2134094238281,242.40823364257812,0.7333333333333333,0.7333333333333333,0.0,1,14,oracle,62,10,-17.45837396666684,1.7283014225133566,False,False,False
True,True,True,168.63232421875,1.184070258203225,1883.5341796875,1590.7283935546875,0.9666666666666667,0.9333333333333333,0.033333333333333326,1,15,nearest,62,11,109.63422716666719,1.4934501646893137,True,True,True
True,True,True,171.03173828125,1.2962516941011095,2061.984375,1590.7283935546875,0.9666666666666667,0.9333333333333333,0.033333333333333326,1,15,oracle,62,11,109.63422716666719,1.4934501646893137,True,True,True
False,True,False,-60.035888671875,1.4952329722679585,150.40301513671875,100.58834838867188,0.7333333333333333,0.7333333333333333,0.0,1,15,nearest,62,12,-158.5757423,3.1280358816753373,False,False,False
False,True,False,-60.035888671875,1.4952329722679585,150.40301513671875,100.58834838867188,0.7333333333333333,0.7333333333333333,0.0,1,15,oracle,62,12,-158.5757423,3.1280358816753373,False,False,False
False,False,False,-12.653564453125,1.8295406247758124,1751.1090087890625,957.1304321289062,0.8666666666666667,0.8166666666666667,0.050000000000000044,1,16,nearest,62,13,32.48159463333309,1.333933911540505,True,True,True
False,False,False,-22.28955078125,1.7475992443385173,1672.680419921875,957.1304321289062,0.8666666666666667,0.8166666666666667,0.050000000000000044,1,16,oracle,62,13,32.48159463333309,1.333933911540505,True,True,True
False,False,False,-115.4271240234375,3.2301141243663962,375.4453430175781,116.23284149169922,0.7333333333333333,0.7333333333333333,0.0,1,14,nearest,62,14,-60.02494300000012,2.433134846445171,False,False,False
False,False,False,-98.62548828125,3.0010417548005495,348.8196105957031,116.23284149169922,0.7333333333333333,0.7333333333333333,0.0,1,14,oracle,62,14,-60.02494300000012,2.433134846445171,False,False,False
False,False,True,22.109619140625,2.380268652085971,83.23728942871094,34.969703674316406,0.7333333333333333,0.7333333333333333,0.0,1,13,nearest,62,15,-5.5865040000001045,1.0699814069186802,True,False,False
False,False,True,22.346923828125,2.554574413843945,89.33271026611328,34.969703674316406,0.7333333333333333,0.7333333333333333,0.0,1,13,oracle,62,15,-5.5865040000001045,1.0699814069186802,True,False,False
False,True,False,-31.1890869140625,0.8339090712459226,356.0340270996094,426.94586181640625,0.7333333333333333,0.7333333333333333,0.0,1,12,nearest,62,16,-8.918044433333534,0.6639998232869415,True,False,False
False,True,False,-12.0369873046875,0.4495871455955978,191.94937133789062,426.94586181640625,0.7333333333333333,0.7333333333333333,0.0,1,12,oracle,62,16,-8.918044433333534,0.6639998232869415,True,False,False
False,False,False,-41.0150146484375,2.091997066535471,261.44586181640625,124.97429656982422,0.7333333333333333,0.7333333333333333,0.0,1,14,nearest,62,17,-8.783500033333667,2.044632840051186,False,False,False
False,False,False,-41.0150146484375,2.091997066535471,261.44586181640625,124.97429656982422,0.7333333333333333,0.7333333333333333,0.0,1,14,oracle,62,17,-8.783500033333667,2.044632840051186,False,False,False
False,False,False,-30.9029541015625,2.7677838952047655,391.5792541503906,141.4775390625,0.7333333333333333,0.7333333333333333,0.0,1,14,nearest,62,18,-0.5214885666669034,7.150313371606714,False,False,False
False,False,False,-30.9029541015625,2.7677838952047655,391.5792541503906,141.4775390625,0.7333333333333333,0.7333333333333333,0.0,1,14,oracle,62,18,-0.5214885666669034,7.150313371606714,False,False,False
True,True,True,163.363037109375,1.236099680742614,1573.1064453125,1272.63720703125,0.9666666666666667,0.9333333333333333,0.033333333333333326,1,14,nearest,62,19,66.59968103333313,1.8561027532616605,False,True,False
True,True,True,163.363037109375,1.236099680742614,1573.1064453125,1272.63720703125,0.9666666666666667,0.9333333333333333,0.033333333333333326,1,14,oracle,62,19,66.59968103333313,1.8561027532616605,False,True,False
False,False,False,-57.5462646484375,1.8986463508144975,139.4544677734375,73.44941711425781,0.7333333333333333,0.7333333333333333,0.0,1,15,nearest,62,20,-110.27342310000017,5.214936996242609,False,False,False
False,False,False,-65.91552734375,1.9490186204407904,143.15428161621094,73.44941711425781,0.7333333333333333,0.7333333333333333,0.0,1,15,oracle,62,20,-110.27342310000017,5.214936996242609,False,False,False
False,False,False,-0.7593994140625,2.0984267273115536,67.6240234375,32.22605895996094,0.7333333333333333,0.7333333333333333,0.0,1,15,nearest,62,21,-9.010450433333062,1.0666483153435755,True,False,False
False,False,False,-3.5423583984375,2.844601738568832,91.67030334472656,32.22605895996094,0.7333333333333333,0.7333333333333333,0.0,1,15,oracle,62,21,-9.010450433333062,1.0666483153435755,True,False,False
False,False,True,46.093505859375,2.2469759984375703,946.5813598632812,421.2690124511719,0.7333333333333333,0.7333333333333333,0.0,1,15,nearest,62,22,20.406603633333134,1.9726817898880378,False,True,False
False,False,True,50.8453369140625,2.3519136247719254,990.788330078125,421.2690124511719,0.7333333333333333,0.7333333333333333,0.0,1,15,oracle,62,22,20.406603633333134,1.9726817898880378,False,True,False
True,True,True,59.082763671875,1.3173777000569773,259.20172119140625,196.7558135986328,0.7333333333333333,0.7333333333333333,0.0,1,16,nearest,62,23,-43.32004889999985,12.422437216792112,False,False,False
True,True,True,68.80615234375,1.4926437748423,293.68634033203125,196.7558135986328,0.7333333333333333,0.7333333333333333,0.0,1,16,oracle,62,23,-43.32004889999985,12.422437216792112,False,False,False
True,True,True,55.632080078125,1.4592527344190955,278.5157165527344,190.86187744140625,0.7333333333333333,0.7333333333333333,0.0,1,15,nearest,62,24,-31.431483166666567,6.6740069343243995,False,False,False
False,False,True,48.4710693359375,1.5628485478949858,298.2882080078125,190.86187744140625,0.7333333333333333,0.7333333333333333,0.0,1,15,oracle,62,24,-31.431483166666567,6.6740069343243995,False,False,False
False,False,False,-3.5872802734375,2.972972723190988,149.7090301513672,50.3566780090332,0.7333333333333333,0.7333333333333333,0.0,1,16,nearest,62,25,-7.832004733333406,0.9410480159759715,True,False,False
False,False,False,-14.3302001953125,2.6281689131509003,132.34585571289062,50.3566780090332,0.7333333333333333,0.7333333333333333,0.0,1,16,oracle,62,25,-7.832004733333406,0.9410480159759715,True,False,False
False,False,True,9.6357421875,1.8739386798423285,406.6348571777344,216.9947509765625,0.7333333333333333,0.7333333333333333,0.0,1,15,nearest,62,26,3.794414133333248,2.98106580016373,False,True,False
False,False,True,9.6357421875,1.8739386798423285,406.6348571777344,216.9947509765625,0.7333333333333333,0.7333333333333333,0.0,1,15,oracle,62,26,3.794414133333248,2.98106580016373,False,True,False
True,True,True,10.4241943359375,0.8328677346235855,51.98916244506836,62.421871185302734,0.7333333333333333,0.7333333333333333,0.0,1,15,nearest,62,27,-19.79155056666673,1.114276950707128,True,False,False
True,True,True,10.4241943359375,0.8328677346235855,51.98916244506836,62.421871185302734,0.7333333333333333,0.7333333333333333,0.0,1,15,oracle,62,27,-19.79155056666673,1.114276950707128,True,False,False
False,False,True,71.390380859375,2.632648938269761,722.9899291992188,274.62451171875,0.8,0.7333333333333333,0.06666666666666676,1,15,nearest,62,28,-3.5103413000001638,3.263280008798295,False,False,False
False,False,True,71.390380859375,2.632648938269761,722.9899291992188,274.62451171875,0.8,0.7333333333333333,0.06666666666666676,1,15,oracle,62,28,-3.5103413000001638,3.263280008798295,False,False,False
False,True,False,-62.630615234375,1.2847519269297498,442.4537353515625,344.3884582519531,0.7333333333333333,0.7333333333333333,0.0,1,16,nearest,62,29,-30.569590366666716,1.876622138585856,False,False,False
True,True,True,2.1407470703125,1.277235259334115,439.8650817871094,344.3884582519531,0.7333333333333333,0.7333333333333333,0.0,1,16,oracle,62,29,-30.569590366666716,1.876622138585856,False,False,False
False,False,False,-45.0958251953125,1.5105258460907736,321.8053894042969,213.04196166992188,0.7333333333333333,0.7333333333333333,0.0,1,15,nearest,62,30,-43.01109496666663,1.8130152717946224,False,False,False
False,True,False,-35.4364013671875,1.1983427348592077,255.2972869873047,213.04196166992188,0.7333333333333333,0.7333333333333333,0.0,1,15,oracle,62,30,-43.01109496666663,1.8130152717946224,False,False,False
True,True,True,50.407470703125,1.4525868104535997,405.54119873046875,279.1855163574219,0.7333333333333333,0.7333333333333333,0.0,1,15,nearest,62,31,5.865168799999992,3.7628664323849694,False,True,False
True,True,True,21.109619140625,1.3215008912535167,368.94390869140625,279.1855163574219,0.7333333333333333,0.7333333333333333,0.0,1,15,oracle,62,31,5.865168799999992,3.7628664323849694,False,True,False
False,True,False,-58.265625,1.2282840346546875,341.60247802734375,278.11358642578125,0.7333333333333333,0.7333333333333333,0.0,1,15,nearest,62,32,-73.27006476666656,1.1693589739466987,True,False,False
False,True,False,-43.35595703125,1.2404625979867063,344.989501953125,278.11358642578125,0.7333333333333333,0.7333333333333333,0.0,1,15,oracle,62,32,-73.27006476666656,1.1693589739466987,True,False,False
True,True,True,6.4915771484375,1.116405405838325,35.49394226074219,31.793058395385742,0.7333333333333333,0.7333333333333333,0.0,1,15,nearest,62,33,-35.108968800000184,1.078578076753348,True,False,False
True,True,True,5.514404296875,1.0782671421841115,34.281410217285156,31.793058395385742,0.7333333333333333,0.7333333333333333,0.0,1,15,oracle,62,33,-35.108968800000184,1.078578076753348,True,False,False
False,True,False,-43.6610107421875,0.9694629232068762,244.93148803710938,252.64657592773438,0.7333333333333333,0.7333333333333333,0.0,1,16,nearest,62,34,-15.788262533333409,1.4478142227788524,True,False,False
False,True,False,-27.859130859375,1.212933685545464,306.44354248046875,252.64657592773438,0.7333333333333333,0.7333333333333333,0.0,1,16,oracle,62,34,-15.788262533333409,1.4478142227788524,True,False,False
True,True,True,59.3936767578125,0.9171321908364252,365.3617248535156,398.3741149902344,0.7333333333333333,0.7333333333333333,0.0,1,16,nearest,62,35,-131.06721073333324,1.1963414097578846,True,False,False
True,True,True,55.31591796875,0.9012907460845295,359.0509033203125,398.3741149902344,0.7333333333333333,0.7333333333333333,0.0,1,16,oracle,62,35,-131.06721073333324,1.1963414097578846,True,False,False
False,False,True,105.966796875,2.846601742491648,535.8731689453125,188.25013732910156,0.7333333333333333,0.7333333333333333,0.0,1,17,nearest,62,36,-17.00381900000002,2.774557541741526,False,False,False
False,False,True,118.0450439453125,2.9282879586316497,551.2506103515625,188.25013732910156,0.7333333333333333,0.7333333333333333,0.0,1,17,oracle,62,36,-17.00381900000002,2.774557541741526,False,False,False
True,True,True,85.585693359375,1.3145427372667862,1393.678466796875,1060.2001953125,0.9,0.8333333333333334,0.06666666666666665,1,15,nearest,62,37,85.86767529999997,1.273235101357509,True,True,True
True,True,True,65.194091796875,1.3580999083494143,1439.8577880859375,1060.2001953125,0.9833333333333333,0.8333333333333334,0.1499999999999999,1,15,oracle,62,37,85.86767529999997,1.273235101357509,True,True,True
False,True,False,-52.283935546875,1.4735475659502113,234.63636779785156,159.2322998046875,0.7333333333333333,0.7333333333333333,0.0,1,16,nearest,62,38,-196.83066910000002,9.641902879766,False,False,False
False,True,False,-65.2550048828125,0.9532471437737987,151.78773498535156,159.2322998046875,0.7333333333333333,0.7333333333333333,0.0,1,16,oracle,62,38,-196.83066910000002,9.641902879766,False,False,False
False,False,True,13.0853271484375,1.5489063348958196,54.96094512939453,35.48371124267578,0.7333333333333333,0.7333333333333333,0.0,1,17,nearest,62,39,-21.693746133333207,1.0197710662206159,True,False,False
True,True,True,0.618896484375,1.2312974139960666,43.691001892089844,35.48371124267578,0.7333333333333333,0.7333333333333333,0.0,1,17,oracle,62,39,-21.693746133333207,1.0197710662206159,True,False,False
False,False,False,-91.065185546875,1.9961455917271156,148.3660430908203,74.32626342773438,0.7333333333333333,0.7333333333333333,0.0,2,11,nearest,62,0,14.768594800000074,0.9483688168250687,True,True,True
False,True,False,-12.400390625,1.0842611627974772,80.58908081054688,74.32626342773438,0.7333333333333333,0.7333333333333333,0.0,2,11,oracle,62,0,14.768594800000074,0.9483688168250687,True,True,True
False,True,False,-8.5877685546875,0.7394057684363156,399.38995361328125,540.14990234375,0.7333333333333333,0.8333333333333334,-0.10000000000000009,2,10,nearest,62,1,2.6823399333334237,0.9273186282409611,True,True,True
True,True,True,7.345458984375,0.7337285317570444,396.3233947753906,540.14990234375,0.7333333333333333,0.8333333333333334,-0.10000000000000009,2,10,oracle,62,1,2.6823399333334237,0.9273186282409611,True,True,True
False,False,False,-32.1697998046875,1.5828217199220478,272.8863525390625,172.4049835205078,0.7333333333333333,0.7333333333333333,0.0,2,10,nearest,62,2,0.13034123333318348,2.0881845880649434,False,True,False
True,True,True,1.7479248046875,1.170966780080563,201.88050842285156,172.4049835205078,0.7333333333333333,0.7333333333333333,0.0,2,10,oracle,62,2,0.13034123333318348,2.0881845880649434,False,True,False
True,True,True,2.675048828125,0.9609992269448645,279.86102294921875,291.2187805175781,0.7333333333333333,0.7333333333333333,0.0,2,11,nearest,62,3,-55.576019433333386,1.8232571678324219,False,False,False
False,True,False,-72.7406005859375,1.0732539165978616,312.55169677734375,291.2187805175781,0.7333333333333333,0.7333333333333333,0.0,2,11,oracle,62,3,-55.576019433333386,1.8232571678324219,False,False,False
True,True,True,2.226806640625,1.4722977098010652,53.854103088378906,36.578269958496094,0.7333333333333333,0.7333333333333333,0.0,2,12,nearest,62,4,-26.48847703333331,1.351181864645245,True,False,False
False,False,False,-5.21533203125,1.8105901755532041,66.22825622558594,36.578269958496094,0.7333333333333333,0.7333333333333333,0.0,2,12,oracle,62,4,-26.48847703333331,1.351181864645245,True,False,False
False,False,False,-32.2406005859375,1.7703158152430754,89.21195983886719,50.393245697021484,0.7333333333333333,0.7333333333333333,0.0,2,12,nearest,62,5,1.7479988000002322,1.0210561449749778,True,True,True
False,False,False,-16.839111328125,1.6151405340398737,81.39217376708984,50.393245697021484,0.7333333333333333,0.7333333333333333,0.0,2,12,oracle,62,5,1.7479988000002322,1.0210561449749778,True,True,True
False,True,False,-71.375732421875,1.1006763800470971,92.5241470336914,84.06117248535156,0.7333333333333333,0.7333333333333333,0.0,2,11,nearest,62,6,-19.447796299999936,1.071527032533578,True,False,False
False,True,False,-31.263427734375,1.0307623860666655,86.6470947265625,84.06117248535156,0.7333333333333333,0.7333333333333333,0.0,2,11,oracle,62,6,-19.447796299999936,1.071527032533578,True,False,False
False,True,False,-13.0362548828125,0.9518060616041225,79.37242126464844,83.3913803100586,0.7333333333333333,0.7333333333333333,0.0,2,11,nearest,62,7,-2.5914484000002176,1.1191268029143153,True,False,False
False,True,False,-18.3240966796875,0.8465991935244082,70.59907531738281,83.3913803100586,0.7333333333333333,0.7333333333333333,0.0,2,11,oracle,62,7,-2.5914484000002176,1.1191268029143153,True,False,False
False,True,False,-38.619873046875,0.9381309491466818,1159.17919921875,1235.626220703125,0.8166666666666667,0.8166666666666667,0.0,2,11,nearest,62,8,5.281910733333234,1.1649217900510924,True,True,True
False,True,False,-17.2562255859375,0.9772270987181704,1207.4874267578125,1235.626220703125,0.8333333333333334,0.8166666666666667,0.01666666666666672,2,11,oracle,62,8,5.281910733333234,1.1649217900510924,True,True,True
True,True,True,43.1610107421875,1.0056432174108976,359.4423522949219,357.4253234863281,0.7333333333333333,0.7333333333333333,0.0,2,11,nearest,62,9,-34.290314966666756,2.391979208760095,False,False,False
False,False,False,-0.60595703125,1.71967517731429,614.6554565429688,357.4253234863281,0.8,0.7333333333333333,0.06666666666666676,2,11,oracle,62,9,-34.290314966666756,2.391979208760095,False,False,False
False,True,False,-84.1744384765625,1.213858135597936,294.24920654296875,242.40823364257812,0.7333333333333333,0.7333333333333333,0.0,2,11,nearest,62,10,-37.500049033333426,1.0342235560213047,True,False,False
False,False,False,-89.2916259765625,1.5773038509634554,382.3514404296875,242.40823364257812,0.7333333333333333,0.7333333333333333,0.0,2,11,oracle,62,10,-37.500049033333426,1.0342235560213047,True,False,False
True,True,True,44.990478515625,0.9894590287483616,1573.9605712890625,1590.7283935546875,0.95,0.9333333333333333,0.016666666666666607,2,11,nearest,62,11,80.52500143333327,1.8686971585587187,False,True,False
True,True,True,51.54248046875,1.171023770787247,1862.78076171875,1590.7283935546875,0.95,0.9333333333333333,0.016666666666666607,2,11,oracle,62,11,80.52500143333327,1.8686971585587187,False,True,False
False,True,False,-41.815185546875,1.267065731737619,127.4520492553711,100.58834838867188,0.7333333333333333,0.7333333333333333,0.0,2,11,nearest,62,12,-136.33609279999996,5.214265456631638,False,False,False
False,False,False,-126.3359375,3.900714454963003,392.3664245605469,100.58834838867188,0.7333333333333333,0.7333333333333333,0.0,2,11,oracle,62,12,-136.33609279999996,5.214265456631638,False,False,False
False,True,False,-125.348876953125,1.3756794975010562,1316.7047119140625,957.1304321289062,0.8166666666666667,0.8166666666666667,0.0,2,10,nearest,62,13,-19.648349666666945,1.397675693833393,True,False,False
False,True,False,-137.587158203125,1.4318916566363498,1370.507080078125,957.1304321289062,0.85,0.8166666666666667,0.033333333333333326,2,10,oracle,62,13,-19.648349666666945,1.397675693833393,True,False,False
True,True,True,13.1165771484375,1.4563860763901446,169.27989196777344,116.23284149169922,0.7333333333333333,0.7333333333333333,0.0,2,11,nearest,62,14,-16.49777816666665,1.9380852050899344,False,False,False
False,False,False,-5.552001953125,1.7468245054388711,203.0383758544922,116.23284149169922,0.7333333333333333,0.7333333333333333,0.0,2,11,oracle,62,14,-16.49777816666665,1.9380852050899344,False,False,False
True,True,True,3.3082275390625,1.0149019897027391,35.490821838378906,34.969703674316406,0.7333333333333333,0.7333333333333333,0.0,2,10,nearest,62,15,-9.914027666666698,1.0120206528263118,True,False,False
True,True,True,3.2432861328125,1.0782808256222416,37.70716094970703,34.969703674316406,0.7333333333333333,0.7333333333333333,0.0,2,10,oracle,62,15,-9.914027666666698,1.0120206528263118,True,False,False
True,True,True,18.7403564453125,0.5725663862934539,244.45484924316406,426.94586181640625,0.7333333333333333,0.7333333333333333,0.0,2,11,nearest,62,16,1.2589064999999664,0.789697198678068,True,True,True
False,True,False,-1.3876953125,0.6684900432175124,285.4090576171875,426.94586181640625,0.7333333333333333,0.7333333333333333,0.0,2,11,oracle,62,16,1.2589064999999664,0.789697198678068,True,True,True
False,True,False,-3.2647705078125,0.9448042630348,118.07624816894531,124.97429656982422,0.7333333333333333,0.7333333333333333,0.0,2,8,nearest,62,17,-11.890593566666894,1.6443266634126905,False,False,False
False,False,False,-69.071533203125,1.9207599511886935,240.04562377929688,124.97429656982422,0.7333333333333333,0.7333333333333333,0.0,2,8,oracle,62,17,-11.890593566666894,1.6443266634126905,False,False,False
False,True,False,-24.7171630859375,1.0002653185893853,141.51507568359375,141.4775390625,0.7333333333333333,0.7333333333333333,0.0,2,8,nearest,62,18,-56.748517966666896,8.025051377057453,False,False,False
False,False,False,-22.610107421875,1.5082822541122225,213.3880615234375,141.4775390625,0.7333333333333333,0.7333333333333333,0.0,2,8,oracle,62,18,-56.748517966666896,8.025051377057453,False,False,False
True,True,True,49.79833984375,1.1860408055522624,1509.399658203125,1272.63720703125,0.95,0.9333333333333333,0.016666666666666607,2,8,nearest,62,19,37.807527700000264,1.584380085575503,False,True,False
True,True,True,61.421875,1.2176782111150375,1549.66259765625,1272.63720703125,0.95,0.9333333333333333,0.016666666666666607,2,8,oracle,62,19,37.807527700000264,1.584380085575503,False,True,False
False,False,False,-46.8687744140625,2.084976029280488,153.14027404785156,73.44941711425781,0.7333333333333333,0.7333333333333333,0.0,2,8,nearest,62,20,-101.25730540000018,12.07996023070583,False,False,False
False,False,False,-71.90625,2.7378579481679024,201.0940704345703,73.44941711425781,0.7333333333333333,0.7333333333333333,0.0,2,8,oracle,62,20,-101.25730540000018,12.07996023070583,False,False,False
False,True,False,-7.177001953125,1.1693936268890566,37.6849479675293,32.22605895996094,0.7333333333333333,0.7333333333333333,0.0,2,8,nearest,62,21,-18.265982199999826,1.078230582781586,True,False,False
False,True,False,-9.650634765625,1.3442041234545805,43.31840133666992,32.22605895996094,0.7333333333333333,0.7333333333333333,0.0,2,8,oracle,62,21,-18.265982199999826,1.078230582781586,True,False,False
True,True,True,4.39404296875,0.9685169155376034,408.00616455078125,421.2690124511719,0.7333333333333333,0.7333333333333333,0.0,2,8,nearest,62,22,-10.10978950000026,0.917682100314543,True,False,False
True,True,True,3.46044921875,0.9859077814537274,415.3323974609375,421.2690124511719,0.7333333333333333,0.7333333333333333,0.0,2,8,oracle,62,22,-10.10978950000026,0.917682100314543,True,False,False
False,False,True,31.948486328125,1.5504970340659947,305.0693054199219,196.7558135986328,0.7333333333333333,0.7333333333333333,0.0,2,7,nearest,62,23,-6.317396533333067,4.907422997437625,False,False,False
False,False,True,12.756591796875,1.6104741298850238,316.8701477050781,196.7558135986328,0.7333333333333333,0.7333333333333333,0.0,2,7,oracle,62,23,-6.317396533333067,4.907422997437625,False,False,False
True,True,True,38.39794921875,1.1329844030263367,216.2435302734375,190.86187744140625,0.7333333333333333,0.7333333333333333,0.0,2,7,nearest,62,24,-19.414420899999868,0.5692464093824104,True,False,False
True,True,True,64.169189453125,0.9474653039048238,180.8350067138672,190.86187744140625,0.7333333333333333,0.7333333333333333,0.0,2,7,oracle,62,24,-19.414420899999868,0.5692464093824104,True,False,False
False,False,True,4.781005859375,3.2747694232298725,164.90650939941406,50.3566780090332,0.7333333333333333,0.7333333333333333,0.0,2,6,nearest,62,25,-19.335988633333272,2.132881434966157,False,False,False
False,False,False,-19.0963134765625,2.0968142525158324,105.5886001586914,50.3566780090332,0.7333333333333333,0.7333333333333333,0.0,2,6,oracle,62,25,-19.335988633333272,2.132881434966157,False,False,False
True,True,True,3.240966796875,0.9207258605743294,199.7926788330078,216.9947509765625,0.7333333333333333,0.7333333333333333,0.0,2,7,nearest,62,26,-19.82901066666659,0.9856360840704168,True,False,False
False,True,False,-9.793701171875,1.0181605077797797,220.93548583984375,216.9947509765625,0.7333333333333333,0.7333333333333333,0.0,2,7,oracle,62,26,-19.82901066666659,0.9856360840704168,True,False,False
True,True,True,10.7432861328125,1.0386778051835917,64.83621215820312,62.421871185302734,0.7333333333333333,0.7333333333333333,0.0,2,7,nearest,62,27,-28.578075633333356,1.2027480918715185,True,False,False
False,True,False,-7.478759765625,1.1579940720574835,72.2841567993164,62.421871185302734,0.7333333333333333,0.7333333333333333,0.0,2,7,oracle,62,27,-28.578075633333356,1.2027480918715185,True,False,False
True,True,True,123.1805419921875,0.7878108047920545,216.35215759277344,274.62451171875,0.7333333333333333,0.7333333333333333,0.0,2,7,nearest,62,28,-30.1054903666668,1.915208660953367,False,False,False
True,True,True,68.654541015625,0.8289847999132338,227.6595458984375,274.62451171875,0.7333333333333333,0.7333333333333333,0.0,2,7,oracle,62,28,-30.1054903666668,1.915208660953367,False,False,False
True,True,True,40.294677734375,0.6047012646344622,208.25213623046875,344.3884582519531,0.7333333333333333,0.7333333333333333,0.0,2,7,nearest,62,29,-5.072412433333511,1.4205256508730637,True,False,False
True,True,True,40.6868896484375,0.6798153925933553,234.12057495117188,344.3884582519531,0.7333333333333333,0.7333333333333333,0.0,2,7,oracle,62,29,-5.072412433333511,1.4205256508730637,True,False,False
False,True,False,-40.9573974609375,1.016856709801619,216.63314819335938,213.04196166992188,0.7333333333333333,0.7333333333333333,0.0,2,7,nearest,62,30,-29.10181426666645,0.938884912099977,True,False,False
False,True,False,-8.66015625,0.9792894500597984,208.62974548339844,213.04196166992188,0.7333333333333333,0.7333333333333333,0.0,2,7,oracle,62,30,-29.10181426666645,0.938884912099977,True,False,False
True,True,True,113.4559326171875,0.8297492083545985,231.65396118164062,279.1855163574219,0.7333333333333333,0.7333333333333333,0.0,2,8,nearest,62,31,9.845495233333168,2.2754320738340805,False,True,False
True,True,True,149.8125,0.9619156501537818,268.55291748046875,279.1855163574219,0.7333333333333333,0.7333333333333333,0.0,2,8,oracle,62,31,9.845495233333168,2.2754320738340805,False,True,False
True,True,True,33.4510498046875,0.9324482899908331,259.3265380859375,278.11358642578125,0.7333333333333333,0.7333333333333333,0.0,2,8,nearest,62,32,-18.389803533333406,1.0737661842589477,True,False,False
True,True,True,1.5216064453125,0.9889903970339373,275.0516662597656,278.11358642578125,0.7333333333333333,0.7333333333333333,0.0,2,8,oracle,62,32,-18.389803533333406,1.0737661842589477,True,False,False
True,True,True,22.9471435546875,1.0722817992192442,34.09111785888672,31.793058395385742,0.7333333333333333,0.7333333333333333,0.0,2,9,nearest,62,33,-29.992881900000157,1.0546219640231227,True,False,False
True,True,True,2.628173828125,1.0726826698560339,34.10386276245117,31.793058395385742,0.7333333333333333,0.7333333333333333,0.0,2,9,oracle,62,33,-29.992881900000157,1.0546219640231227,True,False,False
True,True,True,4.3388671875,1.1087575946193633,280.1238098144531,252.64657592773438,0.7333333333333333,0.7333333333333333,0.0,2,10,nearest,62,34,-25.233919433333313,0.7026394925209132,True,False,False
False,True,False,-50.1748046875,1.2363503405054137,312.35968017578125,252.64657592773438,0.7333333333333333,0.7333333333333333,0.0,2,10,oracle,62,34,-25.233919433333313,0.7026394925209132,True,False,False
False,True,False,-7.3251953125,0.8171270812613189,325.52227783203125,398.3741149902344,0.7333333333333333,0.7333333333333333,0.0,2,9,nearest,62,35,0.15501999999992222,0.788799427945216,True,True,True
False,True,False,-19.851806640625,0.7575197126564941,301.7762451171875,398.3741149902344,0.7333333333333333,0.7333333333333333,0.0,2,9,oracle,62,35,0.15501999999992222,0.788799427945216,True,True,True
False,False,True,55.787841796875,1.9271778977351435,362.79150390625,188.25013732910156,0.7333333333333333,0.7333333333333333,0.0,2,9,nearest,62,36,-40.231951699999854,1.7212548340709453,False,False,False
False,False,True,44.123779296875,1.6825822407602526,316.746337890625,188.25013732910156,0.7333333333333333,0.7333333333333333,0.0,2,9,oracle,62,36,-40.231951699999854,1.7212548340709453,False,False,False
True,True,True,85.19189453125,1.3619059407080583,1443.8929443359375,1060.2001953125,0.85,0.8333333333333334,0.016666666666666607,2,10,nearest,62,37,52.581156633333194,1.7867317201652058,False,True,False
True,True,True,85.19189453125,1.3619059407080583,1443.8929443359375,1060.2001953125,0.85,0.8333333333333334,0.016666666666666607,2,10,oracle,62,37,52.581156633333194,1.7867317201652058,False,True,False
False,True,False,-27.15185546875,0.9526370118465446,151.69058227539062,159.2322998046875,0.7333333333333333,0.7333333333333333,0.0,2,10,nearest,62,38,-156.76538199999982,18.302379069111307,False,False,False
False,True,False,-27.15185546875,0.9526370118465446,151.69058227539062,159.2322998046875,0.7333333333333333,0.7333333333333333,0.0,2,10,oracle,62,38,-156.76538199999982,18.302379069111307,False,False,False
False,False,True,4.75634765625,1.948707793574649,69.14738464355469,35.48371124267578,0.7333333333333333,0.7333333333333333,0.0,2,10,nearest,62,39,-22.37306046666663,1.0646953681608173,True,False,False
False,True,False,-21.9229736328125,1.0477707533626135,37.178794860839844,35.48371124267578,0.7333333333333333,0.7333333333333333,0.0,2,10,oracle,62,39,-22.37306046666663,1.0646953681608173,True,False,False
False,True,False,-10.216552734375,1.037983114920286,77.14940643310547,74.32626342773438,0.7333333333333333,0.7333333333333333,0.0,5,6,nearest,62,0,13.3473045333335,0.9704659905067647,True,True,True
False,True,False,-20.849609375,1.4173686719443832,105.34771728515625,74.32626342773438,0.7333333333333333,0.7333333333333333,0.0,5,6,oracle,62,0,13.3473045333335,0.9704659905067647,True,True,True
True,True,True,17.6943359375,0.7321901381904438,395.492431640625,540.14990234375,0.7333333333333333,0.8333333333333334,-0.10000000000000009,5,7,nearest,62,1,3.3252081000000544,0.9420700980139742,True,True,True
True,True,True,11.76513671875,0.6806494055921615,367.6527099609375,540.14990234375,0.7333333333333333,0.8333333333333334,-0.10000000000000009,5,7,oracle,62,1,3.3252081000000544,0.9420700980139742,True,True,True
False,True,False,-4.6240234375,1.0754625319493787,185.41510009765625,172.4049835205078,0.7333333333333333,0.7333333333333333,0.0,5,7,nearest,62,2,-18.845238999999992,3.2973286921601397,False,False,False
False,True,False,-3.4400634765625,1.0194130616238122,175.75189208984375,172.4049835205078,0.7333333333333333,0.7333333333333333,0.0,5,7,oracle,62,2,-18.845238999999992,3.2973286921601397,False,False,False
False,True,False,-33.7872314453125,1.3633018560763528,397.01910400390625,291.2187805175781,0.7333333333333333,0.7333333333333333,0.0,5,8,nearest,62,3,-9.26335620000009,1.074133994719162,True,False,False
False,True,False,-45.7679443359375,1.4459196217573365,421.0789489746094,291.2187805175781,0.7333333333333333,0.7333333333333333,0.0,5,8,oracle,62,3,-9.26335620000009,1.074133994719162,True,False,False
False,True,False,-14.3289794921875,1.148657795042411,42.01591491699219,36.578269958496094,0.7333333333333333,0.7333333333333333,0.0,5,7,nearest,62,4,2.350205066666831,0.8729296766390969,True,True,True
False,True,False,-6.9998779296875,1.1816969510387876,43.224430084228516,36.578269958496094,0.7333333333333333,0.7333333333333333,0.0,5,7,oracle,62,4,2.350205066666831,0.8729296766390969,True,True,True
False,False,False,-95.8720703125,2.935446292726267,147.92666625976562,50.393245697021484,0.7333333333333333,0.7333333333333333,0.0,5,7,nearest,62,5,0.8653949666668268,0.8988846708080834,True,True,True
False,False,False,-129.029541015625,3.115047841125632,156.9773712158203,50.393245697021484,0.7333333333333333,0.7333333333333333,0.0,5,7,oracle,62,5,0.8653949666668268,0.8988846708080834,True,True,True
False,True,False,-3.540771484375,1.4184110895687139,119.2332992553711,84.06117248535156,0.7333333333333333,0.7333333333333333,0.0,5,5,nearest,62,6,-21.01102406666655,1.144697025146817,True,False,False
False,False,False,-23.8885498046875,1.5021631745535016,126.27359771728516,84.06117248535156,0.7333333333333333,0.7333333333333333,0.0,5,5,oracle,62,6,-21.01102406666655,1.144697025146817,True,False,False
False,True,False,-0.3052978515625,0.7811498795775953,65.14116668701172,83.3913803100586,0.7333333333333333,0.7333333333333333,0.0,5,5,nearest,62,7,-0.484175633333507,1.0972293403021627,True,False,False
True,True,True,6.5394287109375,0.7035323905391219,58.66853713989258,83.3913803100586,0.7333333333333333,0.7333333333333333,0.0,5,5,oracle,62,7,-0.484175633333507,1.0972293403021627,True,False,False
True,True,True,17.1334228515625,0.9221350984217935,1139.414306640625,1235.626220703125,0.8166666666666667,0.8166666666666667,0.0,5,4,nearest,62,8,-2.1927924666665604,0.9932948758017908,True,False,False
True,True,True,16.139404296875,0.8902352737780632,1099.998046875,1235.626220703125,0.8333333333333334,0.8166666666666667,0.01666666666666672,5,4,oracle,62,8,-2.1927924666665604,0.9932948758017908,True,False,False
True,True,True,39.74609375,0.8335734977966828,297.9402770996094,357.4253234863281,0.7333333333333333,0.7333333333333333,0.0,5,5,nearest,62,9,-26.794813500000146,1.4367099728513775,True,False,False
True,True,True,39.74609375,0.8335734977966828,297.9402770996094,357.4253234863281,0.7333333333333333,0.7333333333333333,0.0,5,5,oracle,62,9,-26.794813500000146,1.4367099728513775,True,False,False
True,True,True,2.1141357421875,0.9325850066339487,226.0662841796875,242.40823364257812,0.7333333333333333,0.7333333333333333,0.0,5,5,nearest,62,10,-31.787659133333364,2.043542248711771,False,False,False
True,True,True,2.1141357421875,0.9325850066339487,226.0662841796875,242.40823364257812,0.7333333333333333,0.7333333333333333,0.0,5,5,oracle,62,10,-31.787659133333364,2.043542248711771,False,False,False
True,True,True,38.984619140625,0.94622341208021,1505.1844482421875,1590.7283935546875,0.95,0.9333333333333333,0.016666666666666607,5,5,nearest,62,11,-22.403558366666402,1.0875607122198734,True,False,False
True,True,True,26.75927734375,0.9663260929671581,1537.162353515625,1590.7283935546875,0.95,0.9333333333333333,0.016666666666666607,5,5,oracle,62,11,-22.403558366666402,1.0875607122198734,True,False,False
True,True,True,3.061767578125,0.7949757878982876,79.96530151367188,100.58834838867188,0.7333333333333333,0.7333333333333333,0.0,5,5,nearest,62,12,-1.210080299999845,1.0742572997229898,True,False,False
True,True,True,2.596435546875,0.7730465501585368,77.75947570800781,100.58834838867188,0.7333333333333333,0.7333333333333333,0.0,5,5,oracle,62,12,-1.210080299999845,1.0742572997229898,True,False,False
True,True,True,19.5166015625,0.9613742198273457,920.1605224609375,957.1304321289062,0.8166666666666667,0.8166666666666667,0.0,5,5,nearest,62,13,4.62865069999998,0.9901217694367158,True,True,True
True,True,True,39.37548828125,1.0648738252572676,1019.22314453125,957.1304321289062,0.8166666666666667,0.8166666666666667,0.0,5,5,oracle,62,13,4.62865069999998,0.9901217694367158,True,True,True
True,True,True,29.230712890625,1.0659366265720267,123.89684295654297,116.23284149169922,0.7333333333333333,0.7333333333333333,0.0,5,4,nearest,62,14,-13.20142143333328,0.842551807862076,True,False,False
False,False,True,2.335693359375,1.61664670478667,187.90744018554688,116.23284149169922,0.7333333333333333,0.7333333333333333,0.0,5,4,oracle,62,14,-13.20142143333328,0.842551807862076,True,False,False
True,True,True,1.529541015625,0.9509908151958232,33.25586700439453,34.969703674316406,0.7333333333333333,0.7333333333333333,0.0,5,4,nearest,62,15,-7.655597133333458,1.0433885195640122,True,False,False
True,True,True,2.03369140625,0.9258895235984168,32.378082275390625,34.969703674316406,0.7333333333333333,0.7333333333333333,0.0,5,4,oracle,62,15,-7.655597133333458,1.0433885195640122,True,False,False
True,True,True,54.7889404296875,0.46130645234844314,196.952880859375,426.94586181640625,0.7333333333333333,0.7333333333333333,0.0,5,4,nearest,62,16,-4.02132030000007,0.6539386885826429,True,False,False
True,True,True,93.02734375,0.27017494507926354,115.3500747680664,426.94586181640625,0.7333333333333333,0.7333333333333333,0.0,5,4,oracle,62,16,-4.02132030000007,0.6539386885826429,True,False,False
False,False,True,2.6807861328125,1.5048917224251006,188.07278442382812,124.97429656982422,0.7333333333333333,0.7333333333333333,0.0,5,6,nearest,62,17,0.13575769999988552,0.7857258109763648,True,True,True
False,False,False,-8.3614501953125,1.8526595220904494,231.53482055664062,124.97429656982422,0.7333333333333333,0.7333333333333333,0.0,5,6,oracle,62,17,0.13575769999988552,0.7857258109763648,True,True,True
False,False,False,-17.830322265625,2.02895208216852,287.0511474609375,141.4775390625,0.7333333333333333,0.7333333333333333,0.0,5,6,nearest,62,18,-18.36624330000018,6.486719249757702,False,False,False
False,False,False,-10.2032470703125,2.0515278899449862,290.2451171875,141.4775390625,0.7333333333333333,0.7333333333333333,0.0,5,6,oracle,62,18,-18.36624330000018,6.486719249757702,False,False,False
True,True,True,43.234619140625,1.041023480630657,1324.84521484375,1272.63720703125,0.9833333333333333,0.9333333333333333,0.04999999999999993,5,7,nearest,62,19,-33.49386996666681,1.0455987117837293,True,False,False
True,True,True,51.828125,1.0392942497221223,1322.64453125,1272.63720703125,0.9666666666666667,0.9333333333333333,0.033333333333333326,5,7,oracle,62,19,-33.49386996666681,1.0455987117837293,True,False,False
True,True,True,9.8060302734375,1.1006385890255093,80.84126281738281,73.44941711425781,0.7333333333333333,0.7333333333333333,0.0,5,7,nearest,62,20,-9.941659633333302,1.2986966507988968,True,False,False
True,True,True,8.9921875,1.0806985485442127,79.37667846679688,73.44941711425781,0.7333333333333333,0.7333333333333333,0.0,5,7,oracle,62,20,-9.941659633333302,1.2986966507988968,True,False,False
False,True,False,-2.177734375,1.0062807562807563,32.428462982177734,32.22605895996094,0.7333333333333333,0.7333333333333333,0.0,5,7,nearest,62,21,-1.909318966666433,1.0114121649227068,True,False,False
False,True,False,-1.3905029296875,1.0015787415238968,32.27693557739258,32.22605895996094,0.7333333333333333,0.7333333333333333,0.0,5,7,oracle,62,21,-1.909318966666433,1.0114121649227068,True,False,False
True,True,True,23.507080078125,0.8782740804698995,369.9896545410156,421.2690124511719,0.7333333333333333,0.7333333333333333,0.0,5,7,nearest,62,22,6.858160399999861,0.8322471387823595,True,True,True
True,True,True,23.459716796875,0.8770245280710292,369.4632568359375,421.2690124511719,0.7333333333333333,0.7333333333333333,0.0,5,7,oracle,62,22,6.858160399999861,0.8322471387823595,True,True,True
True,True,True,9.513916015625,0.9206671108323033,181.1466064453125,196.7558135986328,0.7333333333333333,0.7333333333333333,0.0,5,7,nearest,62,23,-22.835088999999698,0.9526434006840487,True,False,False
True,True,True,4.76806640625,0.8649884847047083,170.19151306152344,196.7558135986328,0.7333333333333333,0.7333333333333333,0.0,5,7,oracle,62,23,-22.835088999999698,0.9526434006840487,True,False,False
True,True,True,21.818359375,1.201737738804975,229.3659210205078,190.86187744140625,0.7333333333333333,0.7333333333333333,0.0,5,7,nearest,62,24,-27.856779966666636,3.5984628934744975,False,False,False
False,False,True,33.09228515625,1.7707344325266918,337.9656982421875,190.86187744140625,0.7333333333333333,0.7333333333333333,0.0,5,7,oracle,62,24,-27.856779966666636,3.5984628934744975,False,False,False
False,True,False,-6.098876953125,0.9796661556079483,49.332733154296875,50.3566780090332,0.7333333333333333,0.7333333333333333,0.0,5,7,nearest,62,25,-44.0325289333332,2.007958379892395,False,False,False
False,True,False,-24.1453857421875,1.2498592309605376,62.938758850097656,50.3566780090332,0.7333333333333333,0.7333333333333333,0.0,5,7,oracle,62,25,-44.0325289333332,2.007958379892395,False,False,False
False,False,True,44.9876708984375,1.7226323833933106,373.80218505859375,216.9947509765625,0.7333333333333333,0.7333333333333333,0.0,5,7,nearest,62,26,4.443997666666746,2.3270396136380302,False,True,False
False,False,True,39.1761474609375,1.6091635956145882,349.1800537109375,216.9947509765625,0.7333333333333333,0.7333333333333333,0.0,5,7,oracle,62,26,4.443997666666746,2.3270396136380302,False,True,False
True,True,True,14.874755859375,1.1768222959865784,73.4594497680664,62.421871185302734,0.7333333333333333,0.7333333333333333,0.0,5,7,nearest,62,27,-10.74282733333348,1.128957531252182,True,False,False
True,True,True,14.874755859375,1.1768222959865784,73.4594497680664,62.421871185302734,0.7333333333333333,0.7333333333333333,0.0,5,7,oracle,62,27,-10.74282733333348,1.128957531252182,True,False,False
False,True,False,-27.791748046875,1.0046574602040073,275.903564453125,274.62451171875,0.7333333333333333,0.7333333333333333,0.0,5,7,nearest,62,28,-9.27497563333327,1.951311215029413,False,False,False
False,True,False,-27.791748046875,1.0046574602040073,275.903564453125,274.62451171875,0.7333333333333333,0.7333333333333333,0.0,5,7,oracle,62,28,-9.27497563333327,1.951311215029413,False,False,False
True,True,True,2.5203857421875,1.3963158448340045,480.87506103515625,344.3884582519531,0.7333333333333333,0.7333333333333333,0.0,5,7,nearest,62,29,7.813186133333147,1.3014817818001727,True,True,True
True,True,True,9.3538818359375,1.3867232211904719,477.57147216796875,344.3884582519531,0.7333333333333333,0.7333333333333333,0.0,5,7,oracle,62,29,7.813186133333147,1.3014817818001727,True,True,True
False,False,False,-6.53515625,1.7180317202837032,366.0128479003906,213.04196166992188,0.7333333333333333,0.7333333333333333,0.0,5,7,nearest,62,30,-8.476232699999855,2.4789952948156806,False,False,False
False,False,False,-40.4471435546875,1.5975189082187704,340.33856201171875,213.04196166992188,0.7333333333333333,0.7333333333333333,0.0,5,7,oracle,62,30,-8.476232699999855,2.4789952948156806,False,False,False
False,True,False,-17.836669921875,1.376248025463824,384.228515625,279.1855163574219,0.7333333333333333,0.7333333333333333,0.0,5,6,nearest,62,31,11.82771433333346,1.493777973208824,True,True,True
True,True,True,4.85205078125,1.2108477254534724,338.0511474609375,279.1855163574219,0.7333333333333333,0.7333333333333333,0.0,5,6,oracle,62,31,11.82771433333346,1.493777973208824,True,True,True
False,True,False,-41.878662109375,1.0975054278254484,305.2311706542969,278.11358642578125,0.7333333333333333,0.7333333333333333,0.0,5,6,nearest,62,32,6.5577189666669256,1.1237523293220069,True,True,True
False,True,False,-32.34912109375,1.1449991473930308,318.4398193359375,278.11358642578125,0.7333333333333333,0.7333333333333333,0.0,5,6,oracle,62,32,6.5577189666669256,1.1237523293220069,True,True,True
True,True,True,12.59228515625,1.016697683847211,32.32392883300781,31.793058395385742,0.7333333333333333,0.7333333333333333,0.0,5,5,nearest,62,33,-6.926185066666903,1.0573869204931485,True,False,False
True,True,True,18.686279296875,0.9971953453651717,31.703889846801758,31.793058395385742,0.7333333333333333,0.7333333333333333,0.0,5,5,oracle,62,33,-6.926185066666903,1.0573869204931485,True,False,False
False,True,False,-21.262939453125,1.251627455103885,316.2193908691406,252.64657592773438,0.7333333333333333,0.7333333333333333,0.0,5,4,nearest,62,34,-6.736180266666679,0.6472252025817352,True,False,False
False,True,False,-77.838134765625,1.2753976670073393,322.224853515625,252.64657592773438,0.7333333333333333,0.7333333333333333,0.0,5,4,oracle,62,34,-6.736180266666679,0.6472252025817352,True,False,False
True,True,True,24.4869384765625,1.026435271603793,408.9052429199219,398.3741149902344,0.7333333333333333,0.7333333333333333,0.0,5,5,nearest,62,35,-5.791637033333473,0.8318046997818237,True,False,False
False,True,False,-22.09375,0.8047611434508998,320.59600830078125,398.3741149902344,0.7333333333333333,0.7333333333333333,0.0,5,5,oracle,62,35,-5.791637033333473,0.8318046997818237,True,False,False
True,True,True,46.689697265625,1.089870432914023,205.1682586669922,188.25013732910156,0.7333333333333333,0.7333333333333333,0.0,5,4,nearest,62,36,-33.18429190000006,1.3713615502857015,True,False,False
True,True,True,41.61328125,1.0833041734642193,203.93215942382812,188.25013732910156,0.7333333333333333,0.7333333333333333,0.0,5,4,oracle,62,36,-33.18429190000006,1.3713615502857015,True,False,False
True,True,True,25.85791015625,0.9746167025132525,1033.288818359375,1060.2001953125,0.9166666666666666,0.8333333333333334,0.08333333333333326,5,4,nearest,62,37,40.98335760000009,1.2556626276546545,True,True,True
True,True,True,22.37353515625,0.9758210556857905,1034.565673828125,1060.2001953125,0.9166666666666666,0.8333333333333334,0.08333333333333326,5,4,oracle,62,37,40.98335760000009,1.2556626276546545,True,True,True
True,True,True,26.617431640625,0.8435860156650677,134.32614135742188,159.2322998046875,0.7333333333333333,0.7333333333333333,0.0,5,4,nearest,62,38,-63.89541356666655,5.709797079319204,False,False,False
True,True,True,21.324951171875,0.8203859575554399,130.63194274902344,159.2322998046875,0.7333333333333333,0.7333333333333333,0.0,5,4,oracle,62,38,-63.89541356666655,5.709797079319204,False,False,False
True,True,True,8.0833740234375,1.0582334122639365,37.550048828125,35.48371124267578,0.7333333333333333,0.7333333333333333,0.0,5,4,nearest,62,39,-10.009482766666451,1.0161964744581722,True,False,False
True,True,True,5.1024169921875,0.992641564971755,35.22260665893555,35.48371124267578,0.7333333333333333,0.7333333333333333,0.0,5,4,oracle,62,39,-10.009482766666451,1.0161964744581722,True,False,False
False,False,False,-15.732421875,1.7958310196500822,54.64067840576172,30.426403045654297,0.7166666666666667,0.7166666666666667,0.0,0,10,nearest,63,0,12.954174100000046,1.0466252182086921,True,True,True
False,False,False,-15.732421875,1.7958310196500822,54.64067840576172,30.426403045654297,0.7166666666666667,0.7166666666666667,0.0,0,10,oracle,63,0,12.954174100000046,1.0466252182086921,True,True,True
False,False,False,-14.3167724609375,2.4548951592884833,113.59333801269531,46.27217483520508,0.7166666666666667,0.7166666666666667,0.0,0,10,nearest,63,1,-26.994391266666298,0.9753126192180266,True,False,False
False,False,False,-10.76416015625,2.805082913210112,129.7972869873047,46.27217483520508,0.7166666666666667,0.7166666666666667,0.0,0,10,oracle,63,1,-26.994391266666298,0.9753126192180266,True,False,False
False,True,False,-12.5936279296875,0.9482814061026885,272.60430908203125,287.4719543457031,0.7166666666666667,0.7166666666666667,0.0,0,10,nearest,63,2,-2.8661634333334405,1.1218063284866846,True,False,False
False,True,False,-12.5936279296875,0.9482814061026885,272.60430908203125,287.4719543457031,0.7166666666666667,0.7166666666666667,0.0,0,10,oracle,63,2,-2.8661634333334405,1.1218063284866846,True,False,False
False,True,False,-34.822509765625,1.1624102771317695,210.78785705566406,181.33688354492188,0.7166666666666667,0.7166666666666667,0.0,0,10,nearest,63,3,3.0462916999999834,0.8927186375688857,True,True,True
False,True,False,-34.822509765625,1.1624102771317695,210.78785705566406,181.33688354492188,0.7166666666666667,0.7166666666666667,0.0,0,10,oracle,63,3,3.0462916999999834,0.8927186375688857,True,True,True
True,True,True,70.0394287109375,1.0415660084700893,217.9818572998047,209.28280639648438,0.7166666666666667,0.7166666666666667,0.0,0,10,nearest,63,4,2.813345133333314,1.051048594502166,True,True,True
True,True,True,82.51318359375,1.0729054552501618,224.54066467285156,209.28280639648438,0.7166666666666667,0.7166666666666667,0.0,0,10,oracle,63,4,2.813345133333314,1.051048594502166,True,True,True
False,False,False,-12.6507568359375,2.6864549881062265,113.62293243408203,42.29474639892578,0.7166666666666667,0.7166666666666667,0.0,0,10,nearest,63,5,2.285624199999802,1.003657739076402,True,True,True
False,False,False,-11.719970703125,2.1513737231578363,90.99180603027344,42.29474639892578,0.7166666666666667,0.7166666666666667,0.0,0,10,oracle,63,5,2.285624199999802,1.003657739076402,True,True,True
False,False,False,-63.741455078125,2.1309557557994907,206.00010681152344,96.6702880859375,0.7166666666666667,0.7166666666666667,0.0,0,10,nearest,63,6,-9.482441599999902,1.0307033737750788,True,False,False
False,False,False,-39.0947265625,2.583627132940955,249.75997924804688,96.6702880859375,0.7166666666666667,0.7166666666666667,0.0,0,10,oracle,63,6,-9.482441599999902,1.0307033737750788,True,False,False
False,False,False,-38.1331787109375,1.783784671401,105.66842651367188,59.23833084106445,0.7166666666666667,0.7166666666666667,0.0,0,10,nearest,63,7,-0.3888261333331684,1.091147026684883,True,False,False
False,False,False,-26.9239501953125,1.7120900396954777,101.42135620117188,59.23833084106445,0.7166666666666667,0.7166666666666667,0.0,0,10,oracle,63,7,-0.3888261333331684,1.091147026684883,True,False,False
True,True,True,18.923583984375,1.479829347027944,202.92767333984375,137.1291046142578,0.7166666666666667,0.7166666666666667,0.0,0,11,nearest,63,8,-29.794029100000216,2.7557325077319574,False,False,False
True,True,True,19.3709716796875,1.4414650313517698,197.66680908203125,137.1291046142578,0.7166666666666667,0.7166666666666667,0.0,0,11,oracle,63,8,-29.794029100000216,2.7557325077319574,False,False,False
False,True,False,-27.593017578125,1.0186653355164705,293.5085144042969,288.1304626464844,0.7166666666666667,0.7166666666666667,0.0,0,11,nearest,63,9,-4.002453766666804,1.0856809774601945,True,False,False
False,True,False,-6.1617431640625,1.0605135286823784,305.5662536621094,288.1304626464844,0.7166666666666667,0.7166666666666667,0.0,0,11,oracle,63,9,-4.002453766666804,1.0856809774601945,True,False,False
False,False,False,-17.9847412109375,1.7666988096810137,76.96281433105469,43.56306457519531,0.7166666666666667,0.7166666666666667,0.0,0,11,nearest,63,10,-0.1652116999998725,1.0354473052496123,True,False,False
False,False,True,3.7760009765625,1.7449077023792718,76.0135269165039,43.56306457519531,0.7166666666666667,0.7166666666666667,0.0,0,11,oracle,63,10,-0.1652116999998725,1.0354473052496123,True,False,False
False,False,True,161.11181640625,1.6929100058568527,1174.432861328125,693.7361450195312,0.8666666666666667,0.75,0.1166666666666667,0,11,nearest,63,11,57.488783266666815,3.3252544886344717,False,True,False
False,False,True,176.185302734375,1.608039574973916,1115.55517578125,693.7361450195312,0.85,0.75,0.09999999999999998,0,11,oracle,63,11,57.488783266666815,3.3252544886344717,False,True,False
False,False,False,-21.0596923828125,2.0037242778668998,82.0538101196289,40.95064926147461,0.7166666666666667,0.7166666666666667,0.0,0,11,nearest,63,12,-109.89202483333338,11.232045159252701,False,False,False
False,False,False,-26.2484130859375,1.9210050668996002,78.6664047241211,40.95064926147461,0.7166666666666667,0.7166666666666667,0.0,0,11,oracle,63,12,-109.89202483333338,11.232045159252701,False,False,False
True,True,True,63.6767578125,1.0216663147119596,182.8593292236328,178.98146057128906,0.7166666666666667,0.7166666666666667,0.0,0,11,nearest,63,13,-29.982227400000056,0.8240233358457383,True,False,False
True,True,True,54.01708984375,1.117896585675594,200.082763671875,178.98146057128906,0.7166666666666667,0.7166666666666667,0.0,0,11,oracle,63,13,-29.982227400000056,0.8240233358457383,True,False,False
False,False,False,-26.4346923828125,3.403248616370045,476.2536315917969,139.94088745117188,0.7166666666666667,0.7166666666666667,0.0,0,11,nearest,63,14,-63.23959290000016,3.307600080710403,False,False,False
False,False,False,-28.544189453125,3.424541219731493,479.23333740234375,139.94088745117188,0.7166666666666667,0.7166666666666667,0.0,0,11,oracle,63,14,-63.23959290000016,3.307600080710403,False,False,False
False,False,False,-0.255859375,1.9475348388569609,60.1071891784668,30.863216400146484,0.7166666666666667,0.7166666666666667,0.0,0,11,nearest,63,15,-28.934249099999988,1.121880210124218,True,False,False
False,False,True,1.0513916015625,2.099075384578685,64.78421783447266,30.863216400146484,0.7166666666666667,0.7166666666666667,0.0,0,11,oracle,63,15,-28.934249099999988,1.121880210124218,True,False,False
False,False,True,62.27197265625,3.5760136902377258,940.88818359375,263.11090087890625,0.7333333333333333,0.7166666666666667,0.016666666666666607,0,11,nearest,63,16,21.08802680000008,3.7662499200027826,False,True,False
False,False,True,10.4063720703125,3.3909887911990535,892.2061157226562,263.11090087890625,0.7166666666666667,0.7166666666666667,0.0,0,11,oracle,63,16,21.08802680000008,3.7662499200027826,False,True,False
True,True,True,79.7156982421875,0.6591201776239082,71.63783264160156,108.68705749511719,0.7166666666666667,0.7166666666666667,0.0,0,11,nearest,63,17,-81.71247656666674,14.185323975989512,False,False,False
True,True,True,70.264892578125,1.1885292748825447,129.17774963378906,108.68705749511719,0.7166666666666667,0.7166666666666667,0.0,0,11,oracle,63,17,-81.71247656666674,14.185323975989512,False,False,False
False,True,False,-32.9384765625,1.4801461727572147,113.30570220947266,76.55034637451172,0.7166666666666667,0.7166666666666667,0.0,0,11,nearest,63,18,-8.763469966666662,1.0624800005529922,True,False,False
False,False,False,-31.244384765625,1.7922254678701288,137.1954803466797,76.55034637451172,0.7166666666666667,0.7166666666666667,0.0,0,11,oracle,63,18,-8.763469966666662,1.0624800005529922,True,False,False
False,False,True,113.79052734375,2.0430336177570987,1612.7401123046875,789.385009765625,0.7833333333333333,0.75,0.033333333333333326,0,11,nearest,63,19,58.01158396666642,1.9728585778428331,False,True,False
False,False,True,130.087646484375,2.053715978091875,1621.172607421875,789.385009765625,0.7833333333333333,0.75,0.033333333333333326,0,11,oracle,63,19,58.01158396666642,1.9728585778428331,False,True,False
False,False,False,-60.12158203125,3.0377795124416385,123.27523040771484,40.58070373535156,0.7166666666666667,0.7166666666666667,0.0,0,11,nearest,63,20,-48.828660433333425,3.486709502309199,False,False,False
False,False,False,-57.901123046875,3.120128167093251,126.61699676513672,40.58070373535156,0.7166666666666667,0.7166666666666667,0.0,0,11,oracle,63,20,-48.828660433333425,3.486709502309199,False,False,False
False,False,False,-16.974609375,2.584082607301675,76.34132385253906,29.542911529541016,0.7166666666666667,0.7166666666666667,0.0,0,11,nearest,63,21,-25.245410900000024,1.04886526677428,True,False,False
False,False,False,-21.811767578125,2.5080038122553345,74.09373474121094,29.542911529541016,0.7166666666666667,0.7166666666666667,0.0,0,11,oracle,63,21,-25.245410900000024,1.04886526677428,True,False,False
False,False,True,52.022216796875,2.700912607867273,103.01155853271484,38.1395378112793,0.7166666666666667,0.7166666666666667,0.0,0,11,nearest,63,22,-43.21145640000009,1.5781218930610448,False,False,False
False,False,True,43.1455078125,2.7329866590998586,104.23484802246094,38.1395378112793,0.7166666666666667,0.7166666666666667,0.0,0,11,oracle,63,22,-43.21145640000009,1.5781218930610448,False,False,False
False,False,False,-29.191162109375,2.471575068319818,106.9554443359375,43.27420425415039,0.7166666666666667,0.7166666666666667,0.0,0,11,nearest,63,23,-49.28956599999992,1.978088265654754,False,False,False
False,False,False,-37.545166015625,2.3309123627818686,100.86837768554688,43.27420425415039,0.7166666666666667,0.7166666666666667,0.0,0,11,oracle,63,23,-49.28956599999992,1.978088265654754,False,False,False
False,True,False,-10.884033203125,1.2050495081031762,72.6158676147461,60.2596549987793,0.7166666666666667,0.7166666666666667,0.0,0,11,nearest,63,24,-11.217587366666521,1.2048270875121019,True,False,False
False,True,False,-25.260009765625,0.723101213436446,43.573829650878906,60.2596549987793,0.7166666666666667,0.7166666666666667,0.0,0,11,oracle,63,24,-11.217587366666521,1.2048270875121019,True,False,False
False,False,False,-8.2587890625,5.724138212741997,416.96380615234375,72.84307098388672,0.7166666666666667,0.7166666666666667,0.0,0,10,nearest,63,25,-2.4405343333332894,7.712131694308852,False,False,False
False,False,False,-1.479248046875,5.06800819926334,369.1692810058594,72.84307098388672,0.7166666666666667,0.7166666666666667,0.0,0,10,oracle,63,25,-2.4405343333332894,7.712131694308852,False,False,False
False,False,False,-20.065673828125,1.7410261813905419,53.16535568237305,30.536792755126953,0.7166666666666667,0.7166666666666667,0.0,0,10,nearest,63,26,-34.51450276666674,1.417209357264147,True,False,False
False,False,False,-11.8436279296875,2.012243041475011,61.44744873046875,30.536792755126953,0.7166666666666667,0.7166666666666667,0.0,0,10,oracle,63,26,-34.51450276666674,1.417209357264147,True,False,False
False,False,False,-0.1087646484375,1.956049465992269,60.55342102050781,30.956998825073242,0.7166666666666667,0.7166666666666667,0.0,0,10,nearest,63,27,-27.88592963333349,1.1848992137319436,True,False,False
False,False,True,2.777099609375,1.8063153531250618,55.9181022644043,30.956998825073242,0.7166666666666667,0.7166666666666667,0.0,0,10,oracle,63,27,-27.88592963333349,1.1848992137319436,True,False,False
True,True,True,48.8985595703125,0.8308268553744774,203.61843872070312,245.0792694091797,0.7166666666666667,0.7166666666666667,0.0,0,11,nearest,63,28,-48.657563900000014,4.112331290729349,False,False,False
True,True,True,60.262939453125,0.7718037806520742,189.15310668945312,245.0792694091797,0.7166666666666667,0.7166666666666667,0.0,0,11,oracle,63,28,-48.657563900000014,4.112331290729349,False,False,False
False,False,False,-70.6307373046875,2.705487511722801,302.7655029296875,111.90792846679688,0.7166666666666667,0.7166666666666667,0.0,0,11,nearest,63,29,-18.03406843333346,2.154555552971401,False,False,False
False,False,False,-99.7869873046875,3.8240024063273537,427.9361877441406,111.90792846679688,0.7166666666666667,0.7166666666666667,0.0,0,11,oracle,63,29,-18.03406843333346,2.154555552971401,False,False,False
False,False,False,-20.2955322265625,2.8126365651306795,224.18768310546875,79.70730590820312,0.7166666666666667,0.7166666666666667,0.0,0,11,nearest,63,30,-20.189823066666577,0.9395124975081818,True,False,False
False,False,False,-8.3660888671875,2.347522770267347,187.11471557617188,79.70730590820312,0.7166666666666667,0.7166666666666667,0.0,0,11,oracle,63,30,-20.189823066666577,0.9395124975081818,True,False,False
False,False,False,-21.1817626953125,1.5197388068427844,327.2166748046875,215.31112670898438,0.7166666666666667,0.7166666666666667,0.0,0,12,nearest,63,31,-13.909533033333219,1.4597823416991855,True,False,False
True,True,True,22.540771484375,1.0001352172085867,215.34024047851562,215.31112670898438,0.7166666666666667,0.7166666666666667,0.0,0,12,oracle,63,31,-13.909533033333219,1.4597823416991855,True,False,False
False,False,False,-8.1900634765625,2.0164621680686894,298.4215087890625,147.99261474609375,0.7166666666666667,0.7166666666666667,0.0,0,10,nearest,63,32,-31.577409333333208,2.1375861456097587,False,False,False
False,False,True,9.0513916015625,1.7548711990831072,259.7079772949219,147.99261474609375,0.7166666666666667,0.7166666666666667,0.0,0,10,oracle,63,32,-31.577409333333208,2.1375861456097587,False,False,False
False,False,False,-30.5030517578125,3.0184750198565915,94.52873992919922,31.316720962524414,0.7166666666666667,0.7166666666666667,0.0,0,11,nearest,63,33,-27.853849899999886,1.12526235423446,True,False,False
False,False,False,-22.5562744140625,2.4065590915782167,75.36553955078125,31.316720962524414,0.7166666666666667,0.7166666666666667,0.0,0,11,oracle,63,33,-27.853849899999886,1.12526235423446,True,False,False
False,False,True,12.2730712890625,4.405060326808239,438.5726013183594,99.56108856201172,0.7166666666666667,0.7166666666666667,0.0,0,12,nearest,63,34,-28.661509066666667,1.6476689507468143,False,False,False
False,False,True,8.2891845703125,3.4258748745466456,341.0838317871094,99.56108856201172,0.7166666666666667,0.7166666666666667,0.0,0,12,oracle,63,34,-28.661509066666667,1.6476689507468143,False,False,False
False,False,True,27.283935546875,1.650255580928758,380.7368469238281,230.7138671875,0.7166666666666667,0.7166666666666667,0.0,0,12,nearest,63,35,-24.763681099999985,2.187073839464607,False,False,False
True,True,True,17.1239013671875,1.4287721268904683,329.6375427246094,230.7138671875,0.7166666666666667,0.7166666666666667,0.0,0,12,oracle,63,35,-24.763681099999985,2.187073839464607,False,False,False
False,False,False,-5.530029296875,1.9968466744117401,168.98031616210938,84.62358093261719,0.7166666666666667,0.7166666666666667,0.0,0,12,nearest,63,36,-3.3719171666666625,0.4774937145772917,True,False,False
False,False,False,-14.1219482421875,2.49649677572098,211.2624969482422,84.62358093261719,0.7166666666666667,0.7166666666666667,0.0,0,12,oracle,63,36,-3.3719171666666625,0.4774937145772917,True,False,False
True,True,True,177.363037109375,1.4385942803604157,1538.4375,1069.4033203125,0.9,0.7833333333333333,0.1166666666666667,0,13,nearest,63,37,80.17076253333289,2.145269383794934,False,True,False
True,True,True,178.752197265625,1.497720349128685,1601.6671142578125,1069.4033203125,0.9,0.7833333333333333,0.1166666666666667,0,13,oracle,63,37,80.17076253333289,2.145269383794934,False,True,False
False,True,False,-90.251953125,1.323881614621907,99.59727478027344,75.23125457763672,0.7166666666666667,0.7166666666666667,0.0,0,14,nearest,63,38,-155.46449766666638,17.641663732881526,False,False,False
False,False,False,-78.77099609375,2.3056313079249557,173.45553588867188,75.23125457763672,0.7166666666666667,0.7166666666666667,0.0,0,14,oracle,63,38,-155.46449766666638,17.641663732881526,False,False,False
False,False,False,-22.4664306640625,2.4446955096518543,78.08255004882812,31.9395809173584,0.7166666666666667,0.7166666666666667,0.0,0,14,nearest,63,39,-35.25739616666647,1.0720772704029768,True,False,False
False,False,False,-15.5025634765625,1.639259984405399,52.357276916503906,31.9395809173584,0.7166666666666667,0.7166666666666667,0.0,0,14,oracle,63,39,-35.25739616666647,1.0720772704029768,True,False,False
False,True,False,-6.2257080078125,1.0818914108262698,32.91806411743164,30.426403045654297,0.7166666666666667,0.7166666666666667,0.0,1,16,nearest,63,0,13.160502400000041,1.0219346546081447,True,True,True
False,True,False,-8.5933837890625,1.145667951212742,34.85855484008789,30.426403045654297,0.7166666666666667,0.7166666666666667,0.0,1,16,oracle,63,0,13.160502400000041,1.0219346546081447,True,True,True
False,False,False,-90.907958984375,4.459223116160275,206.33795166015625,46.27217483520508,0.7166666666666667,0.7166666666666667,0.0,1,15,nearest,63,1,-3.746132466666495,1.0766557459264756,True,False,False
False,False,False,-101.3934326171875,5.7407870569868535,265.6387023925781,46.27217483520508,0.7166666666666667,0.7166666666666667,0.0,1,15,oracle,63,1,-3.746132466666495,1.0766557459264756,True,False,False
True,True,True,1.7637939453125,0.46582854921415673,133.9126434326172,287.4719543457031,0.7166666666666667,0.7166666666666667,0.0,1,15,nearest,63,2,-55.70577943333319,0.13017401860911013,True,False,False
False,True,False,-5.5013427734375,0.458298358546143,131.7479248046875,287.4719543457031,0.7166666666666667,0.7166666666666667,0.0,1,15,oracle,63,2,-55.70577943333319,0.13017401860911013,True,False,False
True,True,True,22.3214111328125,1.2053955480325214,218.58267211914062,181.33688354492188,0.7166666666666667,0.7166666666666667,0.0,1,15,nearest,63,3,3.248421633333237,0.8363527173247786,True,True,True
True,True,True,22.3214111328125,1.2053955480325214,218.58267211914062,181.33688354492188,0.7166666666666667,0.7166666666666667,0.0,1,15,oracle,63,3,3.248421633333237,0.8363527173247786,True,True,True
True,True,True,6.38330078125,1.0593032379725273,221.69395446777344,209.28280639648438,0.7166666666666667,0.7166666666666667,0.0,1,15,nearest,63,4,0.8074828666665326,0.9838470244728311,True,True,True
True,True,True,64.47509765625,0.8850091990424305,185.2172088623047,209.28280639648438,0.7166666666666667,0.7166666666666667,0.0,1,15,oracle,63,4,0.8074828666665326,0.9838470244728311,True,True,True
False,False,False,-95.353271484375,4.57275874030446,193.40367126464844,42.29474639892578,0.7166666666666667,0.7166666666666667,0.0,1,15,nearest,63,5,-2.4399545000001126,1.0093718710014015,True,False,False
False,False,False,-95.7216796875,4.514350003977519,190.93328857421875,42.29474639892578,0.7166666666666667,0.7166666666666667,0.0,1,15,oracle,63,5,-2.4399545000001126,1.0093718710014015,True,False,False
False,True,False,-77.4248046875,1.1544800599300689,111.60391998291016,96.6702880859375,0.7166666666666667,0.7166666666666667,0.0,1,16,nearest,63,6,-8.108328266666604,1.046481014994576,True,False,False
False,True,False,-56.4239501953125,1.2182484913305964,117.7684326171875,96.6702880859375,0.7166666666666667,0.7166666666666667,0.0,1,16,oracle,63,6,-8.108328266666604,1.046481014994576,True,False,False
True,True,True,4.682861328125,0.8831193151021642,52.31451416015625,59.23833084106445,0.7166666666666667,0.7166666666666667,0.0,1,14,nearest,63,7,-1.2281797666664716,1.0162557448477394,True,False,False
False,True,False,-1.9488525390625,1.2391907694088977,73.4075927734375,59.23833084106445,0.7166666666666667,0.7166666666666667,0.0,1,14,oracle,63,7,-1.2281797666664716,1.0162557448477394,True,False,False
False,False,False,-36.1671142578125,3.697588476907425,507.0469970703125,137.1291046142578,0.7166666666666667,0.7166666666666667,0.0,1,14,nearest,63,8,-16.08491026666661,3.91227515549901,False,False,False
False,False,False,-46.7969970703125,2.1214459769355214,290.9119873046875,137.1291046142578,0.7166666666666667,0.7166666666666667,0.0,1,14,oracle,63,8,-16.08491026666661,3.91227515549901,False,False,False
True,True,True,13.9188232421875,1.1776320799571338,339.3116760253906,288.1304626464844,0.7166666666666667,0.7166666666666667,0.0,1,13,nearest,63,9,-9.430569999999989,1.5969900455865536,False,False,False
False,False,True,6.20849609375,1.5046265624836161,433.52874755859375,288.1304626464844,0.7166666666666667,0.7166666666666667,0.0,1,13,oracle,63,9,-9.430569999999989,1.5969900455865536,False,False,False
False,False,False,-11.40283203125,1.5230541771499246,66.34890747070312,43.56306457519531,0.7166666666666667,0.7166666666666667,0.0,1,13,nearest,63,10,2.359498600000279,0.961379837980631,True,True,True
False,False,False,-28.0667724609375,2.7335223851634476,119.08061218261719,43.56306457519531,0.7166666666666667,0.7166666666666667,0.0,1,13,oracle,63,10,2.359498600000279,0.961379837980631,True,True,True
True,True,True,109.856201171875,1.384395873615508,960.4054565429688,693.7361450195312,0.7666666666666667,0.75,0.01666666666666672,1,13,nearest,63,11,15.954055166666876,2.4070974757780923,False,True,False
True,True,True,158.425048828125,1.4931539402048517,1035.8548583984375,693.7361450195312,0.85,0.75,0.09999999999999998,1,13,oracle,63,11,15.954055166666876,2.4070974757780923,False,True,False
False,True,False,-17.7509765625,1.4480171201271508,59.2972412109375,40.95064926147461,0.7166666666666667,0.7166666666666667,0.0,1,13,nearest,63,12,-49.5370597000001,2.1780588019746534,False,False,False
False,True,False,-15.084716796875,1.363077036007656,55.81888961791992,40.95064926147461,0.7166666666666667,0.7166666666666667,0.0,1,13,oracle,63,12,-49.5370597000001,2.1780588019746534,False,False,False
True,True,True,44.382568359375,1.3837611252570285,247.66758728027344,178.98146057128906,0.7166666666666667,0.7166666666666667,0.0,1,13,nearest,63,13,-4.967957566666655,0.9827787368255801,True,False,False
True,True,True,145.4332275390625,0.6549813299181934,117.2295150756836,178.98146057128906,0.7166666666666667,0.7166666666666667,0.0,1,13,oracle,63,13,-4.967957566666655,0.9827787368255801,True,False,False
False,True,False,-114.917236328125,1.4809240177312242,207.2418212890625,139.94088745117188,0.7166666666666667,0.7166666666666667,0.0,1,13,nearest,63,14,-24.633589433333327,1.4474104521405033,True,False,False
False,False,False,-111.7147216796875,1.8589784548660444,260.1470947265625,139.94088745117188,0.7166666666666667,0.7166666666666667,0.0,1,13,oracle,63,14,-24.633589433333327,1.4474104521405033,True,False,False
False,True,False,-11.9942626953125,1.307385712839593,40.350128173828125,30.863216400146484,0.7166666666666667,0.7166666666666667,0.0,1,14,nearest,63,15,-8.843294966666463,1.032560284108761,True,False,False
False,True,False,-9.592041015625,1.365897268276657,42.155982971191406,30.863216400146484,0.7166666666666667,0.7166666666666667,0.0,1,14,oracle,63,15,-8.843294966666463,1.032560284108761,True,False,False
False,False,False,-123.9984130859375,2.6788484481683135,704.834228515625,263.11090087890625,0.7666666666666667,0.7166666666666667,0.050000000000000044,1,14,nearest,63,16,15.305301999999983,0.8430622105075481,True,True,True
False,False,False,-86.027099609375,2.5528540002584204,671.6837158203125,263.11090087890625,0.7666666666666667,0.7166666666666667,0.050000000000000044,1,14,oracle,63,16,15.305301999999983,0.8430622105075481,True,True,True
False,False,False,-38.3046875,3.15999727639597,343.4508056640625,108.68705749511719,0.7166666666666667,0.7166666666666667,0.0,1,15,nearest,63,17,3.298708499999975,1.0428749832634034,True,True,True
False,False,False,-42.3790283203125,4.163731562148362,452.5437316894531,108.68705749511719,0.7333333333333333,0.7166666666666667,0.016666666666666607,1,15,oracle,63,17,3.298708499999975,1.0428749832634034,True,True,True
False,False,False,-35.3504638671875,2.5391275540291742,194.37109375,76.55034637451172,0.7166666666666667,0.7166666666666667,0.0,1,13,nearest,63,18,2.044729566666774,6.397354257197489,False,True,False
False,False,False,-48.6583251953125,3.5230692212680843,269.6921691894531,76.55034637451172,0.7166666666666667,0.7166666666666667,0.0,1,13,oracle,63,18,2.044729566666774,6.397354257197489,False,True,False
True,True,True,96.701416015625,1.4059094349122776,1109.8038330078125,789.385009765625,0.7833333333333333,0.75,0.033333333333333326,1,13,nearest,63,19,26.06472459999941,2.1251980671829496,False,True,False
True,True,True,114.088134765625,1.438957653755999,1135.8916015625,789.385009765625,0.7666666666666667,0.75,0.01666666666666672,1,13,oracle,63,19,26.06472459999941,2.1251980671829496,False,True,False
False,False,False,-21.447509765625,2.000751269882989,81.19189453125,40.58070373535156,0.7166666666666667,0.7166666666666667,0.0,1,13,nearest,63,20,-21.630932466666536,3.429833269010219,False,False,False
False,False,False,-48.8267822265625,2.4578963616052207,99.7431640625,40.58070373535156,0.7166666666666667,0.7166666666666667,0.0,1,13,oracle,63,20,-21.630932466666536,3.429833269010219,False,False,False
False,True,False,-6.2542724609375,1.144065005125575,33.79901123046875,29.542911529541016,0.7166666666666667,0.7166666666666667,0.0,1,13,nearest,63,21,-8.259725099999969,1.0127562764318705,True,False,False
False,True,False,-4.5831298828125,1.2334053457571228,36.438385009765625,29.542911529541016,0.7166666666666667,0.7166666666666667,0.0,1,13,oracle,63,21,-8.259725099999969,1.0127562764318705,True,False,False
False,False,True,22.22705078125,3.0587275459987153,116.65845489501953,38.1395378112793,0.7166666666666667,0.7166666666666667,0.0,1,13,nearest,63,22,-2.9777112666668017,1.399186976911328,True,False,False
False,False,True,28.8677978515625,3.439980852268107,131.19927978515625,38.1395378112793,0.7166666666666667,0.7166666666666667,0.0,1,13,oracle,63,22,-2.9777112666668017,1.399186976911328,True,False,False
False,True,False,-25.94580078125,1.395450470038407,60.38700866699219,43.27420425415039,0.7166666666666667,0.7166666666666667,0.0,1,13,nearest,63,23,-16.169080699999768,1.3905714324153562,True,False,False
False,False,False,-42.6513671875,1.8829466277235698,81.48301696777344,43.27420425415039,0.7166666666666667,0.7166666666666667,0.0,1,13,oracle,63,23,-16.169080699999768,1.3905714324153562,True,False,False
False,False,False,-82.18310546875,7.369766369661727,444.0995788574219,60.2596549987793,0.7166666666666667,0.7166666666666667,0.0,1,14,nearest,63,24,2.982131766666953,6.451625370558881,False,True,False
False,False,False,-84.7315673828125,6.158588369082239,371.1144104003906,60.2596549987793,0.7166666666666667,0.7166666666666667,0.0,1,14,oracle,63,24,2.982131766666953,6.451625370558881,False,True,False
True,True,True,22.4779052734375,1.3676696774831434,99.62525939941406,72.84307098388672,0.7166666666666667,0.7166666666666667,0.0,1,16,nearest,63,25,8.850584566666612,0.7713043955344678,True,True,True
True,True,True,18.457275390625,1.2054186527061477,87.806396484375,72.84307098388672,0.7166666666666667,0.7166666666666667,0.0,1,16,oracle,63,25,8.850584566666612,0.7713043955344678,True,True,True
False,True,False,-6.44873046875,1.1639820028314671,35.54427719116211,30.536792755126953,0.7166666666666667,0.7166666666666667,0.0,1,16,nearest,63,26,-1.3864141000001382,1.0025584124069644,True,False,False
False,True,False,-9.65966796875,1.2942342427648992,39.52176284790039,30.536792755126953,0.7166666666666667,0.7166666666666667,0.0,1,16,oracle,63,26,-1.3864141000001382,1.0025584124069644,True,False,False
True,True,True,17.5372314453125,1.07807622284699,33.37400436401367,30.956998825073242,0.7166666666666667,0.7166666666666667,0.0,1,15,nearest,63,27,-3.2096221666668043,1.0441201709915378,True,False,False
True,True,True,12.966796875,1.1420128533011205,35.35329055786133,30.956998825073242,0.7166666666666667,0.7166666666666667,0.0,1,15,oracle,63,27,-3.2096221666668043,1.0441201709915378,True,False,False
False,False,True,17.4427490234375,2.283120863754135,559.5455932617188,245.0792694091797,0.7166666666666667,0.7166666666666667,0.0,1,14,nearest,63,28,-18.0991128666667,6.5506411226236425,False,False,False
False,False,True,14.2015380859375,2.3841028694989235,584.294189453125,245.0792694091797,0.7166666666666667,0.7166666666666667,0.0,1,14,oracle,63,28,-18.0991128666667,6.5506411226236425,False,False,False
True,True,True,2.74609375,1.4789513168670076,165.50637817382812,111.90792846679688,0.7166666666666667,0.7166666666666667,0.0,1,14,nearest,63,29,2.4926711333332605,1.910614115375131,False,True,False
False,True,False,-42.8974609375,1.478407820672981,165.445556640625,111.90792846679688,0.7166666666666667,0.7166666666666667,0.0,1,14,oracle,63,29,2.4926711333332605,1.910614115375131,False,True,False
False,True,False,-6.94873046875,1.2725970184340671,101.4352798461914,79.70730590820312,0.7166666666666667,0.7166666666666667,0.0,1,14,nearest,63,30,1.6024617666666927,0.9914394109734298,True,True,True
False,True,False,-8.005859375,1.2726466958847926,101.43923950195312,79.70730590820312,0.7166666666666667,0.7166666666666667,0.0,1,14,oracle,63,30,1.6024617666666927,0.9914394109734298,True,True,True
True,True,True,10.417724609375,0.9642072678540929,207.60455322265625,215.31112670898438,0.7166666666666667,0.7166666666666667,0.0,1,14,nearest,63,31,-20.986949333333314,1.4460783925839338,True,False,False
False,False,False,-60.231689453125,1.6350632112102719,352.04730224609375,215.31112670898438,0.7333333333333333,0.7166666666666667,0.016666666666666607,1,14,oracle,63,31,-20.986949333333314,1.4460783925839338,True,False,False
False,True,False,-7.0982666015625,1.4387622896089471,212.9261932373047,147.99261474609375,0.7166666666666667,0.7166666666666667,0.0,1,15,nearest,63,32,13.745268533333274,1.1172017866968909,True,True,True
False,False,False,-15.56103515625,1.8395412896629744,272.238525390625,147.99261474609375,0.7166666666666667,0.7166666666666667,0.0,1,15,oracle,63,32,13.745268533333274,1.1172017866968909,True,True,True
True,True,True,6.111083984375,1.1259842495706647,35.26213455200195,31.316720962524414,0.7166666666666667,0.7166666666666667,0.0,1,14,nearest,63,33,-2.662215033333041,1.0560581346673765,True,False,False
False,True,False,-3.8026123046875,1.0997248854846717,34.43977737426758,31.316720962524414,0.7166666666666667,0.7166666666666667,0.0,1,14,oracle,63,33,-2.662215033333041,1.0560581346673765,True,False,False
True,True,True,42.9296875,1.097033634028015,109.22186279296875,99.56108856201172,0.7166666666666667,0.7166666666666667,0.0,1,14,nearest,63,34,4.731555566666657,0.8965890329238587,True,True,True
True,True,True,19.8568115234375,1.197761307545608,119.25041961669922,99.56108856201172,0.7166666666666667,0.7166666666666667,0.0,1,14,oracle,63,34,4.731555566666657,0.8965890329238587,True,True,True
True,True,True,60.5411376953125,1.2096767579819767,279.0892028808594,230.7138671875,0.7166666666666667,0.7166666666666667,0.0,1,14,nearest,63,35,-17.41411476666667,1.44680765819697,True,False,False
True,True,True,33.296630859375,1.210907043779709,279.373046875,230.7138671875,0.7166666666666667,0.7166666666666667,0.0,1,14,oracle,63,35,-17.41411476666667,1.44680765819697,True,False,False
True,True,True,12.34619140625,1.2873885368464688,108.94342803955078,84.62358093261719,0.7166666666666667,0.7166666666666667,0.0,1,14,nearest,63,36,5.7928749333332235,1.0348816801753031,True,True,True
False,True,False,-19.048828125,1.3622820030180904,115.28118133544922,84.62358093261719,0.7166666666666667,0.7166666666666667,0.0,1,14,oracle,63,36,5.7928749333332235,1.0348816801753031,True,True,True
True,True,True,32.414794921875,1.258961764053224,1346.337890625,1069.4033203125,0.8,0.7833333333333333,0.01666666666666672,1,13,nearest,63,37,11.20278473333292,1.627922609739101,False,True,False
False,True,False,-8.260498046875,1.3531605086072203,1447.0743408203125,1069.4033203125,0.8166666666666667,0.7833333333333333,0.033333333333333326,1,13,oracle,63,37,11.20278473333292,1.627922609739101,False,True,False
True,True,True,6.896240234375,0.6982853467665769,52.53288269042969,75.23125457763672,0.7166666666666667,0.7166666666666667,0.0,1,13,nearest,63,38,-25.65303139999969,3.5702550921486345,False,False,False
True,True,True,1.9013671875,0.7483452765221493,56.298954010009766,75.23125457763672,0.7166666666666667,0.7166666666666667,0.0,1,13,oracle,63,38,-25.65303139999969,3.5702550921486345,False,False,False
False,False,False,-14.302490234375,1.7497722826359905,55.886993408203125,31.9395809173584,0.7166666666666667,0.7166666666666667,0.0,1,12,nearest,63,39,-4.43460059999984,0.9969264862939392,True,False,False
False,True,False,-20.26611328125,1.1136530152896242,35.569610595703125,31.9395809173584,0.7166666666666667,0.7166666666666667,0.0,1,12,oracle,63,39,-4.43460059999984,0.9969264862939392,True,False,False
False,True,False,-18.8154296875,1.3724596447461346,41.759010314941406,30.426403045654297,0.7166666666666667,0.7166666666666667,0.0,2,8,nearest,63,0,12.131606033333128,1.0030017880349653,True,True,True
False,True,False,-12.9171142578125,1.2828439065262354,39.032325744628906,30.426403045654297,0.7166666666666667,0.7166666666666667,0.0,2,8,oracle,63,0,12.131606033333128,1.0030017880349653,True,True,True
False,True,False,-7.4127197265625,1.306959298260598,60.47584915161133,46.27217483520508,0.7166666666666667,0.7166666666666667,0.0,2,9,nearest,63,1,-4.1561371999998755,1.4042455095874147,True,False,False
False,True,False,-7.4127197265625,1.306959298260598,60.47584915161133,46.27217483520508,0.7166666666666667,0.7166666666666667,0.0,2,9,oracle,63,1,-4.1561371999998755,1.4042455095874147,True,False,False
True,True,True,114.9532470703125,0.23889702003666502,68.67619323730469,287.4719543457031,0.7166666666666667,0.7166666666666667,0.0,2,9,nearest,63,2,-0.5199999000001299,0.9871094808489714,True,False,False
True,True,True,114.9532470703125,0.23889702003666502,68.67619323730469,287.4719543457031,0.7166666666666667,0.7166666666666667,0.0,2,9,oracle,63,2,-0.5199999000001299,0.9871094808489714,True,False,False
True,True,True,104.6385498046875,0.31512921809605343,57.14455032348633,181.33688354492188,0.7166666666666667,0.7166666666666667,0.0,2,9,nearest,63,3,-22.768579600000066,0.23047024594582585,True,False,False
True,True,True,104.0660400390625,0.41002111730183216,74.3519515991211,181.33688354492188,0.7166666666666667,0.7166666666666667,0.0,2,9,oracle,63,3,-22.768579600000066,0.23047024594582585,True,False,False
True,True,True,131.56005859375,0.5426149632410143,113.55998229980469,209.28280639648438,0.7166666666666667,0.7166666666666667,0.0,2,9,nearest,63,4,2.8580804999999145,0.8165524235713452,True,True,True
True,True,True,125.571044921875,0.5790213201679436,121.17920684814453,209.28280639648438,0.7166666666666667,0.7166666666666667,0.0,2,9,oracle,63,4,2.8580804999999145,0.8165524235713452,True,True,True
False,True,False,-25.0538330078125,1.414875595658245,59.84180450439453,42.29474639892578,0.7166666666666667,0.7166666666666667,0.0,2,9,nearest,63,5,-4.4255741333333845,0.9962409625497797,True,False,False
False,False,False,-73.6524658203125,2.2729775669742915,96.135009765625,42.29474639892578,0.7166666666666667,0.7166666666666667,0.0,2,9,oracle,63,5,-4.4255741333333845,0.9962409625497797,True,False,False
True,True,True,12.446533203125,0.7287944187755627,70.45276641845703,96.6702880859375,0.7166666666666667,0.7166666666666667,0.0,2,8,nearest,63,6,-4.957508899999766,1.013764245550162,True,False,False
True,True,True,22.9200439453125,0.6678288166905115,64.5592041015625,96.6702880859375,0.7166666666666667,0.7166666666666667,0.0,2,8,oracle,63,6,-4.957508899999766,1.013764245550162,True,False,False
True,True,True,4.9359130859375,0.9052027458609143,53.62269973754883,59.23833084106445,0.7166666666666667,0.7166666666666667,0.0,2,8,nearest,63,7,-0.5063356666664731,0.9880883343861075,True,False,False
True,True,True,7.861083984375,0.9049803873057156,53.609527587890625,59.23833084106445,0.7166666666666667,0.7166666666666667,0.0,2,8,oracle,63,7,-0.5063356666664731,0.9880883343861075,True,False,False
False,True,False,-24.95556640625,1.1693922471314613,160.3577117919922,137.1291046142578,0.7166666666666667,0.7166666666666667,0.0,2,8,nearest,63,8,-0.6829712666667547,0.9406535064788225,True,False,False
True,True,True,22.4722900390625,0.8439937473384851,115.7361068725586,137.1291046142578,0.7166666666666667,0.7166666666666667,0.0,2,8,oracle,63,8,-0.6829712666667547,0.9406535064788225,True,False,False
True,True,True,30.78564453125,1.415677492218099,407.8998107910156,288.1304626464844,0.7166666666666667,0.7166666666666667,0.0,2,8,nearest,63,9,-42.35036156666661,1.8482342666665583,False,False,False
True,True,True,55.2242431640625,0.9922446308351284,285.8959045410156,288.1304626464844,0.7166666666666667,0.7166666666666667,0.0,2,8,oracle,63,9,-42.35036156666661,1.8482342666665583,False,False,False
True,True,True,16.565673828125,1.169888849152822,50.96394348144531,43.56306457519531,0.7166666666666667,0.7166666666666667,0.0,2,8,nearest,63,10,-3.3390587999999752,1.0067702414644029,True,False,False
True,True,True,8.621826171875,1.3615408716583028,59.31289291381836,43.56306457519531,0.7166666666666667,0.7166666666666667,0.0,2,8,oracle,63,10,-3.3390587999999752,1.0067702414644029,True,False,False
True,True,True,167.64892578125,1.3089550018286717,908.0693969726562,693.7361450195312,0.8166666666666667,0.75,0.06666666666666665,2,9,nearest,63,11,5.4966762000003655,2.25800861416897,False,True,False
False,False,True,185.34521484375,1.5422703842357495,1069.9287109375,693.7361450195312,0.8333333333333334,0.75,0.08333333333333337,2,9,oracle,63,11,5.4966762000003655,2.25800861416897,False,True,False
False,True,False,-4.2913818359375,1.1472310068582419,46.979854583740234,40.95064926147461,0.7166666666666667,0.7166666666666667,0.0,2,9,nearest,63,12,-65.28377756666669,1.5062833050770188,False,False,False
False,True,False,-8.035888671875,1.1568362529665903,47.37319564819336,40.95064926147461,0.7166666666666667,0.7166666666666667,0.0,2,9,oracle,63,12,-65.28377756666669,1.5062833050770188,False,False,False
True,True,True,71.7454833984375,0.7244799091266303,129.66847229003906,178.98146057128906,0.7166666666666667,0.7166666666666667,0.0,2,9,nearest,63,13,-54.03364236666653,1.2152186566550685,True,False,False
True,True,True,109.59521484375,0.6687900888417797,119.7010269165039,178.98146057128906,0.7166666666666667,0.7166666666666667,0.0,2,9,oracle,63,13,-54.03364236666653,1.2152186566550685,True,False,False
False,False,False,-62.59716796875,2.0738610553990626,290.21795654296875,139.94088745117188,0.7166666666666667,0.7166666666666667,0.0,2,10,nearest,63,14,-20.563789499999984,1.6958009186629721,False,False,False
False,False,False,-82.514892578125,2.0607866000898905,288.3883056640625,139.94088745117188,0.7166666666666667,0.7166666666666667,0.0,2,10,oracle,63,14,-20.563789499999984,1.6958009186629721,False,False,False
True,True,True,25.71044921875,1.0218995311476629,31.539106369018555,30.863216400146484,0.7166666666666667,0.7166666666666667,0.0,2,9,nearest,63,15,-23.74860396666668,1.0705247888902134,True,False,False
True,True,True,18.6632080078125,1.0674247309256277,32.94416046142578,30.863216400146484,0.7166666666666667,0.7166666666666667,0.0,2,9,oracle,63,15,-23.74860396666668,1.0705247888902134,True,False,False
False,True,False,-29.3114013671875,1.3315814966517885,350.3536071777344,263.11090087890625,0.7166666666666667,0.7166666666666667,0.0,2,10,nearest,63,16,10.268215300000065,0.8656969776862233,True,True,True
False,True,False,-45.8878173828125,1.4461393441463075,380.4950256347656,263.11090087890625,0.7333333333333333,0.7166666666666667,0.016666666666666607,2,10,oracle,63,16,10.268215300000065,0.8656969776862233,True,True,True
False,True,False,-20.7608642578125,1.3442591972528102,146.10357666015625,108.68705749511719,0.7166666666666667,0.7166666666666667,0.0,2,9,nearest,63,17,-12.959618399999954,1.0568229473368873,True,False,False
False,True,False,-43.041748046875,1.3379153057421014,145.41407775878906,108.68705749511719,0.7166666666666667,0.7166666666666667,0.0,2,9,oracle,63,17,-12.959618399999954,1.0568229473368873,True,False,False
False,False,False,-35.85400390625,2.14187539934542,163.9613037109375,76.55034637451172,0.7166666666666667,0.7166666666666667,0.0,2,9,nearest,63,18,-37.76934860000006,12.214361561244544,False,False,False
False,False,False,-64.325439453125,2.4067342880780562,184.23634338378906,76.55034637451172,0.7166666666666667,0.7166666666666667,0.0,2,9,oracle,63,18,-37.76934860000006,12.214361561244544,False,False,False
True,True,True,147.426513671875,1.0598426509461942,836.6239013671875,789.385009765625,0.7833333333333333,0.75,0.033333333333333326,2,10,nearest,63,19,-7.271376533333751,1.4197555579824666,True,False,False
True,True,True,149.3408203125,1.1009107972886083,869.04248046875,789.385009765625,0.7833333333333333,0.75,0.033333333333333326,2,10,oracle,63,19,-7.271376533333751,1.4197555579824666,True,False,False
False,True,False,-31.8521728515625,1.276538195004544,51.802818298339844,40.58070373535156,0.7166666666666667,0.7166666666666667,0.0,2,9,nearest,63,20,-32.714236633333485,1.0482042932653748,True,False,False
False,True,False,-38.0386962890625,1.2855748662247033,52.169532775878906,40.58070373535156,0.7166666666666667,0.7166666666666667,0.0,2,9,oracle,63,20,-32.714236633333485,1.0482042932653748,True,False,False
True,True,True,22.765625,1.0596593942769943,31.305423736572266,29.542911529541016,0.7166666666666667,0.7166666666666667,0.0,2,9,nearest,63,21,-13.1416330666666,1.0376121988585039,True,False,False
True,True,True,19.749267578125,1.0511928663669183,31.0552978515625,29.542911529541016,0.7166666666666667,0.7166666666666667,0.0,2,9,oracle,63,21,-13.1416330666666,1.0376121988585039,True,False,False
True,True,True,23.5859375,0.9795343112372601,37.358985900878906,38.1395378112793,0.7166666666666667,0.7166666666666667,0.0,2,9,nearest,63,22,4.698237733333372,1.0713701443805672,True,True,True
True,True,True,24.22216796875,0.982196630123211,37.46052551269531,38.1395378112793,0.7166666666666667,0.7166666666666667,0.0,2,9,oracle,63,22,4.698237733333372,1.0713701443805672,True,True,True
True,True,True,1.055908203125,1.0988374281441948,47.55131530761719,43.27420425415039,0.7166666666666667,0.7166666666666667,0.0,2,8,nearest,63,23,-13.47291610000002,1.0660973337841813,True,False,False
True,True,True,1.055908203125,1.0988374281441948,47.55131530761719,43.27420425415039,0.7166666666666667,0.7166666666666667,0.0,2,8,oracle,63,23,-13.47291610000002,1.0660973337841813,True,False,False
True,True,True,8.4822998046875,1.3992956886520715,84.32107543945312,60.2596549987793,0.7166666666666667,0.7166666666666667,0.0,2,7,nearest,63,24,-7.21626973333332,1.1125502899815327,True,False,False
True,True,True,9.3837890625,1.4305448597609616,86.20413970947266,60.2596549987793,0.7166666666666667,0.7166666666666667,0.0,2,7,oracle,63,24,-7.21626973333332,1.1125502899815327,True,False,False
False,True,False,-10.9915771484375,0.970877449166484,70.72169494628906,72.84307098388672,0.7166666666666667,0.7166666666666667,0.0,2,8,nearest,63,25,4.302289400000063,0.8674704633688386,True,True,True
False,True,False,-11.9451904296875,0.956472703807739,69.67240905761719,72.84307098388672,0.7166666666666667,0.7166666666666667,0.0,2,8,oracle,63,25,4.302289400000063,0.8674704633688386,True,True,True
True,True,True,12.85546875,1.056693304478168,32.26802444458008,30.536792755126953,0.7166666666666667,0.7166666666666667,0.0,2,8,nearest,63,26,1.6385079333333579,1.121366126142733,True,True,True
True,True,True,18.1229248046875,1.0392436662066646,31.73516845703125,30.536792755126953,0.7166666666666667,0.7166666666666667,0.0,2,8,oracle,63,26,1.6385079333333579,1.121366126142733,True,True,True
False,True,False,-30.041015625,1.0730265576604077,33.217681884765625,30.956998825073242,0.7166666666666667,0.7166666666666667,0.0,2,8,nearest,63,27,-9.650312166666708,1.1421111502863939,True,False,False
False,True,False,-29.74609375,1.0635033073464748,32.92287063598633,30.956998825073242,0.7166666666666667,0.7166666666666667,0.0,2,8,oracle,63,27,-9.650312166666708,1.1421111502863939,True,False,False
True,True,True,4.4520263671875,0.8690341477749765,212.9822540283203,245.0792694091797,0.7166666666666667,0.7166666666666667,0.0,2,7,nearest,63,28,2.664665500000183,2.708102900618581,False,True,False
True,True,True,8.390380859375,0.4175730620679307,102.3385009765625,245.0792694091797,0.7166666666666667,0.7166666666666667,0.0,2,7,oracle,63,28,2.664665500000183,2.708102900618581,False,True,False
True,True,True,1.236083984375,1.0581594786363455,118.41643524169922,111.90792846679688,0.7166666666666667,0.7166666666666667,0.0,2,6,nearest,63,29,-20.977173600000015,1.8008694063953747,False,False,False
False,False,False,-47.591552734375,1.897232041786758,212.3153076171875,111.90792846679688,0.7166666666666667,0.7166666666666667,0.0,2,6,oracle,63,29,-20.977173600000015,1.8008694063953747,False,False,False
False,False,True,11.2529296875,1.7258421141497844,137.56222534179688,79.70730590820312,0.7166666666666667,0.7166666666666667,0.0,2,7,nearest,63,30,-3.6166094000000157,1.1223183655863023,True,False,False
True,True,True,39.304931640625,1.0303755117543165,82.12845611572266,79.70730590820312,0.7166666666666667,0.7166666666666667,0.0,2,7,oracle,63,30,-3.6166094000000157,1.1223183655863023,True,False,False
False,True,False,-46.894775390625,0.9459083683719295,203.6645965576172,215.31112670898438,0.7166666666666667,0.7166666666666667,0.0,2,7,nearest,63,31,-10.999240600000121,1.5451214395065802,False,False,False
False,True,False,-32.311279296875,1.145878107497681,246.72030639648438,215.31112670898438,0.7166666666666667,0.7166666666666667,0.0,2,7,oracle,63,31,-10.999240600000121,1.5451214395065802,False,False,False
False,True,False,-4.35693359375,1.0434435279090992,154.42193603515625,147.99261474609375,0.7166666666666667,0.7166666666666667,0.0,2,7,nearest,63,32,-11.495344966666607,0.5633980664675138,True,False,False
True,True,True,27.1187744140625,0.8086290489876938,119.67112731933594,147.99261474609375,0.7166666666666667,0.7166666666666667,0.0,2,7,oracle,63,32,-11.495344966666607,0.5633980664675138,True,False,False
True,True,True,14.74267578125,0.9806015976265519,30.709226608276367,31.316720962524414,0.7166666666666667,0.7166666666666667,0.0,2,7,nearest,63,33,-9.13139853333314,1.014321728453166,True,False,False
True,True,True,13.9554443359375,1.0088922692583662,31.595197677612305,31.316720962524414,0.7166666666666667,0.7166666666666667,0.0,2,7,oracle,63,33,-9.13139853333314,1.014321728453166,True,False,False
True,True,True,10.237060546875,0.9671072933562846,96.2862548828125,99.56108856201172,0.7166666666666667,0.7166666666666667,0.0,2,6,nearest,63,34,-5.183429799999885,0.6083811681241181,True,False,False
True,True,True,7.090576171875,0.8030079838794403,79.94834899902344,99.56108856201172,0.7166666666666667,0.7166666666666667,0.0,2,6,oracle,63,34,-5.183429799999885,0.6083811681241181,True,False,False
True,True,True,16.1129150390625,1.1202570306580713,258.4588317871094,230.7138671875,0.7166666666666667,0.7166666666666667,0.0,2,6,nearest,63,35,-3.4205675333332692,1.0301818418948794,True,False,False
False,False,True,6.2764892578125,1.964398827941469,453.21405029296875,230.7138671875,0.7333333333333333,0.7166666666666667,0.016666666666666607,2,6,oracle,63,35,-3.4205675333332692,1.0301818418948794,True,False,False
False,False,True,21.0433349609375,1.8996182939765676,160.75250244140625,84.62358093261719,0.7166666666666667,0.7166666666666667,0.0,2,6,nearest,63,36,-8.436170533333552,1.0353471679255617,True,False,False
False,False,False,-17.525390625,1.812310591751623,153.3642120361328,84.62358093261719,0.7166666666666667,0.7166666666666667,0.0,2,6,oracle,63,36,-8.436170533333552,1.0353471679255617,True,False,False
True,True,True,84.455078125,0.9449151720119919,1010.4954223632812,1069.4033203125,0.7833333333333333,0.7833333333333333,0.0,2,6,nearest,63,37,24.095910833333164,1.6052451618941077,False,True,False
True,True,True,144.287109375,1.1860476371808535,1268.36328125,1069.4033203125,0.7833333333333333,0.7833333333333333,0.0,2,6,oracle,63,37,24.095910833333164,1.6052451618941077,False,True,False
False,True,False,-9.70458984375,0.9504126020932974,71.500732421875,75.23125457763672,0.7166666666666667,0.7166666666666667,0.0,2,6,nearest,63,38,-75.77160163333315,8.13262219653909,False,False,False
False,True,False,-22.743408203125,1.3546048555727879,101.90862274169922,75.23125457763672,0.7166666666666667,0.7166666666666667,0.0,2,6,oracle,63,38,-75.77160163333315,8.13262219653909,False,False,False
True,True,True,8.7784423828125,0.9978766882332065,31.871763229370117,31.9395809173584,0.7166666666666667,0.7166666666666667,0.0,2,6,nearest,63,39,-22.225997766666524,1.0572715757466593,True,False,False
True,True,True,6.8504638671875,0.9995376081952334,31.92481231689453,31.9395809173584,0.7166666666666667,0.7166666666666667,0.0,2,6,oracle,63,39,-22.225997766666524,1.0572715757466593,True,False,False
False,True,False,-9.9530029296875,1.493239238881062,45.43389892578125,30.426403045654297,0.7166666666666667,0.7166666666666667,0.0,3,12,nearest,63,0,12.320336800000177,1.043770184929961,True,True,True
False,True,False,-8.6009521484375,1.0906069495877622,33.18324661254883,30.426403045654297,0.7166666666666667,0.7166666666666667,0.0,3,12,oracle,63,0,12.320336800000177,1.043770184929961,True,True,True
False,True,False,-4.1282958984375,1.1120167373826801,51.4554328918457,46.27217483520508,0.7166666666666667,0.7166666666666667,0.0,3,12,nearest,63,1,-2.8419093999998495,0.9969618154689869,True,False,False
False,True,False,-0.2445068359375,1.2880196847923735,59.59947204589844,46.27217483520508,0.7166666666666667,0.7166666666666667,0.0,3,12,oracle,63,1,-2.8419093999998495,0.9969618154689869,True,False,False
False,True,False,-16.8033447265625,0.7459913240942215,214.4515838623047,287.4719543457031,0.7166666666666667,0.7166666666666667,0.0,3,12,nearest,63,2,-5.625351666666575,1.0231019184085337,True,False,False
False,True,False,-16.8033447265625,0.7459913240942215,214.4515838623047,287.4719543457031,0.7166666666666667,0.7166666666666667,0.0,3,12,oracle,63,2,-5.625351666666575,1.0231019184085337,True,False,False
True,True,True,8.277587890625,0.8252683797351317,149.65159606933594,181.33688354492188,0.7166666666666667,0.7166666666666667,0.0,3,12,nearest,63,3,-9.3384285333334,1.0616895853984636,True,False,False
True,True,True,5.171142578125,0.909348832144882,164.8984832763672,181.33688354492188,0.7166666666666667,0.7166666666666667,0.0,3,12,oracle,63,3,-9.3384285333334,1.0616895853984636,True,False,False
True,True,True,107.590576171875,0.7258013126407252,151.89773559570312,209.28280639648438,0.7166666666666667,0.7166666666666667,0.0,3,12,nearest,63,4,-33.06077110000001,1.6730972988458537,False,False,False
True,True,True,106.3609619140625,0.7595069774047837,158.95175170898438,209.28280639648438,0.7166666666666667,0.7166666666666667,0.0,3,12,oracle,63,4,-33.06077110000001,1.6730972988458537,False,False,False
False,True,False,-2.224609375,1.0484176780778465,44.342559814453125,42.29474639892578,0.7166666666666667,0.7166666666666667,0.0,3,12,nearest,63,5,1.3837798333333922,1.0168453014634122,True,True,True
False,True,False,-0.3284912109375,0.9978277876859986,42.20287322998047,42.29474639892578,0.7166666666666667,0.7166666666666667,0.0,3,12,oracle,63,5,1.3837798333333922,1.0168453014634122,True,True,True
True,True,True,31.6053466796875,0.9188948136371844,88.82982635498047,96.6702880859375,0.7166666666666667,0.7166666666666667,0.0,3,12,nearest,63,6,-7.455960033333213,1.4787119360100955,True,False,False
True,True,True,49.59814453125,0.7607667506815687,73.54354095458984,96.6702880859375,0.7166666666666667,0.7166666666666667,0.0,3,12,oracle,63,6,-7.455960033333213,1.4787119360100955,True,False,False
False,True,False,-41.7864990234375,1.3268764135271534,78.60194396972656,59.23833084106445,0.7166666666666667,0.7166666666666667,0.0,3,12,nearest,63,7,0.14548800000011397,0.9921612591804292,True,True,True
False,True,False,-20.091064453125,1.0306642944127729,61.054832458496094,59.23833084106445,0.7166666666666667,0.7166666666666667,0.0,3,12,oracle,63,7,0.14548800000011397,0.9921612591804292,True,True,True
True,True,True,19.2706298828125,1.0086460359548066,138.31472778320312,137.1291046142578,0.7166666666666667,0.7166666666666667,0.0,3,11,nearest,63,8,10.896690533333185,0.9922444651167703,True,True,True
True,True,True,16.6834716796875,1.1291202643672291,154.8352508544922,137.1291046142578,0.7166666666666667,0.7166666666666667,0.0,3,11,oracle,63,8,10.896690533333185,0.9922444651167703,True,True,True
True,True,True,30.6727294921875,0.7888934326781486,227.30422973632812,288.1304626464844,0.7166666666666667,0.7166666666666667,0.0,3,12,nearest,63,9,-31.223604366666677,1.156083121760985,True,False,False
True,True,True,55.9544677734375,0.7108829260392912,204.8270263671875,288.1304626464844,0.7166666666666667,0.7166666666666667,0.0,3,12,oracle,63,9,-31.223604366666677,1.156083121760985,True,False,False
False,False,False,-35.902099609375,1.9930349018493851,86.82270812988281,43.56306457519531,0.7166666666666667,0.7166666666666667,0.0,3,12,nearest,63,10,2.1471656666667513,0.9901513457970097,True,True,True
False,False,False,-35.3035888671875,2.019122583275568,87.95916748046875,43.56306457519531,0.7166666666666667,0.7166666666666667,0.0,3,12,oracle,63,10,2.1471656666667513,0.9901513457970097,True,True,True
False,False,True,106.598876953125,2.1774621941791668,1510.584228515625,693.7361450195312,0.7833333333333333,0.75,0.033333333333333326,3,12,nearest,63,11,73.05658733333348,3.3795194707093223,False,True,False
False,False,True,120.54638671875,2.160337344856532,1498.7041015625,693.7361450195312,0.7833333333333333,0.75,0.033333333333333326,3,12,oracle,63,11,73.05658733333348,3.3795194707093223,False,True,False
False,False,False,-74.377197265625,3.9563691253079774,162.01588439941406,40.95064926147461,0.7166666666666667,0.7166666666666667,0.0,3,12,nearest,63,12,-126.14401343333361,23.341187137207648,False,False,False
False,False,False,-71.12353515625,3.8952112288747602,159.5114288330078,40.95064926147461,0.7166666666666667,0.7166666666666667,0.0,3,12,oracle,63,12,-126.14401343333361,23.341187137207648,False,False,False
True,True,True,91.4783935546875,0.8648163994240617,154.78610229492188,178.98146057128906,0.7166666666666667,0.7166666666666667,0.0,3,12,nearest,63,13,2.4841152333335685,0.922699162334029,True,True,True
True,True,True,93.55078125,0.8415867067346569,150.62841796875,178.98146057128906,0.7166666666666667,0.7166666666666667,0.0,3,12,oracle,63,13,2.4841152333335685,0.922699162334029,True,True,True
False,False,True,3.45166015625,3.0186900989470695,422.43817138671875,139.94088745117188,0.7666666666666667,0.7166666666666667,0.050000000000000044,3,11,nearest,63,14,-28.280023366666683,5.408429581327414,False,False,False
False,False,True,14.532958984375,3.2385249596398102,453.2020568847656,139.94088745117188,0.7666666666666667,0.7166666666666667,0.050000000000000044,3,11,oracle,63,14,-28.280023366666683,5.408429581327414,False,False,False
False,False,False,-14.5687255859375,2.338833662295054,72.18392944335938,30.863216400146484,0.7166666666666667,0.7166666666666667,0.0,3,12,nearest,63,15,-53.88535713333317,2.850651546088366,False,False,False
False,False,False,-16.7757568359375,2.592747861810616,80.02053833007812,30.863216400146484,0.7166666666666667,0.7166666666666667,0.0,3,12,oracle,63,15,-53.88535713333317,2.850651546088366,False,False,False
False,False,True,72.603515625,3.4492720507913943,907.5410766601562,263.11090087890625,0.7833333333333333,0.7166666666666667,0.06666666666666665,3,13,nearest,63,16,55.764320433333296,4.4726829182547165,False,True,False
False,False,True,83.418701171875,3.5189343809943794,925.8699951171875,263.11090087890625,0.7833333333333333,0.7166666666666667,0.06666666666666665,3,13,oracle,63,16,55.764320433333296,4.4726829182547165,False,True,False
True,True,True,93.382080078125,0.6459886858119183,70.21060943603516,108.68705749511719,0.7166666666666667,0.7166666666666667,0.0,3,13,nearest,63,17,-51.66782950000015,12.778804608970963,False,False,False
True,True,True,70.0838623046875,0.6328381708893058,68.78131866455078,108.68705749511719,0.7166666666666667,0.7166666666666667,0.0,3,13,oracle,63,17,-51.66782950000015,12.778804608970963,False,False,False
False,False,False,-77.3853759765625,1.516705707130048,116.1043472290039,76.55034637451172,0.7166666666666667,0.7166666666666667,0.0,3,13,nearest,63,18,-7.213513300000159,4.352721867828735,False,False,False
False,False,False,-115.174072265625,2.1711137380605,166.1995086669922,76.55034637451172,0.7166666666666667,0.7166666666666667,0.0,3,13,oracle,63,18,-7.213513300000159,4.352721867828735,False,False,False
False,False,True,32.18408203125,2.2283703040929126,1759.0421142578125,789.385009765625,0.7833333333333333,0.75,0.033333333333333326,3,13,nearest,63,19,99.59976806666646,2.8917868802215994,False,True,False
False,False,True,45.5,2.218241090197973,1751.0462646484375,789.385009765625,0.7833333333333333,0.75,0.033333333333333326,3,13,oracle,63,19,99.59976806666646,2.8917868802215994,False,True,False
False,False,False,-41.623046875,2.304850503685471,93.53245544433594,40.58070373535156,0.7166666666666667,0.7166666666666667,0.0,3,13,nearest,63,20,-102.58979799999997,18.18683362043013,False,False,False
False,False,False,-58.8665771484375,2.454596677492022,99.60926055908203,40.58070373535156,0.7166666666666667,0.7166666666666667,0.0,3,13,oracle,63,20,-102.58979799999997,18.18683362043013,False,False,False
False,False,False,-16.1688232421875,2.147794362887609,63.45209884643555,29.542911529541016,0.7166666666666667,0.7166666666666667,0.0,3,14,nearest,63,21,-20.962325133333252,1.0823720354496358,True,False,False
False,False,False,-16.9739990234375,2.2175934731461577,65.51416778564453,29.542911529541016,0.7166666666666667,0.7166666666666667,0.0,3,14,oracle,63,21,-20.962325133333252,1.0823720354496358,True,False,False
False,False,True,43.9029541015625,4.6288897706162935,176.54371643066406,38.1395378112793,0.7166666666666667,0.7166666666666667,0.0,3,14,nearest,63,22,-32.83853446666649,22.760238239997552,False,False,False
False,False,True,48.2093505859375,5.117470194940994,195.17794799804688,38.1395378112793,0.7166666666666667,0.7166666666666667,0.0,3,14,oracle,63,22,-32.83853446666649,22.760238239997552,False,False,False
False,False,False,-5.3192138671875,2.33249151340969,100.93671417236328,43.27420425415039,0.7166666666666667,0.7166666666666667,0.0,3,14,nearest,63,23,-18.586780399999725,1.1664151618510272,True,False,False
False,False,False,-2.5595703125,2.276392262285336,98.50906372070312,43.27420425415039,0.7166666666666667,0.7166666666666667,0.0,3,14,oracle,63,23,-18.586780399999725,1.1664151618510272,True,False,False
True,True,True,24.667724609375,1.2694616669157692,76.49732208251953,60.2596549987793,0.7166666666666667,0.7166666666666667,0.0,3,13,nearest,63,24,0.1306944000000385,0.9939638696884856,True,True,True
True,True,True,24.667724609375,1.2694616669157692,76.49732208251953,60.2596549987793,0.7166666666666667,0.7166666666666667,0.0,3,13,oracle,63,24,0.1306944000000385,0.9939638696884856,True,True,True
False,False,True,14.591064453125,7.634587099472364,556.1267700195312,72.84307098388672,0.7166666666666667,0.7166666666666667,0.0,3,12,nearest,63,25,13.978897266666763,22.935969888252462,False,True,False
False,False,True,19.229248046875,7.552817347280027,550.17041015625,72.84307098388672,0.7166666666666667,0.7166666666666667,0.0,3,12,oracle,63,25,13.978897266666763,22.935969888252462,False,True,False
False,False,False,-26.986572265625,2.8793023692457638,87.9246597290039,30.536792755126953,0.7166666666666667,0.7166666666666667,0.0,3,12,nearest,63,26,-59.44368683333323,28.358198257442616,False,False,False
False,False,False,-27.3336181640625,2.8504255508125698,87.04285430908203,30.536792755126953,0.7166666666666667,0.7166666666666667,0.0,3,12,oracle,63,26,-59.44368683333323,28.358198257442616,False,False,False
False,False,False,-27.9993896484375,2.5384892026269497,78.5840072631836,30.956998825073242,0.7166666666666667,0.7166666666666667,0.0,3,12,nearest,63,27,-71.6556297333334,1.5120180443129845,False,False,False
False,False,False,-27.9993896484375,2.5384892026269497,78.5840072631836,30.956998825073242,0.7166666666666667,0.7166666666666667,0.0,3,12,oracle,63,27,-71.6556297333334,1.5120180443129845,False,False,False
False,False,True,50.6190185546875,1.8357797505403444,449.91156005859375,245.0792694091797,0.7166666666666667,0.7166666666666667,0.0,3,13,nearest,63,28,-18.777340666666532,4.810843997961585,False,False,False
False,False,True,69.3350830078125,1.521905498951998,372.98748779296875,245.0792694091797,0.7166666666666667,0.7166666666666667,0.0,3,13,oracle,63,28,-18.777340666666532,4.810843997961585,False,False,False
False,False,True,14.719970703125,4.806007855469827,537.8303833007812,111.90792846679688,0.7166666666666667,0.7166666666666667,0.0,3,13,nearest,63,29,-24.664687766666702,2.9476442792634847,False,False,False
False,False,True,12.79296875,2.23674263341768,250.30923461914062,111.90792846679688,0.7166666666666667,0.7166666666666667,0.0,3,13,oracle,63,29,-24.664687766666702,2.9476442792634847,False,False,False
False,False,False,-24.606689453125,1.6454370065038215,131.15335083007812,79.70730590820312,0.7166666666666667,0.7166666666666667,0.0,3,13,nearest,63,30,-10.434985433333395,1.0963103522455644,True,False,False
False,True,False,-15.4598388671875,1.051528629717874,83.81451416015625,79.70730590820312,0.7166666666666667,0.7166666666666667,0.0,3,13,oracle,63,30,-10.434985433333395,1.0963103522455644,True,False,False
True,True,True,1.27783203125,1.463104765697917,315.0227355957031,215.31112670898438,0.7166666666666667,0.7166666666666667,0.0,3,12,nearest,63,31,-52.20096990000002,0.9177004311118329,True,False,False
False,True,False,-4.68603515625,1.1006925984169382,236.99136352539062,215.31112670898438,0.7166666666666667,0.7166666666666667,0.0,3,12,oracle,63,31,-52.20096990000002,0.9177004311118329,True,False,False
False,False,False,-15.5311279296875,4.794978453102246,709.6213989257812,147.99261474609375,0.7666666666666667,0.7166666666666667,0.050000000000000044,3,14,nearest,63,32,21.554892699999982,12.15903390869932,False,True,False
False,False,False,-9.896240234375,5.738589052468521,849.268798828125,147.99261474609375,0.7833333333333333,0.7166666666666667,0.06666666666666665,3,14,oracle,63,32,21.554892699999982,12.15903390869932,False,True,False
False,False,False,-10.5489501953125,3.2578214202209015,102.02428436279297,31.316720962524414,0.7166666666666667,0.7166666666666667,0.0,3,14,nearest,63,33,-59.06589989999998,3.6498787528401846,False,False,False
False,False,False,-9.837646484375,2.986097858326287,93.5147933959961,31.316720962524414,0.7166666666666667,0.7166666666666667,0.0,3,14,oracle,63,33,-59.06589989999998,3.6498787528401846,False,False,False
False,False,True,41.520751953125,5.256359336568715,523.328857421875,99.56108856201172,0.7166666666666667,0.7166666666666667,0.0,3,13,nearest,63,34,56.048252866666644,4.003933473806334,False,True,False
False,False,True,41.520751953125,5.256359336568715,523.328857421875,99.56108856201172,0.7166666666666667,0.7166666666666667,0.0,3,13,oracle,63,34,56.048252866666644,4.003933473806334,False,True,False
False,False,True,27.9207763671875,3.1291460141967655,721.9373779296875,230.7138671875,0.7666666666666667,0.7166666666666667,0.050000000000000044,3,12,nearest,63,35,-81.15524140000002,19.578340576584345,False,False,False
False,False,True,42.55615234375,3.1636683548429425,729.9021606445312,230.7138671875,0.7833333333333333,0.7166666666666667,0.06666666666666665,3,12,oracle,63,35,-81.15524140000002,19.578340576584345,False,False,False
True,True,True,16.0023193359375,1.4839865226345055,125.58025360107422,84.62358093261719,0.7166666666666667,0.7166666666666667,0.0,3,12,nearest,63,36,-34.42861916666675,0.7570819593898439,True,False,False
True,True,True,6.607666015625,1.4986707275710973,126.82288360595703,84.62358093261719,0.7166666666666667,0.7166666666666667,0.0,3,12,oracle,63,36,-34.42861916666675,0.7570819593898439,True,False,False
False,False,True,131.1943359375,1.7525094309125726,1874.139404296875,1069.4033203125,0.8,0.7833333333333333,0.01666666666666672,3,11,nearest,63,37,68.1309405333327,3.771264178857945,False,True,False
False,False,True,112.166259765625,1.795229341712714,1919.82421875,1069.4033203125,0.8,0.7833333333333333,0.01666666666666672,3,11,oracle,63,37,68.1309405333327,3.771264178857945,False,True,False
False,False,False,-53.986083984375,1.837709877107239,138.2532196044922,75.23125457763672,0.7166666666666667,0.7166666666666667,0.0,3,10,nearest,63,38,-118.68867946666637,50.27481446051203,False,False,False
False,False,False,-77.5782470703125,2.258067597762474,169.87725830078125,75.23125457763672,0.7166666666666667,0.7166666666666667,0.0,3,10,oracle,63,38,-118.68867946666637,50.27481446051203,False,False,False
False,False,False,-16.2384033203125,3.1239202273512965,99.77670288085938,31.9395809173584,0.7166666666666667,0.7166666666666667,0.0,3,11,nearest,63,39,-12.261831233333169,1.0337921736400713,True,False,False
False,False,False,-15.305419921875,3.104526405510148,99.15727233886719,31.9395809173584,0.7166666666666667,0.7166666666666667,0.0,3,11,oracle,63,39,-12.261831233333169,1.0337921736400713,True,False,False
False,False,False,-7.9495849609375,1.7391570741536684,52.91629409790039,30.426403045654297,0.7166666666666667,0.7166666666666667,0.0,4,5,nearest,63,0,13.644819533333475,1.0467961164251254,True,True,True
False,True,False,-7.7373046875,1.336736667887397,40.672088623046875,30.426403045654297,0.7166666666666667,0.7166666666666667,0.0,4,5,oracle,63,0,13.644819533333475,1.0467961164251254,True,True,True
False,False,False,-13.2398681640625,2.001722839778786,92.62406921386719,46.27217483520508,0.7166666666666667,0.7166666666666667,0.0,4,5,nearest,63,1,-3.3189111666665667,1.0413799147023053,True,False,False
False,False,False,-19.1680908203125,2.5339802487606526,117.25277709960938,46.27217483520508,0.7166666666666667,0.7166666666666667,0.0,4,5,oracle,63,1,-3.3189111666665667,1.0413799147023053,True,False,False
False,True,False,-3.6568603515625,0.984523159050523,283.0227966308594,287.4719543457031,0.7166666666666667,0.7166666666666667,0.0,4,5,nearest,63,2,-4.607251566666491,0.9835277510928967,True,False,False
True,True,True,12.3148193359375,1.090386598302038,313.45556640625,287.4719543457031,0.7166666666666667,0.7166666666666667,0.0,4,5,oracle,63,2,-4.607251566666491,0.9835277510928967,True,False,False
False,True,False,-8.6495361328125,1.0486832231384235,190.16494750976562,181.33688354492188,0.7166666666666667,0.7166666666666667,0.0,4,5,nearest,63,3,-2.6565064000001257,1.0294173958787625,True,False,False
False,True,False,-16.822998046875,1.1063318751938516,200.6187744140625,181.33688354492188,0.7166666666666667,0.7166666666666667,0.0,4,5,oracle,63,3,-2.6565064000001257,1.0294173958787625,True,False,False
True,True,True,90.8228759765625,0.889981071131047,186.2577362060547,209.28280639648438,0.7166666666666667,0.7166666666666667,0.0,4,5,nearest,63,4,4.174373033333495,0.8766889337883879,True,True,True
True,True,True,31.58935546875,1.1274344069705367,235.95263671875,209.28280639648438,0.7166666666666667,0.7166666666666667,0.0,4,5,oracle,63,4,4.174373033333495,0.8766889337883879,True,True,True
False,True,False,-3.056396484375,1.187988001422166,50.24565124511719,42.29474639892578,0.7166666666666667,0.7166666666666667,0.0,4,5,nearest,63,5,-5.95578433333344,1.1169135744244258,True,False,False
False,True,False,-5.0625,1.4307592443038954,60.51359939575195,42.29474639892578,0.7166666666666667,0.7166666666666667,0.0,4,5,oracle,63,5,-5.95578433333344,1.1169135744244258,True,False,False
True,True,True,73.6748046875,0.5568940651426969,53.83510971069336,96.6702880859375,0.7166666666666667,0.7166666666666667,0.0,4,6,nearest,63,6,-8.554473200000075,1.099445397159593,True,False,False
True,True,True,46.6192626953125,0.7927928283431597,76.63951110839844,96.6702880859375,0.7166666666666667,0.7166666666666667,0.0,4,6,oracle,63,6,-8.554473200000075,1.099445397159593,True,False,False
False,False,False,-38.1884765625,2.1336427077308975,126.3934326171875,59.23833084106445,0.7166666666666667,0.7166666666666667,0.0,4,8,nearest,63,7,0.3536922666667124,0.9860884031679349,True,True,True
False,True,False,-7.9381103515625,1.495192888802112,88.5727310180664,59.23833084106445,0.7,0.7166666666666667,-0.01666666666666672,4,8,oracle,63,7,0.3536922666667124,0.9860884031679349,True,True,True
False,True,False,-6.2816162109375,1.0144804216540688,139.1147918701172,137.1291046142578,0.7166666666666667,0.7166666666666667,0.0,4,7,nearest,63,8,9.829894333333186,1.1529295547647977,True,True,True
True,True,True,54.0986328125,0.5537788755246112,75.93920135498047,137.1291046142578,0.7166666666666667,0.7166666666666667,0.0,4,7,oracle,63,8,9.829894333333186,1.1529295547647977,True,True,True
True,True,True,25.9842529296875,0.7811162448515637,225.06338500976562,288.1304626464844,0.7166666666666667,0.7166666666666667,0.0,4,8,nearest,63,9,-8.797167633333174,1.1385482217456218,True,False,False
True,True,True,31.560791015625,1.0019081796574025,288.6802673339844,288.1304626464844,0.7166666666666667,0.7166666666666667,0.0,4,8,oracle,63,9,-8.797167633333174,1.1385482217456218,True,False,False
True,True,True,6.00244140625,1.0017717479366532,43.6402473449707,43.56306457519531,0.7166666666666667,0.7166666666666667,0.0,4,8,nearest,63,10,-32.66188006666653,1.8434194826454489,False,False,False
True,True,True,12.5418701171875,0.9984092535453348,43.49376678466797,43.56306457519531,0.7166666666666667,0.7166666666666667,0.0,4,8,oracle,63,10,-32.66188006666653,1.8434194826454489,False,False,False
True,True,True,53.96923828125,1.2587513844809506,873.2413330078125,693.7361450195312,0.8166666666666667,0.75,0.06666666666666665,4,8,nearest,63,11,-37.025790133332976,1.5150218919619831,False,False,False
True,True,True,31.79248046875,1.1024535699043116,764.8118896484375,693.7361450195312,0.75,0.75,0.0,4,8,oracle,63,11,-37.025790133332976,1.5150218919619831,False,False,False
False,True,False,-24.548583984375,1.4507785631758345,59.41032409667969,40.95064926147461,0.7166666666666667,0.7166666666666667,0.0,4,8,nearest,63,12,-0.778394900000194,1.0244250523260614,True,False,False
True,True,True,2.09814453125,1.2830058070974975,52.539920806884766,40.95064926147461,0.7166666666666667,0.7166666666666667,0.0,4,8,oracle,63,12,-0.778394900000194,1.0244250523260614,True,False,False
False,True,False,-8.6864013671875,0.9100878630699822,162.88885498046875,178.98146057128906,0.7166666666666667,0.7166666666666667,0.0,4,8,nearest,63,13,-13.956443399999898,1.0263463089676321,True,False,False
True,True,True,36.068359375,0.8139234930321068,145.67721557617188,178.98146057128906,0.7166666666666667,0.7166666666666667,0.0,4,8,oracle,63,13,-13.956443399999898,1.0263463089676321,True,False,False
False,False,False,-15.517822265625,4.3074775879097595,602.792236328125,139.94088745117188,0.7166666666666667,0.7166666666666667,0.0,4,8,nearest,63,14,-36.45852076666665,2.268452822150669,False,False,False
False,False,False,-27.2974853515625,1.6947271481074488,237.16162109375,139.94088745117188,0.7166666666666667,0.7166666666666667,0.0,4,8,oracle,63,14,-36.45852076666665,2.268452822150669,False,False,False
False,True,False,-3.2352294921875,1.0535360325869245,32.51551055908203,30.863216400146484,0.7166666666666667,0.7166666666666667,0.0,4,7,nearest,63,15,-6.000090266666575,1.041926726930526,True,False,False
False,True,False,-3.2352294921875,1.0535360325869245,32.51551055908203,30.863216400146484,0.7166666666666667,0.7166666666666667,0.0,4,7,oracle,63,15,-6.000090266666575,1.041926726930526,True,False,False
False,False,False,-27.1114501953125,1.8311780920936187,481.80291748046875,263.11090087890625,0.7166666666666667,0.7166666666666667,0.0,4,6,nearest,63,16,8.336959166666702,0.7396750184116943,True,True,True
False,False,False,-37.0533447265625,1.837565872206354,483.4836120605469,263.11090087890625,0.7166666666666667,0.7166666666666667,0.0,4,6,oracle,63,16,8.336959166666702,0.7396750184116943,True,True,True
False,True,False,-20.0186767578125,1.206239861068116,131.1026611328125,108.68705749511719,0.7166666666666667,0.7166666666666667,0.0,4,6,nearest,63,17,-7.910300333333225,1.2498902442476305,True,False,False
False,True,False,-21.26611328125,1.1738721436378223,127.58470916748047,108.68705749511719,0.7166666666666667,0.7166666666666667,0.0,4,6,oracle,63,17,-7.910300333333225,1.2498902442476305,True,False,False
False,True,False,-62.73779296875,1.2203503685165265,93.41824340820312,76.55034637451172,0.7166666666666667,0.7166666666666667,0.0,4,7,nearest,63,18,-1.3911729000001287,3.7144171381276925,False,False,False
False,False,False,-118.886962890625,2.6955524568582367,206.34547424316406,76.55034637451172,0.7166666666666667,0.7166666666666667,0.0,4,7,oracle,63,18,-1.3911729000001287,3.7144171381276925,False,False,False
True,True,True,5.124755859375,1.1377215562574827,898.100341796875,789.385009765625,0.75,0.75,0.0,4,7,nearest,63,19,16.010408233332782,1.2850676379066273,True,True,True
False,True,False,-0.003173828125,1.1586525897057545,914.6229858398438,789.385009765625,0.75,0.75,0.0,4,7,oracle,63,19,16.010408233332782,1.2850676379066273,True,True,True
False,True,False,-29.5565185546875,1.2835579434757776,52.087684631347656,40.58070373535156,0.7166666666666667,0.7166666666666667,0.0,4,7,nearest,63,20,2.5040466333334734,0.9708429341793113,True,True,True
False,False,False,-43.0966796875,1.6387657139677165,66.50226593017578,40.58070373535156,0.7166666666666667,0.7166666666666667,0.0,4,7,oracle,63,20,2.5040466333334734,0.9708429341793113,True,True,True
True,True,True,1.98486328125,1.1093337630578204,32.77294921875,29.542911529541016,0.7166666666666667,0.7166666666666667,0.0,4,6,nearest,63,21,-8.715184766666653,1.0341118359290984,True,False,False
True,True,True,0.2872314453125,1.08988679316423,32.198429107666016,29.542911529541016,0.7166666666666667,0.7166666666666667,0.0,4,6,oracle,63,21,-8.715184766666653,1.0341118359290984,True,False,False
True,True,True,3.323974609375,0.9797652562484428,37.367794036865234,38.1395378112793,0.7166666666666667,0.7166666666666667,0.0,4,6,nearest,63,22,-1.4411523999999645,1.066294398736432,True,False,False
True,True,True,0.955810546875,0.9819399801021219,37.45073699951172,38.1395378112793,0.7166666666666667,0.7166666666666667,0.0,4,6,oracle,63,22,-1.4411523999999645,1.066294398736432,True,False,False
False,True,False,-26.6290283203125,1.1456510373302429,49.5771369934082,43.27420425415039,0.7166666666666667,0.7166666666666667,0.0,4,6,nearest,63,23,-8.059924499999852,1.0084572149712496,True,False,False
False,True,False,-31.9642333984375,1.0039120869550116,43.44349670410156,43.27420425415039,0.7166666666666667,0.7166666666666667,0.0,4,6,oracle,63,23,-8.059924499999852,1.0084572149712496,True,False,False
False,True,False,-25.0826416015625,1.059948950119794,63.87215805053711,60.2596549987793,0.7166666666666667,0.7166666666666667,0.0,4,7,nearest,63,24,-24.331055166666374,1.5329927224585136,False,False,False
False,False,False,-88.8035888671875,2.019573446541738,121.69879913330078,60.2596549987793,0.7166666666666667,0.7166666666666667,0.0,4,7,oracle,63,24,-24.331055166666374,1.5329927224585136,False,False,False
False,False,False,-16.768310546875,5.5739887576959735,406.0264587402344,72.84307098388672,0.7166666666666667,0.7166666666666667,0.0,4,7,nearest,63,25,-12.10979139999995,10.754728579597705,False,False,False
False,False,False,-16.9381103515625,5.478939139919438,399.1027526855469,72.84307098388672,0.7166666666666667,0.7166666666666667,0.0,4,7,oracle,63,25,-12.10979139999995,10.754728579597705,False,False,False
False,True,False,-16.7120361328125,1.303153751819011,39.79413604736328,30.536792755126953,0.7166666666666667,0.7166666666666667,0.0,4,8,nearest,63,26,-16.68718630000012,1.1165809812912042,True,False,False
False,True,False,-17.759521484375,1.3029341400920444,39.78742980957031,30.536792755126953,0.7166666666666667,0.7166666666666667,0.0,4,8,oracle,63,26,-16.68718630000012,1.1165809812912042,True,False,False
False,True,False,-25.8157958984375,1.1241302192314253,34.79969787597656,30.956998825073242,0.7166666666666667,0.7166666666666667,0.0,4,9,nearest,63,27,-20.93463613333347,1.146621193849759,True,False,False
False,True,False,-25.8157958984375,1.1241302192314253,34.79969787597656,30.956998825073242,0.7166666666666667,0.7166666666666667,0.0,4,9,oracle,63,27,-20.93463613333347,1.146621193849759,True,False,False
True,True,True,4.830078125,0.7576164514991269,185.67608642578125,245.0792694091797,0.7166666666666667,0.7166666666666667,0.0,4,8,nearest,63,28,-24.80301079999981,1.4417538193029085,True,False,False
True,True,True,9.1842041015625,0.4963231363915546,121.63851165771484,245.0792694091797,0.7166666666666667,0.7166666666666667,0.0,4,8,oracle,63,28,-24.80301079999981,1.4417538193029085,True,False,False
False,False,True,14.45068359375,2.081003021817023,232.8807373046875,111.90792846679688,0.7166666666666667,0.7166666666666667,0.0,4,9,nearest,63,29,-1.0151694000001044,3.547900121112106,False,False,False
False,False,False,-1.047119140625,2.1235822534993876,237.64569091796875,111.90792846679688,0.7166666666666667,0.7166666666666667,0.0,4,9,oracle,63,29,-1.0151694000001044,3.547900121112106,False,False,False
False,False,True,29.13525390625,1.988181169738373,158.47256469726562,79.70730590820312,0.7166666666666667,0.7166666666666667,0.0,4,9,nearest,63,30,-21.50263016666645,1.012111610819516,True,False,False
False,False,True,29.513916015625,1.8409865960857614,146.74008178710938,79.70730590820312,0.7166666666666667,0.7166666666666667,0.0,4,9,oracle,63,30,-21.50263016666645,1.012111610819516,True,False,False
False,True,False,-53.9951171875,1.2017736982686102,258.7552490234375,215.31112670898438,0.7166666666666667,0.7166666666666667,0.0,4,9,nearest,63,31,-19.931161833333363,1.2462960584910447,True,False,False
False,True,False,-19.7255859375,1.123804394275805,241.96759033203125,215.31112670898438,0.7166666666666667,0.7166666666666667,0.0,4,9,oracle,63,31,-19.931161833333363,1.2462960584910447,True,False,False
False,False,False,-49.0665283203125,3.733400805291847,552.5157470703125,147.99261474609375,0.7166666666666667,0.7166666666666667,0.0,4,8,nearest,63,32,15.996682166666687,8.466379998591448,False,True,False
False,False,False,-27.1005859375,3.758927971209765,556.2935791015625,147.99261474609375,0.7166666666666667,0.7166666666666667,0.0,4,8,oracle,63,32,15.996682166666687,8.466379998591448,False,True,False
False,True,False,-11.581298828125,1.1597993809725464,36.32111358642578,31.316720962524414,0.7166666666666667,0.7166666666666667,0.0,4,8,nearest,63,33,-19.70847089999984,1.0633882606717757,True,False,False
True,True,True,2.022216796875,1.0747944711063373,33.65903854370117,31.316720962524414,0.7166666666666667,0.7166666666666667,0.0,4,8,oracle,63,33,-19.70847089999984,1.0633882606717757,True,False,False
False,False,True,3.3184814453125,2.9101233280134036,289.73504638671875,99.56108856201172,0.7166666666666667,0.7166666666666667,0.0,4,8,nearest,63,34,-34.16579003333345,1.1143463088267027,True,False,False
False,False,True,6.7845458984375,2.8960478773756058,288.33367919921875,99.56108856201172,0.7166666666666667,0.7166666666666667,0.0,4,8,oracle,63,34,-34.16579003333345,1.1143463088267027,True,False,False
False,False,False,-32.630615234375,1.6546805621986784,381.75775146484375,230.7138671875,0.7166666666666667,0.7166666666666667,0.0,4,9,nearest,63,35,-5.053517899999861,1.2440507518939343,True,False,False
False,False,False,-41.84375,1.5691784108850333,362.0312194824219,230.7138671875,0.7333333333333333,0.7166666666666667,0.016666666666666607,4,9,oracle,63,35,-5.053517899999861,1.2440507518939343,True,False,False
False,False,True,4.08935546875,1.7434320292266834,147.53546142578125,84.62358093261719,0.7166666666666667,0.7166666666666667,0.0,4,9,nearest,63,36,-6.358393433333504,0.8235509668115802,True,False,False
False,False,True,7.888671875,1.7539881328356435,148.4287567138672,84.62358093261719,0.7166666666666667,0.7166666666666667,0.0,4,9,oracle,63,36,-6.358393433333504,0.8235509668115802,True,False,False
True,True,True,134.721923828125,1.0282084964509086,1099.569580078125,1069.4033203125,0.7833333333333333,0.7833333333333333,0.0,4,10,nearest,63,37,6.643046833332846,1.7664653411983429,False,True,False
True,True,True,135.557861328125,1.0937275413695393,1169.6358642578125,1069.4033203125,0.7833333333333333,0.7833333333333333,0.0,4,10,oracle,63,37,6.643046833332846,1.7664653411983429,False,True,False
False,True,False,-6.9906005859375,0.936536117933078,70.456787109375,75.23125457763672,0.7166666666666667,0.7166666666666667,0.0,4,11,nearest,63,38,-73.03764840000008,7.695810463547207,False,False,False
False,True,False,-8.593994140625,0.9457549257857775,71.15032958984375,75.23125457763672,0.7166666666666667,0.7166666666666667,0.0,4,11,oracle,63,38,-73.03764840000008,7.695810463547207,False,False,False
True,True,True,10.5791015625,1.0169224173673956,32.48007583618164,31.9395809173584,0.7166666666666667,0.7166666666666667,0.0,4,11,nearest,63,39,-27.928972666666596,1.0474615030190717,True,False,False
True,True,True,10.8507080078125,1.0171252176475178,32.48655319213867,31.9395809173584,0.7166666666666667,0.7166666666666667,0.0,4,11,oracle,63,39,-27.928972666666596,1.0474615030190717,True,False,False
False,True,False,-1.6734619140625,1.0683050699345633,32.50468063354492,30.426403045654297,0.7166666666666667,0.7166666666666667,0.0,5,9,nearest,63,0,12.947287199999892,1.0533089222593885,True,True,True
False,True,False,-0.225341796875,1.1350714177444388,34.53614044189453,30.426403045654297,0.7166666666666667,0.7166666666666667,0.0,5,9,oracle,63,0,12.947287199999892,1.0533089222593885,True,True,True
False,True,False,-25.6473388671875,1.11635302073632,51.65608215332031,46.27217483520508,0.7166666666666667,0.7166666666666667,0.0,5,9,nearest,63,1,-2.0313576666665085,0.9987752671207003,True,False,False
False,True,False,-9.135009765625,1.2351811500322383,57.154518127441406,46.27217483520508,0.7166666666666667,0.7166666666666667,0.0,5,9,oracle,63,1,-2.0313576666665085,0.9987752671207003,True,False,False
False,True,False,-42.0286865234375,1.0040429385466758,288.6341857910156,287.4719543457031,0.7166666666666667,0.7166666666666667,0.0,5,9,nearest,63,2,-4.745751533333532,1.0310306108093419,True,False,False
False,True,False,-39.0025634765625,1.0657317220886335,306.36798095703125,287.4719543457031,0.7166666666666667,0.7166666666666667,0.0,5,9,oracle,63,2,-4.745751533333532,1.0310306108093419,True,False,False
False,False,False,-22.3187255859375,1.9764742688841068,358.4076843261719,181.33688354492188,0.7166666666666667,0.7166666666666667,0.0,5,9,nearest,63,3,-1.465351099999907,1.0259683792195478,True,False,False
False,False,False,-17.6669921875,2.216054164499204,401.85235595703125,181.33688354492188,0.7166666666666667,0.7166666666666667,0.0,5,9,oracle,63,3,-1.465351099999907,1.0259683792195478,True,False,False
True,True,True,95.55712890625,1.0864292943823357,227.3709716796875,209.28280639648438,0.7166666666666667,0.7166666666666667,0.0,5,9,nearest,63,4,10.208404333333192,0.9158833342193341,True,True,True
True,True,True,94.3544921875,1.0600035375884815,221.84051513671875,209.28280639648438,0.7166666666666667,0.7166666666666667,0.0,5,9,oracle,63,4,10.208404333333192,0.9158833342193341,True,True,True
False,True,False,-17.380615234375,0.97955338867466,41.429962158203125,42.29474639892578,0.7166666666666667,0.7166666666666667,0.0,5,9,nearest,63,5,-1.1954528666667557,0.9680334290986765,True,False,False
False,True,False,-17.380615234375,0.97955338867466,41.429962158203125,42.29474639892578,0.7166666666666667,0.7166666666666667,0.0,5,9,oracle,63,5,-1.1954528666667557,0.9680334290986765,True,False,False
False,False,False,-87.2457275390625,1.632884762786281,157.8514404296875,96.6702880859375,0.7166666666666667,0.7166666666666667,0.0,5,8,nearest,63,6,-52.91477696666652,1.14374830993631,True,False,False
False,True,False,-42.6708984375,1.2507368140589425,120.90908813476562,96.6702880859375,0.7166666666666667,0.7166666666666667,0.0,5,8,oracle,63,6,-52.91477696666652,1.14374830993631,True,False,False
False,True,False,-40.462646484375,1.219319268569789,72.23043823242188,59.23833084106445,0.7166666666666667,0.7166666666666667,0.0,5,8,nearest,63,7,-0.35086956666646074,1.022839166762313,True,False,False
False,True,False,-27.4224853515625,1.202171193162613,71.21461486816406,59.23833084106445,0.7166666666666667,0.7166666666666667,0.0,5,8,oracle,63,7,-0.35086956666646074,1.022839166762313,True,False,False
False,False,False,-38.509521484375,1.5000417830723032,205.6993865966797,137.1291046142578,0.7166666666666667,0.7166666666666667,0.0,5,9,nearest,63,8,1.4315061333331869,0.9498774220981038,True,True,True
False,True,False,-47.8455810546875,1.3496495396128563,185.07623291015625,137.1291046142578,0.7166666666666667,0.7166666666666667,0.0,5,9,oracle,63,8,1.4315061333331869,0.9498774220981038,True,True,True
True,True,True,67.2967529296875,0.8964682259383852,258.2998046875,288.1304626464844,0.7166666666666667,0.7166666666666667,0.0,5,8,nearest,63,9,2.551188966666814,1.0408706621998567,True,True,True
True,True,True,95.1834716796875,0.57488551292761,165.64202880859375,288.1304626464844,0.7166666666666667,0.7166666666666667,0.0,5,8,oracle,63,9,2.551188966666814,1.0408706621998567,True,True,True
False,False,False,-22.1888427734375,2.5345456258588155,110.4125747680664,43.56306457519531,0.7166666666666667,0.7166666666666667,0.0,5,8,nearest,63,10,-38.638157599999886,1.03969178334539,True,False,False
False,False,False,-62.8819580078125,4.18891370739022,182.48191833496094,43.56306457519531,0.7166666666666667,0.7166666666666667,0.0,5,8,oracle,63,10,-38.638157599999886,1.03969178334539,True,False,False
True,True,True,101.6015625,1.101897534024865,764.4261474609375,693.7361450195312,0.7833333333333333,0.75,0.033333333333333326,5,7,nearest,63,11,15.767144466667105,2.4496612037134735,False,True,False
True,True,True,152.268798828125,1.3672773588788416,948.5297241210938,693.7361450195312,0.8,0.75,0.050000000000000044,5,7,oracle,63,11,15.767144466667105,2.4496612037134735,False,True,False
False,True,False,-6.828125,1.0379571730402153,42.50502014160156,40.95064926147461,0.7166666666666667,0.7166666666666667,0.0,5,7,nearest,63,12,-79.17391410000005,3.055326138239531,False,False,False
False,True,False,-7.5118408203125,1.2036118974562289,49.28868865966797,40.95064926147461,0.7166666666666667,0.7166666666666667,0.0,5,7,oracle,63,12,-79.17391410000005,3.055326138239531,False,False,False
True,True,True,75.808349609375,0.7465066754739176,133.61085510253906,178.98146057128906,0.7166666666666667,0.7166666666666667,0.0,5,7,nearest,63,13,4.304274433333603,0.7959803195740522,True,True,True
True,True,True,102.412353515625,0.8382465613655695,150.0305938720703,178.98146057128906,0.7166666666666667,0.7166666666666667,0.0,5,7,oracle,63,13,4.304274433333603,0.7959803195740522,True,True,True
False,True,False,-24.9505615234375,1.310663769470534,183.4154510498047,139.94088745117188,0.7166666666666667,0.7166666666666667,0.0,5,7,nearest,63,14,-50.62809570000013,2.758496824007535,False,False,False
False,True,False,-12.8487548828125,1.3982789102279907,195.6763916015625,139.94088745117188,0.7166666666666667,0.7166666666666667,0.0,5,7,oracle,63,14,-50.62809570000013,2.758496824007535,False,False,False
True,True,True,8.2373046875,1.0208234684987172,31.505895614624023,30.863216400146484,0.7166666666666667,0.7166666666666667,0.0,5,7,nearest,63,15,-9.517006066666454,1.0507380807896032,True,False,False
True,True,True,17.3233642578125,1.0206884353670869,31.501728057861328,30.863216400146484,0.7166666666666667,0.7166666666666667,0.0,5,7,oracle,63,15,-9.517006066666454,1.0507380807896032,True,False,False
False,True,False,-8.0604248046875,1.0438016390890898,274.6355895996094,263.11090087890625,0.7166666666666667,0.7166666666666667,0.0,5,6,nearest,63,16,22.73432333333335,0.6455664897844909,True,True,True
False,True,False,-0.8590087890625,1.0098540668352507,265.70361328125,263.11090087890625,0.7166666666666667,0.7166666666666667,0.0,5,6,oracle,63,16,22.73432333333335,0.6455664897844909,True,True,True
True,True,True,25.0328369140625,0.9000122141005473,97.8196792602539,108.68705749511719,0.7166666666666667,0.7166666666666667,0.0,5,6,nearest,63,17,-11.434668999999985,1.0729414550852407,True,False,False
True,True,True,33.955078125,0.900170786819722,97.8369140625,108.68705749511719,0.7166666666666667,0.7166666666666667,0.0,5,6,oracle,63,17,-11.434668999999985,1.0729414550852407,True,False,False
False,False,False,-121.4835205078125,4.439608607353268,339.85357666015625,76.55034637451172,0.7166666666666667,0.7166666666666667,0.0,5,7,nearest,63,18,-0.7063200000000052,20.24297470807032,False,False,False
False,False,False,-82.94091796875,4.8564704597259984,371.7644958496094,76.55034637451172,0.7166666666666667,0.7166666666666667,0.0,5,7,oracle,63,18,-0.7063200000000052,20.24297470807032,False,False,False
True,True,True,81.512939453125,0.9837245513204534,776.5374145507812,789.385009765625,0.7666666666666667,0.75,0.01666666666666672,5,6,nearest,63,19,12.977692766666223,1.6562453759832876,False,True,False
True,True,True,36.1767578125,0.9257780931741698,730.7953491210938,789.385009765625,0.75,0.75,0.0,5,6,oracle,63,19,12.977692766666223,1.6562453759832876,False,True,False
False,True,False,-32.221923828125,1.2869972216550725,52.22725296020508,40.58070373535156,0.7166666666666667,0.7166666666666667,0.0,5,7,nearest,63,20,4.552935600000183,0.9881482270292132,True,True,True
False,False,False,-93.27783203125,1.7498919908539097,71.01184844970703,40.58070373535156,0.7166666666666667,0.7166666666666667,0.0,5,7,oracle,63,20,4.552935600000183,0.9881482270292132,True,True,True
True,True,True,8.6336669921875,1.043663261797377,30.83285140991211,29.542911529541016,0.7166666666666667,0.7166666666666667,0.0,5,7,nearest,63,21,-21.60077363333312,1.0677860379117612,True,False,False
True,True,True,5.52099609375,1.065104421888213,31.466285705566406,29.542911529541016,0.7166666666666667,0.7166666666666667,0.0,5,7,oracle,63,21,-21.60077363333312,1.0677860379117612,True,False,False
True,True,True,3.4576416015625,0.9176538507355083,34.99889373779297,38.1395378112793,0.7166666666666667,0.7166666666666667,0.0,5,7,nearest,63,22,-18.738213366666514,1.1501171794435407,True,False,False
False,True,False,-2.5030517578125,0.9173990010653076,34.989173889160156,38.1395378112793,0.7166666666666667,0.7166666666666667,0.0,5,7,oracle,63,22,-18.738213366666514,1.1501171794435407,True,False,False
True,True,True,7.961669921875,1.1656797342541785,50.44386291503906,43.27420425415039,0.7166666666666667,0.7166666666666667,0.0,5,8,nearest,63,23,-18.605270366666446,0.9867929956313481,True,False,False
False,True,False,-31.99365234375,1.0366982828830527,44.8622932434082,43.27420425415039,0.7166666666666667,0.7166666666666667,0.0,5,8,oracle,63,23,-18.605270366666446,0.9867929956313481,True,False,False
True,True,True,4.0439453125,0.9774478946783023,58.900672912597656,60.2596549987793,0.7166666666666667,0.7166666666666667,0.0,5,8,nearest,63,24,-16.885122799999863,1.0153065077884482,True,False,False
False,True,False,-22.4652099609375,0.8389004113325644,50.551849365234375,60.2596549987793,0.7166666666666667,0.7166666666666667,0.0,5,8,oracle,63,24,-16.885122799999863,1.0153065077884482,True,False,False
True,True,True,20.841796875,1.2374971027014188,90.1430892944336,72.84307098388672,0.7166666666666667,0.7166666666666667,0.0,5,7,nearest,63,25,-21.82772460000001,0.9695960275053727,True,False,False
True,True,True,8.7125244140625,1.216119464326805,88.58587646484375,72.84307098388672,0.7166666666666667,0.7166666666666667,0.0,5,7,oracle,63,25,-21.82772460000001,0.9695960275053727,True,False,False
True,True,True,4.428466796875,1.0878914113701161,33.2207145690918,30.536792755126953,0.7166666666666667,0.7166666666666667,0.0,5,6,nearest,63,26,-26.114832766666723,1.0531172567028741,True,False,False
False,True,False,-4.66943359375,1.0587823641539695,32.331817626953125,30.536792755126953,0.7166666666666667,0.7166666666666667,0.0,5,6,oracle,63,26,-26.114832766666723,1.0531172567028741,True,False,False
True,True,True,4.9755859375,1.037937921736043,32.13144302368164,30.956998825073242,0.7166666666666667,0.7166666666666667,0.0,5,6,nearest,63,27,-60.107870300000286,1.0308421603631737,True,False,False
False,True,False,-7.1529541015625,1.0113046007601916,31.306955337524414,30.956998825073242,0.7166666666666667,0.7166666666666667,0.0,5,6,oracle,63,27,-60.107870300000286,1.0308421603631737,True,False,False
False,True,False,-3.8231201171875,0.9361898301623477,229.4407196044922,245.0792694091797,0.7166666666666667,0.7166666666666667,0.0,5,7,nearest,63,28,-14.644242300000087,1.9293446209307756,False,False,False
False,True,False,-12.5504150390625,0.7102658124093524,174.07142639160156,245.0792694091797,0.7166666666666667,0.7166666666666667,0.0,5,7,oracle,63,28,-14.644242300000087,1.9293446209307756,False,False,False
True,True,True,41.7550048828125,0.8132684928466029,91.01119232177734,111.90792846679688,0.7166666666666667,0.7166666666666667,0.0,5,7,nearest,63,29,-10.452212733333226,0.9725738839101894,True,False,False
False,True,False,-1.6644287109375,0.9454608523209306,105.8045654296875,111.90792846679688,0.7166666666666667,0.7166666666666667,0.0,5,7,oracle,63,29,-10.452212733333226,0.9725738839101894,True,False,False
True,True,True,42.60400390625,0.811502694068455,64.68269348144531,79.70730590820312,0.7166666666666667,0.7166666666666667,0.0,5,6,nearest,63,30,-25.895172900000034,1.3498563505609955,True,False,False
True,True,True,27.9144287109375,0.8464729392855407,67.47007751464844,79.70730590820312,0.7166666666666667,0.7166666666666667,0.0,5,6,oracle,63,30,-25.895172900000034,1.3498563505609955,True,False,False
True,True,True,57.1708984375,0.9686204655639047,208.5547637939453,215.31112670898438,0.7166666666666667,0.7166666666666667,0.0,5,6,nearest,63,31,-11.93087586666661,0.7960698585150021,True,False,False
True,True,True,3.32861328125,0.9223076503317003,198.58309936523438,215.31112670898438,0.7166666666666667,0.7166666666666667,0.0,5,6,oracle,63,31,-11.93087586666661,0.7960698585150021,True,False,False
False,True,False,-53.35205078125,1.3881202749523551,205.43154907226562,147.99261474609375,0.7166666666666667,0.7166666666666667,0.0,5,6,nearest,63,32,-37.842719966666664,3.120664400388434,False,False,False
False,True,False,-85.1253662109375,1.3983837661478007,206.95046997070312,147.99261474609375,0.7166666666666667,0.7166666666666667,0.0,5,6,oracle,63,32,-37.842719966666664,3.120664400388434,False,False,False
True,True,True,8.981201171875,0.9924973419483218,31.081762313842773,31.316720962524414,0.7166666666666667,0.7166666666666667,0.0,5,6,nearest,63,33,-10.410306799999944,1.0280804430600141,True,False,False
False,True,False,-1.9468994140625,0.9913439207950847,31.04564094543457,31.316720962524414,0.7166666666666667,0.7166666666666667,0.0,5,6,oracle,63,33,-10.410306799999944,1.0280804430600141,True,False,False
True,True,True,26.1412353515625,0.9362548680346041,93.21455383300781,99.56108856201172,0.7166666666666667,0.7166666666666667,0.0,5,7,nearest,63,34,4.994334333333427,0.7444210427060115,True,True,True
True,True,True,4.833251953125,1.3840804109161067,137.80055236816406,99.56108856201172,0.7166666666666667,0.7166666666666667,0.0,5,7,oracle,63,34,4.994334333333427,0.7444210427060115,True,True,True
True,True,True,7.502197265625,0.9284032131080927,214.19549560546875,230.7138671875,0.7166666666666667,0.7166666666666667,0.0,5,7,nearest,63,35,-3.505339499999991,1.0297327395701301,True,False,False
False,False,True,8.886474609375,1.9348109902180308,446.3877258300781,230.7138671875,0.7166666666666667,0.7166666666666667,0.0,5,7,oracle,63,35,-3.505339499999991,1.0297327395701301,True,False,False
True,True,True,30.8564453125,1.4282326320513692,120.8621597290039,84.62358093261719,0.7166666666666667,0.7166666666666667,0.0,5,7,nearest,63,36,-36.91659153333353,0.5528659079177881,True,False,False
False,False,True,5.7080078125,1.7067843562017357,144.4342041015625,84.62358093261719,0.7166666666666667,0.7166666666666667,0.0,5,7,oracle,63,36,-36.91659153333353,0.5528659079177881,True,False,False
True,True,True,29.7158203125,1.031538081162009,1103.1302490234375,1069.4033203125,0.7833333333333333,0.7833333333333333,0.0,5,7,nearest,63,37,2.3443194999999832,1.3146202501090387,True,True,True
True,True,True,26.170166015625,1.1460563215651252,1225.596435546875,1069.4033203125,0.7833333333333333,0.7833333333333333,0.0,5,7,oracle,63,37,2.3443194999999832,1.3146202501090387,True,True,True
True,True,True,0.558349609375,1.1889948909363635,89.44957733154297,75.23125457763672,0.7166666666666667,0.7166666666666667,0.0,5,6,nearest,63,38,-32.48807880000004,2.1310345995580855,False,False,False
False,True,False,-17.904052734375,1.3605472262598508,102.35567474365234,75.23125457763672,0.7166666666666667,0.7166666666666667,0.0,5,6,oracle,63,38,-32.48807880000004,2.1310345995580855,False,False,False
True,True,True,9.041748046875,0.9901256089756203,31.624197006225586,31.9395809173584,0.7166666666666667,0.7166666666666667,0.0,5,6,nearest,63,39,-15.870231233333243,1.0465741164664162,True,False,False
False,True,False,-3.2001953125,1.0008521672548134,31.966798782348633,31.9395809173584,0.7166666666666667,0.7166666666666667,0.0,5,6,oracle,63,39,-15.870231233333243,1.0465741164664162,True,False,False
