approved,safe,saves_energy,predicted_saving_w,pred_d95_ratio,pred_d95_cf,pred_d95_base,violation_rate_cf,violation_rate_base,violation_increase,cell,n_stranded,reassign,seed,phase,true_saved_w,true_d95_ratio,true_safe,true_saves,true_approve
True,True,True,12.601806640625,0.9576993145459585,30.32709503173828,31.666614532470703,0.6833333333333333,0.6833333333333333,0.0,0,9,nearest,61,0,13.890583399999969,1.0056064056268186,True,True,True
True,True,True,0.517578125,1.0758834883528468,34.06958770751953,31.666614532470703,0.6833333333333333,0.6833333333333333,0.0,0,9,oracle,61,0,13.890583399999969,1.0056064056268186,True,True,True
False,True,False,-0.1851806640625,1.0896330507571654,29.805843353271484,27.354019165039062,0.6833333333333333,0.6833333333333333,0.0,0,8,nearest,61,1,-11.020424466666555,1.0655403018373895,True,False,False
False,False,False,-23.0009765625,2.3832918775482197,65.19261169433594,27.354019165039062,0.6833333333333333,0.6833333333333333,0.0,0,8,oracle,61,1,-11.020424466666555,1.0655403018373895,True,False,False
False,True,False,-8.9892578125,1.4481045957326686,62.69907760620117,43.297340393066406,0.6833333333333333,0.6833333333333333,0.0,0,8,nearest,61,2,3.944507799999883,1.0473523100451028,True,True,True
True,True,True,3.9935302734375,1.360436851076172,58.903297424316406,43.297340393066406,0.6833333333333333,0.6833333333333333,0.0,0,8,oracle,61,2,3.944507799999883,1.0473523100451028,True,True,True
False,True,False,-20.48291015625,1.3502733077757096,397.200439453125,294.1629943847656,0.6833333333333333,0.6833333333333333,0.0,0,10,nearest,61,3,8.766797233333364,1.046168298655292,True,True,True
False,True,False,-23.4716796875,1.265626068236635,372.30035400390625,294.1629943847656,0.6833333333333333,0.6833333333333333,0.0,0,10,oracle,61,3,8.766797233333364,1.046168298655292,True,True,True
False,False,False,-25.46484375,2.0494066850458177,90.77877807617188,44.29515075683594,0.6833333333333333,0.6666666666666666,0.01666666666666672,0,12,nearest,61,4,-5.415719766666598,1.086681591882506,True,False,False
False,False,False,-45.330810546875,2.0170893033135178,89.34727478027344,44.29515075683594,0.6833333333333333,0.6666666666666666,0.01666666666666672,0,12,oracle,61,4,-5.415719766666598,1.086681591882506,True,False,False
False,False,False,-100.5185546875,1.9384049160199788,148.8746795654297,76.80267333984375,0.6833333333333333,0.6833333333333333,0.0,0,13,nearest,61,5,11.222080000000005,0.8127337646494677,True,True,True
False,False,False,-70.472900390625,1.7361278991683455,133.33926391601562,76.80267333984375,0.6833333333333333,0.6833333333333333,0.0,0,13,oracle,61,5,11.222080000000005,0.8127337646494677,True,True,True
False,False,False,-11.294677734375,1.6270423465645067,56.146888732910156,34.50856018066406,0.6666666666666666,0.6833333333333333,-0.01666666666666672,0,14,nearest,61,6,-4.406086033333395,1.0676184019670558,True,False,False
False,False,True,5.710693359375,1.5119127210372696,52.17393112182617,34.50856018066406,0.6833333333333333,0.6833333333333333,0.0,0,14,oracle,61,6,-4.406086033333395,1.0676184019670558,True,False,False
False,True,False,-7.3072509765625,1.034809170292374,29.026037216186523,28.049652099609375,0.6833333333333333,0.6666666666666666,0.01666666666666672,0,14,nearest,61,7,-4.151432533333264,1.002507324659881,True,False,False
False,False,False,-19.148681640625,2.0347668069078293,57.074501037597656,28.049652099609375,0.6666666666666666,0.6666666666666666,0.0,0,14,oracle,61,7,-4.151432533333264,1.002507324659881,True,False,False
True,True,True,46.161376953125,0.8447184720367157,81.07210540771484,95.97529602050781,0.6833333333333333,0.6833333333333333,0.0,0,14,nearest,61,8,6.304782766666676,3.9837846144343585,False,True,False
False,False,False,-1.105712890625,1.7074553760296174,163.87353515625,95.97529602050781,0.6833333333333333,0.6833333333333333,0.0,0,14,oracle,61,8,6.304782766666676,3.9837846144343585,False,True,False
False,True,False,-35.59228515625,1.3331831256712405,211.272216796875,158.47201538085938,0.6833333333333333,0.6833333333333333,0.0,0,13,nearest,61,9,-103.0977926999999,1.5715477663537436,False,False,False
False,True,False,-29.795166015625,1.0623719022317586,168.35621643066406,158.47201538085938,0.6833333333333333,0.6833333333333333,0.0,0,13,oracle,61,9,-103.0977926999999,1.5715477663537436,False,False,False
False,True,False,-11.2525634765625,1.0677674803389787,129.15505981445312,120.95803833007812,0.6833333333333333,0.6833333333333333,0.0,0,12,nearest,61,10,2.0773339000002125,1.1860263024282927,True,True,True
False,True,False,-0.23291015625,1.0568337928116516,127.8325424194336,120.95803833007812,0.6833333333333333,0.6833333333333333,0.0,0,12,oracle,61,10,2.0773339000002125,1.1860263024282927,True,True,True
True,True,True,61.541748046875,1.494946945962669,1174.408203125,785.585205078125,0.7666666666666667,0.75,0.01666666666666672,0,12,nearest,61,11,47.92111866666664,2.611581363556213,False,True,False
False,False,True,149.238525390625,2.3366295217444946,1835.62158203125,785.585205078125,0.7666666666666667,0.75,0.01666666666666672,0,12,oracle,61,11,47.92111866666664,2.611581363556213,False,True,False
False,False,False,-9.283203125,1.6519850031335743,41.26203155517578,24.977243423461914,0.6833333333333333,0.6833333333333333,0.0,0,12,nearest,61,12,-95.18273853333335,31.37893112765215,False,False,False
False,False,False,-24.435302734375,3.400560309223125,84.9366226196289,24.977243423461914,0.6833333333333333,0.6833333333333333,0.0,0,12,oracle,61,12,-95.18273853333335,31.37893112765215,False,False,False
True,True,True,11.3309326171875,0.8082265636763951,198.36459350585938,245.43191528320312,0.6833333333333333,0.6833333333333333,0.0,0,11,nearest,61,13,-45.40875316666643,1.099382534805502,True,False,False
False,True,False,-24.5010986328125,0.8290040439858534,203.46405029296875,245.43191528320312,0.6833333333333333,0.6833333333333333,0.0,0,11,oracle,61,13,-45.40875316666643,1.099382534805502,True,False,False
False,False,False,-94.99462890625,13.62410642400557,471.6181640625,34.61644744873047,0.6833333333333333,0.6833333333333333,0.0,0,10,nearest,61,14,-27.09851576666688,11.196674128159232,False,False,False
False,False,False,-107.399169921875,8.822590438651455,305.40673828125,34.61644744873047,0.6833333333333333,0.6833333333333333,0.0,0,10,oracle,61,14,-27.09851576666688,11.196674128159232,False,False,False
True,True,True,14.080078125,1.0055678846065674,29.57549476623535,29.411733627319336,0.6833333333333333,0.6833333333333333,0.0,0,11,nearest,61,15,-38.87063473333342,1.228540231076628,True,False,False
False,True,False,-42.7318115234375,1.0901536482717917,32.06330871582031,29.411733627319336,0.6833333333333333,0.6833333333333333,0.0,0,11,oracle,61,15,-38.87063473333342,1.228540231076628,True,False,False
True,True,True,38.31884765625,0.5761769655368699,161.98793029785156,281.1426696777344,0.6833333333333333,0.6666666666666666,0.01666666666666672,0,11,nearest,61,16,-50.13599683333359,1.3620346213568262,True,False,False
False,True,False,-13.9342041015625,1.042657012230036,293.1353759765625,281.1426696777344,0.6833333333333333,0.6666666666666666,0.01666666666666672,0,11,oracle,61,16,-50.13599683333359,1.3620346213568262,True,False,False
False,True,False,-13.634521484375,0.46437747502795945,290.12957763671875,624.77099609375,0.6833333333333333,0.6833333333333333,0.0,0,11,nearest,61,17,-17.587031499999966,0.24121780353056163,True,False,False
False,True,False,-5.24365234375,0.453629103163581,283.414306640625,624.77099609375,0.6833333333333333,0.6833333333333333,0.0,0,11,oracle,61,17,-17.587031499999966,0.24121780353056163,True,False,False
False,True,False,-32.4141845703125,1.383533399305395,227.98916625976562,164.78761291503906,0.6833333333333333,0.6666666666666666,0.01666666666666672,0,12,nearest,61,18,-30.752922433333424,0.6369879153571719,True,False,False
False,True,False,-45.019287109375,1.4921960890672836,245.8954315185547,164.78761291503906,0.6833333333333333,0.6666666666666666,0.01666666666666672,0,12,oracle,61,18,-30.752922433333424,0.6369879153571719,True,False,False
True,True,True,16.379150390625,1.2482711895105945,1346.047607421875,1078.3294677734375,0.8333333333333334,0.8,0.033333333333333326,0,11,nearest,61,19,14.439381199999843,1.7526646637146197,False,True,False
False,False,False,-30.025634765625,1.7381496376083567,1874.2979736328125,1078.3294677734375,0.8166666666666667,0.8,0.016666666666666607,0,11,oracle,61,19,14.439381199999843,1.7526646637146197,False,True,False
False,False,True,3.0894775390625,3.790646524705184,173.56639099121094,45.78807067871094,0.6833333333333333,0.6833333333333333,0.0,0,9,nearest,61,20,-73.77189466666664,16.99290581328298,False,False,False
False,False,False,-33.308349609375,5.300600813058795,242.70428466796875,45.78807067871094,0.6833333333333333,0.6833333333333333,0.0,0,9,oracle,61,20,-73.77189466666664,16.99290581328298,False,False,False
True,True,True,5.5225830078125,1.0391913637155061,30.1105899810791,28.975019454956055,0.6833333333333333,0.6833333333333333,0.0,0,9,nearest,61,21,-27.921950533333074,1.0526180136270402,True,False,False
False,True,False,-3.28857421875,1.0593340708190337,30.694225311279297,28.975019454956055,0.6833333333333333,0.6833333333333333,0.0,0,9,oracle,61,21,-27.921950533333074,1.0526180136270402,True,False,False
True,True,True,24.12109375,0.9162772947407325,33.375057220458984,36.424625396728516,0.6833333333333333,0.6833333333333333,0.0,0,9,nearest,61,22,-36.642168099999935,1.7693759852962205,False,False,False
True,True,True,51.9957275390625,0.8869219941106962,32.30580139160156,36.424625396728516,0.6833333333333333,0.6833333333333333,0.0,0,9,oracle,61,22,-36.642168099999935,1.7693759852962205,False,False,False
False,True,False,-34.147216796875,1.0509707775810153,31.355648040771484,29.834938049316406,0.6833333333333333,0.6833333333333333,0.0,0,9,nearest,61,23,-3.601908199999798,3.3006829731936347,False,False,False
False,True,False,-11.6380615234375,1.051294519278102,31.365306854248047,29.834938049316406,0.6833333333333333,0.6833333333333333,0.0,0,9,oracle,61,23,-3.601908199999798,3.3006829731936347,False,False,False
True,True,True,68.0091552734375,1.0737322693772327,41.108642578125,38.28574752807617,0.6833333333333333,0.6833333333333333,0.0,0,9,nearest,61,24,-56.879328433333285,5.3350454929380575,False,False,False
True,True,True,62.6370849609375,1.121819532721911,42.94969940185547,38.28574752807617,0.6833333333333333,0.6833333333333333,0.0,0,9,oracle,61,24,-56.879328433333285,5.3350454929380575,False,False,False
False,True,False,-8.43701171875,1.0298663509477686,30.66394805908203,29.774686813354492,0.6833333333333333,0.6833333333333333,0.0,0,9,nearest,61,25,-37.21127363333335,1.0186678631748816,True,False,False
False,True,False,-6.6312255859375,1.0427591383779813,31.047826766967773,29.774686813354492,0.6833333333333333,0.6833333333333333,0.0,0,9,oracle,61,25,-37.21127363333335,1.0186678631748816,True,False,False
True,True,True,9.5606689453125,1.0432617327529283,107.90977478027344,103.43499755859375,0.6833333333333333,0.6833333333333333,0.0,0,8,nearest,61,26,-17.94265306666648,0.9495644715992411,True,False,False
True,True,True,7.438232421875,1.0326589873362448,106.81307983398438,103.43499755859375,0.6833333333333333,0.6833333333333333,0.0,0,8,oracle,61,26,-17.94265306666648,0.9495644715992411,True,False,False
True,True,True,88.754150390625,0.9160348728486285,31.882478713989258,34.804874420166016,0.6833333333333333,0.6833333333333333,0.0,0,8,nearest,61,27,-17.2229738333333,1.2573965022353393,True,False,False
True,True,True,92.5933837890625,0.921023041819119,32.05609130859375,34.804874420166016,0.6833333333333333,0.6833333333333333,0.0,0,8,oracle,61,27,-17.2229738333333,1.2573965022353393,True,False,False
True,True,True,22.0574951171875,1.1488705985279628,71.7143325805664,62.421592712402344,0.6833333333333333,0.6833333333333333,0.0,0,8,nearest,61,28,-32.39956849999999,4.6131490903423575,False,False,False
True,True,True,15.9049072265625,1.1667258840222285,72.82888793945312,62.421592712402344,0.6833333333333333,0.6833333333333333,0.0,0,8,oracle,61,28,-32.39956849999999,4.6131490903423575,False,False,False
False,False,True,20.525146484375,1.9658044062309523,121.47932434082031,61.796241760253906,0.6833333333333333,0.6833333333333333,0.0,0,7,nearest,61,29,-66.76301679999983,1.5705174396557517,False,False,False
False,False,True,8.495849609375,1.8357647025707067,113.443359375,61.796241760253906,0.6833333333333333,0.6833333333333333,0.0,0,7,oracle,61,29,-66.76301679999983,1.5705174396557517,False,False,False
True,True,True,7.6505126953125,0.9286272557309618,77.26830291748047,83.20701599121094,0.6833333333333333,0.6833333333333333,0.0,0,7,nearest,61,30,7.1637543333336,1.012974949136309,True,True,True
True,True,True,12.7296142578125,0.9438997956191529,78.5390853881836,83.20701599121094,0.6833333333333333,0.6833333333333333,0.0,0,7,oracle,61,30,7.1637543333336,1.012974949136309,True,True,True
False,False,True,17.97509765625,1.7217162199378218,112.3260498046875,65.2407455444336,0.6833333333333333,0.6833333333333333,0.0,0,7,nearest,61,31,2.0496886333332895,7.7891285847189895,False,True,False
False,False,True,3.1453857421875,2.475523360076059,161.50498962402344,65.2407455444336,0.6833333333333333,0.6833333333333333,0.0,0,7,oracle,61,31,2.0496886333332895,7.7891285847189895,False,True,False
True,True,True,2.1978759765625,0.9944663795076354,100.91609191894531,101.47763061523438,0.6833333333333333,0.6833333333333333,0.0,0,6,nearest,61,32,-56.851441466666756,3.3109342752800313,False,False,False
True,True,True,64.7530517578125,0.7937956116574577,80.55249786376953,101.47763061523438,0.6833333333333333,0.6833333333333333,0.0,0,6,oracle,61,32,-56.851441466666756,3.3109342752800313,False,False,False
False,True,False,-18.784423828125,1.0810061900184726,31.553958892822266,29.189434051513672,0.6833333333333333,0.6833333333333333,0.0,0,7,nearest,61,33,-11.821652166666809,1.0841453968101904,True,False,False
False,True,False,-20.1148681640625,1.0985060446285106,32.06476974487305,29.189434051513672,0.6833333333333333,0.6833333333333333,0.0,0,7,oracle,61,33,-11.821652166666809,1.0841453968101904,True,False,False
False,False,False,-86.2994384765625,1.5693013142283412,90.83094024658203,57.879859924316406,0.6833333333333333,0.6833333333333333,0.0,0,6,nearest,61,34,-8.682782800000268,1.0177546226018037,True,False,False
False,False,False,-106.2845458984375,1.5154276142306216,87.71273803710938,57.879859924316406,0.6833333333333333,0.6833333333333333,0.0,0,6,oracle,61,34,-8.682782800000268,1.0177546226018037,True,False,False
False,False,False,-13.25732421875,1.9473462501502714,610.0170288085938,313.25555419921875,0.6833333333333333,0.6833333333333333,0.0,0,7,nearest,61,35,-16.628457000000026,3.3767118378265164,False,False,False
False,True,False,-63.0513916015625,1.3134044660380693,411.4312438964844,313.25555419921875,0.6833333333333333,0.6833333333333333,0.0,0,7,oracle,61,35,-16.628457000000026,3.3767118378265164,False,False,False
False,True,False,-50.5360107421875,1.0778675376061282,146.87338256835938,136.26292419433594,0.6833333333333333,0.6833333333333333,0.0,0,7,nearest,61,36,-44.98465003333331,1.1140342012415587,True,False,False
False,True,False,-70.130615234375,1.2336285922921364,168.09783935546875,136.26292419433594,0.6833333333333333,0.6833333333333333,0.0,0,7,oracle,61,36,-44.98465003333331,1.1140342012415587,True,False,False
False,False,True,233.15234375,2.336225452327427,1748.1578369140625,748.2830200195312,0.9166666666666666,0.7666666666666667,0.1499999999999999,0,8,nearest,61,37,0.09917043333325637,2.5722847242774254,False,True,False
False,False,True,242.238037109375,2.385659422625152,1785.1484375,748.2830200195312,0.9333333333333333,0.7666666666666667,0.16666666666666663,0,8,oracle,61,37,0.09917043333325637,2.5722847242774254,False,True,False
False,False,False,-71.434326171875,8.914881544155621,336.28515625,37.72177505493164,0.6833333333333333,0.6666666666666666,0.01666666666666672,0,8,nearest,61,38,-68.57255936666684,4.023732566543321,False,False,False
False,False,False,-41.13525390625,12.157664981179723,458.60870361328125,37.72177505493164,0.6833333333333333,0.6666666666666666,0.01666666666666672,0,8,oracle,61,38,-68.57255936666684,4.023732566543321,False,False,False
False,True,False,-7.5745849609375,1.0268755221435832,30.0345401763916,29.248472213745117,0.6833333333333333,0.6833333333333333,0.0,0,8,nearest,61,39,-18.17676173333325,1.051860044920582,True,False,False
False,True,False,-9.103515625,1.0507571656636097,30.733041763305664,29.248472213745117,0.6833333333333333,0.6833333333333333,0.0,0,8,oracle,61,39,-18.17676173333325,1.051860044920582,True,False,False
False,False,False,-3.80517578125,1.8837534948205763,59.652095794677734,31.666614532470703,0.6833333333333333,0.6833333333333333,0.0,1,14,nearest,61,0,3.4481281000000763,0.9786908847684882,True,True,True
True,True,True,0.563720703125,1.4019424631075001,44.394771575927734,31.666614532470703,0.6833333333333333,0.6833333333333333,0.0,1,14,oracle,61,0,3.4481281000000763,0.9786908847684882,True,True,True
True,True,True,6.4595947265625,1.1762987449467917,32.17649841308594,27.354019165039062,0.6666666666666666,0.6833333333333333,-0.01666666666666672,1,14,nearest,61,1,-6.319989299999861,1.1073857394131859,True,False,False
True,True,True,9.7799072265625,1.1162861269177369,30.534912109375,27.354019165039062,0.6666666666666666,0.6833333333333333,-0.01666666666666672,1,14,oracle,61,1,-6.319989299999861,1.1073857394131859,True,False,False
False,False,False,-6.306884765625,3.39485141061721,146.988037109375,43.297340393066406,0.6833333333333333,0.6833333333333333,0.0,1,15,nearest,61,2,-19.635116200000084,1.0788918502212181,True,False,False
True,True,True,43.310546875,1.2154489222950418,52.62570571899414,43.297340393066406,0.6833333333333333,0.6833333333333333,0.0,1,15,oracle,61,2,-19.635116200000084,1.0788918502212181,True,False,False
True,True,True,63.886474609375,0.5873209239876657,172.76808166503906,294.1629943847656,0.6833333333333333,0.6833333333333333,0.0,1,14,nearest,61,3,24.516336533333288,1.787761589033308,False,True,False
True,True,True,56.883056640625,0.8386636017990414,246.70379638671875,294.1629943847656,0.6833333333333333,0.6833333333333333,0.0,1,14,oracle,61,3,24.516336533333288,1.787761589033308,False,True,False
False,False,False,-0.735595703125,1.8936113446876204,83.87779998779297,44.29515075683594,0.6833333333333333,0.6666666666666666,0.01666666666666672,1,13,nearest,61,4,-33.48885016666668,1.7026352756453578,False,False,False
True,True,True,22.138427734375,1.1106311836294884,49.19557571411133,44.29515075683594,0.6833333333333333,0.6666666666666666,0.01666666666666672,1,13,oracle,61,4,-33.48885016666668,1.7026352756453578,False,False,False
False,False,True,10.7381591796875,1.8444655040192,141.65988159179688,76.80267333984375,0.6833333333333333,0.6833333333333333,0.0,1,12,nearest,61,5,22.7442529333332,1.1989609283232059,True,True,True
True,True,True,31.73828125,1.4401046819805536,110.60388946533203,76.80267333984375,0.6833333333333333,0.6833333333333333,0.0,1,12,oracle,61,5,22.7442529333332,1.1989609283232059,True,True,True
False,True,False,-5.600830078125,1.2960946526568247,44.72636032104492,34.50856018066406,0.6833333333333333,0.6833333333333333,0.0,1,11,nearest,61,6,-19.056073166666692,2.0080631313398576,False,False,False
False,False,False,-10.4560546875,1.7272841936492314,59.6060905456543,34.50856018066406,0.6833333333333333,0.6833333333333333,0.0,1,11,oracle,61,6,-19.056073166666692,2.0080631313398576,False,False,False
True,True,True,3.94482421875,1.268823758528436,35.590065002441406,28.049652099609375,0.6666666666666666,0.6666666666666666,0.0,1,11,nearest,61,7,-0.8344759666665595,1.0314626403969775,True,False,False
False,False,True,6.634521484375,1.6094820814443207,45.14541244506836,28.049652099609375,0.6666666666666666,0.6666666666666666,0.0,1,11,oracle,61,7,-0.8344759666665595,1.0314626403969775,True,False,False
True,True,True,26.4237060546875,1.1796083109943867,113.2132568359375,95.97529602050781,0.6833333333333333,0.6833333333333333,0.0,1,11,nearest,61,8,-50.92870333333349,1.3329097552970448,True,False,False
True,True,True,55.46630859375,0.8960854629460191,86.00206756591797,95.97529602050781,0.6833333333333333,0.6833333333333333,0.0,1,11,oracle,61,8,-50.92870333333349,1.3329097552970448,True,False,False
True,True,True,147.9453125,0.46915461587182744,74.3478775024414,158.47201538085938,0.6833333333333333,0.6833333333333333,0.0,1,11,nearest,61,9,-33.293167766666784,1.0196318536143703,True,False,False
True,True,True,157.89013671875,0.36453286091097864,57.76825714111328,158.47201538085938,0.6833333333333333,0.6833333333333333,0.0,1,11,oracle,61,9,-33.293167766666784,1.0196318536143703,True,False,False
True,True,True,51.097412109375,0.5004098910750027,60.52859878540039,120.95803833007812,0.6833333333333333,0.6833333333333333,0.0,1,13,nearest,61,10,-11.779157099999793,1.336734935304769,True,False,False
True,True,True,58.9588623046875,0.4858621166413064,58.76892852783203,120.95803833007812,0.6833333333333333,0.6833333333333333,0.0,1,13,oracle,61,10,-11.779157099999793,1.336734935304769,True,False,False
True,True,True,152.102783203125,1.4022006633813553,1101.548095703125,785.585205078125,0.8,0.75,0.050000000000000044,1,13,nearest,61,11,31.105822466666268,1.5061699189261621,False,True,False
True,True,True,150.14404296875,1.3158704961250958,1033.7283935546875,785.585205078125,0.8,0.75,0.050000000000000044,1,13,oracle,61,11,31.105822466666268,1.5061699189261621,False,True,False
False,True,False,-7.6575927734375,1.0941228469609903,27.32817268371582,24.977243423461914,0.6833333333333333,0.6833333333333333,0.0,1,14,nearest,61,12,-85.55362049999985,3.3584002352671476,False,False,False
False,True,False,-5.076171875,1.0480948501325174,26.17852020263672,24.977243423461914,0.6833333333333333,0.6833333333333333,0.0,1,14,oracle,61,12,-85.55362049999985,3.3584002352671476,False,False,False
True,True,True,143.2239990234375,0.9080965886306589,222.87588500976562,245.43191528320312,0.6833333333333333,0.6833333333333333,0.0,1,14,nearest,61,13,-29.91805033333344,1.2880424811320659,True,False,False
True,True,True,143.2239990234375,0.9080965886306589,222.87588500976562,245.43191528320312,0.6833333333333333,0.6833333333333333,0.0,1,14,oracle,61,13,-29.91805033333344,1.2880424811320659,True,False,False
True,True,True,26.1474609375,1.4507969259773603,50.221435546875,34.61644744873047,0.6833333333333333,0.6833333333333333,0.0,1,14,nearest,61,14,-35.370481000000154,3.8046501973316538,False,False,False
False,False,True,29.9962158203125,1.7613828385362313,60.972816467285156,34.61644744873047,0.6833333333333333,0.6833333333333333,0.0,1,14,oracle,61,14,-35.370481000000154,3.8046501973316538,False,False,False
False,True,False,-4.1826171875,1.0140676990385156,29.825489044189453,29.411733627319336,0.6833333333333333,0.6833333333333333,0.0,1,13,nearest,61,15,-11.390547266666772,1.100018360625012,True,False,False
True,True,True,0.0703125,1.0105241695983695,29.721267700195312,29.411733627319336,0.6833333333333333,0.6833333333333333,0.0,1,13,oracle,61,15,-11.390547266666772,1.100018360625012,True,False,False
True,True,True,69.9017333984375,0.35249785535560824,99.10218811035156,281.1426696777344,0.6666666666666666,0.6666666666666666,0.0,1,12,nearest,61,16,-0.68732910000017,0.9093997365983538,True,False,False
True,True,True,21.726318359375,1.2287358359304434,345.4500732421875,281.1426696777344,0.6666666666666666,0.6666666666666666,0.0,1,12,oracle,61,16,-0.68732910000017,0.9093997365983538,True,False,False
True,True,True,36.8438720703125,0.9577242559969239,598.3583374023438,624.77099609375,0.6833333333333333,0.6833333333333333,0.0,1,11,nearest,61,17,-20.935927999999876,1.7353209830302878,False,False,False
True,True,True,36.8438720703125,0.9577242559969239,598.3583374023438,624.77099609375,0.6833333333333333,0.6833333333333333,0.0,1,11,oracle,61,17,-20.935927999999876,1.7353209830302878,False,False,False
True,True,True,38.18603515625,0.9768577698955352,160.97406005859375,164.78761291503906,0.6833333333333333,0.6666666666666666,0.01666666666666672,1,12,nearest,61,18,-0.9273000333332675,1.2569709600724137,True,False,False
True,True,True,62.5709228515625,0.8445084740332465,139.16453552246094,164.78761291503906,0.6833333333333333,0.6666666666666666,0.01666666666666672,1,12,oracle,61,18,-0.9273000333332675,1.2569709600724137,True,False,False
True,True,True,30.395751953125,0.9733669169400051,1049.6102294921875,1078.3294677734375,0.85,0.8,0.04999999999999993,1,13,nearest,61,19,-6.1899474333336,1.3813967551739297,True,False,False
True,True,True,8.256103515625,0.969255943873869,1045.17724609375,1078.3294677734375,0.8333333333333334,0.8,0.033333333333333326,1,13,oracle,61,19,-6.1899474333336,1.3813967551739297,True,False,False
True,True,True,31.927734375,0.8008150916082455,36.66777801513672,45.78807067871094,0.6833333333333333,0.6833333333333333,0.0,1,15,nearest,61,20,-42.50288106666676,1.5399084752861967,False,False,False
True,True,True,38.219970703125,0.7704076157862306,35.27547836303711,45.78807067871094,0.6833333333333333,0.6833333333333333,0.0,1,15,oracle,61,20,-42.50288106666676,1.5399084752861967,False,False,False
True,True,True,40.7470703125,1.0325522809010843,29.918222427368164,28.975019454956055,0.6833333333333333,0.6833333333333333,0.0,1,15,nearest,61,21,-9.65271843333312,1.0379183110557608,True,False,False
True,True,True,33.7757568359375,1.0079825531201998,29.206314086914062,28.975019454956055,0.6833333333333333,0.6833333333333333,0.0,1,15,oracle,61,21,-9.65271843333312,1.0379183110557608,True,False,False
True,True,True,39.220703125,1.2245276926829427,44.602962493896484,36.424625396728516,0.6833333333333333,0.6833333333333333,0.0,1,15,nearest,61,22,-7.396650433333207,1.3626024051621788,True,False,False
True,True,True,40.3182373046875,1.2584384746625568,45.83815002441406,36.424625396728516,0.6833333333333333,0.6833333333333333,0.0,1,15,oracle,61,22,-7.396650433333207,1.3626024051621788,True,False,False
True,True,True,58.8603515625,1.0509973724755628,31.356441497802734,29.834938049316406,0.6833333333333333,0.6833333333333333,0.0,1,15,nearest,61,23,-9.766937199999802,1.0666916247028768,True,False,False
False,True,False,-22.3997802734375,1.043750647291604,31.140235900878906,29.834938049316406,0.6833333333333333,0.6833333333333333,0.0,1,15,oracle,61,23,-9.766937199999802,1.0666916247028768,True,False,False
True,True,True,51.3094482421875,1.2135588940991566,46.46200942993164,38.28574752807617,0.6833333333333333,0.6833333333333333,0.0,1,13,nearest,61,24,2.6033596666663925,0.9892806298684983,True,True,True
False,True,False,-1.1446533203125,1.1175411968798707,42.7859001159668,38.28574752807617,0.6833333333333333,0.6833333333333333,0.0,1,13,oracle,61,24,2.6033596666663925,0.9892806298684983,True,True,True
True,True,True,4.5294189453125,1.01000518176503,30.072587966918945,29.774686813354492,0.6833333333333333,0.6833333333333333,0.0,1,14,nearest,61,25,2.7125330333333295,0.864369958726694,True,True,True
False,True,False,-9.1341552734375,1.0075700917157677,30.000083923339844,29.774686813354492,0.6833333333333333,0.6833333333333333,0.0,1,14,oracle,61,25,2.7125330333333295,0.864369958726694,True,True,True
True,True,True,10.516845703125,0.9466989028600696,97.92179870605469,103.43499755859375,0.6833333333333333,0.6833333333333333,0.0,1,14,nearest,61,26,6.041002800000115,1.0058314150685175,True,True,True
True,True,True,16.8731689453125,0.8922392529794728,92.28876495361328,103.43499755859375,0.6833333333333333,0.6833333333333333,0.0,1,14,oracle,61,26,6.041002800000115,1.0058314150685175,True,True,True
True,True,True,45.289306640625,0.9406160026716678,32.73802185058594,34.804874420166016,0.6833333333333333,0.6833333333333333,0.0,1,14,nearest,61,27,-8.084932066666624,1.3697800725153892,True,False,False
True,True,True,42.095458984375,0.9723468797132451,33.842411041259766,34.804874420166016,0.6833333333333333,0.6833333333333333,0.0,1,14,oracle,61,27,-8.084932066666624,1.3697800725153892,True,False,False
False,False,True,104.51953125,1.5451962868945819,96.45361328125,62.421592712402344,0.6833333333333333,0.6833333333333333,0.0,1,14,nearest,61,28,-14.90404036666655,1.4842478424253867,True,False,False
False,False,True,72.3638916015625,1.5754415054139574,98.34156799316406,62.421592712402344,0.6833333333333333,0.6833333333333333,0.0,1,14,oracle,61,28,-14.90404036666655,1.4842478424253867,True,False,False
True,True,True,24.2606201171875,0.8676391155932209,53.61683654785156,61.796241760253906,0.6833333333333333,0.6833333333333333,0.0,1,15,nearest,61,29,-20.467024966666713,1.0243031494338513,True,False,False
True,True,True,0.841552734375,0.9183376118567508,56.749813079833984,61.796241760253906,0.6833333333333333,0.6833333333333333,0.0,1,15,oracle,61,29,-20.467024966666713,1.0243031494338513,True,False,False
True,True,True,103.522705078125,0.8797727145609204,73.20326232910156,83.20701599121094,0.6833333333333333,0.6833333333333333,0.0,1,15,nearest,61,30,-6.901203199999827,1.2699463911228557,True,False,False
True,True,True,86.0089111328125,0.9674276162628105,80.49676513671875,83.20701599121094,0.6833333333333333,0.6833333333333333,0.0,1,15,oracle,61,30,-6.901203199999827,1.2699463911228557,True,False,False
True,True,True,41.4593505859375,1.4098631367282035,91.98052215576172,65.2407455444336,0.6833333333333333,0.6833333333333333,0.0,1,16,nearest,61,31,2.4200235666664867,3.878668320885857,False,True,False
True,True,True,18.119873046875,1.335527324415713,87.13079833984375,65.2407455444336,0.6833333333333333,0.6833333333333333,0.0,1,16,oracle,61,31,2.4200235666664867,3.878668320885857,False,True,False
True,True,True,21.8297119140625,0.8730313702646352,88.59315490722656,101.47763061523438,0.6833333333333333,0.6833333333333333,0.0,1,17,nearest,61,32,-1.505666066666663,1.820547511130409,False,False,False
False,False,False,-44.4410400390625,1.7786239041699208,180.49053955078125,101.47763061523438,0.6833333333333333,0.6833333333333333,0.0,1,17,oracle,61,32,-1.505666066666663,1.820547511130409,False,False,False
False,True,False,-5.990234375,1.0223117722742323,29.840702056884766,29.189434051513672,0.6833333333333333,0.6833333333333333,0.0,1,18,nearest,61,33,-1.225533866666865,1.000398478862571,True,False,False
False,True,False,-17.6492919921875,1.0132853753380724,29.577226638793945,29.189434051513672,0.6833333333333333,0.6833333333333333,0.0,1,18,oracle,61,33,-1.225533866666865,1.000398478862571,True,False,False
True,True,True,19.332275390625,1.040032141604436,60.19691467285156,57.879859924316406,0.6833333333333333,0.6833333333333333,0.0,1,18,nearest,61,34,-4.953867833333334,1.014918728519014,True,False,False
False,True,False,-24.7608642578125,1.3609596820849441,78.77215576171875,57.879859924316406,0.6833333333333333,0.6833333333333333,0.0,1,18,oracle,61,34,-4.953867833333334,1.014918728519014,True,False,False
True,True,True,66.592529296875,0.659685060281012,206.65000915527344,313.25555419921875,0.6833333333333333,0.6833333333333333,0.0,1,19,nearest,61,35,-30.082883033333474,1.7228744587620148,False,False,False
True,True,True,79.9075927734375,0.47186489929913594,147.81430053710938,313.25555419921875,0.6833333333333333,0.6833333333333333,0.0,1,19,oracle,61,35,-30.082883033333474,1.7228744587620148,False,False,False
True,True,True,31.193359375,1.1436305441120826,155.83444213867188,136.26292419433594,0.6833333333333333,0.6833333333333333,0.0,1,19,nearest,61,36,-40.450298200000134,1.2156721488898028,True,False,False
True,True,True,13.0303955078125,1.0492379335702617,142.97222900390625,136.26292419433594,0.6833333333333333,0.6833333333333333,0.0,1,19,oracle,61,36,-40.450298200000134,1.2156721488898028,True,False,False
True,True,True,62.6572265625,1.0411239304433024,779.0553588867188,748.2830200195312,0.7833333333333333,0.7666666666666667,0.016666666666666607,1,19,nearest,61,37,-36.545801799999936,1.8283143453535877,False,False,False
True,True,True,53.474365234375,1.2039283617141423,900.879150390625,748.2830200195312,0.7833333333333333,0.7666666666666667,0.016666666666666607,1,19,oracle,61,37,-36.545801799999936,1.8283143453535877,False,False,False
True,True,True,30.9014892578125,1.2284247912507178,46.33836364746094,37.72177505493164,0.6833333333333333,0.6666666666666666,0.01666666666666672,1,19,nearest,61,38,-30.054339400000117,0.9975625999799427,True,False,False
True,True,True,96.210693359375,1.0062071871703568,37.9559211730957,37.72177505493164,0.6666666666666666,0.6666666666666666,0.0,1,19,oracle,61,38,-30.054339400000117,0.9975625999799427,True,False,False
True,True,True,17.1336669921875,1.0128280949587087,29.623674392700195,29.248472213745117,0.6833333333333333,0.6833333333333333,0.0,1,19,nearest,61,39,-25.037725733333218,1.0068100884229216,True,False,False
False,True,False,-3.9522705078125,1.0114858382889491,29.584415435791016,29.248472213745117,0.6833333333333333,0.6833333333333333,0.0,1,19,oracle,61,39,-25.037725733333218,1.0068100884229216,True,False,False
True,True,True,7.6522216796875,1.1889510605257327,37.650054931640625,31.666614532470703,0.6833333333333333,0.6833333333333333,0.0,2,10,nearest,61,0,14.864857233333396,0.9888759534831284,True,True,True
False,True,False,-0.1324462890625,0.9686983697442771,30.675397872924805,31.666614532470703,0.6833333333333333,0.6833333333333333,0.0,2,10,oracle,61,0,14.864857233333396,0.9888759534831284,True,True,True
True,True,True,16.0621337890625,1.0987101384357325,30.05413818359375,27.354019165039062,0.6833333333333333,0.6833333333333333,0.0,2,10,nearest,61,1,-8.178946266666571,1.4590337275020342,True,False,False
True,True,True,9.876708984375,1.05296078816382,28.802709579467773,27.354019165039062,0.6666666666666666,0.6833333333333333,-0.01666666666666672,2,10,oracle,61,1,-8.178946266666571,1.4590337275020342,True,False,False
False,False,False,-32.125244140625,3.4625253014544843,149.9181365966797,43.297340393066406,0.6833333333333333,0.6833333333333333,0.0,2,10,nearest,61,2,8.658684666666659,1.0096476911659797,True,True,True
False,True,False,-8.736328125,1.455534285133802,63.0207633972168,43.297340393066406,0.6833333333333333,0.6833333333333333,0.0,2,10,oracle,61,2,8.658684666666659,1.0096476911659797,True,True,True
True,True,True,129.2789306640625,0.2289182543699729,67.33927917480469,294.1629943847656,0.6833333333333333,0.6833333333333333,0.0,2,10,nearest,61,3,-38.467573999999786,0.7331626511156996,True,False,False
True,True,True,108.506103515625,0.16251171137487158,47.804931640625,294.1629943847656,0.6833333333333333,0.6833333333333333,0.0,2,10,oracle,61,3,-38.467573999999786,0.7331626511156996,True,False,False
True,True,True,16.421142578125,1.2906481113717292,57.16945266723633,44.29515075683594,0.6666666666666666,0.6666666666666666,0.0,2,9,nearest,61,4,-1.006126466666501,0.9554225889021297,True,False,False
True,True,True,7.0853271484375,0.8580791042971456,38.00874328613281,44.29515075683594,0.6666666666666666,0.6666666666666666,0.0,2,9,oracle,61,4,-1.006126466666501,0.9554225889021297,True,False,False
True,True,True,2.5081787109375,0.9910513694683848,76.11539459228516,76.80267333984375,0.6833333333333333,0.6833333333333333,0.0,2,9,nearest,61,5,6.722084966666671,0.7334992043767363,True,True,True
False,True,False,-0.4345703125,0.9855128006452971,75.69001770019531,76.80267333984375,0.6833333333333333,0.6833333333333333,0.0,2,9,oracle,61,5,6.722084966666671,0.7334992043767363,True,True,True
True,True,True,28.5880126953125,0.964362099849086,33.27874755859375,34.50856018066406,0.6833333333333333,0.6833333333333333,0.0,2,9,nearest,61,6,-1.052608699999837,0.9756900079793124,True,False,False
True,True,True,20.6324462890625,1.4301415885455702,49.35212707519531,34.50856018066406,0.6833333333333333,0.6833333333333333,0.0,2,9,oracle,61,6,-1.052608699999837,0.9756900079793124,True,False,False
True,True,True,6.01025390625,0.876042016861579,24.572673797607422,28.049652099609375,0.6666666666666666,0.6666666666666666,0.0,2,9,nearest,61,7,-0.5745735000000423,1.0216392303745232,True,False,False
True,True,True,9.20166015625,0.8652069862729034,24.268754959106445,28.049652099609375,0.6666666666666666,0.6666666666666666,0.0,2,9,oracle,61,7,-0.5745735000000423,1.0216392303745232,True,False,False
True,True,True,53.397705078125,0.6429880853828167,61.71097183227539,95.97529602050781,0.6833333333333333,0.6833333333333333,0.0,2,8,nearest,61,8,1.1110168666666596,0.7688685333342811,True,True,True
True,True,True,22.2584228515625,0.686313572195909,65.86914825439453,95.97529602050781,0.6833333333333333,0.6833333333333333,0.0,2,8,oracle,61,8,1.1110168666666596,0.7688685333342811,True,True,True
True,True,True,129.502685546875,0.2996421880172415,47.484901428222656,158.47201538085938,0.6833333333333333,0.6833333333333333,0.0,2,8,nearest,61,9,-29.776920333333237,1.076111669234759,True,False,False
True,True,True,127.0362548828125,0.25044162015524923,39.68798828125,158.47201538085938,0.6833333333333333,0.6833333333333333,0.0,2,8,oracle,61,9,-29.776920333333237,1.076111669234759,True,False,False
True,True,True,27.5986328125,1.0030653683702475,121.32881927490234,120.95803833007812,0.6833333333333333,0.6833333333333333,0.0,2,8,nearest,61,10,-1.1674140666664243,1.4028551350186098,True,False,False
True,True,True,28.85888671875,1.005894206536408,121.67098999023438,120.95803833007812,0.6833333333333333,0.6833333333333333,0.0,2,8,oracle,61,10,-1.1674140666664243,1.4028551350186098,True,False,False
True,True,True,164.137451171875,1.199192403279676,942.0678100585938,785.585205078125,0.8166666666666667,0.75,0.06666666666666665,2,7,nearest,61,11,38.19397696666647,1.7871974332038971,False,True,False
True,True,True,146.0185546875,1.0906696030806553,856.8139038085938,785.585205078125,0.8166666666666667,0.75,0.06666666666666665,2,7,oracle,61,11,38.19397696666647,1.7871974332038971,False,True,False
False,True,False,-0.950927734375,1.2501452242027253,31.225181579589844,24.977243423461914,0.6833333333333333,0.6833333333333333,0.0,2,7,nearest,61,12,-86.21341653333343,8.740349515850887,False,False,False
True,True,True,2.132568359375,1.2446543098885559,31.08803367614746,24.977243423461914,0.6833333333333333,0.6833333333333333,0.0,2,7,oracle,61,12,-86.21341653333343,8.740349515850887,False,False,False
True,True,True,114.914306640625,0.8383220100983386,205.7509765625,245.43191528320312,0.6833333333333333,0.6833333333333333,0.0,2,8,nearest,61,13,-44.29535916666646,1.1049882170238865,True,False,False
True,True,True,113.346923828125,0.7606394453933837,186.68519592285156,245.43191528320312,0.6833333333333333,0.6833333333333333,0.0,2,8,oracle,61,13,-44.29535916666646,1.1049882170238865,True,False,False
False,False,False,-52.3905029296875,4.041696209177062,139.90916442871094,34.61644744873047,0.6833333333333333,0.6833333333333333,0.0,2,9,nearest,61,14,-10.156326333333482,1.9781608549217324,False,False,False
False,False,True,25.2054443359375,3.0193128123727893,104.51788330078125,34.61644744873047,0.6833333333333333,0.6833333333333333,0.0,2,9,oracle,61,14,-10.156326333333482,1.9781608549217324,False,False,False
True,True,True,24.8759765625,1.0132975413643606,29.802837371826172,29.411733627319336,0.6833333333333333,0.6833333333333333,0.0,2,9,nearest,61,15,-15.659811333333437,1.2021197043840604,True,False,False
True,True,True,26.491455078125,1.0167336144836854,29.903898239135742,29.411733627319336,0.6833333333333333,0.6833333333333333,0.0,2,9,oracle,61,15,-15.659811333333437,1.2021197043840604,True,False,False
False,True,False,-2.0557861328125,0.9847586150226817,276.857666015625,281.1426696777344,0.6833333333333333,0.6666666666666666,0.01666666666666672,2,9,nearest,61,16,2.4453411999998025,0.7025707477495011,True,True,True
True,True,True,6.511962890625,0.9433653228993747,265.2202453613281,281.1426696777344,0.6666666666666666,0.6666666666666666,0.0,2,9,oracle,61,16,2.4453411999998025,0.7025707477495011,True,True,True
False,True,False,-10.4464111328125,0.6896583591956741,430.8785400390625,624.77099609375,0.6833333333333333,0.6833333333333333,0.0,2,9,nearest,61,17,-28.864946633333375,0.37000520117784774,True,False,False
False,True,False,-13.58837890625,0.5582524964225173,348.77996826171875,624.77099609375,0.6833333333333333,0.6833333333333333,0.0,2,9,oracle,61,17,-28.864946633333375,0.37000520117784774,True,False,False
True,True,True,53.82666015625,1.26452182462537,208.37753295898438,164.78761291503906,0.6666666666666666,0.6666666666666666,0.0,2,9,nearest,61,18,18.83853453333336,3.162165578699149,False,True,False
True,True,True,61.0965576171875,0.7353190016483139,121.17146301269531,164.78761291503906,0.6666666666666666,0.6666666666666666,0.0,2,9,oracle,61,18,18.83853453333336,3.162165578699149,False,True,False
True,True,True,32.27392578125,1.0387356338103904,1120.0992431640625,1078.3294677734375,0.8333333333333334,0.8,0.033333333333333326,2,8,nearest,61,19,4.171389033333071,1.8535000314014007,False,True,False
True,True,True,15.020263671875,0.9834062267402864,1060.4359130859375,1078.3294677734375,0.8166666666666667,0.8,0.016666666666666607,2,8,oracle,61,19,4.171389033333071,1.8535000314014007,False,True,False
False,False,True,28.3302001953125,2.163635830439351,99.06871032714844,45.78807067871094,0.6833333333333333,0.6833333333333333,0.0,2,8,nearest,61,20,-89.13107366666691,22.15800149968234,False,False,False
True,True,True,31.8778076171875,0.9842011225796604,45.06467056274414,45.78807067871094,0.6833333333333333,0.6833333333333333,0.0,2,8,oracle,61,20,-89.13107366666691,22.15800149968234,False,False,False
True,True,True,35.282470703125,1.0661018460950067,30.890321731567383,28.975019454956055,0.6833333333333333,0.6833333333333333,0.0,2,8,nearest,61,21,-14.673009099999945,1.067307704305657,True,False,False
True,True,True,32.2708740234375,1.0394365705795867,30.117694854736328,28.975019454956055,0.6833333333333333,0.6833333333333333,0.0,2,8,oracle,61,21,-14.673009099999945,1.067307704305657,True,False,False
True,True,True,24.239013671875,1.0014047236963053,36.475791931152344,36.424625396728516,0.6833333333333333,0.6833333333333333,0.0,2,7,nearest,61,22,-21.724714733333258,1.1555041282029777,True,False,False
True,True,True,29.3179931640625,1.0147516410174293,36.96194839477539,36.424625396728516,0.6833333333333333,0.6833333333333333,0.0,2,7,oracle,61,22,-21.724714733333258,1.1555041282029777,True,False,False
True,True,True,59.3741455078125,1.0450803280889394,31.179906845092773,29.834938049316406,0.6833333333333333,0.6833333333333333,0.0,2,7,nearest,61,23,-19.39406096666653,1.0506975933694493,True,False,False
True,True,True,73.5831298828125,1.0526641563472936,31.406169891357422,29.834938049316406,0.6833333333333333,0.6833333333333333,0.0,2,7,oracle,61,23,-19.39406096666653,1.0506975933694493,True,False,False
False,False,True,47.52197265625,6.01241184694201,230.18968200683594,38.28574752807617,0.6833333333333333,0.6833333333333333,0.0,2,8,nearest,61,24,-42.98126326666693,11.363455098026014,False,False,False
False,False,True,44.87451171875,6.0702211425056785,232.4029541015625,38.28574752807617,0.6833333333333333,0.6833333333333333,0.0,2,8,oracle,61,24,-42.98126326666693,11.363455098026014,False,False,False
True,True,True,26.394775390625,1.014591963068986,30.209157943725586,29.774686813354492,0.6833333333333333,0.6833333333333333,0.0,2,6,nearest,61,25,-27.826190100000076,1.0064872103530509,True,False,False
True,True,True,26.9775390625,1.010432778273562,30.08531951904297,29.774686813354492,0.6833333333333333,0.6833333333333333,0.0,2,6,oracle,61,25,-27.826190100000076,1.0064872103530509,True,False,False
True,True,True,25.1220703125,0.8990083815283012,92.98892974853516,103.43499755859375,0.6833333333333333,0.6833333333333333,0.0,2,6,nearest,61,26,-45.50270499999988,1.021390187391,True,False,False
True,True,True,18.517822265625,0.9068904789638628,93.80421447753906,103.43499755859375,0.6833333333333333,0.6833333333333333,0.0,2,6,oracle,61,26,-45.50270499999988,1.021390187391,True,False,False
True,True,True,43.80224609375,1.1315931178031648,39.38495635986328,34.804874420166016,0.6833333333333333,0.6833333333333333,0.0,2,6,nearest,61,27,-17.631678899999997,1.6497134422268718,False,False,False
True,True,True,22.4459228515625,1.0333603357077228,35.96597671508789,34.804874420166016,0.6833333333333333,0.6833333333333333,0.0,2,6,oracle,61,27,-17.631678899999997,1.6497134422268718,False,False,False
True,True,True,32.361328125,1.036354567369245,64.69090270996094,62.421592712402344,0.6833333333333333,0.6833333333333333,0.0,2,5,nearest,61,28,-24.5313662333333,1.0645985642535187,True,False,False
True,True,True,29.2418212890625,1.0294093310174397,64.25736999511719,62.421592712402344,0.6833333333333333,0.6833333333333333,0.0,2,5,oracle,61,28,-24.5313662333333,1.0645985642535187,True,False,False
False,False,False,-40.5010986328125,1.9759092772783184,122.10376739501953,61.796241760253906,0.6833333333333333,0.6833333333333333,0.0,2,5,nearest,61,29,-45.07626736666657,9.305726041134806,False,False,False
False,False,False,-40.5010986328125,1.9759092772783184,122.10376739501953,61.796241760253906,0.6833333333333333,0.6833333333333333,0.0,2,5,oracle,61,29,-45.07626736666657,9.305726041134806,False,False,False
False,False,True,3.2142333984375,2.375856652830386,197.6879425048828,83.20701599121094,0.6833333333333333,0.6833333333333333,0.0,2,6,nearest,61,30,-12.067986766666536,12.60799169563128,False,False,False
False,False,True,3.2142333984375,2.375856652830386,197.6879425048828,83.20701599121094,0.6833333333333333,0.6833333333333333,0.0,2,6,oracle,61,30,-12.067986766666536,12.60799169563128,False,False,False
False,False,True,50.981689453125,1.5625557010186248,101.94229888916016,65.2407455444336,0.6833333333333333,0.6833333333333333,0.0,2,6,nearest,61,31,-8.633197599999903,4.366150633090896,False,False,False
False,False,True,57.747802734375,1.7595155553554545,114.79210662841797,65.2407455444336,0.6833333333333333,0.6833333333333333,0.0,2,6,oracle,61,31,-8.633197599999903,4.366150633090896,False,False,False
False,False,False,-52.7802734375,1.766482598589747,179.2584686279297,101.47763061523438,0.6833333333333333,0.6833333333333333,0.0,2,6,nearest,61,32,12.766447666666636,0.9289147841604405,True,True,True
False,False,False,-58.1318359375,1.9205398200840305,194.89183044433594,101.47763061523438,0.6833333333333333,0.6833333333333333,0.0,2,6,oracle,61,32,12.766447666666636,0.9289147841604405,True,True,True
True,True,True,17.441162109375,1.053146140762314,30.740739822387695,29.189434051513672,0.6833333333333333,0.6833333333333333,0.0,2,6,nearest,61,33,-7.500190633333432,1.036624119007333,True,False,False
True,True,True,3.9000244140625,1.0586925881177522,30.902637481689453,29.189434051513672,0.6833333333333333,0.6833333333333333,0.0,2,6,oracle,61,33,-7.500190633333432,1.036624119007333,True,False,False
False,False,False,-71.2020263671875,1.83134344234949,105.9979019165039,57.879859924316406,0.6833333333333333,0.6833333333333333,0.0,2,6,nearest,61,34,-9.860398600000053,1.0946524696915816,True,False,False
False,True,False,-48.2344970703125,1.47707373258222,85.4928207397461,57.879859924316406,0.6833333333333333,0.6833333333333333,0.0,2,6,oracle,61,34,-9.860398600000053,1.0946524696915816,True,False,False
False,True,False,-57.850341796875,1.1131046635488142,348.68621826171875,313.25555419921875,0.6833333333333333,0.6833333333333333,0.0,2,5,nearest,61,35,-14.078193633333512,1.826340975315445,False,False,False
False,True,False,-63.50048828125,0.6583291588559613,206.2252655029297,313.25555419921875,0.6833333333333333,0.6833333333333333,0.0,2,5,oracle,61,35,-14.078193633333512,1.826340975315445,False,False,False
False,True,False,-8.678466796875,1.415334630739294,192.85763549804688,136.26292419433594,0.6833333333333333,0.6833333333333333,0.0,2,5,nearest,61,36,-23.22838569999999,2.573781231312626,False,False,False
False,True,False,-3.005126953125,1.2865089152707458,175.303466796875,136.26292419433594,0.6833333333333333,0.6833333333333333,0.0,2,5,oracle,61,36,-23.22838569999999,2.573781231312626,False,False,False
True,True,True,116.68505859375,1.2929324938137594,967.4794311523438,748.2830200195312,0.7666666666666667,0.7666666666666667,0.0,2,5,nearest,61,37,-3.164002966666885,2.213693869180355,False,False,False
True,True,True,109.126953125,1.1592765795458337,867.4669799804688,748.2830200195312,0.7,0.7666666666666667,-0.06666666666666676,2,5,oracle,61,37,-3.164002966666885,2.213693869180355,False,False,False
False,False,False,-47.3372802734375,2.021790281009213,76.26551818847656,37.72177505493164,0.6666666666666666,0.6666666666666666,0.0,2,4,nearest,61,38,-72.95921653333335,1.0346444077483639,True,False,False
False,False,False,-32.2132568359375,2.0385021565879766,76.89591979980469,37.72177505493164,0.6666666666666666,0.6666666666666666,0.0,2,4,oracle,61,38,-72.95921653333335,1.0346444077483639,True,False,False
True,True,True,16.6849365234375,1.030873729337852,30.15148162841797,29.248472213745117,0.6833333333333333,0.6833333333333333,0.0,2,4,nearest,61,39,-24.06741783333314,1.0546426384497067,True,False,False
True,True,True,26.8480224609375,1.0300158014970437,30.126388549804688,29.248472213745117,0.6833333333333333,0.6833333333333333,0.0,2,4,oracle,61,39,-24.06741783333314,1.0546426384497067,True,False,False
True,True,True,1.56201171875,1.2963698196877975,41.05164337158203,31.666614532470703,0.6833333333333333,0.6833333333333333,0.0,3,7,nearest,61,0,6.520652366666809,1.0508762286389612,True,True,True
True,True,True,4.412841796875,1.3248414418471133,41.953243255615234,31.666614532470703,0.6833333333333333,0.6833333333333333,0.0,3,7,oracle,61,0,6.520652366666809,1.0508762286389612,True,True,True
True,True,True,14.0728759765625,1.09277145078885,29.891691207885742,27.354019165039062,0.6833333333333333,0.6833333333333333,0.0,3,7,nearest,61,1,0.29075673333341,1.0023046444548163,True,True,True
False,True,False,-1.0743408203125,1.187740318507614,32.489471435546875,27.354019165039062,0.6833333333333333,0.6833333333333333,0.0,3,7,oracle,61,1,0.29075673333341,1.0023046444548163,True,True,True
False,True,False,-4.4503173828125,1.3946480650719841,60.384552001953125,43.297340393066406,0.6833333333333333,0.6833333333333333,0.0,3,7,nearest,61,2,12.621657799999866,0.9497429526478286,True,True,True
True,True,True,30.3455810546875,1.4773687333140795,63.96613693237305,43.297340393066406,0.6833333333333333,0.6833333333333333,0.0,3,7,oracle,61,2,12.621657799999866,0.9497429526478286,True,True,True
False,True,False,-7.1773681640625,0.7472873857015978,219.8242950439453,294.1629943847656,0.6833333333333333,0.6833333333333333,0.0,3,6,nearest,61,3,-3.254433199999994,1.1539617222030372,True,False,False
True,True,True,16.64794921875,0.6349785297080142,186.7871856689453,294.1629943847656,0.6833333333333333,0.6833333333333333,0.0,3,6,oracle,61,3,-3.254433199999994,1.1539617222030372,True,False,False
False,False,False,-3.81640625,2.1696391263025214,96.1044921875,44.29515075683594,0.6833333333333333,0.6666666666666666,0.01666666666666672,3,5,nearest,61,4,-19.99570093333341,1.0901231770026032,True,False,False
False,False,False,-3.81640625,2.1696391263025214,96.1044921875,44.29515075683594,0.6833333333333333,0.6666666666666666,0.01666666666666672,3,5,oracle,61,4,-19.99570093333341,1.0901231770026032,True,False,False
False,False,False,-35.2196044921875,2.7865987594718415,214.0182342529297,76.80267333984375,0.6833333333333333,0.6833333333333333,0.0,3,4,nearest,61,5,3.3277532666666048,0.8371502810063084,True,True,True
False,False,False,-35.2196044921875,2.7865987594718415,214.0182342529297,76.80267333984375,0.6833333333333333,0.6833333333333333,0.0,3,4,oracle,61,5,3.3277532666666048,0.8371502810063084,True,True,True
False,True,False,-12.9708251953125,1.2815392785400122,44.22407531738281,34.50856018066406,0.6833333333333333,0.6833333333333333,0.0,3,4,nearest,61,6,-1.8871341999999913,1.0051582606606795,True,False,False
False,True,False,-12.9708251953125,1.2815392785400122,44.22407531738281,34.50856018066406,0.6833333333333333,0.6833333333333333,0.0,3,4,oracle,61,6,-1.8871341999999913,1.0051582606606795,True,False,False
False,True,False,-5.1461181640625,1.3700798634797433,38.43026351928711,28.049652099609375,0.6666666666666666,0.6666666666666666,0.0,3,4,nearest,61,7,-0.8070668000000296,0.9931772391523623,True,False,False
False,True,False,-3.2047119140625,1.231645842649198,34.547237396240234,28.049652099609375,0.6666666666666666,0.6666666666666666,0.0,3,4,oracle,61,7,-0.8070668000000296,0.9931772391523623,True,False,False
False,False,False,-9.3951416015625,1.9784732100370805,189.88455200195312,95.97529602050781,0.6833333333333333,0.6833333333333333,0.0,3,4,nearest,61,8,6.381240733333243,0.873970676041242,True,True,True
False,False,False,-7.4488525390625,1.9892273837938885,190.91668701171875,95.97529602050781,0.6833333333333333,0.6833333333333333,0.0,3,4,oracle,61,8,6.381240733333243,0.873970676041242,True,True,True
True,True,True,15.181396484375,0.7744575144367858,122.72984313964844,158.47201538085938,0.6833333333333333,0.6833333333333333,0.0,3,4,nearest,61,9,-15.466190333333316,0.9601287930471871,True,False,False
True,True,True,14.5738525390625,0.8212437348480428,130.14414978027344,158.47201538085938,0.6833333333333333,0.6833333333333333,0.0,3,4,oracle,61,9,-15.466190333333316,0.9601287930471871,True,False,False
True,True,True,73.0677490234375,0.5965617212637248,72.158935546875,120.95803833007812,0.6833333333333333,0.6833333333333333,0.0,3,4,nearest,61,10,2.2381830333335984,1.2621237654172879,True,True,True
True,True,True,73.0677490234375,0.5965617212637248,72.158935546875,120.95803833007812,0.6833333333333333,0.6833333333333333,0.0,3,4,oracle,61,10,2.2381830333335984,1.2621237654172879,True,True,True
True,True,True,37.25732421875,1.1110450540547343,872.820556640625,785.585205078125,0.75,0.75,0.0,3,4,nearest,61,11,27.00026949999983,1.6140110014926514,False,True,False
True,True,True,34.3349609375,1.127053643267655,885.3966674804688,785.585205078125,0.7666666666666667,0.75,0.01666666666666672,3,4,oracle,61,11,27.00026949999983,1.6140110014926514,False,True,False
False,True,False,-1.42578125,1.0286972340927094,25.694021224975586,24.977243423461914,0.6833333333333333,0.6833333333333333,0.0,3,4,nearest,61,12,-62.29991323333343,4.342624535128006,False,False,False
True,True,True,1.363037109375,1.0142769117610337,25.33384132385254,24.977243423461914,0.6833333333333333,0.6833333333333333,0.0,3,4,oracle,61,12,-62.29991323333343,4.342624535128006,False,False,False
True,True,True,47.75048828125,0.7201711746359536,176.75299072265625,245.43191528320312,0.6833333333333333,0.6833333333333333,0.0,3,5,nearest,61,13,-6.58969263333347,0.6357676430500306,True,False,False
True,True,True,102.3155517578125,0.5729103679501159,140.61048889160156,245.43191528320312,0.6833333333333333,0.6833333333333333,0.0,3,5,oracle,61,13,-6.58969263333347,0.6357676430500306,True,False,False
False,True,False,-13.497802734375,1.2956986912989308,44.85248565673828,34.61644744873047,0.6833333333333333,0.6833333333333333,0.0,3,5,nearest,61,14,-14.776954933333627,6.87986470907451,False,False,False
False,False,False,-11.00048828125,1.5069519027727607,52.165321350097656,34.61644744873047,0.6833333333333333,0.6833333333333333,0.0,3,5,oracle,61,14,-14.776954933333627,6.87986470907451,False,False,False
True,True,True,15.553955078125,0.9973322039070911,29.333269119262695,29.411733627319336,0.6833333333333333,0.6833333333333333,0.0,3,5,nearest,61,15,3.6805031333331044,1.0122646991772664,True,True,True
True,True,True,15.553955078125,0.9973322039070911,29.333269119262695,29.411733627319336,0.6833333333333333,0.6833333333333333,0.0,3,5,oracle,61,15,3.6805031333331044,1.0122646991772664,True,True,True
True,True,True,10.85791015625,0.9326504048908422,262.20782470703125,281.1426696777344,0.6833333333333333,0.6666666666666666,0.01666666666666672,3,5,nearest,61,16,-17.03120110000009,1.8712589986632386,False,False,False
True,True,True,6.876220703125,1.0187641051820666,286.4180603027344,281.1426696777344,0.6833333333333333,0.6666666666666666,0.01666666666666672,3,5,oracle,61,16,-17.03120110000009,1.8712589986632386,False,False,False
True,True,True,69.1435546875,0.8796608874657981,549.5866088867188,624.77099609375,0.6833333333333333,0.6833333333333333,0.0,3,6,nearest,61,17,-12.644774433333396,0.9655348297933251,True,False,False
True,True,True,69.28271484375,0.8502129881964564,531.1884155273438,624.77099609375,0.6833333333333333,0.6833333333333333,0.0,3,6,oracle,61,17,-12.644774433333396,0.9655348297933251,True,False,False
True,True,True,22.43994140625,0.8468830237933701,139.5558319091797,164.78761291503906,0.6833333333333333,0.6666666666666666,0.01666666666666672,3,6,nearest,61,18,2.115690633333543,0.6103568862407378,True,True,True
True,True,True,56.3909912109375,0.9181541477626647,151.30043029785156,164.78761291503906,0.6833333333333333,0.6666666666666666,0.01666666666666672,3,6,oracle,61,18,2.115690633333543,0.6103568862407378,True,True,True
False,True,False,-22.352783203125,0.990899823686065,1068.5164794921875,1078.3294677734375,0.8333333333333334,0.8,0.033333333333333326,3,6,nearest,61,19,40.68051859999969,1.257015561923831,True,True,True
True,True,True,40.6279296875,1.0511273054532797,1133.4615478515625,1078.3294677734375,0.8333333333333334,0.8,0.033333333333333326,3,6,oracle,61,19,40.68051859999969,1.257015561923831,True,True,True
False,True,False,-2.836181640625,1.0584303946291065,48.46348571777344,45.78807067871094,0.6833333333333333,0.6833333333333333,0.0,3,6,nearest,61,20,-39.98266666666677,1.8389205966549216,False,False,False
True,True,True,20.532958984375,0.9198168334962361,42.11663818359375,45.78807067871094,0.6833333333333333,0.6833333333333333,0.0,3,6,oracle,61,20,-39.98266666666677,1.8389205966549216,False,False,False
True,True,True,36.9228515625,0.9965813884369659,28.875965118408203,28.975019454956055,0.6833333333333333,0.6833333333333333,0.0,3,8,nearest,61,21,-5.281077933333108,1.0159880124725968,True,False,False
True,True,True,34.83984375,0.999306903873314,28.954936981201172,28.975019454956055,0.6833333333333333,0.6833333333333333,0.0,3,8,oracle,61,21,-5.281077933333108,1.0159880124725968,True,False,False
True,True,True,18.8646240234375,1.1125780319143421,40.525238037109375,36.424625396728516,0.6833333333333333,0.6833333333333333,0.0,3,8,nearest,61,22,-2.7483766666666725,1.06144767711277,True,False,False
True,True,True,22.781005859375,1.1427949341137145,41.625877380371094,36.424625396728516,0.6833333333333333,0.6833333333333333,0.0,3,8,oracle,61,22,-2.7483766666666725,1.06144767711277,True,False,False
True,True,True,71.5806884765625,0.9981776743531878,29.780569076538086,29.834938049316406,0.6833333333333333,0.6833333333333333,0.0,3,9,nearest,61,23,-19.72016606666648,0.9990774433561979,True,False,False
True,True,True,84.9801025390625,1.0549850723368346,31.475414276123047,29.834938049316406,0.6833333333333333,0.6833333333333333,0.0,3,9,oracle,61,23,-19.72016606666648,0.9990774433561979,True,False,False
True,True,True,121.326171875,1.2042685912917397,46.1063232421875,38.28574752807617,0.6833333333333333,0.6833333333333333,0.0,3,9,nearest,61,24,7.082139666666535,1.0418341960635213,True,True,True
False,False,True,30.052490234375,1.5483707819324082,59.28053283691406,38.28574752807617,0.6833333333333333,0.6833333333333333,0.0,3,9,oracle,61,24,7.082139666666535,1.0418341960635213,True,True,True
False,True,False,-98.026611328125,1.1152921259272037,33.20747375488281,29.774686813354492,0.6833333333333333,0.6833333333333333,0.0,3,8,nearest,61,25,-3.267896900000096,0.865005268792262,True,False,False
False,True,False,-97.63671875,1.146899163006259,34.148563385009766,29.774686813354492,0.6833333333333333,0.6833333333333333,0.0,3,8,oracle,61,25,-3.267896900000096,0.865005268792262,True,False,False
False,False,True,45.095703125,7.121114382133726,736.5724487304688,103.43499755859375,0.6833333333333333,0.6833333333333333,0.0,3,9,nearest,61,26,3.4722998000002008,20.097426654453756,False,True,False
False,False,True,45.095703125,7.121114382133726,736.5724487304688,103.43499755859375,0.6833333333333333,0.6833333333333333,0.0,3,9,oracle,61,26,3.4722998000002008,20.097426654453756,False,True,False
True,True,True,10.6962890625,0.9931375754352119,34.5660285949707,34.804874420166016,0.6833333333333333,0.6833333333333333,0.0,3,10,nearest,61,27,5.216848566666613,0.8748319793327064,True,True,True
True,True,True,2.2484130859375,0.980299080797673,34.11918640136719,34.804874420166016,0.6833333333333333,0.6833333333333333,0.0,3,10,oracle,61,27,5.216848566666613,0.8748319793327064,True,True,True
False,False,False,-70.8658447265625,5.5710363208336435,347.7529602050781,62.421592712402344,0.6833333333333333,0.6833333333333333,0.0,3,10,nearest,61,28,-7.904399600000033,1.1713500376574482,True,False,False
False,False,False,-76.095947265625,5.611606748358506,350.2854309082031,62.421592712402344,0.6833333333333333,0.6833333333333333,0.0,3,10,oracle,61,28,-7.904399600000033,1.1713500376574482,True,False,False
True,True,True,119.086669921875,0.6655368796866376,41.12767791748047,61.796241760253906,0.6833333333333333,0.6833333333333333,0.0,3,10,nearest,61,29,-47.583690199999864,2.7681152800109965,False,False,False
True,True,True,108.6160888671875,0.795914926830521,49.18455123901367,61.796241760253906,0.6833333333333333,0.6833333333333333,0.0,3,10,oracle,61,29,-47.583690199999864,2.7681152800109965,False,False,False
False,False,True,13.7083740234375,4.0315635914180215,335.4543762207031,83.20701599121094,0.6833333333333333,0.6833333333333333,0.0,3,10,nearest,61,30,-5.588850866666462,10.629709330952833,False,False,False
False,False,True,29.1431884765625,2.5140522147676854,209.18678283691406,83.20701599121094,0.6833333333333333,0.6833333333333333,0.0,3,10,oracle,61,30,-5.588850866666462,10.629709330952833,False,False,False
False,False,False,-74.2760009765625,2.8789062632473557,187.82199096679688,65.2407455444336,0.6833333333333333,0.6833333333333333,0.0,3,10,nearest,61,31,-6.416819400000122,2.589210838659513,False,False,False
False,False,False,-73.8533935546875,2.58447604351886,168.61314392089844,65.2407455444336,0.6833333333333333,0.6833333333333333,0.0,3,10,oracle,61,31,-6.416819400000122,2.589210838659513,False,False,False
False,True,False,-110.7547607421875,0.9879401928113607,100.25382995605469,101.47763061523438,0.6833333333333333,0.6833333333333333,0.0,3,11,nearest,61,32,-4.2974644666667245,3.3059719949073743,False,False,False
False,True,False,-120.3399658203125,1.0034454121668377,101.82726287841797,101.47763061523438,0.6833333333333333,0.6833333333333333,0.0,3,11,oracle,61,32,-4.2974644666667245,3.3059719949073743,False,False,False
True,True,True,20.0650634765625,1.002636361082015,29.266387939453125,29.189434051513672,0.6833333333333333,0.6833333333333333,0.0,3,10,nearest,61,33,-2.5762052000002313,1.0019574874983512,True,False,False
True,True,True,10.943603515625,1.0069008283633927,29.390865325927734,29.189434051513672,0.6833333333333333,0.6833333333333333,0.0,3,10,oracle,61,33,-2.5762052000002313,1.0019574874983512,True,False,False
False,False,False,-58.461181640625,1.5292472914463444,88.51261901855469,57.879859924316406,0.6833333333333333,0.6833333333333333,0.0,3,10,nearest,61,34,-35.24921160000031,4.122834988179906,False,False,False
False,False,False,-83.1484375,4.471491923275101,258.809326171875,57.879859924316406,0.6833333333333333,0.6833333333333333,0.0,3,10,oracle,61,34,-35.24921160000031,4.122834988179906,False,False,False
False,False,True,50.601318359375,1.6269744498603864,509.6587829589844,313.25555419921875,0.6833333333333333,0.6833333333333333,0.0,3,10,nearest,61,35,30.88746083333308,11.844307956870596,False,True,False
False,False,True,50.601318359375,1.6269744498603864,509.6587829589844,313.25555419921875,0.6833333333333333,0.6833333333333333,0.0,3,10,oracle,61,35,30.88746083333308,11.844307956870596,False,True,False
False,False,False,-38.1624755859375,2.0578544963582264,280.4092712402344,136.26292419433594,0.6833333333333333,0.6833333333333333,0.0,3,9,nearest,61,36,-53.57331450000015,1.1560085683439654,True,False,False
False,False,False,-32.265380859375,1.8553908583830891,252.82098388671875,136.26292419433594,0.6833333333333333,0.6833333333333333,0.0,3,9,oracle,61,36,-53.57331450000015,1.1560085683439654,True,False,False
False,False,True,111.535400390625,1.5525684654542393,1161.7606201171875,748.2830200195312,0.8,0.7666666666666667,0.033333333333333326,3,9,nearest,61,37,58.098749566666356,4.17500831744961,False,True,False
True,True,True,104.56103515625,1.4031450091350894,1049.9495849609375,748.2830200195312,0.8,0.7666666666666667,0.033333333333333326,3,9,oracle,61,37,58.098749566666356,4.17500831744961,False,True,False
True,True,True,73.8681640625,1.3291639602501362,50.138423919677734,37.72177505493164,0.6833333333333333,0.6666666666666666,0.01666666666666672,3,9,nearest,61,38,-99.28486810000004,21.45485537228427,False,False,False
True,True,True,86.1240234375,1.4545945472014719,54.86988830566406,37.72177505493164,0.6833333333333333,0.6666666666666666,0.01666666666666672,3,9,oracle,61,38,-99.28486810000004,21.45485537228427,False,False,False
True,True,True,26.1898193359375,1.0009750484247315,29.27699089050293,29.248472213745117,0.6833333333333333,0.6833333333333333,0.0,3,9,nearest,61,39,-9.270024766666438,1.0184595581769809,True,False,False
True,True,True,29.7384033203125,0.9899621268811108,28.954879760742188,29.248472213745117,0.6833333333333333,0.6833333333333333,0.0,3,9,oracle,61,39,-9.270024766666438,1.0184595581769809,True,False,False
False,False,False,-34.4127197265625,3.5260921506290708,111.6594009399414,31.666614532470703,0.6833333333333333,0.6833333333333333,0.0,4,12,nearest,61,0,9.70355890000019,0.9891706650867147,True,True,True
False,False,False,-43.209716796875,2.1395465939736757,67.752197265625,31.666614532470703,0.6833333333333333,0.6833333333333333,0.0,4,12,oracle,61,0,9.70355890000019,0.9891706650867147,True,True,True
False,False,True,0.6529541015625,3.3604154243411934,91.92086791992188,27.354019165039062,0.6833333333333333,0.6833333333333333,0.0,4,13,nearest,61,1,-4.564158933333374,1.0514611212804694,True,False,False
False,False,False,-6.2364501953125,2.4308702702612246,66.49407196044922,27.354019165039062,0.6666666666666666,0.6833333333333333,-0.01666666666666672,4,13,oracle,61,1,-4.564158933333374,1.0514611212804694,True,False,False
False,False,False,-38.814697265625,6.463413220174063,279.8486022949219,43.297340393066406,0.6833333333333333,0.6833333333333333,0.0,4,13,nearest,61,2,6.437456533333261,0.950851322590534,True,True,True
False,False,False,-8.2965087890625,3.0149494217603348,130.53929138183594,43.297340393066406,0.6833333333333333,0.6833333333333333,0.0,4,13,oracle,61,2,6.437456533333261,0.950851322590534,True,True,True
False,True,False,-6.7750244140625,1.161391693630537,341.6384582519531,294.1629943847656,0.6833333333333333,0.6833333333333333,0.0,4,13,nearest,61,3,2.073887133333301,0.9339094361139124,True,True,True
False,True,False,-3.050537109375,0.7771909569045266,228.62081909179688,294.1629943847656,0.6666666666666666,0.6833333333333333,-0.01666666666666672,4,13,oracle,61,3,2.073887133333301,0.9339094361139124,True,True,True
False,False,False,-142.63232421875,5.901449123591465,261.40557861328125,44.29515075683594,0.6666666666666666,0.6666666666666666,0.0,4,13,nearest,61,4,-3.34094836666668,1.1079364272889105,True,False,False
False,False,False,-50.97265625,1.8151433019156182,80.40204620361328,44.29515075683594,0.6833333333333333,0.6666666666666666,0.01666666666666672,4,13,oracle,61,4,-3.34094836666668,1.1079364272889105,True,False,False
False,False,False,-82.3638916015625,1.615596800534039,124.0821533203125,76.80267333984375,0.6833333333333333,0.6833333333333333,0.0,4,14,nearest,61,5,-54.30783263333342,0.1931019612476346,True,False,False
False,True,False,-49.3404541015625,1.0780515522495997,82.7972412109375,76.80267333984375,0.6833333333333333,0.6833333333333333,0.0,4,14,oracle,61,5,-54.30783263333342,0.1931019612476346,True,False,False
True,True,True,32.0499267578125,1.2037986728588717,41.541358947753906,34.50856018066406,0.6666666666666666,0.6833333333333333,-0.01666666666666672,4,14,nearest,61,6,-8.09107076666669,1.057512957012577,True,False,False
True,True,True,37.9569091796875,1.2258812860012567,42.30339813232422,34.50856018066406,0.6666666666666666,0.6833333333333333,-0.01666666666666672,4,14,oracle,61,6,-8.09107076666669,1.057512957012577,True,False,False
True,True,True,10.591796875,0.8779832526593053,24.627124786376953,28.049652099609375,0.6666666666666666,0.6666666666666666,0.0,4,14,nearest,61,7,-0.5768266333332122,1.020073546961594,True,False,False
True,True,True,10.7587890625,0.9486973293251996,26.61063003540039,28.049652099609375,0.6666666666666666,0.6666666666666666,0.0,4,14,oracle,61,7,-0.5768266333332122,1.020073546961594,True,False,False
True,True,True,17.427734375,0.7801777693126228,74.87779235839844,95.97529602050781,0.6833333333333333,0.6833333333333333,0.0,4,13,nearest,61,8,-8.44530786666678,1.0038294640724634,True,False,False
False,True,False,-3.7696533203125,0.9228197010510765,88.5678939819336,95.97529602050781,0.6833333333333333,0.6833333333333333,0.0,4,13,oracle,61,8,-8.44530786666678,1.0038294640724634,True,False,False
True,True,True,29.4404296875,0.8746768368808339,138.61180114746094,158.47201538085938,0.6833333333333333,0.6833333333333333,0.0,4,14,nearest,61,9,4.74318930000004,0.7575791532895725,True,True,True
True,True,True,29.4404296875,0.8746768368808339,138.61180114746094,158.47201538085938,0.6833333333333333,0.6833333333333333,0.0,4,14,oracle,61,9,4.74318930000004,0.7575791532895725,True,True,True
True,True,True,74.9111328125,0.47278530777814753,57.18718338012695,120.95803833007812,0.6833333333333333,0.6833333333333333,0.0,4,12,nearest,61,10,-52.77160439999966,1.3431286984268311,True,False,False
True,True,True,74.9111328125,0.47278530777814753,57.18718338012695,120.95803833007812,0.6833333333333333,0.6833333333333333,0.0,4,12,oracle,61,10,-52.77160439999966,1.3431286984268311,True,False,False
False,True,False,-18.207275390625,0.9526357956800343,748.3765869140625,785.585205078125,0.75,0.75,0.0,4,12,nearest,61,11,-35.36827746666677,1.7282828843666336,False,False,False
False,True,False,-18.207275390625,0.9526357956800343,748.3765869140625,785.585205078125,0.75,0.75,0.0,4,12,oracle,61,11,-35.36827746666677,1.7282828843666336,False,False,False
True,True,True,15.7518310546875,1.1057759103688516,27.619234085083008,24.977243423461914,0.6833333333333333,0.6833333333333333,0.0,4,11,nearest,61,12,-2.60722039999996,1.0429211248812944,True,False,False
True,True,True,15.7518310546875,1.1057759103688516,27.619234085083008,24.977243423461914,0.6833333333333333,0.6833333333333333,0.0,4,11,oracle,61,12,-2.60722039999996,1.0429211248812944,True,False,False
True,True,True,134.515625,0.5283198378376966,129.6665496826172,245.43191528320312,0.6833333333333333,0.6833333333333333,0.0,4,10,nearest,61,13,-34.679685800000016,0.6553859495487728,True,False,False
True,True,True,134.515625,0.5283198378376966,129.6665496826172,245.43191528320312,0.6833333333333333,0.6833333333333333,0.0,4,10,oracle,61,13,-34.679685800000016,0.6553859495487728,True,False,False
True,True,True,46.7540283203125,1.1429796526395852,39.565895080566406,34.61644744873047,0.6833333333333333,0.6833333333333333,0.0,4,11,nearest,61,14,-4.902121866666903,1.2057428888304358,True,False,False
True,True,True,42.4051513671875,1.1462684310552191,39.67974090576172,34.61644744873047,0.6833333333333333,0.6833333333333333,0.0,4,11,oracle,61,14,-4.902121866666903,1.2057428888304358,True,False,False
True,True,True,24.4954833984375,0.9911182843771544,29.1505069732666,29.411733627319336,0.6833333333333333,0.6833333333333333,0.0,4,11,nearest,61,15,-14.864381366666748,1.0518443151444175,True,False,False
True,True,True,24.640869140625,0.991256220161335,29.154563903808594,29.411733627319336,0.6833333333333333,0.6833333333333333,0.0,4,11,oracle,61,15,-14.864381366666748,1.0518443151444175,True,False,False
True,True,True,1.9134521484375,0.9714124845603515,273.1054992675781,281.1426696777344,0.6833333333333333,0.6666666666666666,0.01666666666666672,4,12,nearest,61,16,1.7115879000000405,0.8051629536396647,True,True,True
False,False,False,-6.113037109375,1.8977324571453755,533.5335693359375,281.1426696777344,0.6833333333333333,0.6666666666666666,0.01666666666666672,4,12,oracle,61,16,1.7115879000000405,0.8051629536396647,True,True,True
True,True,True,118.821044921875,0.4558697190611247,284.8141784667969,624.77099609375,0.6833333333333333,0.6833333333333333,0.0,4,13,nearest,61,17,-50.00219579999998,0.26650789559915367,True,False,False
True,True,True,103.9268798828125,0.6931691670619938,433.0719909667969,624.77099609375,0.6833333333333333,0.6833333333333333,0.0,4,13,oracle,61,17,-50.00219579999998,0.26650789559915367,True,False,False
True,True,True,56.8736572265625,0.991989089145713,163.46751403808594,164.78761291503906,0.6666666666666666,0.6666666666666666,0.0,4,11,nearest,61,18,-21.29756793333354,2.0784104576233275,False,False,False
True,True,True,66.4129638671875,0.9343602369030997,153.9709930419922,164.78761291503906,0.6666666666666666,0.6666666666666666,0.0,4,11,oracle,61,18,-21.29756793333354,2.0784104576233275,False,False,False
False,True,False,-108.8876953125,0.7576933156359047,817.0430297851562,1078.3294677734375,0.7666666666666667,0.8,-0.033333333333333326,4,11,nearest,61,19,-44.17344233333324,0.9783901537557101,True,False,False
False,True,False,-123.934814453125,0.7917586961259045,853.7767333984375,1078.3294677734375,0.7833333333333333,0.8,-0.01666666666666672,4,11,oracle,61,19,-44.17344233333324,0.9783901537557101,True,False,False
True,True,True,33.4276123046875,0.7465241386618822,34.18190002441406,45.78807067871094,0.6833333333333333,0.6833333333333333,0.0,4,11,nearest,61,20,-4.2913000333333,0.9055905652569832,True,False,False
True,True,True,60.0377197265625,0.6831792505049542,31.28145980834961,45.78807067871094,0.6666666666666666,0.6833333333333333,-0.01666666666666672,4,11,oracle,61,20,-4.2913000333333,0.9055905652569832,True,False,False
True,True,True,33.6549072265625,1.0198047495088458,29.54886245727539,28.975019454956055,0.6833333333333333,0.6833333333333333,0.0,4,9,nearest,61,21,-40.5414594333331,1.0867953504182348,True,False,False
True,True,True,31.7667236328125,0.9960190912469049,28.85967254638672,28.975019454956055,0.6833333333333333,0.6833333333333333,0.0,4,9,oracle,61,21,-40.5414594333331,1.0867953504182348,True,False,False
True,True,True,3.3648681640625,0.9616383604665739,35.02731704711914,36.424625396728516,0.6833333333333333,0.6833333333333333,0.0,4,9,nearest,61,22,-6.85482583333328,1.0708764778721944,True,False,False
True,True,True,6.376953125,0.9752744332432634,35.52400588989258,36.424625396728516,0.6833333333333333,0.6833333333333333,0.0,4,9,oracle,61,22,-6.85482583333328,1.0708764778721944,True,False,False
True,True,True,41.2738037109375,0.9942181037073027,29.66243553161621,29.834938049316406,0.6833333333333333,0.6833333333333333,0.0,4,8,nearest,61,23,-23.241722699999855,1.0862913330644095,True,False,False
True,True,True,60.6781005859375,1.0080099219414274,30.07391357421875,29.834938049316406,0.6833333333333333,0.6833333333333333,0.0,4,8,oracle,61,23,-23.241722699999855,1.0862913330644095,True,False,False
True,True,True,36.3839111328125,1.1278726122239904,43.18144607543945,38.28574752807617,0.6833333333333333,0.6833333333333333,0.0,4,9,nearest,61,24,-35.671961333333456,1.406808281218942,True,False,False
True,True,True,25.5516357421875,1.3165983468739073,50.406951904296875,38.28574752807617,0.6833333333333333,0.6833333333333333,0.0,4,9,oracle,61,24,-35.671961333333456,1.406808281218942,True,False,False
False,True,False,-68.4351806640625,0.9920092301911193,29.53676414489746,29.774686813354492,0.6833333333333333,0.6833333333333333,0.0,4,10,nearest,61,25,-22.91091930000016,1.0400081619463724,True,False,False
True,True,True,4.6622314453125,0.9954765734446489,29.640003204345703,29.774686813354492,0.6833333333333333,0.6833333333333333,0.0,4,10,oracle,61,25,-22.91091930000016,1.0400081619463724,True,False,False
True,True,True,40.9677734375,1.425700235855876,147.46730041503906,103.43499755859375,0.6833333333333333,0.6833333333333333,0.0,4,10,nearest,61,26,-28.971422766666592,1.4650209870304676,True,False,False
False,False,True,36.2974853515625,1.5348290148163752,158.75503540039062,103.43499755859375,0.6833333333333333,0.6833333333333333,0.0,4,10,oracle,61,26,-28.971422766666592,1.4650209870304676,True,False,False
True,True,True,44.115966796875,1.0511743402402198,36.58599090576172,34.804874420166016,0.6833333333333333,0.6833333333333333,0.0,4,9,nearest,61,27,-13.17687039999987,0.9279803455734223,True,False,False
True,True,True,42.484619140625,1.0252033973670658,35.68207550048828,34.804874420166016,0.6833333333333333,0.6833333333333333,0.0,4,9,oracle,61,27,-13.17687039999987,0.9279803455734223,True,False,False
False,False,False,-38.0008544921875,2.2982721365658554,143.46180725097656,62.421592712402344,0.6833333333333333,0.6833333333333333,0.0,4,10,nearest,61,28,-21.047346166666784,1.495229712430905,True,False,False
False,False,False,-45.4661865234375,1.7573864331510611,109.69886016845703,62.421592712402344,0.6833333333333333,0.6833333333333333,0.0,4,10,oracle,61,28,-21.047346166666784,1.495229712430905,True,False,False
False,False,True,35.030029296875,2.3975205675923363,148.1577606201172,61.796241760253906,0.6833333333333333,0.6833333333333333,0.0,4,10,nearest,61,29,-50.34729853333329,4.791505670881415,False,False,False
False,False,True,34.59619140625,2.3185932615015488,143.2803497314453,61.796241760253906,0.6833333333333333,0.6833333333333333,0.0,4,10,oracle,61,29,-50.34729853333329,4.791505670881415,False,False,False
False,False,True,26.9713134765625,2.781208331843343,231.41604614257812,83.20701599121094,0.6833333333333333,0.6833333333333333,0.0,4,10,nearest,61,30,-24.5204539333331,4.042213495532783,False,False,False
False,False,True,24.20703125,2.6147167046728854,217.56277465820312,83.20701599121094,0.6833333333333333,0.6833333333333333,0.0,4,10,oracle,61,30,-24.5204539333331,4.042213495532783,False,False,False
True,True,True,43.5892333984375,1.2373539026818934,80.72589111328125,65.2407455444336,0.6833333333333333,0.6833333333333333,0.0,4,10,nearest,61,31,6.1626547999999275,1.013009697670062,True,True,True
False,False,True,66.1192626953125,1.8916475807295672,123.4124984741211,65.2407455444336,0.6833333333333333,0.6833333333333333,0.0,4,10,oracle,61,31,6.1626547999999275,1.013009697670062,True,True,True
False,False,True,42.807861328125,1.7848120680171742,181.11849975585938,101.47763061523438,0.6833333333333333,0.6833333333333333,0.0,4,9,nearest,61,32,-43.717285533333325,4.582926936161971,False,False,False
False,False,True,40.969970703125,1.8953894465296872,192.33963012695312,101.47763061523438,0.6833333333333333,0.6833333333333333,0.0,4,9,oracle,61,32,-43.717285533333325,4.582926936161971,False,False,False
True,True,True,13.434326171875,1.0264109197336326,29.96035385131836,29.189434051513672,0.6833333333333333,0.6833333333333333,0.0,4,8,nearest,61,33,-42.57816563333358,1.0934640246234495,True,False,False
False,True,False,-13.17236328125,1.0562210894510924,30.830495834350586,29.189434051513672,0.6833333333333333,0.6833333333333333,0.0,4,8,oracle,61,33,-42.57816563333358,1.0934640246234495,True,False,False
False,True,False,-10.4632568359375,1.4488456953858,83.8589859008789,57.879859924316406,0.6833333333333333,0.6833333333333333,0.0,4,9,nearest,61,34,-36.33475520000002,1.7994659799368702,False,False,False
False,True,False,-17.855712890625,1.261932326790378,73.04046630859375,57.879859924316406,0.6833333333333333,0.6833333333333333,0.0,4,9,oracle,61,34,-36.33475520000002,1.7994659799368702,False,False,False
False,False,True,52.95361328125,1.518775698365222,475.7649230957031,313.25555419921875,0.6833333333333333,0.6833333333333333,0.0,4,9,nearest,61,35,-8.309164000000237,8.207325833980887,False,False,False
False,False,True,34.249267578125,1.5359953931695223,481.1590881347656,313.25555419921875,0.6833333333333333,0.6833333333333333,0.0,4,9,oracle,61,35,-8.309164000000237,8.207325833980887,False,False,False
True,True,True,43.575439453125,0.6874976694060454,93.6804428100586,136.26292419433594,0.6833333333333333,0.6833333333333333,0.0,4,10,nearest,61,36,-27.703856466666593,1.922529519776395,False,False,False
True,True,True,46.63427734375,0.5426568401546809,73.94400787353516,136.26292419433594,0.6833333333333333,0.6833333333333333,0.0,4,10,oracle,61,36,-27.703856466666593,1.922529519776395,False,False,False
False,False,True,241.754638671875,1.672297803508341,1251.35205078125,748.2830200195312,0.8666666666666667,0.7666666666666667,0.09999999999999998,4,9,nearest,61,37,12.559847099999843,2.9351231327670257,False,True,False
True,True,True,228.722412109375,1.3975702350490042,1045.778076171875,748.2830200195312,0.8,0.7666666666666667,0.033333333333333326,4,9,oracle,61,37,12.559847099999843,2.9351231327670257,False,True,False
False,False,True,45.0606689453125,3.7302690984520765,140.71237182617188,37.72177505493164,0.6833333333333333,0.6666666666666666,0.01666666666666672,4,9,nearest,61,38,-83.5816304,1.657536107547187,False,False,False
False,False,True,43.4151611328125,3.1380237541711176,118.371826171875,37.72177505493164,0.6833333333333333,0.6666666666666666,0.01666666666666672,4,9,oracle,61,38,-83.5816304,1.657536107547187,False,False,False
True,True,True,18.093017578125,1.0096158868724716,29.529722213745117,29.248472213745117,0.6833333333333333,0.6833333333333333,0.0,4,9,nearest,61,39,-30.377666066666507,1.0881745585157203,True,False,False
False,True,False,-2.6456298828125,1.058084114620881,30.947343826293945,29.248472213745117,0.6833333333333333,0.6833333333333333,0.0,4,9,oracle,61,39,-30.377666066666507,1.0881745585157203,True,False,False
True,True,True,7.185791015625,1.3090027927243886,41.45168685913086,31.666614532470703,0.6833333333333333,0.6833333333333333,0.0,5,8,nearest,61,0,10.358159533333492,1.0101921359863364,True,True,True
False,True,False,-0.684814453125,1.2434297252702708,39.37520980834961,31.666614532470703,0.6833333333333333,0.6833333333333333,0.0,5,8,oracle,61,0,10.358159533333492,1.0101921359863364,True,True,True
False,True,False,-11.017578125,1.099595548100518,30.078357696533203,27.354019165039062,0.6833333333333333,0.6833333333333333,0.0,5,8,nearest,61,1,1.1676817000000028,1.52894944454844,False,True,False
False,True,False,-4.8797607421875,1.1310841408332697,30.939697265625,27.354019165039062,0.6833333333333333,0.6833333333333333,0.0,5,8,oracle,61,1,1.1676817000000028,1.52894944454844,False,True,False
True,True,True,3.5206298828125,1.0284275838760728,44.52817916870117,43.297340393066406,0.6833333333333333,0.6833333333333333,0.0,5,7,nearest,61,2,4.586766033333333,0.9715874892944493,True,True,True
True,True,True,29.46337890625,1.3170749994405355,57.02584457397461,43.297340393066406,0.6833333333333333,0.6833333333333333,0.0,5,7,oracle,61,2,4.586766033333333,0.9715874892944493,True,True,True
True,True,True,19.6712646484375,0.8675252224447987,255.19381713867188,294.1629943847656,0.6833333333333333,0.6833333333333333,0.0,5,7,nearest,61,3,2.937068100000033,0.985430258148574,True,True,True
True,True,True,122.3851318359375,0.3488565569123281,102.62068939208984,294.1629943847656,0.6833333333333333,0.6833333333333333,0.0,5,7,oracle,61,3,2.937068100000033,0.985430258148574,True,True,True
False,False,False,-4.9554443359375,3.6311233455061047,160.84115600585938,44.29515075683594,0.6833333333333333,0.6666666666666666,0.01666666666666672,5,8,nearest,61,4,-5.3782341666667435,0.961279101538153,True,False,False
True,True,True,26.295166015625,1.2791438606620147,56.65987014770508,44.29515075683594,0.6833333333333333,0.6666666666666666,0.01666666666666672,5,8,oracle,61,4,-5.3782341666667435,0.961279101538153,True,False,False
False,False,False,-35.2862548828125,4.447453182181215,341.5762939453125,76.80267333984375,0.6833333333333333,0.6833333333333333,0.0,5,8,nearest,61,5,6.876818133333245,0.7528070997822272,True,True,True
False,False,True,19.0157470703125,1.7396458415286866,133.6094512939453,76.80267333984375,0.6833333333333333,0.6833333333333333,0.0,5,8,oracle,61,5,6.876818133333245,0.7528070997822272,True,True,True
True,True,True,25.768310546875,1.42523456226761,49.18279266357422,34.50856018066406,0.6833333333333333,0.6833333333333333,0.0,5,8,nearest,61,6,-46.433630900000026,1.8857215794092748,False,False,False
False,False,True,14.97998046875,1.5102319070125705,52.115928649902344,34.50856018066406,0.6833333333333333,0.6833333333333333,0.0,5,8,oracle,61,6,-46.433630900000026,1.8857215794092748,False,False,False
False,True,False,-3.6484375,1.1624363121252574,32.605934143066406,28.049652099609375,0.6833333333333333,0.6666666666666666,0.01666666666666672,5,8,nearest,61,7,-0.2159790000000612,0.9853661390429498,True,False,False
False,True,False,-6.9552001953125,1.1580048165060257,32.481632232666016,28.049652099609375,0.6833333333333333,0.6666666666666666,0.01666666666666672,5,8,oracle,61,7,-0.2159790000000612,0.9853661390429498,True,False,False
True,True,True,53.775634765625,0.7331565190004129,70.36491394042969,95.97529602050781,0.6833333333333333,0.6833333333333333,0.0,5,10,nearest,61,8,3.8440655999997944,1.016232300870289,True,True,True
False,True,False,-16.9786376953125,1.2136797821628764,116.4832763671875,95.97529602050781,0.6833333333333333,0.6833333333333333,0.0,5,10,oracle,61,8,3.8440655999997944,1.016232300870289,True,True,True
True,True,True,4.898681640625,1.4044069772614485,222.5592041015625,158.47201538085938,0.6833333333333333,0.6833333333333333,0.0,5,10,nearest,61,9,-7.170035299999881,1.9207614151897112,False,False,False
True,True,True,77.8416748046875,0.7325205943370556,116.08401489257812,158.47201538085938,0.6833333333333333,0.6833333333333333,0.0,5,10,oracle,61,9,-7.170035299999881,1.9207614151897112,False,False,False
False,False,True,34.0908203125,2.295236874592064,277.6273498535156,120.95803833007812,0.6833333333333333,0.6833333333333333,0.0,5,11,nearest,61,10,-47.837620866666384,2.329466824990565,False,False,False
True,True,True,103.70556640625,1.0153691019143682,122.81705474853516,120.95803833007812,0.6833333333333333,0.6833333333333333,0.0,5,11,oracle,61,10,-47.837620866666384,2.329466824990565,False,False,False
True,True,True,172.4384765625,1.2923938942561541,1015.2855224609375,785.585205078125,0.8666666666666667,0.75,0.1166666666666667,5,12,nearest,61,11,68.0745165999997,3.34548452977546,False,True,False
True,True,True,165.848876953125,1.188031290119173,933.2998046875,785.585205078125,0.85,0.75,0.09999999999999998,5,12,oracle,61,11,68.0745165999997,3.34548452977546,False,True,False
False,True,False,-7.2674560546875,1.391010295397521,34.74360275268555,24.977243423461914,0.6833333333333333,0.6833333333333333,0.0,5,12,nearest,61,12,-169.04426336666666,13.630636800760838,False,False,False
False,True,False,-13.1741943359375,1.385043254934282,34.59456253051758,24.977243423461914,0.6666666666666666,0.6833333333333333,-0.01666666666666672,5,12,oracle,61,12,-169.04426336666666,13.630636800760838,False,False,False
True,True,True,148.261474609375,0.8048850498606558,197.5444793701172,245.43191528320312,0.6833333333333333,0.6833333333333333,0.0,5,12,nearest,61,13,-10.553793400000131,1.6789297320737735,False,False,False
True,True,True,152.60205078125,0.9479740467698783,232.6630859375,245.43191528320312,0.6833333333333333,0.6833333333333333,0.0,5,12,oracle,61,13,-10.553793400000131,1.6789297320737735,False,False,False
False,False,False,-50.451904296875,1.5855377721336308,54.885684967041016,34.61644744873047,0.6833333333333333,0.6833333333333333,0.0,5,11,nearest,61,14,-63.0910844,3.2305540070854177,False,False,False
False,False,False,-44.8514404296875,1.891037009887273,65.46098327636719,34.61644744873047,0.6833333333333333,0.6833333333333333,0.0,5,11,oracle,61,14,-63.0910844,3.2305540070854177,False,False,False
True,True,True,14.2081298828125,0.984676547071089,28.961044311523438,29.411733627319336,0.6833333333333333,0.6833333333333333,0.0,5,11,nearest,61,15,-14.218723000000182,1.0950187712597867,True,False,False
True,True,True,27.2994384765625,0.9933225980772388,29.21533966064453,29.411733627319336,0.6833333333333333,0.6833333333333333,0.0,5,11,oracle,61,15,-14.218723000000182,1.0950187712597867,True,False,False
False,True,False,-35.05029296875,1.1445692762743769,321.7872619628906,281.1426696777344,0.6833333333333333,0.6666666666666666,0.01666666666666672,5,11,nearest,61,16,-2.3767571333335127,1.2171868766129346,True,False,False
False,False,False,-43.2105712890625,2.2766446353279566,640.0619506835938,281.1426696777344,0.6833333333333333,0.6666666666666666,0.01666666666666672,5,11,oracle,61,16,-2.3767571333335127,1.2171868766129346,True,False,False
True,True,True,82.44970703125,0.5553152385522507,346.9448547363281,624.77099609375,0.6833333333333333,0.6833333333333333,0.0,5,10,nearest,61,17,-13.031297666666433,0.8438415151281472,True,False,False
True,True,True,72.31640625,0.7021193703005242,438.663818359375,624.77099609375,0.6833333333333333,0.6833333333333333,0.0,5,10,oracle,61,17,-13.031297666666433,0.8438415151281472,True,False,False
True,True,True,38.815185546875,0.9427994074922397,155.36166381835938,164.78761291503906,0.6833333333333333,0.6666666666666666,0.01666666666666672,5,10,nearest,61,18,21.261369166666782,3.522139973323637,False,True,False
True,True,True,11.0823974609375,0.9526727157621158,156.98866271972656,164.78761291503906,0.6833333333333333,0.6666666666666666,0.01666666666666672,5,10,oracle,61,18,21.261369166666782,3.522139973323637,False,True,False
True,True,True,135.443603515625,1.051030177134658,1133.3568115234375,1078.3294677734375,0.7833333333333333,0.8,-0.01666666666666672,5,11,nearest,61,19,91.58255556666654,1.9305594615874493,False,True,False
True,True,True,120.986328125,1.1467190042649293,1236.5408935546875,1078.3294677734375,0.8833333333333333,0.8,0.08333333333333326,5,11,oracle,61,19,91.58255556666654,1.9305594615874493,False,True,False
True,True,True,25.2591552734375,1.0765534278402822,49.293304443359375,45.78807067871094,0.6833333333333333,0.6833333333333333,0.0,5,11,nearest,61,20,-177.1502144333333,13.057928800727968,False,False,False
True,True,True,5.9173583984375,1.2837851122729622,58.78204345703125,45.78807067871094,0.6833333333333333,0.6833333333333333,0.0,5,11,oracle,61,20,-177.1502144333333,13.057928800727968,False,False,False
True,True,True,33.6572265625,1.0216977464995487,29.60371208190918,28.975019454956055,0.6833333333333333,0.6833333333333333,0.0,5,11,nearest,61,21,-73.86984206666648,1.5059389716489209,False,False,False
True,True,True,42.88671875,1.0328429086339477,29.92664337158203,28.975019454956055,0.6833333333333333,0.6833333333333333,0.0,5,11,oracle,61,21,-73.86984206666648,1.5059389716489209,False,False,False
True,True,True,15.84423828125,0.9846809398379661,35.866634368896484,36.424625396728516,0.6833333333333333,0.6833333333333333,0.0,5,12,nearest,61,22,-98.77908943333341,1.4359654229862806,True,False,False
True,True,True,22.1787109375,1.003350789134667,36.54667663574219,36.424625396728516,0.6833333333333333,0.6833333333333333,0.0,5,12,oracle,61,22,-98.77908943333341,1.4359654229862806,True,False,False
True,True,True,6.802734375,1.0318601082974792,30.78548240661621,29.834938049316406,0.6833333333333333,0.6833333333333333,0.0,5,12,nearest,61,23,-44.63783156666659,1.2169881773612927,True,False,False
True,True,True,19.6680908203125,1.0610758146284707,31.65713119506836,29.834938049316406,0.6833333333333333,0.6833333333333333,0.0,5,12,oracle,61,23,-44.63783156666659,1.2169881773612927,True,False,False
False,False,False,-12.4420166015625,2.694324516840187,103.15422821044922,38.28574752807617,0.6833333333333333,0.6833333333333333,0.0,5,12,nearest,61,24,-40.45295050000027,17.38422593364399,False,False,False
False,False,True,6.8304443359375,2.759808094134349,105.66131591796875,38.28574752807617,0.6833333333333333,0.6833333333333333,0.0,5,12,oracle,61,24,-40.45295050000027,17.38422593364399,False,False,False
True,True,True,8.5914306640625,1.010811561517749,30.09659767150879,29.774686813354492,0.6833333333333333,0.6833333333333333,0.0,5,13,nearest,61,25,-38.92732893333323,1.1230725766257124,True,False,False
True,True,True,14.713134765625,1.006814511068856,29.97758674621582,29.774686813354492,0.6833333333333333,0.6833333333333333,0.0,5,13,oracle,61,25,-38.92732893333323,1.1230725766257124,True,False,False
True,True,True,55.4166259765625,1.0035250776105682,103.79961395263672,103.43499755859375,0.6833333333333333,0.6833333333333333,0.0,5,13,nearest,61,26,-17.588635699999713,6.582272981838261,False,False,False
True,True,True,54.18701171875,0.9090000230132078,94.02241516113281,103.43499755859375,0.6833333333333333,0.6833333333333333,0.0,5,13,oracle,61,26,-17.588635699999713,6.582272981838261,False,False,False
True,True,True,92.8642578125,0.9015688923878842,31.378992080688477,34.804874420166016,0.6833333333333333,0.6833333333333333,0.0,5,13,nearest,61,27,-38.38878839999984,1.0716273853628824,True,False,False
True,True,True,92.8642578125,0.9015688923878842,31.378992080688477,34.804874420166016,0.6833333333333333,0.6833333333333333,0.0,5,13,oracle,61,27,-38.38878839999984,1.0716273853628824,True,False,False
True,True,True,50.00341796875,1.0026535975368513,62.58723449707031,62.421592712402344,0.6833333333333333,0.6833333333333333,0.0,5,13,nearest,61,28,-24.08931819999998,1.1366021453771404,True,False,False
True,True,True,52.7099609375,0.9994592214867211,62.38783645629883,62.421592712402344,0.6833333333333333,0.6833333333333333,0.0,5,13,oracle,61,28,-24.08931819999998,1.1366021453771404,True,False,False
True,True,True,45.29736328125,0.9960530297390403,61.55233383178711,61.796241760253906,0.6833333333333333,0.6833333333333333,0.0,5,13,nearest,61,29,-66.30922296666654,13.740217730441543,False,False,False
True,True,True,43.67431640625,1.0755452293198426,66.46465301513672,61.796241760253906,0.6833333333333333,0.6833333333333333,0.0,5,13,oracle,61,29,-66.30922296666654,13.740217730441543,False,False,False
False,False,False,-26.2095947265625,2.4923839939263406,207.3838348388672,83.20701599121094,0.6833333333333333,0.6833333333333333,0.0,5,12,nearest,61,30,-28.89872463333313,11.004355237600238,False,False,False
False,False,True,39.2161865234375,1.7862717320841253,148.63034057617188,83.20701599121094,0.6833333333333333,0.6833333333333333,0.0,5,12,oracle,61,30,-28.89872463333313,11.004355237600238,False,False,False
False,False,False,-191.3502197265625,2.8973555281780934,189.025634765625,65.2407455444336,0.6833333333333333,0.6833333333333333,0.0,5,11,nearest,61,31,-29.930995233333533,7.233008156816719,False,False,False
False,False,False,-117.722900390625,5.68986584978661,371.2110900878906,65.2407455444336,0.6833333333333333,0.6833333333333333,0.0,5,11,oracle,61,31,-29.930995233333533,7.233008156816719,False,False,False
False,False,False,-150.66455078125,2.8474521527755012,288.95269775390625,101.47763061523438,0.6833333333333333,0.6833333333333333,0.0,5,11,nearest,61,32,-70.47462870000004,3.5493889520825457,False,False,False
False,True,False,-138.6007080078125,1.3970988076274073,141.77427673339844,101.47763061523438,0.6833333333333333,0.6833333333333333,0.0,5,11,oracle,61,32,-70.47462870000004,3.5493889520825457,False,False,False
True,True,True,7.923095703125,1.0275390151512676,29.993282318115234,29.189434051513672,0.6833333333333333,0.6833333333333333,0.0,5,11,nearest,61,33,-23.640904600000113,1.0485702340273968,True,False,False
True,True,True,15.5335693359375,1.0453435679154086,30.51298713684082,29.189434051513672,0.6833333333333333,0.6833333333333333,0.0,5,11,oracle,61,33,-23.640904600000113,1.0485702340273968,True,False,False
False,True,False,-37.9029541015625,1.4372511757508044,83.18789672851562,57.879859924316406,0.6833333333333333,0.6833333333333333,0.0,5,11,nearest,61,34,-27.281965966666803,1.280712284788171,True,False,False
False,True,False,-31.71337890625,1.0077287350873514,58.32719802856445,57.879859924316406,0.6833333333333333,0.6833333333333333,0.0,5,11,oracle,61,34,-27.281965966666803,1.280712284788171,True,False,False
True,True,True,55.9249267578125,1.131095832946086,354.3220520019531,313.25555419921875,0.6833333333333333,0.6833333333333333,0.0,5,10,nearest,61,35,15.529500266666446,0.8234962464296507,True,True,True
True,True,True,14.6793212890625,0.6365253813095253,199.39511108398438,313.25555419921875,0.6833333333333333,0.6833333333333333,0.0,5,10,oracle,61,35,15.529500266666446,0.8234962464296507,True,True,True
True,True,True,5.646728515625,1.4864245491693455,202.5445556640625,136.26292419433594,0.6833333333333333,0.6833333333333333,0.0,5,10,nearest,61,36,-42.31854483333336,2.9507447013138832,False,False,False
False,True,False,-14.360595703125,0.9305524994213408,126.7998046875,136.26292419433594,0.6833333333333333,0.6833333333333333,0.0,5,10,oracle,61,36,-42.31854483333336,2.9507447013138832,False,False,False
True,True,True,82.6259765625,1.1265179097753817,842.9542236328125,748.2830200195312,0.7333333333333333,0.7666666666666667,-0.03333333333333344,5,10,nearest,61,37,-3.2705997666671465,3.2174143423309545,False,False,False
True,True,True,48.258544921875,0.9903064217080949,741.0294799804688,748.2830200195312,0.6833333333333333,0.7666666666666667,-0.08333333333333337,5,10,oracle,61,37,-3.2705997666671465,3.2174143423309545,False,False,False
True,True,True,45.310302734375,0.8027872070458957,30.28255844116211,37.72177505493164,0.6833333333333333,0.6666666666666666,0.01666666666666672,5,11,nearest,61,38,-120.06233753333345,2.0132393697734945,False,False,False
True,True,True,49.89697265625,1.0010779147613038,37.76243591308594,37.72177505493164,0.6833333333333333,0.6666666666666666,0.01666666666666672,5,11,oracle,61,38,-120.06233753333345,2.0132393697734945,False,False,False
True,True,True,23.8072509765625,1.011656041364695,29.589393615722656,29.248472213745117,0.6833333333333333,0.6833333333333333,0.0,5,11,nearest,61,39,-21.750783333333175,1.0226570402319173,True,False,False
True,True,True,27.072998046875,1.0153216678362422,29.69660758972168,29.248472213745117,0.6833333333333333,0.6833333333333333,0.0,5,11,oracle,61,39,-21.750783333333175,1.0226570402319173,True,False,False
False,False,False,-109.959716796875,3.2229389767401275,193.3207550048828,59.98275375366211,0.7333333333333333,0.7333333333333333,0.0,0,18,nearest,62,0,12.779539533333491,0.9477886052941774,True,True,True
False,False,False,-128.021728515625,4.1991488362559455,251.8765106201172,59.98275375366211,0.7333333333333333,0.7333333333333333,0.0,0,18,oracle,62,0,12.779539533333491,0.9477886052941774,True,True,True
True,True,True,131.809326171875,0.06668520251956005,39.17710876464844,587.4932861328125,0.7333333333333333,0.75,-0.01666666666666672,0,18,nearest,62,1,17.171154200000046,2.5625786200411045,False,True,False
True,True,True,136.2681884765625,0.0743759148884888,43.695350646972656,587.4932861328125,0.7333333333333333,0.75,-0.01666666666666672,0,18,oracle,62,1,17.171154200000046,2.5625786200411045,False,True,False
False,False,False,-76.064697265625,2.9671190844342368,270.37628173828125,91.12417602539062,0.7333333333333333,0.7333333333333333,0.0,0,17,nearest,62,2,-25.170744299999797,40.67323224001521,False,False,False
False,False,False,-80.746826171875,4.760282214378841,433.77679443359375,91.12417602539062,0.7333333333333333,0.7333333333333333,0.0,0,17,oracle,62,2,-25.170744299999797,40.67323224001521,False,False,False
False,True,False,-83.576171875,1.1985386980145938,342.7318115234375,285.95806884765625,0.7333333333333333,0.7333333333333333,0.0,0,16,nearest,62,3,-46.97626593333348,0.8384138268166655,True,False,False
False,True,False,-309.0205078125,1.1646099142885256,333.02960205078125,285.95806884765625,0.7333333333333333,0.7333333333333333,0.0,0,16,oracle,62,3,-46.97626593333348,0.8384138268166655,True,False,False
True,True,True,0.0997314453125,1.4331528649876017,43.51227951049805,30.36122703552246,0.7333333333333333,0.7333333333333333,0.0,0,15,nearest,62,4,2.909559766666689,1.4445715105105974,True,True,True
False,False,False,-21.9637451171875,1.6162614876831154,49.07168197631836,30.36122703552246,0.7333333333333333,0.7333333333333333,0.0,0,15,oracle,62,4,2.909559766666689,1.4445715105105974,True,True,True
False,True,False,-48.8798828125,1.4474916966613147,57.31824493408203,39.598323822021484,0.7166666666666667,0.7333333333333333,-0.016666666666666607,0,16,nearest,62,5,14.620953466666833,1.1853910737318005,True,True,True
False,False,False,-147.2076416015625,1.6482168473602767,65.2666244506836,39.598323822021484,0.7166666666666667,0.7333333333333333,-0.016666666666666607,0,16,oracle,62,5,14.620953466666833,1.1853910737318005,True,True,True
False,False,False,-147.900390625,2.290801995870583,142.7130126953125,62.298274993896484,0.7333333333333333,0.7333333333333333,0.0,0,16,nearest,62,6,-4.213010166666663,0.9874777870849318,True,False,False
False,False,False,-132.68798828125,2.0579033194234886,128.20382690429688,62.298274993896484,0.7333333333333333,0.7333333333333333,0.0,0,16,oracle,62,6,-4.213010166666663,0.9874777870849318,True,False,False
False,False,False,-27.85498046875,3.4426709195717304,174.382568359375,50.65327835083008,0.7333333333333333,0.7166666666666667,0.016666666666666607,0,17,nearest,62,7,-2.9362022666668963,1.0987773951089754,True,False,False
False,False,False,-21.3892822265625,3.9752962186182383,201.36178588867188,50.65327835083008,0.7333333333333333,0.7166666666666667,0.016666666666666607,0,17,oracle,62,7,-2.9362022666668963,1.0987773951089754,True,False,False
False,True,False,-134.601806640625,1.2552728603191579,1578.8963623046875,1257.811279296875,0.8666666666666667,0.8166666666666667,0.050000000000000044,0,16,nearest,62,8,23.00823953333338,1.6302527848215878,False,True,False
False,False,False,-157.0584716796875,1.598559975310535,2010.686767578125,1257.811279296875,0.8666666666666667,0.8166666666666667,0.050000000000000044,0,16,oracle,62,8,23.00823953333338,1.6302527848215878,False,True,False
False,False,False,-33.8797607421875,3.2221243358912592,1070.4007568359375,332.20343017578125,0.8666666666666667,0.7333333333333333,0.13333333333333341,0,16,nearest,62,9,-35.83143250000012,3.135072646590578,False,False,False
False,False,False,-38.4945068359375,4.44839615339178,1477.7724609375,332.20343017578125,0.8666666666666667,0.7333333333333333,0.13333333333333341,0,16,oracle,62,9,-35.83143250000012,3.135072646590578,False,False,False
True,True,True,28.74462890625,0.8231313856951422,245.43646240234375,298.1741027832031,0.7333333333333333,0.7333333333333333,0.0,0,15,nearest,62,10,-51.42675343333349,1.2272094079627334,True,False,False
True,True,True,39.6884765625,0.9113383263554047,271.73748779296875,298.1741027832031,0.7333333333333333,0.7333333333333333,0.0,0,15,oracle,62,10,-51.42675343333349,1.2272094079627334,True,False,False
False,False,True,215.489990234375,2.0355433619564414,3202.131103515625,1573.1087646484375,0.9333333333333333,0.95,-0.016666666666666607,0,15,nearest,62,11,89.84110766666663,1.927326189394728,False,True,False
False,False,True,225.497314453125,2.1105500334564375,3320.124755859375,1573.1087646484375,0.9333333333333333,0.95,-0.016666666666666607,0,15,oracle,62,11,89.84110766666663,1.927326189394728,False,True,False
False,False,False,-121.2296142578125,9.113662831253034,582.8765258789062,63.95634078979492,0.7333333333333333,0.7333333333333333,0.0,0,15,nearest,62,12,-78.64348769999992,5.9452907845671294,False,False,False
False,False,False,-135.642578125,14.124255424936914,903.335693359375,63.95634078979492,0.8666666666666667,0.7333333333333333,0.13333333333333341,0,15,oracle,62,12,-78.64348769999992,5.9452907845671294,False,False,False
False,False,False,-118.396728515625,3.046895338528787,1924.44580078125,631.6087646484375,0.9333333333333333,0.8166666666666667,0.1166666666666667,0,15,nearest,62,13,-28.451137933333484,2.7718171668161675,False,False,False
False,False,False,-131.156494140625,4.27649779026037,2701.073486328125,631.6087646484375,0.9333333333333333,0.8166666666666667,0.1166666666666667,0,15,oracle,62,13,-28.451137933333484,2.7718171668161675,False,False,False
False,False,False,-146.8465576171875,14.519909731261885,1023.0950927734375,70.46153259277344,0.8666666666666667,0.7,0.16666666666666674,0,15,nearest,62,14,16.154781933333425,9.330427532082737,False,True,False
False,False,False,-186.8968505859375,20.310937299348364,1431.1397705078125,70.46153259277344,0.8833333333333333,0.7,0.18333333333333335,0,15,oracle,62,14,16.154781933333425,9.330427532082737,False,True,False
False,True,False,-35.2003173828125,1.4291380603268513,44.190589904785156,30.9211483001709,0.7333333333333333,0.7333333333333333,0.0,0,16,nearest,62,15,-67.50732156666686,25.986549331593164,False,False,False
False,False,False,-12.302001953125,3.7065787575269464,114.6116714477539,30.9211483001709,0.7333333333333333,0.7333333333333333,0.0,0,16,oracle,62,15,-67.50732156666686,25.986549331593164,False,False,False
False,True,False,-33.0885009765625,0.40232646751338147,243.31736755371094,604.7759399414062,0.7333333333333333,0.7333333333333333,0.0,0,16,nearest,62,16,-21.763644399999976,1.394600211297318,True,False,False
False,True,False,-66.387939453125,0.5985580879895938,361.9935302734375,604.7759399414062,0.7333333333333333,0.7333333333333333,0.0,0,16,oracle,62,16,-21.763644399999976,1.394600211297318,True,False,False
False,True,False,-5.66552734375,0.9993827015277924,197.0590057373047,197.18072509765625,0.7333333333333333,0.7333333333333333,0.0,0,14,nearest,62,17,-51.792296033333514,3.4304516668291125,False,False,False
False,False,False,-31.344482421875,1.770174446985073,349.0442810058594,197.18072509765625,0.7333333333333333,0.7333333333333333,0.0,0,14,oracle,62,17,-51.792296033333514,3.4304516668291125,False,False,False
False,False,False,-185.95068359375,1.8090718656312614,172.126220703125,95.14614868164062,0.7333333333333333,0.7333333333333333,0.0,0,14,nearest,62,18,-7.6278168666667625,1.4247584853724204,True,False,False
False,False,False,-208.97802734375,1.7075965704744032,162.4712371826172,95.14614868164062,0.7333333333333333,0.7333333333333333,0.0,0,14,oracle,62,18,-7.6278168666667625,1.4247584853724204,True,False,False
False,False,True,185.30419921875,1.697452333759279,2103.6455078125,1239.2957763671875,0.9333333333333333,0.9166666666666666,0.01666666666666672,0,14,nearest,62,19,152.68152456666667,2.5051316873797798,False,True,False
False,False,True,187.97119140625,2.245333106915263,2782.6318359375,1239.2957763671875,0.9333333333333333,0.9166666666666666,0.01666666666666672,0,14,oracle,62,19,152.68152456666667,2.5051316873797798,False,True,False
False,False,False,-203.1600341796875,11.76929057186965,534.2964477539062,45.39750671386719,0.7333333333333333,0.7,0.033333333333333326,0,13,nearest,62,20,-205.81054696666683,22.19934591722191,False,False,False
False,False,False,-224.5029296875,18.534115854181156,841.4026489257812,45.39750671386719,0.7333333333333333,0.7,0.033333333333333326,0,13,oracle,62,20,-205.81054696666683,22.19934591722191,False,False,False
False,True,False,-46.6585693359375,1.3152431594231289,40.107696533203125,30.494510650634766,0.7333333333333333,0.7333333333333333,0.0,0,13,nearest,62,21,-28.551240166666503,1.2989943817549394,True,False,False
False,True,False,-50.2293701171875,1.0012712108765214,30.533275604248047,30.494510650634766,0.7333333333333333,0.7333333333333333,0.0,0,13,oracle,62,21,-28.551240166666503,1.2989943817549394,True,False,False
False,True,False,-10.647705078125,0.9121751503204593,454.53656005859375,498.2996520996094,0.7333333333333333,0.7333333333333333,0.0,0,13,nearest,62,22,9.16330159999984,1.2634624020098926,True,True,True
False,False,False,-31.0712890625,1.528572110123275,761.6869506835938,498.2996520996094,0.7333333333333333,0.7333333333333333,0.0,0,13,oracle,62,22,9.16330159999984,1.2634624020098926,True,True,True
False,False,True,76.33642578125,2.9233314828614487,521.0799560546875,178.24867248535156,0.7333333333333333,0.7333333333333333,0.0,0,13,nearest,62,23,5.548359200000277,10.98276702195685,False,True,False
False,False,True,78.837890625,3.42029729393098,609.6634521484375,178.24867248535156,0.7333333333333333,0.7333333333333333,0.0,0,13,oracle,62,23,5.548359200000277,10.98276702195685,False,True,False
True,True,True,1.406005859375,1.41603541275177,173.5721893310547,122.57616424560547,0.7333333333333333,0.7333333333333333,0.0,0,13,nearest,62,24,9.551722633333384,1.1288787164111775,True,True,True
False,True,False,-29.52783203125,1.1696253954627893,143.36819458007812,122.57616424560547,0.7333333333333333,0.7333333333333333,0.0,0,13,oracle,62,24,9.551722633333384,1.1288787164111775,True,True,True
False,False,True,17.734619140625,11.861912996795885,469.313720703125,39.56475830078125,0.7333333333333333,0.7333333333333333,0.0,0,12,nearest,62,25,-4.214334166666504,17.182201858490654,False,False,False
False,False,False,-4.09423828125,4.701360938804034,186.00820922851562,39.56475830078125,0.7333333333333333,0.7333333333333333,0.0,0,12,oracle,62,25,-4.214334166666504,17.182201858490654,False,False,False
False,True,False,-18.7491455078125,1.0291364813072625,282.89324951171875,274.88409423828125,0.7333333333333333,0.7333333333333333,0.0,0,11,nearest,62,26,6.842726833333472,1.1310822049441598,True,True,True
False,True,False,-29.9322509765625,1.0592267337463122,291.1645812988281,274.88409423828125,0.7333333333333333,0.7333333333333333,0.0,0,11,oracle,62,26,6.842726833333472,1.1310822049441598,True,True,True
False,False,False,-23.2515869140625,5.102724705895946,158.3589630126953,31.034196853637695,0.7333333333333333,0.7333333333333333,0.0,0,10,nearest,62,27,-16.15054013333338,1.4774577584012034,True,False,False
False,False,False,-30.8101806640625,4.640232533541411,144.00588989257812,31.034196853637695,0.7333333333333333,0.7333333333333333,0.0,0,10,oracle,62,27,-16.15054013333338,1.4774577584012034,True,False,False
False,False,False,-7.59521484375,1.6288630870968315,574.7814331054688,352.8727722167969,0.7333333333333333,0.7333333333333333,0.0,0,10,nearest,62,28,21.96438076666641,3.500228759053287,False,True,False
False,False,True,34.715576171875,2.505396942904202,884.0863647460938,352.8727722167969,0.85,0.7333333333333333,0.1166666666666667,0,10,oracle,62,28,21.96438076666641,3.500228759053287,False,True,False
False,True,False,-6.6025390625,1.0022826407708763,479.3960876464844,478.3042907714844,0.7333333333333333,0.7333333333333333,0.0,0,9,nearest,62,29,-13.48440933333336,1.1707053558192577,True,False,False
False,True,False,-60.0068359375,1.0804424785818991,516.7802734375,478.3042907714844,0.7333333333333333,0.7333333333333333,0.0,0,9,oracle,62,29,-13.48440933333336,1.1707053558192577,True,False,False
False,True,False,-39.948974609375,1.15785965895813,288.0439147949219,248.77273559570312,0.7333333333333333,0.7333333333333333,0.0,0,9,nearest,62,30,-3.0086544333332768,0.8294583041820935,True,False,False
False,True,False,-45.396728515625,0.7391229037566619,183.87362670898438,248.77273559570312,0.7333333333333333,0.7333333333333333,0.0,0,9,oracle,62,30,-3.0086544333332768,0.8294583041820935,True,False,False
False,True,False,-17.033447265625,1.4393824824706656,309.774169921875,215.21324157714844,0.7333333333333333,0.7333333333333333,0.0,0,8,nearest,62,31,33.801845666666395,2.5786684502293076,False,True,False
True,True,True,3.273681640625,1.45558586564371,313.2613525390625,215.21324157714844,0.7333333333333333,0.7333333333333333,0.0,0,8,oracle,62,31,33.801845666666395,2.5786684502293076,False,True,False
True,True,True,33.10205078125,0.8685274442297879,223.81065368652344,257.6897888183594,0.7333333333333333,0.7333333333333333,0.0,0,8,nearest,62,32,0.2679314333331604,1.2881613987668454,True,True,True
True,True,True,42.0684814453125,1.0610909856597228,273.43231201171875,257.6897888183594,0.7333333333333333,0.7333333333333333,0.0,0,8,oracle,62,32,0.2679314333331604,1.2881613987668454,True,True,True
False,True,False,-26.58447265625,1.1326984280280714,32.929046630859375,29.071327209472656,0.7333333333333333,0.7333333333333333,0.0,0,9,nearest,62,33,-19.792232433333538,1.1595395463029021,True,False,False
False,True,False,-15.0113525390625,1.0369861120916053,30.146562576293945,29.071327209472656,0.7333333333333333,0.7333333333333333,0.0,0,9,oracle,62,33,-19.792232433333538,1.1595395463029021,True,False,False
False,True,False,-53.740966796875,1.1047228239239706,276.3222351074219,250.12811279296875,0.7333333333333333,0.7333333333333333,0.0,0,10,nearest,62,34,0.5441230999999789,1.1857169044874423,True,True,True
False,True,False,-7.0966796875,1.2021949689355966,300.7027587890625,250.12811279296875,0.7333333333333333,0.7333333333333333,0.0,0,10,oracle,62,34,0.5441230999999789,1.1857169044874423,True,True,True
False,False,False,-29.421875,2.016861229025106,601.011474609375,297.99346923828125,0.7333333333333333,0.7333333333333333,0.0,0,8,nearest,62,35,-10.719512900000154,0.7894824328763675,True,False,False
False,False,False,-48.76171875,1.7457416292442638,520.2196044921875,297.99346923828125,0.7333333333333333,0.7333333333333333,0.0,0,8,oracle,62,35,-10.719512900000154,0.7894824328763675,True,False,False
True,True,True,44.132568359375,1.0460067652116796,276.4281005859375,264.2698974609375,0.7333333333333333,0.7333333333333333,0.0,0,9,nearest,62,36,-1.9022718333335433,0.8603736853795632,True,False,False
True,True,True,50.448486328125,1.2415774361760064,328.1115417480469,264.2698974609375,0.7333333333333333,0.7333333333333333,0.0,0,9,oracle,62,36,-1.9022718333335433,0.8603736853795632,True,False,False
True,True,True,12.43408203125,1.319477029927627,1445.2686767578125,1095.33447265625,0.9166666666666666,0.8333333333333334,0.08333333333333326,0,8,nearest,62,37,100.90276403333337,1.5223855233705987,False,True,False
True,True,True,13.2490234375,1.3728339971781949,1503.71240234375,1095.33447265625,0.9166666666666666,0.8333333333333334,0.08333333333333326,0,8,oracle,62,37,100.90276403333337,1.5223855233705987,False,True,False
False,False,False,-86.0762939453125,1.5201970445178248,187.4784698486328,123.32511138916016,0.7333333333333333,0.7333333333333333,0.0,0,8,nearest,62,38,-131.34375646666672,13.900926648203365,False,False,False
False,False,False,-134.653564453125,1.8488223770295207,228.0062255859375,123.32511138916016,0.7333333333333333,0.7333333333333333,0.0,0,8,oracle,62,38,-131.34375646666672,13.900926648203365,False,False,False
False,True,False,-49.5625,1.0206888117372888,31.821199417114258,31.17620086669922,0.7333333333333333,0.7333333333333333,0.0,0,7,nearest,62,39,-8.752121266666563,0.968012403918855,True,False,False
False,True,False,-41.9586181640625,1.0280203958224587,32.04977035522461,31.17620086669922,0.7333333333333333,0.7333333333333333,0.0,0,7,oracle,62,39,-8.752121266666563,0.968012403918855,True,False,False
False,True,False,-21.323486328125,1.0245193387305196,61.4534912109375,59.98275375366211,0.7333333333333333,0.7333333333333333,0.0,1,12,nearest,62,0,18.72706556666685,0.9495772791613498,True,True,True
False,True,False,-13.412109375,1.195664062323619,71.71922302246094,59.98275375366211,0.7333333333333333,0.7333333333333333,0.0,1,12,oracle,62,0,18.72706556666685,0.9495772791613498,True,True,True
True,True,True,143.1805419921875,0.1856155245083627,109.0478744506836,587.4932861328125,0.7333333333333333,0.75,-0.01666666666666672,1,11,nearest,62,1,5.6697555333335,0.8966641551412599,True,True,True
True,True,True,82.56396484375,0.2646890184291917,155.50302124023438,587.4932861328125,0.7333333333333333,0.75,-0.01666666666666672,1,11,oracle,62,1,5.6697555333335,0.8966641551412599,True,True,True
False,False,False,-107.1536865234375,7.258149397328896,661.3928833007812,91.12417602539062,0.8166666666666667,0.7333333333333333,0.08333333333333337,1,13,nearest,62,2,-54.54698200000007,7.548189272211579,False,False,False
False,False,False,-117.4627685546875,6.4902501944937585,591.418701171875,91.12417602539062,0.75,0.7333333333333333,0.01666666666666672,1,13,oracle,62,2,-54.54698200000007,7.548189272211579,False,False,False
False,False,False,-59.638671875,1.5375435126016592,439.6729736328125,285.95806884765625,0.7333333333333333,0.7333333333333333,0.0,1,12,nearest,62,3,-2.2729858666666587,1.9345765328498585,False,False,False
False,True,False,-48.46630859375,1.4100866207327556,403.22564697265625,285.95806884765625,0.7333333333333333,0.7333333333333333,0.0,1,12,oracle,62,3,-2.2729858666666587,1.9345765328498585,False,False,False
True,True,True,3.2491455078125,1.034982036404386,31.423324584960938,30.36122703552246,0.7333333333333333,0.7333333333333333,0.0,1,12,nearest,62,4,0.7504206000000977,1.4221064796559881,True,True,True
False,True,False,-0.785400390625,1.1679904802272292,35.46162414550781,30.36122703552246,0.7333333333333333,0.7333333333333333,0.0,1,12,oracle,62,4,0.7504206000000977,1.4221064796559881,True,True,True
False,False,False,-61.6905517578125,4.395872900852303,174.06919860839844,39.598323822021484,0.7333333333333333,0.7333333333333333,0.0,1,12,nearest,62,5,4.31254233333334,9.222609972055324,False,True,False
False,False,False,-59.9334716796875,4.475305966602838,177.21461486816406,39.598323822021484,0.7333333333333333,0.7333333333333333,0.0,1,12,oracle,62,5,4.31254233333334,9.222609972055324,False,True,False
True,True,True,0.504638671875,1.0861227574179086,67.66357421875,62.298274993896484,0.7333333333333333,0.7333333333333333,0.0,1,12,nearest,62,6,-6.241225033333194,1.1379871930399925,True,False,False
False,True,False,-4.01611328125,0.9504371378348293,59.210594177246094,62.298274993896484,0.7333333333333333,0.7333333333333333,0.0,1,12,oracle,62,6,-6.241225033333194,1.1379871930399925,True,False,False
False,True,False,-36.9376220703125,1.4191430281825752,71.88424682617188,50.65327835083008,0.7333333333333333,0.7166666666666667,0.016666666666666607,1,11,nearest,62,7,-1.7549422000001869,1.0323545274288017,True,False,False
False,True,False,-22.59375,1.3034268374486093,66.02284240722656,50.65327835083008,0.7166666666666667,0.7166666666666667,0.0,1,11,oracle,62,7,-1.7549422000001869,1.0323545274288017,True,False,False
False,True,False,-31.8092041015625,1.0184846840883968,1281.0615234375,1257.811279296875,0.8333333333333334,0.8166666666666667,0.01666666666666672,1,12,nearest,62,8,-36.817784100000154,0.9157033858150655,True,False,False
False,True,False,-69.1395263671875,1.1020920051358745,1386.2237548828125,1257.811279296875,0.85,0.8166666666666667,0.033333333333333326,1,12,oracle,62,8,-36.817784100000154,0.9157033858150655,True,False,False
True,True,True,23.857421875,1.0278972062465401,341.4709777832031,332.20343017578125,0.7333333333333333,0.7333333333333333,0.0,1,13,nearest,62,9,-11.388467700000092,1.6642160916497464,False,False,False
True,True,True,29.981201171875,0.976480211272794,324.39007568359375,332.20343017578125,0.7333333333333333,0.7333333333333333,0.0,1,13,oracle,62,9,-11.388467700000092,1.6642160916497464,False,False,False
True,True,True,13.9248046875,0.7230106046024546,215.58303833007812,298.1741027832031,0.7333333333333333,0.7333333333333333,0.0,1,14,nearest,62,10,-17.45837396666684,1.7283014225133566,False,False,False
True,True,True,13.9248046875,0.7230106046024546,215.58303833007812,298.1741027832031,0.7333333333333333,0.7333333333333333,0.0,1,14,oracle,62,10,-17.45837396666684,1.7283014225133566,False,False,False
True,True,True,201.54052734375,1.1381901025591323,1790.496826171875,1573.1087646484375,0.9666666666666667,0.95,0.01666666666666672,1,15,nearest,62,11,109.63422716666719,1.4934501646893137,True,True,True
True,True,True,200.9384765625,1.2649672260380245,1989.9310302734375,1573.1087646484375,0.9666666666666667,0.95,0.01666666666666672,1,15,oracle,62,11,109.63422716666719,1.4934501646893137,True,True,True
False,False,False,-35.837158203125,1.5944685156441658,101.97637176513672,63.95634078979492,0.7166666666666667,0.7333333333333333,-0.016666666666666607,1,15,nearest,62,12,-158.5757423,3.1280358816753373,False,False,False
False,False,False,-35.837158203125,1.5944685156441658,101.97637176513672,63.95634078979492,0.7166666666666667,0.7333333333333333,-0.016666666666666607,1,15,oracle,62,12,-158.5757423,3.1280358816753373,False,False,False
False,False,False,-24.853759765625,2.9097925278002776,1837.8504638671875,631.6087646484375,0.8666666666666667,0.8166666666666667,0.050000000000000044,1,16,nearest,62,13,32.48159463333309,1.333933911540505,True,True,True
False,False,False,-67.63330078125,2.6520578592882798,1675.06298828125,631.6087646484375,0.85,0.8166666666666667,0.033333333333333326,1,16,oracle,62,13,32.48159463333309,1.333933911540505,True,True,True
False,False,False,-134.449462890625,4.202209855975843,296.0941467285156,70.46153259277344,0.7166666666666667,0.7,0.01666666666666672,1,14,nearest,62,14,-60.02494300000012,2.433134846445171,False,False,False
False,False,False,-148.8695068359375,4.280447670919733,301.6069030761719,70.46153259277344,0.7166666666666667,0.7,0.01666666666666672,1,14,oracle,62,14,-60.02494300000012,2.433134846445171,False,False,False
True,True,True,9.5150146484375,0.9981984490475855,30.865442276000977,30.9211483001709,0.7333333333333333,0.7333333333333333,0.0,1,13,nearest,62,15,-5.5865040000001045,1.0699814069186802,True,False,False
True,True,True,7.6312255859375,1.0178881314950843,31.47426986694336,30.9211483001709,0.7333333333333333,0.7333333333333333,0.0,1,13,oracle,62,15,-5.5865040000001045,1.0699814069186802,True,False,False
False,True,False,-35.248291015625,1.1619036056277703,702.6913452148438,604.7759399414062,0.8333333333333334,0.7333333333333333,0.10000000000000009,1,12,nearest,62,16,-8.918044433333534,0.6639998232869415,True,False,False
False,True,False,-9.3157958984375,0.4094921517555017,247.6510009765625,604.7759399414062,0.7333333333333333,0.7333333333333333,0.0,1,12,oracle,62,16,-8.918044433333534,0.6639998232869415,True,False,False
False,False,True,51.236328125,1.8067212714382954,356.2506103515625,197.18072509765625,0.7333333333333333,0.7333333333333333,0.0,1,14,nearest,62,17,-8.783500033333667,2.044632840051186,False,False,False
False,False,True,51.236328125,1.8067212714382954,356.2506103515625,197.18072509765625,0.7333333333333333,0.7333333333333333,0.0,1,14,oracle,62,17,-8.783500033333667,2.044632840051186,False,False,False
False,False,False,-2.455322265625,3.3346552272168157,317.27960205078125,95.14614868164062,0.7333333333333333,0.7333333333333333,0.0,1,14,nearest,62,18,-0.5214885666669034,7.150313371606714,False,False,False
False,False,False,-2.455322265625,3.3346552272168157,317.27960205078125,95.14614868164062,0.7333333333333333,0.7333333333333333,0.0,1,14,oracle,62,18,-0.5214885666669034,7.150313371606714,False,False,False
True,True,True,192.3759765625,1.2641780772870335,1566.6905517578125,1239.2957763671875,0.9666666666666667,0.9166666666666666,0.050000000000000044,1,14,nearest,62,19,66.59968103333313,1.8561027532616605,False,True,False
True,True,True,192.3759765625,1.2641780772870335,1566.6905517578125,1239.2957763671875,0.9666666666666667,0.9166666666666666,0.050000000000000044,1,14,oracle,62,19,66.59968103333313,1.8561027532616605,False,True,False
False,False,False,-7.000732421875,1.6885232815189446,76.65474700927734,45.39750671386719,0.7166666666666667,0.7,0.01666666666666672,1,15,nearest,62,20,-110.27342310000017,5.214936996242609,False,False,False
False,False,False,-26.5966796875,1.719178494278144,78.04641723632812,45.39750671386719,0.7333333333333333,0.7,0.033333333333333326,1,15,oracle,62,20,-110.27342310000017,5.214936996242609,False,False,False
True,True,True,1.650634765625,0.9934170240930864,30.293766021728516,30.494510650634766,0.7333333333333333,0.7333333333333333,0.0,1,15,nearest,62,21,-9.010450433333062,1.0666483153435755,True,False,False
False,True,False,-6.573486328125,0.9965317534391308,30.388748168945312,30.494510650634766,0.7333333333333333,0.7333333333333333,0.0,1,15,oracle,62,21,-9.010450433333062,1.0666483153435755,True,False,False
False,False,True,11.069580078125,1.8467576780730712,920.2387084960938,498.2996520996094,0.7333333333333333,0.7333333333333333,0.0,1,15,nearest,62,22,20.406603633333134,1.9726817898880378,False,True,False
False,False,True,19.7705078125,1.8978375129828409,945.6917724609375,498.2996520996094,0.7333333333333333,0.7333333333333333,0.0,1,15,oracle,62,22,20.406603633333134,1.9726817898880378,False,True,False
True,True,True,64.28564453125,1.3471866478395063,240.1342315673828,178.24867248535156,0.7333333333333333,0.7333333333333333,0.0,1,16,nearest,62,23,-43.32004889999985,12.422437216792112,False,False,False
True,True,True,79.72607421875,1.3695246541493729,244.11595153808594,178.24867248535156,0.7333333333333333,0.7333333333333333,0.0,1,16,oracle,62,23,-43.32004889999985,12.422437216792112,False,False,False
False,False,True,35.31005859375,2.0331590908001673,249.2168426513672,122.57616424560547,0.7333333333333333,0.7333333333333333,0.0,1,15,nearest,62,24,-31.431483166666567,6.6740069343243995,False,False,False
False,False,True,35.797607421875,2.7107316474735974,332.2710876464844,122.57616424560547,0.7333333333333333,0.7333333333333333,0.0,1,15,oracle,62,24,-31.431483166666567,6.6740069343243995,False,False,False
False,True,False,-1.4786376953125,1.4172693986230174,56.07392120361328,39.56475830078125,0.7333333333333333,0.7333333333333333,0.0,1,16,nearest,62,25,-7.832004733333406,0.9410480159759715,True,False,False
False,False,False,-11.7459716796875,1.5217667097584342,60.20833206176758,39.56475830078125,0.7333333333333333,0.7333333333333333,0.0,1,16,oracle,62,25,-7.832004733333406,0.9410480159759715,True,False,False
False,False,True,21.8748779296875,1.5645310379174817,430.064697265625,274.88409423828125,0.7333333333333333,0.7333333333333333,0.0,1,15,nearest,62,26,3.794414133333248,2.98106580016373,False,True,False
False,False,True,21.8748779296875,1.5645310379174817,430.064697265625,274.88409423828125,0.7333333333333333,0.7333333333333333,0.0,1,15,oracle,62,26,3.794414133333248,2.98106580016373,False,True,False
True,True,True,1.8763427734375,1.168471457895549,36.2625732421875,31.034196853637695,0.7333333333333333,0.7333333333333333,0.0,1,15,nearest,62,27,-19.79155056666673,1.114276950707128,True,False,False
True,True,True,1.8763427734375,1.168471457895549,36.2625732421875,31.034196853637695,0.7333333333333333,0.7333333333333333,0.0,1,15,oracle,62,27,-19.79155056666673,1.114276950707128,True,False,False
False,False,True,93.851806640625,1.5315191169024127,540.431396484375,352.8727722167969,0.7333333333333333,0.7333333333333333,0.0,1,15,nearest,62,28,-3.5103413000001638,3.263280008798295,False,False,False
False,False,True,93.851806640625,1.5315191169024127,540.431396484375,352.8727722167969,0.7333333333333333,0.7333333333333333,0.0,1,15,oracle,62,28,-3.5103413000001638,3.263280008798295,False,False,False
False,True,False,-65.097412109375,1.1695915447351588,559.420654296875,478.3042907714844,0.7333333333333333,0.7333333333333333,0.0,1,16,nearest,62,29,-30.569590366666716,1.876622138585856,False,False,False
True,True,True,10.05908203125,1.2124271720769537,579.9091186523438,478.3042907714844,0.7333333333333333,0.7333333333333333,0.0,1,16,oracle,62,29,-30.569590366666716,1.876622138585856,False,False,False
False,True,False,-20.864990234375,1.4357657862664435,357.17938232421875,248.77273559570312,0.7333333333333333,0.7333333333333333,0.0,1,15,nearest,62,30,-43.01109496666663,1.8130152717946224,False,False,False
False,True,False,-23.6693115234375,1.2370800996346198,307.7518005371094,248.77273559570312,0.7333333333333333,0.7333333333333333,0.0,1,15,oracle,62,30,-43.01109496666663,1.8130152717946224,False,False,False
False,False,True,157.247802734375,2.076562928174308,446.9038391113281,215.21324157714844,0.7333333333333333,0.7333333333333333,0.0,1,15,nearest,62,31,5.865168799999992,3.7628664323849694,False,True,False
False,False,True,102.473876953125,2.0307675400580605,437.0480651855469,215.21324157714844,0.7333333333333333,0.7333333333333333,0.0,1,15,oracle,62,31,5.865168799999992,3.7628664323849694,False,True,False
False,False,False,-64.8466796875,1.7018704096729753,438.55462646484375,257.6897888183594,0.7333333333333333,0.7333333333333333,0.0,1,15,nearest,62,32,-73.27006476666656,1.1693589739466987,True,False,False
False,False,False,-52.1640625,1.6669563010519093,429.5576171875,257.6897888183594,0.7333333333333333,0.7333333333333333,0.0,1,15,oracle,62,32,-73.27006476666656,1.1693589739466987,True,False,False
False,True,False,-3.872314453125,1.0200339226183244,29.65373992919922,29.071327209472656,0.7333333333333333,0.7333333333333333,0.0,1,15,nearest,62,33,-35.108968800000184,1.078578076753348,True,False,False
False,True,False,-2.313720703125,1.0242889463859395,29.77743911743164,29.071327209472656,0.7333333333333333,0.7333333333333333,0.0,1,15,oracle,62,33,-35.108968800000184,1.078578076753348,True,False,False
False,True,False,-30.931396484375,1.0123229697476805,253.21043395996094,250.12811279296875,0.7333333333333333,0.7333333333333333,0.0,1,16,nearest,62,34,-15.788262533333409,1.4478142227788524,True,False,False
True,True,True,5.257080078125,1.4535836005913962,363.5821228027344,250.12811279296875,0.7333333333333333,0.7333333333333333,0.0,1,16,oracle,62,34,-15.788262533333409,1.4478142227788524,True,False,False
True,True,True,115.1871337890625,1.2004967919997132,357.7402038574219,297.99346923828125,0.7333333333333333,0.7333333333333333,0.0,1,16,nearest,62,35,-131.06721073333324,1.1963414097578846,True,False,False
True,True,True,107.8455810546875,1.0148736513853542,302.42572021484375,297.99346923828125,0.7166666666666667,0.7333333333333333,-0.016666666666666607,1,16,oracle,62,35,-131.06721073333324,1.1963414097578846,True,False,False
False,False,True,228.08203125,2.3375041976554103,617.7319946289062,264.2698974609375,0.7333333333333333,0.7333333333333333,0.0,1,17,nearest,62,36,-17.00381900000002,2.774557541741526,False,False,False
False,False,True,256.1373291015625,2.2677584497013488,599.30029296875,264.2698974609375,0.7333333333333333,0.7333333333333333,0.0,1,17,oracle,62,36,-17.00381900000002,2.774557541741526,False,False,False
True,True,True,47.94287109375,1.365307512108575,1495.4683837890625,1095.33447265625,0.9,0.8333333333333334,0.06666666666666665,1,15,nearest,62,37,85.86767529999997,1.273235101357509,True,True,True
True,True,True,42.60107421875,1.42897810983642,1565.208984375,1095.33447265625,0.9833333333333333,0.8333333333333334,0.1499999999999999,1,15,oracle,62,37,85.86767529999997,1.273235101357509,True,True,True
False,True,False,-27.091552734375,1.4156570191077726,174.5860595703125,123.32511138916016,0.7166666666666667,0.7333333333333333,-0.016666666666666607,1,16,nearest,62,38,-196.83066910000002,9.641902879766,False,False,False
False,True,False,-15.579345703125,0.7632165956085536,94.12377166748047,123.32511138916016,0.7166666666666667,0.7333333333333333,-0.016666666666666607,1,16,oracle,62,38,-196.83066910000002,9.641902879766,False,False,False
True,True,True,11.671142578125,0.9591699342710459,29.903274536132812,31.17620086669922,0.7333333333333333,0.7333333333333333,0.0,1,17,nearest,62,39,-21.693746133333207,1.0197710662206159,True,False,False
True,True,True,2.593994140625,0.991011671361592,30.895978927612305,31.17620086669922,0.7333333333333333,0.7333333333333333,0.0,1,17,oracle,62,39,-21.693746133333207,1.0197710662206159,True,False,False
False,False,False,-113.445068359375,2.3076073133254713,138.41664123535156,59.98275375366211,0.7166666666666667,0.7333333333333333,-0.016666666666666607,2,11,nearest,62,0,14.768594800000074,0.9483688168250687,True,True,True
False,True,False,-14.207763671875,0.9661232530738288,57.95073318481445,59.98275375366211,0.7333333333333333,0.7333333333333333,0.0,2,11,oracle,62,0,14.768594800000074,0.9483688168250687,True,True,True
True,True,True,19.405029296875,0.8463467833845342,497.2230529785156,587.4932861328125,0.7166666666666667,0.75,-0.033333333333333326,2,10,nearest,62,1,2.6823399333334237,0.9273186282409611,True,True,True
True,True,True,44.7386474609375,0.7148462052321493,419.96734619140625,587.4932861328125,0.7166666666666667,0.75,-0.033333333333333326,2,10,oracle,62,1,2.6823399333334237,0.9273186282409611,True,True,True
False,False,True,22.0345458984375,1.6237290088236367,147.96096801757812,91.12417602539062,0.7333333333333333,0.7333333333333333,0.0,2,10,nearest,62,2,0.13034123333318348,2.0881845880649434,False,True,False
False,False,True,20.085205078125,1.6207172440862343,147.6865234375,91.12417602539062,0.7333333333333333,0.7333333333333333,0.0,2,10,oracle,62,2,0.13034123333318348,2.0881845880649434,False,True,False
False,True,False,-6.62744140625,0.6731383201814589,192.4893341064453,285.95806884765625,0.7333333333333333,0.7333333333333333,0.0,2,11,nearest,62,3,-55.576019433333386,1.8232571678324219,False,False,False
False,True,False,-120.771728515625,0.9521334168029665,272.2702331542969,285.95806884765625,0.7333333333333333,0.7333333333333333,0.0,2,11,oracle,62,3,-55.576019433333386,1.8232571678324219,False,False,False
True,True,True,1.885986328125,1.1990798859682799,36.40553665161133,30.36122703552246,0.7166666666666667,0.7333333333333333,-0.016666666666666607,2,12,nearest,62,4,-26.48847703333331,1.351181864645245,True,False,False
False,True,False,-1.7890625,1.3085709679974786,39.729820251464844,30.36122703552246,0.7166666666666667,0.7333333333333333,-0.016666666666666607,2,12,oracle,62,4,-26.48847703333331,1.351181864645245,True,False,False
True,True,True,3.9498291015625,1.4581497954378335,57.74028778076172,39.598323822021484,0.7333333333333333,0.7333333333333333,0.0,2,12,nearest,62,5,1.7479988000002322,1.0210561449749778,True,True,True
False,True,False,-5.4071044921875,1.0502505524079224,41.58816146850586,39.598323822021484,0.7166666666666667,0.7333333333333333,-0.016666666666666607,2,12,oracle,62,5,1.7479988000002322,1.0210561449749778,True,True,True
False,True,False,-68.519775390625,1.3464887494849558,83.88392639160156,62.298274993896484,0.7333333333333333,0.7333333333333333,0.0,2,11,nearest,62,6,-19.447796299999936,1.071527032533578,True,False,False
False,True,False,-37.939697265625,1.11407871071174,69.40518188476562,62.298274993896484,0.7333333333333333,0.7333333333333333,0.0,2,11,oracle,62,6,-19.447796299999936,1.071527032533578,True,False,False
False,True,False,-19.5810546875,1.209930930960105,61.28696823120117,50.65327835083008,0.7166666666666667,0.7166666666666667,0.0,2,11,nearest,62,7,-2.5914484000002176,1.1191268029143153,True,False,False
False,True,False,-13.7913818359375,1.4414484880128733,73.01409149169922,50.65327835083008,0.7166666666666667,0.7166666666666667,0.0,2,11,oracle,62,7,-2.5914484000002176,1.1191268029143153,True,False,False
False,True,False,-43.9822998046875,0.9726977607703423,1223.47021484375,1257.811279296875,0.8,0.8166666666666667,-0.016666666666666607,2,11,nearest,62,8,5.281910733333234,1.1649217900510924,True,True,True
False,True,False,-78.0838623046875,1.0369920778261625,1304.34033203125,1257.811279296875,0.8333333333333334,0.8166666666666667,0.01666666666666672,2,11,oracle,62,8,5.281910733333234,1.1649217900510924,True,True,True
True,True,True,34.9842529296875,0.9339408736756178,310.25836181640625,332.20343017578125,0.7166666666666667,0.7333333333333333,-0.016666666666666607,2,11,nearest,62,9,-34.290314966666756,2.391979208760095,False,False,False
False,False,True,21.28662109375,1.615291408627989,536.6053466796875,332.20343017578125,0.7333333333333333,0.7333333333333333,0.0,2,11,oracle,62,9,-34.290314966666756,2.391979208760095,False,False,False
False,True,False,-68.2777099609375,1.045455592197343,311.727783203125,298.1741027832031,0.7333333333333333,0.7333333333333333,0.0,2,11,nearest,62,10,-37.500049033333426,1.0342235560213047,True,False,False
False,True,False,-60.5546875,0.9802091362335192,292.2729797363281,298.1741027832031,0.7333333333333333,0.7333333333333333,0.0,2,11,oracle,62,10,-37.500049033333426,1.0342235560213047,True,False,False
True,True,True,57.493408203125,0.9868554960472672,1552.4310302734375,1573.1087646484375,0.9833333333333333,0.95,0.033333333333333326,2,11,nearest,62,11,80.52500143333327,1.8686971585587187,False,True,False
True,True,True,60.16650390625,1.1996677713279067,1887.2078857421875,1573.1087646484375,0.95,0.95,0.0,2,11,oracle,62,11,80.52500143333327,1.8686971585587187,False,True,False
False,True,False,-26.2801513671875,1.2209913877506737,78.09014129638672,63.95634078979492,0.7,0.7333333333333333,-0.033333333333333326,2,11,nearest,62,12,-136.33609279999996,5.214265456631638,False,False,False
False,False,False,-127.387939453125,4.7680140686640655,304.9447326660156,63.95634078979492,0.6833333333333333,0.7333333333333333,-0.04999999999999993,2,11,oracle,62,12,-136.33609279999996,5.214265456631638,False,False,False
False,False,False,-174.435302734375,1.9883460803816828,1255.8568115234375,631.6087646484375,0.8166666666666667,0.8166666666666667,0.0,2,10,nearest,62,13,-19.648349666666945,1.397675693833393,True,False,False
False,False,False,-159.56884765625,2.1007891361248703,1326.8768310546875,631.6087646484375,0.8333333333333334,0.8166666666666667,0.01666666666666672,2,10,oracle,62,13,-19.648349666666945,1.397675693833393,True,False,False
False,False,False,-24.25439453125,3.1568487539540215,222.4364013671875,70.46153259277344,0.7166666666666667,0.7,0.01666666666666672,2,11,nearest,62,14,-16.49777816666665,1.9380852050899344,False,False,False
False,False,False,-49.2552490234375,5.1310514367658655,361.541748046875,70.46153259277344,0.7166666666666667,0.7,0.01666666666666672,2,11,oracle,62,14,-16.49777816666665,1.9380852050899344,False,False,False
False,True,False,-14.05322265625,0.9838904112225411,30.42302131652832,30.9211483001709,0.7333333333333333,0.7333333333333333,0.0,2,10,nearest,62,15,-9.914027666666698,1.0120206528263118,True,False,False
False,True,False,-9.8917236328125,0.9976604387960291,30.848806381225586,30.9211483001709,0.7333333333333333,0.7333333333333333,0.0,2,10,oracle,62,15,-9.914027666666698,1.0120206528263118,True,False,False
True,True,True,12.462158203125,0.2824283108625606,170.80584716796875,604.7759399414062,0.7333333333333333,0.7333333333333333,0.0,2,11,nearest,62,16,1.2589064999999664,0.789697198678068,True,True,True
True,True,True,5.9110107421875,0.31218095423503245,188.79953002929688,604.7759399414062,0.7333333333333333,0.7333333333333333,0.0,2,11,oracle,62,16,1.2589064999999664,0.789697198678068,True,True,True
True,True,True,15.79638671875,0.810883102845315,159.89051818847656,197.18072509765625,0.7333333333333333,0.7333333333333333,0.0,2,8,nearest,62,17,-11.890593566666894,1.6443266634126905,False,False,False
False,True,False,-90.640380859375,1.4815226788509535,292.1277160644531,197.18072509765625,0.7333333333333333,0.7333333333333333,0.0,2,8,oracle,62,17,-11.890593566666894,1.6443266634126905,False,False,False
False,True,False,-35.798583984375,1.3849498468285932,131.77264404296875,95.14614868164062,0.7,0.7333333333333333,-0.033333333333333326,2,8,nearest,62,18,-56.748517966666896,8.025051377057453,False,False,False
False,False,False,-41.3887939453125,1.6973428585816241,161.49563598632812,95.14614868164062,0.7333333333333333,0.7333333333333333,0.0,2,8,oracle,62,18,-56.748517966666896,8.025051377057453,False,False,False
True,True,True,69.4951171875,1.0518379509847562,1303.538330078125,1239.2957763671875,0.95,0.9166666666666666,0.033333333333333326,2,8,nearest,62,19,37.807527700000264,1.584380085575503,False,True,False
True,True,True,73.639892578125,1.2171860180406215,1508.4534912109375,1239.2957763671875,0.95,0.9166666666666666,0.033333333333333326,2,8,oracle,62,19,37.807527700000264,1.584380085575503,False,True,False
False,False,False,-57.1072998046875,5.0652601144606475,229.95018005371094,45.39750671386719,0.7333333333333333,0.7,0.033333333333333326,2,8,nearest,62,20,-101.25730540000018,12.07996023070583,False,False,False
False,False,False,-88.5638427734375,6.1092031348786335,277.34259033203125,45.39750671386719,0.7333333333333333,0.7,0.033333333333333326,2,8,oracle,62,20,-101.25730540000018,12.07996023070583,False,False,False
False,True,False,-11.118408203125,1.001230430051315,30.532032012939453,30.494510650634766,0.7333333333333333,0.7333333333333333,0.0,2,8,nearest,62,21,-18.265982199999826,1.078230582781586,True,False,False
False,True,False,-15.7442626953125,1.0132798504069263,30.899473190307617,30.494510650634766,0.7333333333333333,0.7333333333333333,0.0,2,8,oracle,62,21,-18.265982199999826,1.078230582781586,True,False,False
False,True,False,-3.259033203125,1.004891879936182,500.7372741699219,498.2996520996094,0.7333333333333333,0.7333333333333333,0.0,2,8,nearest,62,22,-10.10978950000026,0.917682100314543,True,False,False
False,True,False,-13.1285400390625,1.0453969961201677,520.9209594726562,498.2996520996094,0.7333333333333333,0.7333333333333333,0.0,2,8,oracle,62,22,-10.10978950000026,0.917682100314543,True,False,False
False,False,True,44.299072265625,1.62121745070604,288.9798583984375,178.24867248535156,0.7333333333333333,0.7333333333333333,0.0,2,7,nearest,62,23,-6.317396533333067,4.907422997437625,False,False,False
False,False,True,24.5205078125,1.7364352207147844,309.51727294921875,178.24867248535156,0.7333333333333333,0.7333333333333333,0.0,2,7,oracle,62,23,-6.317396533333067,4.907422997437625,False,False,False
False,True,False,-13.037109375,1.0460473700763642,128.22047424316406,122.57616424560547,0.7333333333333333,0.7333333333333333,0.0,2,7,nearest,62,24,-19.414420899999868,0.5692464093824104,True,False,False
True,True,True,8.36328125,0.7293785010776904,89.4044189453125,122.57616424560547,0.7333333333333333,0.7333333333333333,0.0,2,7,oracle,62,24,-19.414420899999868,0.5692464093824104,True,False,False
False,False,True,5.85205078125,2.0816202684545124,82.35880279541016,39.56475830078125,0.7333333333333333,0.7333333333333333,0.0,2,6,nearest,62,25,-19.335988633333272,2.132881434966157,False,False,False
False,True,False,-13.4151611328125,1.2806373210701774,50.66810607910156,39.56475830078125,0.7333333333333333,0.7333333333333333,0.0,2,6,oracle,62,25,-19.335988633333272,2.132881434966157,False,False,False
False,True,False,-22.6646728515625,1.1019236179311194,302.9012756347656,274.88409423828125,0.7333333333333333,0.7333333333333333,0.0,2,7,nearest,62,26,-19.82901066666659,0.9856360840704168,True,False,False
False,True,False,-5.7410888671875,1.1195270289923775,307.74017333984375,274.88409423828125,0.7333333333333333,0.7333333333333333,0.0,2,7,oracle,62,26,-19.82901066666659,0.9856360840704168,True,False,False
True,True,True,33.314453125,1.0184325877856342,31.606237411499023,31.034196853637695,0.7333333333333333,0.7333333333333333,0.0,2,7,nearest,62,27,-28.578075633333356,1.2027480918715185,True,False,False
False,True,False,-7.137939453125,1.1022619152758826,34.20781326293945,31.034196853637695,0.7333333333333333,0.7333333333333333,0.0,2,7,oracle,62,27,-28.578075633333356,1.2027480918715185,True,False,False
True,True,True,115.6007080078125,0.6162046660298618,217.4418487548828,352.8727722167969,0.7333333333333333,0.7333333333333333,0.0,2,7,nearest,62,28,-30.1054903666668,1.915208660953367,False,False,False
True,True,True,62.612060546875,0.6245146236660502,220.37420654296875,352.8727722167969,0.7333333333333333,0.7333333333333333,0.0,2,7,oracle,62,28,-30.1054903666668,1.915208660953367,False,False,False
True,True,True,40.796142578125,0.47448401159313025,226.94773864746094,478.3042907714844,0.7333333333333333,0.7333333333333333,0.0,2,7,nearest,62,29,-5.072412433333511,1.4205256508730637,True,False,False
True,True,True,35.2012939453125,0.390308123964187,186.68605041503906,478.3042907714844,0.7333333333333333,0.7333333333333333,0.0,2,7,oracle,62,29,-5.072412433333511,1.4205256508730637,True,False,False
False,True,False,-72.1943359375,1.2522227953754914,311.5188903808594,248.77273559570312,0.7333333333333333,0.7333333333333333,0.0,2,7,nearest,62,30,-29.10181426666645,0.938884912099977,True,False,False
False,True,False,-61.866943359375,1.0453538703486414,260.0555419921875,248.77273559570312,0.7333333333333333,0.7333333333333333,0.0,2,7,oracle,62,30,-29.10181426666645,0.938884912099977,True,False,False
True,True,True,182.5625,0.8777101738735548,188.8948516845703,215.21324157714844,0.7333333333333333,0.7333333333333333,0.0,2,8,nearest,62,31,9.845495233333168,2.2754320738340805,False,True,False
True,True,True,173.85107421875,1.1083374721670083,238.52890014648438,215.21324157714844,0.7333333333333333,0.7333333333333333,0.0,2,8,oracle,62,31,9.845495233333168,2.2754320738340805,False,True,False
False,True,False,-26.1956787109375,0.8904650283947888,229.4637451171875,257.6897888183594,0.7333333333333333,0.7333333333333333,0.0,2,8,nearest,62,32,-18.389803533333406,1.0737661842589477,True,False,False
False,True,False,-44.171142578125,0.9660108699938738,248.93113708496094,257.6897888183594,0.7333333333333333,0.7333333333333333,0.0,2,8,oracle,62,32,-18.389803533333406,1.0737661842589477,True,False,False
True,True,True,37.2857666015625,1.022719178928821,29.73180389404297,29.071327209472656,0.7333333333333333,0.7333333333333333,0.0,2,9,nearest,62,33,-29.992881900000157,1.0546219640231227,True,False,False
True,True,True,5.8360595703125,1.0388623404612123,30.201107025146484,29.071327209472656,0.7333333333333333,0.7333333333333333,0.0,2,9,oracle,62,33,-29.992881900000157,1.0546219640231227,True,False,False
False,True,False,-19.7066650390625,1.1708062689554353,292.8515625,250.12811279296875,0.7333333333333333,0.7333333333333333,0.0,2,10,nearest,62,34,-25.233919433333313,0.7026394925209132,True,False,False
False,True,False,-89.20947265625,1.4771558715394626,369.47821044921875,250.12811279296875,0.7333333333333333,0.7333333333333333,0.0,2,10,oracle,62,34,-25.233919433333313,0.7026394925209132,True,False,False
False,True,False,-34.129638671875,1.0823552303461978,322.5347900390625,297.99346923828125,0.7333333333333333,0.7333333333333333,0.0,2,9,nearest,62,35,0.15501999999992222,0.788799427945216,True,True,True
False,True,False,-30.73681640625,1.39944165945528,417.02447509765625,297.99346923828125,0.7333333333333333,0.7333333333333333,0.0,2,9,oracle,62,35,0.15501999999992222,0.788799427945216,True,True,True
True,True,True,63.17578125,1.2769037955119384,337.4472351074219,264.2698974609375,0.7333333333333333,0.7333333333333333,0.0,2,9,nearest,62,36,-40.231951699999854,1.7212548340709453,False,False,False
True,True,True,37.6123046875,1.279592027156925,338.15765380859375,264.2698974609375,0.7333333333333333,0.7333333333333333,0.0,2,9,oracle,62,36,-40.231951699999854,1.7212548340709453,False,False,False
True,True,True,50.9765625,1.2923251807091958,1415.5283203125,1095.33447265625,0.85,0.8333333333333334,0.016666666666666607,2,10,nearest,62,37,52.581156633333194,1.7867317201652058,False,True,False
True,True,True,50.9765625,1.2923251807091958,1415.5283203125,1095.33447265625,0.85,0.8333333333333334,0.016666666666666607,2,10,oracle,62,37,52.581156633333194,1.7867317201652058,False,True,False
True,True,True,8.718505859375,1.0667283905212104,131.5543975830078,123.32511138916016,0.7333333333333333,0.7333333333333333,0.0,2,10,nearest,62,38,-156.76538199999982,18.302379069111307,False,False,False
True,True,True,8.718505859375,1.0667283905212104,131.5543975830078,123.32511138916016,0.7333333333333333,0.7333333333333333,0.0,2,10,oracle,62,38,-156.76538199999982,18.302379069111307,False,False,False
False,True,False,-6.0062255859375,1.0139618048188508,31.61147689819336,31.17620086669922,0.7333333333333333,0.7333333333333333,0.0,2,10,nearest,62,39,-22.37306046666663,1.0646953681608173,True,False,False
False,True,False,-36.2340087890625,1.004342041153339,31.311569213867188,31.17620086669922,0.7333333333333333,0.7333333333333333,0.0,2,10,oracle,62,39,-22.37306046666663,1.0646953681608173,True,False,False
False,True,False,-10.4468994140625,0.9992606263028154,59.93840408325195,59.98275375366211,0.7333333333333333,0.7333333333333333,0.0,5,6,nearest,62,0,13.3473045333335,0.9704659905067647,True,True,True
False,True,False,-48.565185546875,1.2836186243566332,76.99497985839844,59.98275375366211,0.7333333333333333,0.7333333333333333,0.0,5,6,oracle,62,0,13.3473045333335,0.9704659905067647,True,True,True
True,True,True,97.7864990234375,0.32583221737282986,191.4242401123047,587.4932861328125,0.7333333333333333,0.75,-0.01666666666666672,5,7,nearest,62,1,3.3252081000000544,0.9420700980139742,True,True,True
True,True,True,59.94287109375,0.4246098899900161,249.45545959472656,587.4932861328125,0.7333333333333333,0.75,-0.01666666666666672,5,7,oracle,62,1,3.3252081000000544,0.9420700980139742,True,True,True
True,True,True,44.50830078125,0.7658789125228528,69.79008483886719,91.12417602539062,0.7333333333333333,0.7333333333333333,0.0,5,7,nearest,62,2,-18.845238999999992,3.2973286921601397,False,False,False
True,True,True,46.459716796875,0.901224716230006,82.12335968017578,91.12417602539062,0.7333333333333333,0.7333333333333333,0.0,5,7,oracle,62,2,-18.845238999999992,3.2973286921601397,False,False,False
False,True,False,-4.44775390625,0.9343937007605114,267.1974182128906,285.95806884765625,0.7333333333333333,0.7333333333333333,0.0,5,8,nearest,62,3,-9.26335620000009,1.074133994719162,True,False,False
False,True,False,-37.0185546875,1.2850923035975255,367.4825134277344,285.95806884765625,0.7333333333333333,0.7333333333333333,0.0,5,8,oracle,62,3,-9.26335620000009,1.074133994719162,True,False,False
False,True,False,-3.5362548828125,1.0234211187102522,31.07232093811035,30.36122703552246,0.7333333333333333,0.7333333333333333,0.0,5,7,nearest,62,4,2.350205066666831,0.8729296766390969,True,True,True
False,True,False,-1.2352294921875,1.0860815853623065,32.974769592285156,30.36122703552246,0.7333333333333333,0.7333333333333333,0.0,5,7,oracle,62,4,2.350205066666831,0.8729296766390969,True,True,True
False,False,False,-36.271240234375,3.688927170204258,146.07533264160156,39.598323822021484,0.7333333333333333,0.7333333333333333,0.0,5,7,nearest,62,5,0.8653949666668268,0.8988846708080834,True,True,True
False,False,False,-115.6552734375,4.4515575075986495,176.2742156982422,39.598323822021484,0.7166666666666667,0.7333333333333333,-0.016666666666666607,5,7,oracle,62,5,0.8653949666668268,0.8988846708080834,True,True,True
True,True,True,23.609130859375,1.2780492261430463,79.6202621459961,62.298274993896484,0.7333333333333333,0.7333333333333333,0.0,5,5,nearest,62,6,-21.01102406666655,1.144697025146817,True,False,False
False,False,False,-37.3603515625,1.587287558188756,98.8852767944336,62.298274993896484,0.7333333333333333,0.7333333333333333,0.0,5,5,oracle,62,6,-21.01102406666655,1.144697025146817,True,False,False
True,True,True,3.1695556640625,0.8490685624296747,43.00810623168945,50.65327835083008,0.7333333333333333,0.7166666666666667,0.016666666666666607,5,5,nearest,62,7,-0.484175633333507,1.0972293403021627,True,False,False
True,True,True,15.2958984375,0.7367614284585712,37.31938171386719,50.65327835083008,0.7333333333333333,0.7166666666666667,0.016666666666666607,5,5,oracle,62,7,-0.484175633333507,1.0972293403021627,True,False,False
False,True,False,-34.0565185546875,0.8622874245801869,1084.5948486328125,1257.811279296875,0.8,0.8166666666666667,-0.016666666666666607,5,4,nearest,62,8,-2.1927924666665604,0.9932948758017908,True,False,False
False,True,False,-31.9931640625,0.7060453280719411,888.07177734375,1257.811279296875,0.8166666666666667,0.8166666666666667,0.0,5,4,oracle,62,8,-2.1927924666665604,0.9932948758017908,True,False,False
True,True,True,68.005126953125,0.731107499217777,242.8764190673828,332.20343017578125,0.7333333333333333,0.7333333333333333,0.0,5,5,nearest,62,9,-26.794813500000146,1.4367099728513775,True,False,False
True,True,True,68.005126953125,0.731107499217777,242.8764190673828,332.20343017578125,0.7333333333333333,0.7333333333333333,0.0,5,5,oracle,62,9,-26.794813500000146,1.4367099728513775,True,False,False
True,True,True,49.9583740234375,0.4927042631805783,146.91165161132812,298.1741027832031,0.7333333333333333,0.7333333333333333,0.0,5,5,nearest,62,10,-31.787659133333364,2.043542248711771,False,False,False
True,True,True,49.9583740234375,0.4927042631805783,146.91165161132812,298.1741027832031,0.7333333333333333,0.7333333333333333,0.0,5,5,oracle,62,10,-31.787659133333364,2.043542248711771,False,False,False
True,True,True,57.987548828125,0.9581184220542602,1507.2244873046875,1573.1087646484375,0.9833333333333333,0.95,0.033333333333333326,5,5,nearest,62,11,-22.403558366666402,1.0875607122198734,True,False,False
True,True,True,31.008544921875,0.973068945092876,1530.7432861328125,1573.1087646484375,0.9833333333333333,0.95,0.033333333333333326,5,5,oracle,62,11,-22.403558366666402,1.0875607122198734,True,False,False
True,True,True,23.0721435546875,0.8736826358895156,55.87754440307617,63.95634078979492,0.7166666666666667,0.7333333333333333,-0.016666666666666607,5,5,nearest,62,12,-1.210080299999845,1.0742572997229898,True,False,False
True,True,True,26.0335693359375,0.8736405262841774,55.87485122680664,63.95634078979492,0.7166666666666667,0.7333333333333333,-0.016666666666666607,5,5,oracle,62,12,-1.210080299999845,1.0742572997229898,True,False,False
True,True,True,35.11181640625,0.9511750650687969,600.7705078125,631.6087646484375,0.8166666666666667,0.8166666666666667,0.0,5,5,nearest,62,13,4.62865069999998,0.9901217694367158,True,True,True
True,True,True,49.193359375,1.180141662216651,745.3878173828125,631.6087646484375,0.8166666666666667,0.8166666666666667,0.0,5,5,oracle,62,13,4.62865069999998,0.9901217694367158,True,True,True
True,True,True,44.2509765625,0.9697966571288676,68.33335876464844,70.46153259277344,0.7,0.7,0.0,5,4,nearest,62,14,-13.20142143333328,0.842551807862076,True,False,False
False,False,False,-1.930908203125,1.8145155439847875,127.85354614257812,70.46153259277344,0.7166666666666667,0.7,0.01666666666666672,5,4,oracle,62,14,-13.20142143333328,0.842551807862076,True,False,False
False,True,False,-10.4354248046875,0.9636628418920369,29.797561645507812,30.9211483001709,0.7333333333333333,0.7333333333333333,0.0,5,4,nearest,62,15,-7.655597133333458,1.0433885195640122,True,False,False
False,True,False,-12.7264404296875,0.9613586257779698,29.7263126373291,30.9211483001709,0.7333333333333333,0.7333333333333333,0.0,5,4,oracle,62,15,-7.655597133333458,1.0433885195640122,True,False,False
True,True,True,58.9979248046875,0.36894790097015245,223.1308135986328,604.7759399414062,0.7333333333333333,0.7333333333333333,0.0,5,4,nearest,62,16,-4.02132030000007,0.6539386885826429,True,False,False
True,True,True,120.4266357421875,0.14556315901390796,88.03309631347656,604.7759399414062,0.7333333333333333,0.7333333333333333,0.0,5,4,oracle,62,16,-4.02132030000007,0.6539386885826429,True,False,False
True,True,True,47.6534423828125,1.0159952040002365,200.3346710205078,197.18072509765625,0.7333333333333333,0.7333333333333333,0.0,5,6,nearest,62,17,0.13575769999988552,0.7857258109763648,True,True,True
True,True,True,41.8609619140625,1.34236517015832,264.68853759765625,197.18072509765625,0.7333333333333333,0.7333333333333333,0.0,5,6,oracle,62,17,0.13575769999988552,0.7857258109763648,True,True,True
False,False,True,36.1885986328125,3.3930566572228873,322.8362731933594,95.14614868164062,0.7333333333333333,0.7333333333333333,0.0,5,6,nearest,62,18,-18.36624330000018,6.486719249757702,False,False,False
False,False,True,35.3839111328125,3.641835183011846,346.506591796875,95.14614868164062,0.7333333333333333,0.7333333333333333,0.0,5,6,oracle,62,18,-18.36624330000018,6.486719249757702,False,False,False
True,True,True,67.339599609375,1.0861968275006548,1346.119140625,1239.2957763671875,0.9833333333333333,0.9166666666666666,0.06666666666666665,5,7,nearest,62,19,-33.49386996666681,1.0455987117837293,True,False,False
True,True,True,71.893310546875,1.090778345935226,1351.7969970703125,1239.2957763671875,0.9833333333333333,0.9166666666666666,0.06666666666666665,5,7,oracle,62,19,-33.49386996666681,1.0455987117837293,True,False,False
True,True,True,11.015869140625,1.0852345965996577,49.266944885253906,45.39750671386719,0.6666666666666666,0.7,-0.033333333333333326,5,7,nearest,62,20,-9.941659633333302,1.2986966507988968,True,False,False
True,True,True,13.512939453125,1.0293854538108902,46.73153305053711,45.39750671386719,0.6833333333333333,0.7,-0.016666666666666607,5,7,oracle,62,20,-9.941659633333302,1.2986966507988968,True,False,False
False,True,False,-4.675537109375,0.962686858429115,29.356664657592773,30.494510650634766,0.7333333333333333,0.7333333333333333,0.0,5,7,nearest,62,21,-1.909318966666433,1.0114121649227068,True,False,False
False,True,False,-4.2340087890625,0.9638446710907608,29.391971588134766,30.494510650634766,0.7333333333333333,0.7333333333333333,0.0,5,7,oracle,62,21,-1.909318966666433,1.0114121649227068,True,False,False
True,True,True,14.411376953125,0.764972900089985,381.18572998046875,498.2996520996094,0.7333333333333333,0.7333333333333333,0.0,5,7,nearest,62,22,6.858160399999861,0.8322471387823595,True,True,True
True,True,True,14.63330078125,0.7577738577901915,377.59844970703125,498.2996520996094,0.7333333333333333,0.7333333333333333,0.0,5,7,oracle,62,22,6.858160399999861,0.8322471387823595,True,True,True
True,True,True,25.031982421875,0.7579837018654383,135.10958862304688,178.24867248535156,0.7333333333333333,0.7333333333333333,0.0,5,7,nearest,62,23,-22.835088999999698,0.9526434006840487,True,False,False
True,True,True,18.681884765625,0.7170873601071076,127.81986999511719,178.24867248535156,0.7333333333333333,0.7333333333333333,0.0,5,7,oracle,62,23,-22.835088999999698,0.9526434006840487,True,False,False
False,True,False,-1.364990234375,1.406663872827495,172.4234619140625,122.57616424560547,0.7333333333333333,0.7333333333333333,0.0,5,7,nearest,62,24,-27.856779966666636,3.5984628934744975,False,False,False
False,False,True,6.568359375,2.777448178339472,340.4489440917969,122.57616424560547,0.7333333333333333,0.7333333333333333,0.0,5,7,oracle,62,24,-27.856779966666636,3.5984628934744975,False,False,False
True,True,True,0.4769287109375,0.959281075823513,37.9537239074707,39.56475830078125,0.7333333333333333,0.7333333333333333,0.0,5,7,nearest,62,25,-44.0325289333332,2.007958379892395,False,False,False
False,True,False,-20.282470703125,1.0178317577584464,40.270267486572266,39.56475830078125,0.7333333333333333,0.7333333333333333,0.0,5,7,oracle,62,25,-44.0325289333332,2.007958379892395,False,False,False
False,False,True,33.004150390625,1.5626767851595833,429.55499267578125,274.88409423828125,0.7333333333333333,0.7333333333333333,0.0,5,7,nearest,62,26,4.443997666666746,2.3270396136380302,False,True,False
True,True,True,25.30908203125,1.4416584271469177,396.2889709472656,274.88409423828125,0.7333333333333333,0.7333333333333333,0.0,5,7,oracle,62,26,4.443997666666746,2.3270396136380302,False,True,False
True,True,True,21.143798828125,1.1912748050087343,36.97025680541992,31.034196853637695,0.7333333333333333,0.7333333333333333,0.0,5,7,nearest,62,27,-10.74282733333348,1.128957531252182,True,False,False
True,True,True,21.143798828125,1.1912748050087343,36.97025680541992,31.034196853637695,0.7333333333333333,0.7333333333333333,0.0,5,7,oracle,62,27,-10.74282733333348,1.128957531252182,True,False,False
False,True,False,-14.746826171875,1.0239334563413183,361.3182373046875,352.8727722167969,0.7333333333333333,0.7333333333333333,0.0,5,7,nearest,62,28,-9.27497563333327,1.951311215029413,False,False,False
False,True,False,-14.746826171875,1.0239334563413183,361.3182373046875,352.8727722167969,0.7333333333333333,0.7333333333333333,0.0,5,7,oracle,62,28,-9.27497563333327,1.951311215029413,False,False,False
True,True,True,6.2760009765625,1.1375430794531385,544.0917358398438,478.3042907714844,0.7333333333333333,0.7333333333333333,0.0,5,7,nearest,62,29,7.813186133333147,1.3014817818001727,True,True,True
True,True,True,19.2701416015625,1.1328107598540809,541.8282470703125,478.3042907714844,0.7333333333333333,0.7333333333333333,0.0,5,7,oracle,62,29,7.813186133333147,1.3014817818001727,True,True,True
False,True,False,-2.943603515625,1.400158492894501,348.3212585449219,248.77273559570312,0.7333333333333333,0.7333333333333333,0.0,5,7,nearest,62,30,-8.476232699999855,2.4789952948156806,False,False,False
False,True,False,-127.146728515625,1.3573744891456287,337.6777648925781,248.77273559570312,0.7333333333333333,0.7333333333333333,0.0,5,7,oracle,62,30,-8.476232699999855,2.4789952948156806,False,False,False
False,False,True,25.36181640625,1.5085545703890646,324.6609191894531,215.21324157714844,0.7333333333333333,0.7333333333333333,0.0,5,6,nearest,62,31,11.82771433333346,1.493777973208824,True,True,True
True,True,True,43.57568359375,1.4016419914188774,301.65191650390625,215.21324157714844,0.7333333333333333,0.7333333333333333,0.0,5,6,oracle,62,31,11.82771433333346,1.493777973208824,True,True,True
False,True,False,-14.29638671875,1.049468858224304,270.4374084472656,257.6897888183594,0.7333333333333333,0.7333333333333333,0.0,5,6,nearest,62,32,6.5577189666669256,1.1237523293220069,True,True,True
False,True,False,-11.18017578125,0.9817256177449044,252.9806671142578,257.6897888183594,0.7333333333333333,0.7333333333333333,0.0,5,6,oracle,62,32,6.5577189666669256,1.1237523293220069,True,True,True
True,True,True,18.3153076171875,1.0027001496153853,29.149824142456055,29.071327209472656,0.7333333333333333,0.7333333333333333,0.0,5,5,nearest,62,33,-6.926185066666903,1.0573869204931485,True,False,False
True,True,True,27.1982421875,0.9916509576198216,28.828609466552734,29.071327209472656,0.7333333333333333,0.7333333333333333,0.0,5,5,oracle,62,33,-6.926185066666903,1.0573869204931485,True,False,False
False,True,False,-32.6514892578125,1.474732430817313,368.8720397949219,250.12811279296875,0.7333333333333333,0.7333333333333333,0.0,5,4,nearest,62,34,-6.736180266666679,0.6472252025817352,True,False,False
False,True,False,-111.525146484375,1.4535839666147645,363.58221435546875,250.12811279296875,0.7333333333333333,0.7333333333333333,0.0,5,4,oracle,62,34,-6.736180266666679,0.6472252025817352,True,False,False
True,True,True,100.94140625,1.0380611696271755,309.33544921875,297.99346923828125,0.7333333333333333,0.7333333333333333,0.0,5,5,nearest,62,35,-5.791637033333473,0.8318046997818237,True,False,False
True,True,True,8.806884765625,1.3295689041593912,396.2028503417969,297.99346923828125,0.7333333333333333,0.7333333333333333,0.0,5,5,oracle,62,35,-5.791637033333473,0.8318046997818237,True,False,False
True,True,True,85.607177734375,0.754016526867997,199.2638702392578,264.2698974609375,0.7333333333333333,0.7333333333333333,0.0,5,4,nearest,62,36,-33.18429190000006,1.3713615502857015,True,False,False
True,True,True,72.60009765625,0.7404711490004845,195.68423461914062,264.2698974609375,0.7333333333333333,0.7333333333333333,0.0,5,4,oracle,62,36,-33.18429190000006,1.3713615502857015,True,False,False
True,True,True,2.525146484375,1.0042155448914407,1099.951904296875,1095.33447265625,0.9166666666666666,0.8333333333333334,0.08333333333333326,5,4,nearest,62,37,40.98335760000009,1.2556626276546545,True,True,True
False,True,False,-0.218505859375,1.044290191218525,1143.8470458984375,1095.33447265625,0.9166666666666666,0.8333333333333334,0.08333333333333326,5,4,oracle,62,37,40.98335760000009,1.2556626276546545,True,True,True
True,True,True,36.1483154296875,0.6428801960645908,79.28327178955078,123.32511138916016,0.7333333333333333,0.7333333333333333,0.0,5,4,nearest,62,38,-63.89541356666655,5.709797079319204,False,False,False
True,True,True,28.3570556640625,0.6584115444806755,81.19867706298828,123.32511138916016,0.7333333333333333,0.7333333333333333,0.0,5,4,oracle,62,38,-63.89541356666655,5.709797079319204,False,False,False
False,True,False,-10.1949462890625,0.95116720957476,29.653779983520508,31.17620086669922,0.7333333333333333,0.7333333333333333,0.0,5,4,nearest,62,39,-10.009482766666451,1.0161964744581722,True,False,False
False,True,False,-13.4874267578125,0.9483534969178923,29.566059112548828,31.17620086669922,0.7333333333333333,0.7333333333333333,0.0,5,4,oracle,62,39,-10.009482766666451,1.0161964744581722,True,False,False
False,True,False,-13.9444580078125,1.1038752430022982,29.19477653503418,26.447532653808594,0.7166666666666667,0.7166666666666667,0.0,0,10,nearest,63,0,12.954174100000046,1.0466252182086921,True,True,True
False,True,False,-13.9444580078125,1.1038752430022982,29.19477653503418,26.447532653808594,0.7166666666666667,0.7166666666666667,0.0,0,10,oracle,63,0,12.954174100000046,1.0466252182086921,True,True,True
False,False,False,-13.2115478515625,3.8747982789432514,126.39083099365234,32.61868667602539,0.7166666666666667,0.7166666666666667,0.0,0,10,nearest,63,1,-26.994391266666298,0.9753126192180266,True,False,False
False,False,False,-18.23046875,4.373707093599389,142.66458129882812,32.61868667602539,0.7166666666666667,0.7166666666666667,0.0,0,10,oracle,63,1,-26.994391266666298,0.9753126192180266,True,False,False
True,True,True,34.2181396484375,1.030741402982687,223.57005310058594,216.9021759033203,0.7166666666666667,0.7166666666666667,0.0,0,10,nearest,63,2,-2.8661634333334405,1.1218063284866846,True,False,False
True,True,True,34.2181396484375,1.030741402982687,223.57005310058594,216.9021759033203,0.7166666666666667,0.7166666666666667,0.0,0,10,oracle,63,2,-2.8661634333334405,1.1218063284866846,True,False,False
False,True,False,-8.052001953125,1.4495233625716997,281.8358154296875,194.43344116210938,0.7166666666666667,0.7166666666666667,0.0,0,10,nearest,63,3,3.0462916999999834,0.8927186375688857,True,True,True
False,True,False,-8.052001953125,1.4495233625716997,281.8358154296875,194.43344116210938,0.7166666666666667,0.7166666666666667,0.0,0,10,oracle,63,3,3.0462916999999834,0.8927186375688857,True,True,True
True,True,True,108.2225341796875,0.8381243303633916,251.25889587402344,299.7871398925781,0.7166666666666667,0.7166666666666667,0.0,0,10,nearest,63,4,2.813345133333314,1.051048594502166,True,True,True
True,True,True,105.5631103515625,0.9957485296625159,298.5126037597656,299.7871398925781,0.7166666666666667,0.7166666666666667,0.0,0,10,oracle,63,4,2.813345133333314,1.051048594502166,True,True,True
False,False,False,-15.20166015625,2.5370522449937987,97.51981353759766,38.438236236572266,0.7166666666666667,0.7166666666666667,0.0,0,10,nearest,63,5,2.285624199999802,1.003657739076402,True,True,True
False,False,False,-13.3302001953125,2.0770602220863044,79.83853149414062,38.438236236572266,0.7166666666666667,0.7166666666666667,0.0,0,10,oracle,63,5,2.285624199999802,1.003657739076402,True,True,True
True,True,True,62.225341796875,0.6514742101401956,98.64442443847656,151.417236328125,0.7166666666666667,0.7166666666666667,0.0,0,10,nearest,63,6,-9.482441599999902,1.0307033737750788,True,False,False
True,True,True,62.7271728515625,0.7693686462540612,116.49567413330078,151.417236328125,0.7166666666666667,0.7166666666666667,0.0,0,10,oracle,63,6,-9.482441599999902,1.0307033737750788,True,False,False
False,False,False,-12.65185546875,1.927835884861809,88.251220703125,45.77735137939453,0.7166666666666667,0.7166666666666667,0.0,0,10,nearest,63,7,-0.3888261333331684,1.091147026684883,True,False,False
False,False,False,-15.42919921875,1.836593013250215,84.0743637084961,45.77735137939453,0.7,0.7166666666666667,-0.01666666666666672,0,10,oracle,63,7,-0.3888261333331684,1.091147026684883,True,False,False
False,False,True,75.3155517578125,2.8219737399262543,201.95791625976562,71.56619262695312,0.7166666666666667,0.7166666666666667,0.0,0,11,nearest,63,8,-29.794029100000216,2.7557325077319574,False,False,False
False,False,True,73.01416015625,2.723444307467418,194.9065399169922,71.56619262695312,0.7166666666666667,0.7166666666666667,0.0,0,11,oracle,63,8,-29.794029100000216,2.7557325077319574,False,False,False
False,True,False,-34.4443359375,0.6648926361264677,167.46958923339844,251.8746337890625,0.7166666666666667,0.7166666666666667,0.0,0,11,nearest,63,9,-4.002453766666804,1.0856809774601945,True,False,False
False,True,False,-9.788330078125,0.8232048550008554,207.34442138671875,251.8746337890625,0.7166666666666667,0.7166666666666667,0.0,0,11,oracle,63,9,-4.002453766666804,1.0856809774601945,True,False,False
False,False,False,-10.9195556640625,2.1839133145506526,59.996883392333984,27.472190856933594,0.7166666666666667,0.7166666666666667,0.0,0,11,nearest,63,10,-0.1652116999998725,1.0354473052496123,True,False,False
False,False,False,-15.4639892578125,2.1722067242736753,59.67527770996094,27.472190856933594,0.7166666666666667,0.7166666666666667,0.0,0,11,oracle,63,10,-0.1652116999998725,1.0354473052496123,True,False,False
False,False,True,217.985107421875,1.701753663379536,1096.98828125,644.6222534179688,0.85,0.75,0.09999999999999998,0,11,nearest,63,11,57.488783266666815,3.3252544886344717,False,True,False
False,False,True,225.857666015625,1.771315053906688,1141.8291015625,644.6222534179688,0.8333333333333334,0.75,0.08333333333333337,0,11,oracle,63,11,57.488783266666815,3.3252544886344717,False,True,False
False,True,False,-7.0640869140625,1.4916803436745198,40.53879928588867,27.176599502563477,0.7166666666666667,0.7166666666666667,0.0,0,11,nearest,63,12,-109.89202483333338,11.232045159252701,False,False,False
False,False,False,-4.416015625,1.556865787758806,42.31031799316406,27.176599502563477,0.7166666666666667,0.7166666666666667,0.0,0,11,oracle,63,12,-109.89202483333338,11.232045159252701,False,False,False
True,True,True,80.04248046875,1.047086803855988,195.5233612060547,186.73080444335938,0.7166666666666667,0.7166666666666667,0.0,0,11,nearest,63,13,-29.982227400000056,0.8240233358457383,True,False,False
True,True,True,62.88525390625,1.06349436449497,198.587158203125,186.73080444335938,0.7166666666666667,0.7166666666666667,0.0,0,11,oracle,63,13,-29.982227400000056,0.8240233358457383,True,False,False
False,False,True,11.783935546875,1.8065972367649124,360.6822204589844,199.64727783203125,0.7166666666666667,0.7166666666666667,0.0,0,11,nearest,63,14,-63.23959290000016,3.307600080710403,False,False,False
False,False,True,9.3582763671875,1.8236857849582746,364.0939025878906,199.64727783203125,0.7166666666666667,0.7166666666666667,0.0,0,11,oracle,63,14,-63.23959290000016,3.307600080710403,False,False,False
True,True,True,29.16552734375,0.9930392935542393,29.081668853759766,29.2855167388916,0.7166666666666667,0.7166666666666667,0.0,0,11,nearest,63,15,-28.934249099999988,1.121880210124218,True,False,False
True,True,True,23.63525390625,0.9800852478939589,28.702302932739258,29.2855167388916,0.7166666666666667,0.7166666666666667,0.0,0,11,oracle,63,15,-28.934249099999988,1.121880210124218,True,False,False
False,False,True,106.2822265625,3.719787786813105,954.5908813476562,256.6250915527344,0.7333333333333333,0.7,0.033333333333333326,0,11,nearest,63,16,21.08802680000008,3.7662499200027826,False,True,False
False,False,True,63.093017578125,3.168972722497592,813.2379150390625,256.6250915527344,0.7,0.7,0.0,0,11,oracle,63,16,21.08802680000008,3.7662499200027826,False,True,False
True,True,True,93.948486328125,0.7442428087336559,60.61097717285156,81.43978881835938,0.7166666666666667,0.7166666666666667,0.0,0,11,nearest,63,17,-81.71247656666674,14.185323975989512,False,False,False
True,True,True,81.369140625,1.4153931303044758,115.26931762695312,81.43978881835938,0.7166666666666667,0.7166666666666667,0.0,0,11,oracle,63,17,-81.71247656666674,14.185323975989512,False,False,False
False,False,True,22.580078125,1.551151617424533,110.31333923339844,71.11705780029297,0.7166666666666667,0.7166666666666667,0.0,0,11,nearest,63,18,-8.763469966666662,1.0624800005529922,True,False,False
True,True,True,47.6082763671875,1.4544006273698689,103.43269348144531,71.11705780029297,0.7166666666666667,0.7166666666666667,0.0,0,11,oracle,63,18,-8.763469966666662,1.0624800005529922,True,False,False
False,False,True,180.36962890625,1.7098258034573852,1415.279296875,827.7330322265625,0.7833333333333333,0.75,0.033333333333333326,0,11,nearest,63,19,58.01158396666642,1.9728585778428331,False,True,False
False,False,True,188.616455078125,1.7862397723922687,1478.5296630859375,827.7330322265625,0.7833333333333333,0.75,0.033333333333333326,0,11,oracle,63,19,58.01158396666642,1.9728585778428331,False,True,False
False,False,False,-46.0577392578125,3.182840751027175,105.93406677246094,33.282867431640625,0.7166666666666667,0.7,0.01666666666666672,0,11,nearest,63,20,-48.828660433333425,3.486709502309199,False,False,False
False,False,False,-45.569091796875,3.404470238297178,113.31053161621094,33.282867431640625,0.7166666666666667,0.7,0.01666666666666672,0,11,oracle,63,20,-48.828660433333425,3.486709502309199,False,False,False
True,True,True,2.336181640625,1.0283068938802205,29.019996643066406,28.22114372253418,0.7166666666666667,0.7166666666666667,0.0,0,11,nearest,63,21,-25.245410900000024,1.04886526677428,True,False,False
False,True,False,-4.495361328125,1.0206367163789527,28.80353546142578,28.22114372253418,0.7166666666666667,0.7166666666666667,0.0,0,11,oracle,63,21,-25.245410900000024,1.04886526677428,True,False,False
True,True,True,84.1373291015625,0.9879051223469165,30.70744514465332,31.08339500427246,0.7166666666666667,0.7166666666666667,0.0,0,11,nearest,63,22,-43.21145640000009,1.5781218930610448,False,False,False
True,True,True,71.2686767578125,0.9820946647258998,30.526836395263672,31.08339500427246,0.7166666666666667,0.7166666666666667,0.0,0,11,oracle,63,22,-43.21145640000009,1.5781218930610448,False,False,False
False,True,False,-3.722900390625,0.9770551610748656,30.990142822265625,31.717905044555664,0.7166666666666667,0.7166666666666667,0.0,0,11,nearest,63,23,-49.28956599999992,1.978088265654754,False,False,False
False,True,False,-42.8377685546875,0.9989102979996112,31.68334197998047,31.717905044555664,0.7166666666666667,0.7166666666666667,0.0,0,11,oracle,63,23,-49.28956599999992,1.978088265654754,False,False,False
True,True,True,29.4229736328125,1.1610387875807802,68.50962829589844,59.00718307495117,0.7166666666666667,0.7166666666666667,0.0,0,11,nearest,63,24,-11.217587366666521,1.2048270875121019,True,False,False
False,True,False,-21.5845947265625,0.5636621652469208,33.26011657714844,59.00718307495117,0.7166666666666667,0.7166666666666667,0.0,0,11,oracle,63,24,-11.217587366666521,1.2048270875121019,True,False,False
False,False,False,-0.09423828125,6.046734705844528,333.97052001953125,55.23154830932617,0.7166666666666667,0.7166666666666667,0.0,0,10,nearest,63,25,-2.4405343333332894,7.712131694308852,False,False,False
False,False,False,-3.614501953125,6.729326325943103,371.6711120605469,55.23154830932617,0.7166666666666667,0.7166666666666667,0.0,0,10,oracle,63,25,-2.4405343333332894,7.712131694308852,False,False,False
True,True,True,10.09033203125,1.0547699498286023,30.28383445739746,28.71131706237793,0.7166666666666667,0.7166666666666667,0.0,0,10,nearest,63,26,-34.51450276666674,1.417209357264147,True,False,False
True,True,True,16.3319091796875,1.0735793578409192,30.823877334594727,28.71131706237793,0.7166666666666667,0.7166666666666667,0.0,0,10,oracle,63,26,-34.51450276666674,1.417209357264147,True,False,False
True,True,True,10.6378173828125,1.0018562375783073,30.41795539855957,30.361597061157227,0.7166666666666667,0.7166666666666667,0.0,0,10,nearest,63,27,-27.88592963333349,1.1848992137319436,True,False,False
True,True,True,10.9908447265625,0.9989414646272344,30.329458236694336,30.361597061157227,0.7166666666666667,0.7166666666666667,0.0,0,10,oracle,63,27,-27.88592963333349,1.1848992137319436,True,False,False
True,True,True,97.35791015625,0.3217385995978755,76.72071838378906,238.45668029785156,0.7166666666666667,0.7166666666666667,0.0,0,11,nearest,63,28,-48.657563900000014,4.112331290729349,False,False,False
True,True,True,110.235595703125,0.37162717100505605,88.61698150634766,238.45668029785156,0.7166666666666667,0.7166666666666667,0.0,0,11,oracle,63,28,-48.657563900000014,4.112331290729349,False,False,False
False,False,False,-39.53515625,2.3592477413485367,430.91424560546875,182.6490020751953,0.7166666666666667,0.7166666666666667,0.0,0,11,nearest,63,29,-18.03406843333346,2.154555552971401,False,False,False
False,False,False,-112.29736328125,2.5821106533495795,471.61993408203125,182.6490020751953,0.7166666666666667,0.7166666666666667,0.0,0,11,oracle,63,29,-18.03406843333346,2.154555552971401,False,False,False
False,False,False,-28.3035888671875,1.907321527900618,136.5587615966797,71.59713745117188,0.7166666666666667,0.7166666666666667,0.0,0,11,nearest,63,30,-20.189823066666577,0.9395124975081818,True,False,False
False,False,False,-10.43359375,1.8350175504401995,131.3820037841797,71.59713745117188,0.7166666666666667,0.7166666666666667,0.0,0,11,oracle,63,30,-20.189823066666577,0.9395124975081818,True,False,False
False,False,False,-27.0791015625,1.7628986921680305,359.7433166503906,204.0635223388672,0.7166666666666667,0.7166666666666667,0.0,0,12,nearest,63,31,-13.909533033333219,1.4597823416991855,True,False,False
True,True,True,14.3643798828125,1.2470532972390862,254.47808837890625,204.0635223388672,0.7166666666666667,0.7166666666666667,0.0,0,12,oracle,63,31,-13.909533033333219,1.4597823416991855,True,False,False
False,False,True,54.2108154296875,2.1236234409327888,249.36590576171875,117.42472839355469,0.7166666666666667,0.7166666666666667,0.0,0,10,nearest,63,32,-31.577409333333208,2.1375861456097587,False,False,False
False,False,True,72.6705322265625,2.2784586982575767,267.5473937988281,117.42472839355469,0.7166666666666667,0.7166666666666667,0.0,0,10,oracle,63,32,-31.577409333333208,2.1375861456097587,False,False,False
False,True,False,-27.0440673828125,0.9895792927286499,28.991025924682617,29.296314239501953,0.7166666666666667,0.7166666666666667,0.0,0,11,nearest,63,33,-27.853849899999886,1.12526235423446,True,False,False
False,True,False,-16.5880126953125,1.0484376458768156,30.71535873413086,29.296314239501953,0.7166666666666667,0.7166666666666667,0.0,0,11,oracle,63,33,-27.853849899999886,1.12526235423446,True,False,False
False,False,True,117.469482421875,3.5257376137503407,397.6435241699219,112.78307342529297,0.7166666666666667,0.7166666666666667,0.0,0,12,nearest,63,34,-28.661509066666667,1.6476689507468143,False,False,False
False,False,True,98.1348876953125,3.031781670781047,341.93365478515625,112.78307342529297,0.7166666666666667,0.7166666666666667,0.0,0,12,oracle,63,34,-28.661509066666667,1.6476689507468143,False,False,False
True,True,True,96.740966796875,0.7931747614162767,175.9121856689453,221.78237915039062,0.7166666666666667,0.7166666666666667,0.0,0,12,nearest,63,35,-24.763681099999985,2.187073839464607,False,False,False
True,True,True,76.9970703125,0.6645172631345749,147.3782196044922,221.78237915039062,0.7166666666666667,0.7166666666666667,0.0,0,12,oracle,63,35,-24.763681099999985,2.187073839464607,False,False,False
True,True,True,37.3988037109375,1.1658122957218178,101.02017211914062,86.65217590332031,0.7166666666666667,0.7166666666666667,0.0,0,12,nearest,63,36,-3.3719171666666625,0.4774937145772917,True,False,False
False,False,True,39.913818359375,1.5191422116887665,131.63697814941406,86.65217590332031,0.7166666666666667,0.7166666666666667,0.0,0,12,oracle,63,36,-3.3719171666666625,0.4774937145772917,True,False,False
True,True,True,203.38232421875,1.3734320404279754,1263.9427490234375,920.280517578125,0.9,0.7833333333333333,0.1166666666666667,0,13,nearest,63,37,80.17076253333289,2.145269383794934,False,True,False
True,True,True,201.63037109375,1.4892659947594742,1370.54248046875,920.280517578125,0.9,0.7833333333333333,0.1166666666666667,0,13,oracle,63,37,80.17076253333289,2.145269383794934,False,True,False
False,False,False,-81.24462890625,1.9141624054739927,97.1307373046875,50.74320602416992,0.7166666666666667,0.7166666666666667,0.0,0,14,nearest,63,38,-155.46449766666638,17.641663732881526,False,False,False
False,False,False,-81.06201171875,3.1987545958221255,162.3150634765625,50.74320602416992,0.7166666666666667,0.7166666666666667,0.0,0,14,oracle,63,38,-155.46449766666638,17.641663732881526,False,False,False
False,True,False,-20.33447265625,0.9922899296536513,29.590255737304688,29.820171356201172,0.7166666666666667,0.7166666666666667,0.0,0,14,nearest,63,39,-35.25739616666647,1.0720772704029768,True,False,False
True,True,True,10.1827392578125,1.0206563006936389,30.436145782470703,29.820171356201172,0.7166666666666667,0.7166666666666667,0.0,0,14,oracle,63,39,-35.25739616666647,1.0720772704029768,True,False,False
False,True,False,-2.4417724609375,0.9058504020301563,23.957508087158203,26.447532653808594,0.7166666666666667,0.7166666666666667,0.0,1,16,nearest,63,0,13.160502400000041,1.0219346546081447,True,True,True
False,True,False,-5.7530517578125,0.9376288572062388,24.797969818115234,26.447532653808594,0.7166666666666667,0.7166666666666667,0.0,1,16,oracle,63,0,13.160502400000041,1.0219346546081447,True,True,True
False,False,False,-99.1170654296875,5.591424795337695,182.3849334716797,32.61868667602539,0.7166666666666667,0.7166666666666667,0.0,1,15,nearest,63,1,-3.746132466666495,1.0766557459264756,True,False,False
False,False,False,-106.155029296875,5.669227637717344,184.92276000976562,32.61868667602539,0.7166666666666667,0.7166666666666667,0.0,1,15,oracle,63,1,-3.746132466666495,1.0766557459264756,True,False,False
True,True,True,0.975341796875,0.5455708062968571,118.33549499511719,216.9021759033203,0.7166666666666667,0.7166666666666667,0.0,1,15,nearest,63,2,-55.70577943333319,0.13017401860911013,True,False,False
True,True,True,2.1474609375,0.4914862579767527,106.60443878173828,216.9021759033203,0.7166666666666667,0.7166666666666667,0.0,1,15,oracle,63,2,-55.70577943333319,0.13017401860911013,True,False,False
True,True,True,23.306396484375,1.313096758143488,255.30992126464844,194.43344116210938,0.7166666666666667,0.7166666666666667,0.0,1,15,nearest,63,3,3.248421633333237,0.8363527173247786,True,True,True
True,True,True,23.306396484375,1.313096758143488,255.30992126464844,194.43344116210938,0.7166666666666667,0.7166666666666667,0.0,1,15,oracle,63,3,3.248421633333237,0.8363527173247786,True,True,True
True,True,True,0.954345703125,0.7299363511198996,218.82553100585938,299.7871398925781,0.7166666666666667,0.7166666666666667,0.0,1,15,nearest,63,4,0.8074828666665326,0.9838470244728311,True,True,True
True,True,True,88.4842529296875,0.6549451947767708,196.34414672851562,299.7871398925781,0.7166666666666667,0.7166666666666667,0.0,1,15,oracle,63,4,0.8074828666665326,0.9838470244728311,True,True,True
False,False,False,-109.422607421875,6.74470535123174,259.25457763671875,38.438236236572266,0.7166666666666667,0.7166666666666667,0.0,1,15,nearest,63,5,-2.4399545000001126,1.0093718710014015,True,False,False
False,False,False,-107.7957763671875,6.654152350557786,255.7738800048828,38.438236236572266,0.7166666666666667,0.7166666666666667,0.0,1,15,oracle,63,5,-2.4399545000001126,1.0093718710014015,True,False,False
False,True,False,-32.109619140625,1.0922026789529269,165.37831115722656,151.417236328125,0.7166666666666667,0.7166666666666667,0.0,1,16,nearest,63,6,-8.108328266666604,1.046481014994576,True,False,False
True,True,True,14.0797119140625,0.9171466490918325,138.87181091308594,151.417236328125,0.7166666666666667,0.7166666666666667,0.0,1,16,oracle,63,6,-8.108328266666604,1.046481014994576,True,False,False
True,True,True,33.083984375,0.864480996991898,39.57365036010742,45.77735137939453,0.7166666666666667,0.7166666666666667,0.0,1,14,nearest,63,7,-1.2281797666664716,1.0162557448477394,True,False,False
True,True,True,34.8616943359375,0.9395405498781776,43.00967788696289,45.77735137939453,0.7166666666666667,0.7166666666666667,0.0,1,14,oracle,63,7,-1.2281797666664716,1.0162557448477394,True,False,False
False,False,False,-10.4822998046875,4.465960024408538,319.61175537109375,71.56619262695312,0.7166666666666667,0.7166666666666667,0.0,1,14,nearest,63,8,-16.08491026666661,3.91227515549901,False,False,False
False,False,False,-1.808349609375,2.0448583652334396,146.3427276611328,71.56619262695312,0.7166666666666667,0.7166666666666667,0.0,1,14,oracle,63,8,-16.08491026666661,3.91227515549901,False,False,False
False,False,True,25.3084716796875,1.511555683286993,380.7225341796875,251.8746337890625,0.7166666666666667,0.7166666666666667,0.0,1,13,nearest,63,9,-9.430569999999989,1.5969900455865536,False,False,False
False,False,True,18.012939453125,1.759927511332261,443.2810974121094,251.8746337890625,0.7166666666666667,0.7166666666666667,0.0,1,13,oracle,63,9,-9.430569999999989,1.5969900455865536,False,False,False
False,False,False,-12.4088134765625,1.5763104946491577,43.30470275878906,27.472190856933594,0.7166666666666667,0.7166666666666667,0.0,1,13,nearest,63,10,2.359498600000279,0.961379837980631,True,True,True
False,False,False,-15.4442138671875,3.5493753532166843,97.50911712646484,27.472190856933594,0.7166666666666667,0.7166666666666667,0.0,1,13,oracle,63,10,2.359498600000279,0.961379837980631,True,True,True
True,True,True,148.834228515625,1.3321925853082675,858.760986328125,644.6222534179688,0.7666666666666667,0.75,0.01666666666666672,1,13,nearest,63,11,15.954055166666876,2.4070974757780923,False,True,False
False,False,True,177.919921875,1.6206315945352792,1044.6951904296875,644.6222534179688,0.85,0.75,0.09999999999999998,1,13,oracle,63,11,15.954055166666876,2.4070974757780923,False,True,False
False,False,True,10.457275390625,1.747246368267517,47.484214782714844,27.176599502563477,0.7166666666666667,0.7166666666666667,0.0,1,13,nearest,63,12,-49.5370597000001,2.1780588019746534,False,False,False
False,False,True,16.424560546875,1.7200299122039617,46.744564056396484,27.176599502563477,0.7166666666666667,0.7166666666666667,0.0,1,13,oracle,63,12,-49.5370597000001,2.1780588019746534,False,False,False
True,True,True,70.99267578125,0.9784093109836168,182.69915771484375,186.73080444335938,0.7166666666666667,0.7166666666666667,0.0,1,13,nearest,63,13,-4.967957566666655,0.9827787368255801,True,False,False
True,True,True,200.9521484375,0.6050669290276925,112.98463439941406,186.73080444335938,0.7166666666666667,0.7166666666666667,0.0,1,13,oracle,63,13,-4.967957566666655,0.9827787368255801,True,False,False
False,True,False,-115.007080078125,1.1286839797115336,225.33868408203125,199.64727783203125,0.7166666666666667,0.7166666666666667,0.0,1,13,nearest,63,14,-24.633589433333327,1.4474104521405033,True,False,False
False,True,False,-76.1297607421875,1.0276427451856776,205.16607666015625,199.64727783203125,0.7166666666666667,0.7166666666666667,0.0,1,13,oracle,63,14,-24.633589433333327,1.4474104521405033,True,False,False
True,True,True,13.0296630859375,1.021166734889731,29.9053955078125,29.2855167388916,0.7166666666666667,0.7166666666666667,0.0,1,14,nearest,63,15,-8.843294966666463,1.032560284108761,True,False,False
True,True,True,12.06787109375,1.018807226369338,29.83629608154297,29.2855167388916,0.7166666666666667,0.7166666666666667,0.0,1,14,oracle,63,15,-8.843294966666463,1.032560284108761,True,False,False
False,False,False,-113.197509765625,2.5606879506952653,657.1367797851562,256.6250915527344,0.7333333333333333,0.7,0.033333333333333326,1,14,nearest,63,16,15.305301999999983,0.8430622105075481,True,True,True
False,False,False,-36.97607421875,2.242570094674918,575.499755859375,256.6250915527344,0.7166666666666667,0.7,0.01666666666666672,1,14,oracle,63,16,15.305301999999983,0.8430622105075481,True,True,True
False,False,False,-4.59716796875,2.5270932268712767,205.80593872070312,81.43978881835938,0.7166666666666667,0.7166666666666667,0.0,1,15,nearest,63,17,3.298708499999975,1.0428749832634034,True,True,True
False,False,False,-25.27001953125,4.49146018970861,365.7835693359375,81.43978881835938,0.7166666666666667,0.7166666666666667,0.0,1,15,oracle,63,17,3.298708499999975,1.0428749832634034,True,True,True
False,False,True,55.9903564453125,2.8790771397812893,204.75149536132812,71.11705780029297,0.7166666666666667,0.7166666666666667,0.0,1,13,nearest,63,18,2.044729566666774,6.397354257197489,False,True,False
False,False,True,17.1998291015625,3.683233572441212,261.94073486328125,71.11705780029297,0.7166666666666667,0.7166666666666667,0.0,1,13,oracle,63,18,2.044729566666774,6.397354257197489,False,True,False
True,True,True,143.157958984375,1.1745832970175005,972.2413940429688,827.7330322265625,0.7666666666666667,0.75,0.01666666666666672,1,13,nearest,63,19,26.06472459999941,2.1251980671829496,False,True,False
True,True,True,150.871337890625,1.242912292360078,1028.799560546875,827.7330322265625,0.7666666666666667,0.75,0.01666666666666672,1,13,oracle,63,19,26.06472459999941,2.1251980671829496,False,True,False
True,True,True,24.338134765625,1.2558708955422317,41.79898452758789,33.282867431640625,0.7166666666666667,0.7,0.01666666666666672,1,13,nearest,63,20,-21.630932466666536,3.429833269010219,False,False,False
False,False,False,-32.9161376953125,1.946673797213127,64.79088592529297,33.282867431640625,0.7166666666666667,0.7,0.01666666666666672,1,13,oracle,63,20,-21.630932466666536,3.429833269010219,False,False,False
True,True,True,14.5987548828125,1.0437306497624663,29.455272674560547,28.22114372253418,0.7166666666666667,0.7166666666666667,0.0,1,13,nearest,63,21,-8.259725099999969,1.0127562764318705,True,False,False
True,True,True,15.4984130859375,1.0398687970342269,29.34628677368164,28.22114372253418,0.7166666666666667,0.7166666666666667,0.0,1,13,oracle,63,21,-8.259725099999969,1.0127562764318705,True,False,False
True,True,True,19.021240234375,1.0755338627549917,33.431243896484375,31.08339500427246,0.7166666666666667,0.7166666666666667,0.0,1,13,nearest,63,22,-2.9777112666668017,1.399186976911328,True,False,False
True,True,True,18.7611083984375,1.1371371946297433,35.34608459472656,31.08339500427246,0.7166666666666667,0.7166666666666667,0.0,1,13,oracle,63,22,-2.9777112666668017,1.399186976911328,True,False,False
False,True,False,-10.2119140625,0.9863195223231357,31.28398895263672,31.717905044555664,0.7166666666666667,0.7166666666666667,0.0,1,13,nearest,63,23,-16.169080699999768,1.3905714324153562,True,False,False
False,True,False,-68.8458251953125,1.1532132077342683,36.57750701904297,31.717905044555664,0.7166666666666667,0.7166666666666667,0.0,1,13,oracle,63,23,-16.169080699999768,1.3905714324153562,True,False,False
False,False,False,-83.6124267578125,9.115141541334099,537.8588256835938,59.00718307495117,0.7166666666666667,0.7166666666666667,0.0,1,14,nearest,63,24,2.982131766666953,6.451625370558881,False,True,False
False,False,False,-83.4453125,7.196388451563024,424.63861083984375,59.00718307495117,0.7166666666666667,0.7166666666666667,0.0,1,14,oracle,63,24,2.982131766666953,6.451625370558881,False,True,False
False,False,True,19.68115234375,1.5367784731402905,84.87865447998047,55.23154830932617,0.7166666666666667,0.7166666666666667,0.0,1,16,nearest,63,25,8.850584566666612,0.7713043955344678,True,True,True
False,False,True,23.9869384765625,1.5964283610197907,88.17321014404297,55.23154830932617,0.7166666666666667,0.7166666666666667,0.0,1,16,oracle,63,25,8.850584566666612,0.7713043955344678,True,True,True
True,True,True,32.056884765625,1.0358661420225963,29.74108123779297,28.71131706237793,0.7166666666666667,0.7166666666666667,0.0,1,16,nearest,63,26,-1.3864141000001382,1.0025584124069644,True,False,False
True,True,True,18.802734375,1.0642406871879817,30.55575180053711,28.71131706237793,0.7166666666666667,0.7166666666666667,0.0,1,16,oracle,63,26,-1.3864141000001382,1.0025584124069644,True,False,False
True,True,True,40.6297607421875,1.0827976317202783,32.875465393066406,30.361597061157227,0.7166666666666667,0.7166666666666667,0.0,1,15,nearest,63,27,-3.2096221666668043,1.0441201709915378,True,False,False
True,True,True,29.8001708984375,1.0899571001055959,33.092838287353516,30.361597061157227,0.7166666666666667,0.7166666666666667,0.0,1,15,oracle,63,27,-3.2096221666668043,1.0441201709915378,True,False,False
False,False,True,24.539794921875,1.9518549899577649,465.432861328125,238.45668029785156,0.7166666666666667,0.7166666666666667,0.0,1,14,nearest,63,28,-18.0991128666667,6.5506411226236425,False,False,False
False,False,True,37.5811767578125,2.0159930921759255,480.7270202636719,238.45668029785156,0.7166666666666667,0.7166666666666667,0.0,1,14,oracle,63,28,-18.0991128666667,6.5506411226236425,False,False,False
False,True,False,-12.9278564453125,1.061226298727202,193.83192443847656,182.6490020751953,0.7166666666666667,0.7166666666666667,0.0,1,14,nearest,63,29,2.4926711333332605,1.910614115375131,False,True,False
False,True,False,-117.3896484375,1.2608618067457331,230.29515075683594,182.6490020751953,0.7166666666666667,0.7166666666666667,0.0,1,14,oracle,63,29,2.4926711333332605,1.910614115375131,False,True,False
True,True,True,6.1357421875,0.9581314908390325,68.59947204589844,71.59713745117188,0.7166666666666667,0.7166666666666667,0.0,1,14,nearest,63,30,1.6024617666666927,0.9914394109734298,True,True,True
False,True,False,-7.0606689453125,1.0037033879702228,71.86228942871094,71.59713745117188,0.7166666666666667,0.7166666666666667,0.0,1,14,oracle,63,30,1.6024617666666927,0.9914394109734298,True,True,True
True,True,True,0.943359375,0.9104144485062894,185.78237915039062,204.0635223388672,0.7166666666666667,0.7166666666666667,0.0,1,14,nearest,63,31,-20.986949333333314,1.4460783925839338,True,False,False
False,True,False,-32.388671875,1.1543965244120333,235.57022094726562,204.0635223388672,0.7166666666666667,0.7166666666666667,0.0,1,14,oracle,63,31,-20.986949333333314,1.4460783925839338,True,False,False
True,True,True,53.0926513671875,0.9948575455389981,116.82087707519531,117.42472839355469,0.7166666666666667,0.7166666666666667,0.0,1,15,nearest,63,32,13.745268533333274,1.1172017866968909,True,True,True
False,False,True,35.50390625,1.587220635518177,186.3789520263672,117.42472839355469,0.6833333333333333,0.7166666666666667,-0.033333333333333326,1,15,oracle,63,32,13.745268533333274,1.1172017866968909,True,True,True
True,True,True,27.90673828125,1.0021205484011217,29.35843849182129,29.296314239501953,0.7166666666666667,0.7166666666666667,0.0,1,14,nearest,63,33,-2.662215033333041,1.0560581346673765,True,False,False
True,True,True,13.70068359375,1.020688286611736,29.90240478515625,29.296314239501953,0.7166666666666667,0.7166666666666667,0.0,1,14,oracle,63,33,-2.662215033333041,1.0560581346673765,True,False,False
True,True,True,103.3531494140625,1.303890499592666,147.05677795410156,112.78307342529297,0.7166666666666667,0.7166666666666667,0.0,1,14,nearest,63,34,4.731555566666657,0.8965890329238587,True,True,True
True,True,True,41.119140625,1.3823710048155604,155.90805053710938,112.78307342529297,0.7166666666666667,0.7166666666666667,0.0,1,14,oracle,63,34,4.731555566666657,0.8965890329238587,True,True,True
True,True,True,59.5035400390625,1.1180380371702812,247.9611358642578,221.78237915039062,0.7166666666666667,0.7166666666666667,0.0,1,14,nearest,63,35,-17.41411476666667,1.44680765819697,True,False,False
True,True,True,48.0185546875,0.976967649209858,216.67420959472656,221.78237915039062,0.7166666666666667,0.7166666666666667,0.0,1,14,oracle,63,35,-17.41411476666667,1.44680765819697,True,False,False
True,True,True,72.8492431640625,1.3837829823254304,119.90780639648438,86.65217590332031,0.7166666666666667,0.7166666666666667,0.0,1,14,nearest,63,36,5.7928749333332235,1.0348816801753031,True,True,True
True,True,True,7.2623291015625,1.4866086137003052,128.81787109375,86.65217590332031,0.7166666666666667,0.7166666666666667,0.0,1,14,oracle,63,36,5.7928749333332235,1.0348816801753031,True,True,True
True,True,True,45.0927734375,1.198242511080473,1102.71923828125,920.280517578125,0.8,0.7833333333333333,0.01666666666666672,1,13,nearest,63,37,11.20278473333292,1.627922609739101,False,True,False
False,True,False,-15.32275390625,1.3076453208661485,1203.4005126953125,920.280517578125,0.8166666666666667,0.7833333333333333,0.033333333333333326,1,13,oracle,63,37,11.20278473333292,1.627922609739101,False,True,False
True,True,True,20.5341796875,0.8342108311763312,42.33053207397461,50.74320602416992,0.7166666666666667,0.7166666666666667,0.0,1,13,nearest,63,38,-25.65303139999969,3.5702550921486345,False,False,False
True,True,True,15.6309814453125,0.8336506909811565,42.30210876464844,50.74320602416992,0.7166666666666667,0.7166666666666667,0.0,1,13,oracle,63,38,-25.65303139999969,3.5702550921486345,False,False,False
True,True,True,7.8297119140625,1.0252208629225454,30.572261810302734,29.820171356201172,0.7166666666666667,0.7166666666666667,0.0,1,12,nearest,63,39,-4.43460059999984,0.9969264862939392,True,False,False
False,True,False,-7.759521484375,1.0274011890990342,30.637279510498047,29.820171356201172,0.7166666666666667,0.7166666666666667,0.0,1,12,oracle,63,39,-4.43460059999984,0.9969264862939392,True,False,False
False,True,False,-19.0877685546875,1.1966822163136577,31.6492919921875,26.447532653808594,0.7166666666666667,0.7166666666666667,0.0,2,8,nearest,63,0,12.131606033333128,1.0030017880349653,True,True,True
False,True,False,-12.0194091796875,1.1262818650691426,29.787376403808594,26.447532653808594,0.7166666666666667,0.7166666666666667,0.0,2,8,oracle,63,0,12.131606033333128,1.0030017880349653,True,True,True
False,True,False,-11.7529296875,1.28967746032444,42.06758499145508,32.61868667602539,0.7166666666666667,0.7166666666666667,0.0,2,9,nearest,63,1,-4.1561371999998755,1.4042455095874147,True,False,False
False,True,False,-11.7529296875,1.28967746032444,42.06758499145508,32.61868667602539,0.7166666666666667,0.7166666666666667,0.0,2,9,oracle,63,1,-4.1561371999998755,1.4042455095874147,True,False,False
True,True,True,110.394287109375,0.2269805115069039,49.232566833496094,216.9021759033203,0.7166666666666667,0.7166666666666667,0.0,2,9,nearest,63,2,-0.5199999000001299,0.9871094808489714,True,False,False
True,True,True,110.394287109375,0.2269805115069039,49.232566833496094,216.9021759033203,0.7166666666666667,0.7166666666666667,0.0,2,9,oracle,63,2,-0.5199999000001299,0.9871094808489714,True,False,False
True,True,True,119.71337890625,0.2171200418445833,42.215396881103516,194.43344116210938,0.7166666666666667,0.7166666666666667,0.0,2,9,nearest,63,3,-22.768579600000066,0.23047024594582585,True,False,False
True,True,True,121.3446044921875,0.2148184131862233,41.76788330078125,194.43344116210938,0.7166666666666667,0.7166666666666667,0.0,2,9,oracle,63,3,-22.768579600000066,0.23047024594582585,True,False,False
True,True,True,146.786865234375,0.3619537992095425,108.50909423828125,299.7871398925781,0.7166666666666667,0.7166666666666667,0.0,2,9,nearest,63,4,2.8580804999999145,0.8165524235713452,True,True,True
True,True,True,148.4329833984375,0.36403420904623385,109.13277435302734,299.7871398925781,0.7166666666666667,0.7166666666666667,0.0,2,9,oracle,63,4,2.8580804999999145,0.8165524235713452,True,True,True
False,True,False,-25.8077392578125,1.197706253443086,46.037715911865234,38.438236236572266,0.7166666666666667,0.7166666666666667,0.0,2,9,nearest,63,5,-4.4255741333333845,0.9962409625497797,True,False,False
False,False,False,-86.0904541015625,1.859792923094298,71.4871597290039,38.438236236572266,0.7166666666666667,0.7166666666666667,0.0,2,9,oracle,63,5,-4.4255741333333845,0.9962409625497797,True,False,False
True,True,True,28.99169921875,0.5208322248288872,78.86297607421875,151.417236328125,0.7166666666666667,0.7166666666666667,0.0,2,8,nearest,63,6,-4.957508899999766,1.013764245550162,True,False,False
True,True,True,72.0482177734375,0.39400420022411947,59.659027099609375,151.417236328125,0.7166666666666667,0.7166666666666667,0.0,2,8,oracle,63,6,-4.957508899999766,1.013764245550162,True,False,False
True,True,True,3.7535400390625,0.9635297007781,44.10783767700195,45.77735137939453,0.7,0.7166666666666667,-0.01666666666666672,2,8,nearest,63,7,-0.5063356666664731,0.9880883343861075,True,False,False
True,True,True,1.3470458984375,1.052906945833998,48.19929122924805,45.77735137939453,0.7,0.7166666666666667,-0.01666666666666672,2,8,oracle,63,7,-0.5063356666664731,0.9880883343861075,True,False,False
True,True,True,15.5460205078125,1.1901518540297755,85.17463684082031,71.56619262695312,0.7166666666666667,0.7166666666666667,0.0,2,8,nearest,63,8,-0.6829712666667547,0.9406535064788225,True,False,False
True,True,True,46.1170654296875,0.9376672916628466,67.10527801513672,71.56619262695312,0.7166666666666667,0.7166666666666667,0.0,2,8,oracle,63,8,-0.6829712666667547,0.9406535064788225,True,False,False
True,True,True,40.729736328125,1.4440377985971404,363.71649169921875,251.8746337890625,0.7166666666666667,0.7166666666666667,0.0,2,8,nearest,63,9,-42.35036156666661,1.8482342666665583,False,False,False
True,True,True,43.13623046875,1.3091008972271885,329.72930908203125,251.8746337890625,0.7166666666666667,0.7166666666666667,0.0,2,8,oracle,63,9,-42.35036156666661,1.8482342666665583,False,False,False
True,True,True,9.57958984375,1.4091321873954235,38.71194839477539,27.472190856933594,0.7166666666666667,0.7166666666666667,0.0,2,8,nearest,63,10,-3.3390587999999752,1.0067702414644029,True,False,False
False,False,False,-1.9765625,1.6337257886018104,44.88202667236328,27.472190856933594,0.7166666666666667,0.7166666666666667,0.0,2,8,oracle,63,10,-3.3390587999999752,1.0067702414644029,True,False,False
True,True,True,204.962646484375,1.3457792086363565,867.5192260742188,644.6222534179688,0.8166666666666667,0.75,0.06666666666666665,2,9,nearest,63,11,5.4966762000003655,2.25800861416897,False,True,False
False,False,True,215.642822265625,1.520971707498496,980.4522094726562,644.6222534179688,0.8333333333333334,0.75,0.08333333333333337,2,9,oracle,63,11,5.4966762000003655,2.25800861416897,False,True,False
True,True,True,1.894775390625,1.4441067448791494,39.24591064453125,27.176599502563477,0.7166666666666667,0.7166666666666667,0.0,2,9,nearest,63,12,-65.28377756666669,1.5062833050770188,False,False,False
False,False,False,-10.5242919921875,1.8303563952776336,49.742862701416016,27.176599502563477,0.7,0.7166666666666667,-0.01666666666666672,2,9,oracle,63,12,-65.28377756666669,1.5062833050770188,False,False,False
True,True,True,79.1790771484375,0.5442060487399888,101.62003326416016,186.73080444335938,0.7166666666666667,0.7166666666666667,0.0,2,9,nearest,63,13,-54.03364236666653,1.2152186566550685,True,False,False
True,True,True,113.0865478515625,0.7874972931761891,147.0500030517578,186.73080444335938,0.7166666666666667,0.7166666666666667,0.0,2,9,oracle,63,13,-54.03364236666653,1.2152186566550685,True,False,False
False,True,False,-38.252197265625,1.4140341807649661,282.3080749511719,199.64727783203125,0.7166666666666667,0.7166666666666667,0.0,2,10,nearest,63,14,-20.563789499999984,1.6958009186629721,False,False,False
False,True,False,-28.009521484375,1.3084474236026,261.22796630859375,199.64727783203125,0.7166666666666667,0.7166666666666667,0.0,2,10,oracle,63,14,-20.563789499999984,1.6958009186629721,False,False,False
True,True,True,39.6998291015625,1.0167538261090157,29.776161193847656,29.2855167388916,0.7166666666666667,0.7166666666666667,0.0,2,9,nearest,63,15,-23.74860396666668,1.0705247888902134,True,False,False
True,True,True,18.47021484375,1.025148942835585,30.022016525268555,29.2855167388916,0.7166666666666667,0.7166666666666667,0.0,2,9,oracle,63,15,-23.74860396666668,1.0705247888902134,True,False,False
True,True,True,41.0433349609375,0.7614607809571807,195.40994262695312,256.6250915527344,0.7166666666666667,0.7,0.01666666666666672,2,10,nearest,63,16,10.268215300000065,0.8656969776862233,True,True,True
True,True,True,29.8616943359375,0.7066147815501105,181.3350830078125,256.6250915527344,0.7166666666666667,0.7,0.01666666666666672,2,10,oracle,63,16,10.268215300000065,0.8656969776862233,True,True,True
True,True,True,3.017333984375,1.4124268957089792,115.02774810791016,81.43978881835938,0.7166666666666667,0.7166666666666667,0.0,2,9,nearest,63,17,-12.959618399999954,1.0568229473368873,True,False,False
False,True,False,-23.2012939453125,1.449956232043615,118.0841293334961,81.43978881835938,0.7166666666666667,0.7166666666666667,0.0,2,9,oracle,63,17,-12.959618399999954,1.0568229473368873,True,False,False
False,False,False,-35.6214599609375,2.010036201429927,142.94786071777344,71.11705780029297,0.7166666666666667,0.7166666666666667,0.0,2,9,nearest,63,18,-37.76934860000006,12.214361561244544,False,False,False
False,False,False,-23.2415771484375,3.215012892300612,228.6422576904297,71.11705780029297,0.7166666666666667,0.7166666666666667,0.0,2,9,oracle,63,18,-37.76934860000006,12.214361561244544,False,False,False
True,True,True,200.107421875,0.9350464230637467,773.9688110351562,827.7330322265625,0.7666666666666667,0.75,0.01666666666666672,2,10,nearest,63,19,-7.271376533333751,1.4197555579824666,True,False,False
True,True,True,200.695068359375,0.9737012167758059,805.9646606445312,827.7330322265625,0.7833333333333333,0.75,0.033333333333333326,2,10,oracle,63,19,-7.271376533333751,1.4197555579824666,True,False,False
False,True,False,-33.8310546875,1.2627328621610048,42.02737045288086,33.282867431640625,0.7166666666666667,0.7,0.01666666666666672,2,9,nearest,63,20,-32.714236633333485,1.0482042932653748,True,False,False
False,True,False,-41.4766845703125,1.2773168621683402,42.51276779174805,33.282867431640625,0.7166666666666667,0.7,0.01666666666666672,2,9,oracle,63,20,-32.714236633333485,1.0482042932653748,True,False,False
True,True,True,34.6070556640625,1.016561427687889,28.688526153564453,28.22114372253418,0.7166666666666667,0.7166666666666667,0.0,2,9,nearest,63,21,-13.1416330666666,1.0376121988585039,True,False,False
True,True,True,34.2734375,1.015365023820278,28.654762268066406,28.22114372253418,0.7166666666666667,0.7166666666666667,0.0,2,9,oracle,63,21,-13.1416330666666,1.0376121988585039,True,False,False
True,True,True,33.53857421875,0.9773934534156742,30.380706787109375,31.08339500427246,0.7166666666666667,0.7166666666666667,0.0,2,9,nearest,63,22,4.698237733333372,1.0713701443805672,True,True,True
True,True,True,32.7322998046875,0.9857113587325396,30.63925552368164,31.08339500427246,0.7166666666666667,0.7166666666666667,0.0,2,9,oracle,63,22,4.698237733333372,1.0713701443805672,True,True,True
False,True,False,-1.2901611328125,1.0134987504297381,32.14605712890625,31.717905044555664,0.7166666666666667,0.7166666666666667,0.0,2,8,nearest,63,23,-13.47291610000002,1.0660973337841813,True,False,False
False,True,False,-1.2901611328125,1.0134987504297381,32.14605712890625,31.717905044555664,0.7166666666666667,0.7166666666666667,0.0,2,8,oracle,63,23,-13.47291610000002,1.0660973337841813,True,False,False
True,True,True,21.8052978515625,0.8675684116609762,51.19276809692383,59.00718307495117,0.7166666666666667,0.7166666666666667,0.0,2,7,nearest,63,24,-7.21626973333332,1.1125502899815327,True,False,False
True,True,True,22.29052734375,0.9743432068738425,57.493247985839844,59.00718307495117,0.7166666666666667,0.7166666666666667,0.0,2,7,oracle,63,24,-7.21626973333332,1.1125502899815327,True,False,False
False,True,False,-20.9454345703125,1.1250687651909344,62.13928985595703,55.23154830932617,0.7166666666666667,0.7166666666666667,0.0,2,8,nearest,63,25,4.302289400000063,0.8674704633688386,True,True,True
False,True,False,-23.0072021484375,0.9202542728695327,50.82706832885742,55.23154830932617,0.7166666666666667,0.7166666666666667,0.0,2,8,oracle,63,25,4.302289400000063,0.8674704633688386,True,True,True
True,True,True,31.7275390625,1.0336573462869425,29.677663803100586,28.71131706237793,0.7166666666666667,0.7166666666666667,0.0,2,8,nearest,63,26,1.6385079333333579,1.121366126142733,True,True,True
True,True,True,33.434814453125,1.033064906202412,29.660654067993164,28.71131706237793,0.7166666666666667,0.7166666666666667,0.0,2,8,oracle,63,26,1.6385079333333579,1.121366126142733,True,True,True
False,True,False,-72.1131591796875,1.0558240145051385,32.05650329589844,30.361597061157227,0.7166666666666667,0.7166666666666667,0.0,2,8,nearest,63,27,-9.650312166666708,1.1421111502863939,True,False,False
False,True,False,-69.424560546875,1.057808030181262,32.11674118041992,30.361597061157227,0.7166666666666667,0.7166666666666667,0.0,2,8,oracle,63,27,-9.650312166666708,1.1421111502863939,True,False,False
True,True,True,54.74951171875,0.6649099980630295,158.55223083496094,238.45668029785156,0.7166666666666667,0.7166666666666667,0.0,2,7,nearest,63,28,2.664665500000183,2.708102900618581,False,True,False
True,True,True,49.2679443359375,0.2731670017277879,65.13849639892578,238.45668029785156,0.7166666666666667,0.7166666666666667,0.0,2,7,oracle,63,28,2.664665500000183,2.708102900618581,False,True,False
True,True,True,8.8800048828125,0.6217585338784144,113.5635757446289,182.6490020751953,0.7166666666666667,0.7166666666666667,0.0,2,6,nearest,63,29,-20.977173600000015,1.8008694063953747,False,False,False
False,False,False,-103.1485595703125,1.6306241768542162,297.8318786621094,182.6490020751953,0.7166666666666667,0.7166666666666667,0.0,2,6,oracle,63,29,-20.977173600000015,1.8008694063953747,False,False,False
False,False,True,0.6651611328125,2.233521021101021,159.91371154785156,71.59713745117188,0.7166666666666667,0.7166666666666667,0.0,2,7,nearest,63,30,-3.6166094000000157,1.1223183655863023,True,False,False
True,True,True,45.7628173828125,1.1712690662569079,83.85951232910156,71.59713745117188,0.7166666666666667,0.7166666666666667,0.0,2,7,oracle,63,30,-3.6166094000000157,1.1223183655863023,True,False,False
False,True,False,-54.3868408203125,0.9101851892700995,185.735595703125,204.0635223388672,0.7166666666666667,0.7166666666666667,0.0,2,7,nearest,63,31,-10.999240600000121,1.5451214395065802,False,False,False
False,True,False,-82.082763671875,1.2656089386276912,258.2646179199219,204.0635223388672,0.7166666666666667,0.7166666666666667,0.0,2,7,oracle,63,31,-10.999240600000121,1.5451214395065802,False,False,False
True,True,True,39.301513671875,1.1874293016467836,139.43356323242188,117.42472839355469,0.7166666666666667,0.7166666666666667,0.0,2,7,nearest,63,32,-11.495344966666607,0.5633980664675138,True,False,False
True,True,True,69.1085205078125,0.9876362914812943,115.9729232788086,117.42472839355469,0.7166666666666667,0.7166666666666667,0.0,2,7,oracle,63,32,-11.495344966666607,0.5633980664675138,True,False,False
True,True,True,26.2208251953125,1.0045970931995702,29.430992126464844,29.296314239501953,0.7166666666666667,0.7166666666666667,0.0,2,7,nearest,63,33,-9.13139853333314,1.014321728453166,True,False,False
True,True,True,21.1458740234375,1.0070062538957452,29.501571655273438,29.296314239501953,0.7166666666666667,0.7166666666666667,0.0,2,7,oracle,63,33,-9.13139853333314,1.014321728453166,True,False,False
True,True,True,44.6092529296875,0.8861710879262067,99.94509887695312,112.78307342529297,0.7166666666666667,0.7166666666666667,0.0,2,6,nearest,63,34,-5.183429799999885,0.6083811681241181,True,False,False
True,True,True,22.63037109375,0.68120958663649,76.82891082763672,112.78307342529297,0.7166666666666667,0.7166666666666667,0.0,2,6,oracle,63,34,-5.183429799999885,0.6083811681241181,True,False,False
True,True,True,37.6544189453125,1.0416073088388982,231.01014709472656,221.78237915039062,0.7166666666666667,0.7166666666666667,0.0,2,6,nearest,63,35,-3.4205675333332692,1.0301818418948794,True,False,False
False,False,True,46.2481689453125,1.842458855444855,408.6249084472656,221.78237915039062,0.7166666666666667,0.7166666666666667,0.0,2,6,oracle,63,35,-3.4205675333332692,1.0301818418948794,True,False,False
False,False,True,61.86279296875,1.578325808611869,136.76536560058594,86.65217590332031,0.7166666666666667,0.7166666666666667,0.0,2,6,nearest,63,36,-8.436170533333552,1.0353471679255617,True,False,False
False,False,False,-29.1937255859375,2.1717203716183437,188.18429565429688,86.65217590332031,0.7166666666666667,0.7166666666666667,0.0,2,6,oracle,63,36,-8.436170533333552,1.0353471679255617,True,False,False
True,True,True,65.394775390625,0.9437219141475894,868.4888916015625,920.280517578125,0.7833333333333333,0.7833333333333333,0.0,2,6,nearest,63,37,24.095910833333164,1.6052451618941077,False,True,False
True,True,True,136.822021484375,1.1049591467657647,1016.8723754882812,920.280517578125,0.8,0.7833333333333333,0.01666666666666672,2,6,oracle,63,37,24.095910833333164,1.6052451618941077,False,True,False
True,True,True,10.949951171875,0.966148091565293,49.02545166015625,50.74320602416992,0.7166666666666667,0.7166666666666667,0.0,2,6,nearest,63,38,-75.77160163333315,8.13262219653909,False,False,False
True,True,True,5.2994384765625,1.1617751941113936,58.95219802856445,50.74320602416992,0.7166666666666667,0.7166666666666667,0.0,2,6,oracle,63,38,-75.77160163333315,8.13262219653909,False,False,False
True,True,True,27.79833984375,1.0086848465411884,30.07915496826172,29.820171356201172,0.7166666666666667,0.7166666666666667,0.0,2,6,nearest,63,39,-22.225997766666524,1.0572715757466593,True,False,False
True,True,True,27.20556640625,1.006585048135651,30.016538619995117,29.820171356201172,0.7166666666666667,0.7166666666666667,0.0,2,6,oracle,63,39,-22.225997766666524,1.0572715757466593,True,False,False
False,True,False,-0.410400390625,1.1130633910384762,29.437780380249023,26.447532653808594,0.7166666666666667,0.7166666666666667,0.0,3,12,nearest,63,0,12.320336800000177,1.043770184929961,True,True,True
False,True,False,-8.728759765625,1.021421920069372,27.014089584350586,26.447532653808594,0.7166666666666667,0.7166666666666667,0.0,3,12,oracle,63,0,12.320336800000177,1.043770184929961,True,True,True
True,True,True,15.6170654296875,1.0820739082328388,35.29582977294922,32.61868667602539,0.7166666666666667,0.7166666666666667,0.0,3,12,nearest,63,1,-2.8419093999998495,0.9969618154689869,True,False,False
True,True,True,6.38330078125,1.252456818917263,40.85349655151367,32.61868667602539,0.7166666666666667,0.7166666666666667,0.0,3,12,oracle,63,1,-2.8419093999998495,0.9969618154689869,True,False,False
True,True,True,22.4605712890625,0.7823794903671858,169.69981384277344,216.9021759033203,0.7166666666666667,0.7166666666666667,0.0,3,12,nearest,63,2,-5.625351666666575,1.0231019184085337,True,False,False
True,True,True,22.4605712890625,0.7823794903671858,169.69981384277344,216.9021759033203,0.7166666666666667,0.7166666666666667,0.0,3,12,oracle,63,2,-5.625351666666575,1.0231019184085337,True,False,False
True,True,True,46.93896484375,0.749910887988831,145.80775451660156,194.43344116210938,0.7166666666666667,0.7166666666666667,0.0,3,12,nearest,63,3,-9.3384285333334,1.0616895853984636,True,False,False
True,True,True,40.04296875,0.8553759538045845,166.31369018554688,194.43344116210938,0.7166666666666667,0.7166666666666667,0.0,3,12,oracle,63,3,-9.3384285333334,1.0616895853984636,True,False,False
True,True,True,172.923828125,0.4524098265116291,135.62664794921875,299.7871398925781,0.7166666666666667,0.7166666666666667,0.0,3,12,nearest,63,4,-33.06077110000001,1.6730972988458537,False,False,False
True,True,True,160.69580078125,0.49524524287608446,148.46815490722656,299.7871398925781,0.7166666666666667,0.7166666666666667,0.0,3,12,oracle,63,4,-33.06077110000001,1.6730972988458537,False,False,False
True,True,True,11.0675048828125,1.0865822187849115,41.76630401611328,38.438236236572266,0.7166666666666667,0.7166666666666667,0.0,3,12,nearest,63,5,1.3837798333333922,1.0168453014634122,True,True,True
True,True,True,11.2177734375,1.018452708038315,39.147525787353516,38.438236236572266,0.7166666666666667,0.7166666666666667,0.0,3,12,oracle,63,5,1.3837798333333922,1.0168453014634122,True,True,True
True,True,True,97.956787109375,0.3452916273651454,52.283103942871094,151.417236328125,0.7166666666666667,0.7166666666666667,0.0,3,12,nearest,63,6,-7.455960033333213,1.4787119360100955,True,False,False
True,True,True,116.4964599609375,0.33870474278665924,51.285736083984375,151.417236328125,0.7166666666666667,0.7166666666666667,0.0,3,12,oracle,63,6,-7.455960033333213,1.4787119360100955,True,False,False
False,False,False,-53.2301025390625,2.07987761596459,95.21128845214844,45.77735137939453,0.7166666666666667,0.7166666666666667,0.0,3,12,nearest,63,7,0.14548800000011397,0.9921612591804292,True,True,True
False,False,False,-37.665771484375,1.565437509760207,71.66158294677734,45.77735137939453,0.7166666666666667,0.7166666666666667,0.0,3,12,oracle,63,7,0.14548800000011397,0.9921612591804292,True,True,True
True,True,True,82.754150390625,1.0875610479979156,77.83260345458984,71.56619262695312,0.7166666666666667,0.7166666666666667,0.0,3,11,nearest,63,8,10.896690533333185,0.9922444651167703,True,True,True
True,True,True,52.677001953125,0.9626955316255601,68.89645385742188,71.56619262695312,0.7166666666666667,0.7166666666666667,0.0,3,11,oracle,63,8,10.896690533333185,0.9922444651167703,True,True,True
True,True,True,57.134765625,0.6945788465108074,174.94679260253906,251.8746337890625,0.7166666666666667,0.7166666666666667,0.0,3,12,nearest,63,9,-31.223604366666677,1.156083121760985,True,False,False
True,True,True,80.57373046875,0.5227438223244936,131.66590881347656,251.8746337890625,0.7166666666666667,0.7166666666666667,0.0,3,12,oracle,63,9,-31.223604366666677,1.156083121760985,True,False,False
False,False,False,-4.2431640625,1.6575274901515897,45.535911560058594,27.472190856933594,0.7166666666666667,0.7166666666666667,0.0,3,12,nearest,63,10,2.1471656666667513,0.9901513457970097,True,True,True
False,False,False,-20.9964599609375,1.636765083654208,44.96552276611328,27.472190856933594,0.7166666666666667,0.7166666666666667,0.0,3,12,oracle,63,10,2.1471656666667513,0.9901513457970097,True,True,True
False,False,True,136.93359375,2.286894719694407,1474.1832275390625,644.6222534179688,0.7833333333333333,0.75,0.033333333333333326,3,12,nearest,63,11,73.05658733333348,3.3795194707093223,False,True,False
False,False,True,150.554931640625,2.1547580734576206,1389.0050048828125,644.6222534179688,0.7833333333333333,0.75,0.033333333333333326,3,12,oracle,63,11,73.05658733333348,3.3795194707093223,False,True,False
False,False,False,-83.77392578125,3.5274152508024605,95.86315155029297,27.176599502563477,0.7166666666666667,0.7166666666666667,0.0,3,12,nearest,63,12,-126.14401343333361,23.341187137207648,False,False,False
False,False,False,-82.5706787109375,3.581303539037637,97.32765197753906,27.176599502563477,0.7166666666666667,0.7166666666666667,0.0,3,12,oracle,63,12,-126.14401343333361,23.341187137207648,False,False,False
True,True,True,137.24072265625,0.8156534088819776,152.3076171875,186.73080444335938,0.7166666666666667,0.7166666666666667,0.0,3,12,nearest,63,13,2.4841152333335685,0.922699162334029,True,True,True
True,True,True,138.729248046875,0.7820141057185279,146.026123046875,186.73080444335938,0.7166666666666667,0.7166666666666667,0.0,3,12,oracle,63,13,2.4841152333335685,0.922699162334029,True,True,True
False,True,False,-10.5501708984375,1.0585461695293303,211.3358612060547,199.64727783203125,0.7166666666666667,0.7166666666666667,0.0,3,11,nearest,63,14,-28.280023366666683,5.408429581327414,False,False,False
True,True,True,9.57421875,1.2980619812590626,259.154541015625,199.64727783203125,0.7166666666666667,0.7166666666666667,0.0,3,11,oracle,63,14,-28.280023366666683,5.408429581327414,False,False,False
True,True,True,13.7623291015625,1.0787081189354337,31.590524673461914,29.2855167388916,0.7166666666666667,0.7166666666666667,0.0,3,12,nearest,63,15,-53.88535713333317,2.850651546088366,False,False,False
True,True,True,6.44189453125,1.0939922346196067,32.03812789916992,29.2855167388916,0.7166666666666667,0.7166666666666667,0.0,3,12,oracle,63,15,-53.88535713333317,2.850651546088366,False,False,False
False,False,True,73.18798828125,2.56780168034809,658.9623413085938,256.6250915527344,0.7333333333333333,0.7,0.033333333333333326,3,13,nearest,63,16,55.764320433333296,4.4726829182547165,False,True,False
False,False,True,97.2720947265625,2.675969614313842,686.720947265625,256.6250915527344,0.75,0.7,0.050000000000000044,3,13,oracle,63,16,55.764320433333296,4.4726829182547165,False,True,False
True,True,True,132.7706298828125,0.5696659489421307,46.39347457885742,81.43978881835938,0.7166666666666667,0.7166666666666667,0.0,3,13,nearest,63,17,-51.66782950000015,12.778804608970963,False,False,False
True,True,True,102.017333984375,0.6590416241509185,53.672210693359375,81.43978881835938,0.7166666666666667,0.7166666666666667,0.0,3,13,oracle,63,17,-51.66782950000015,12.778804608970963,False,False,False
False,False,False,-78.781494140625,2.0929015910069833,148.84100341796875,71.11705780029297,0.7166666666666667,0.7166666666666667,0.0,3,13,nearest,63,18,-7.213513300000159,4.352721867828735,False,False,False
False,False,False,-132.4949951171875,2.7938020405612645,198.68698120117188,71.11705780029297,0.7166666666666667,0.7166666666666667,0.0,3,13,oracle,63,18,-7.213513300000159,4.352721867828735,False,False,False
False,False,True,81.091552734375,1.847398584442017,1529.15283203125,827.7330322265625,0.7833333333333333,0.75,0.033333333333333326,3,13,nearest,63,19,99.59976806666646,2.8917868802215994,False,True,False
False,False,True,81.6826171875,1.8478882029805086,1529.55810546875,827.7330322265625,0.7833333333333333,0.75,0.033333333333333326,3,13,oracle,63,19,99.59976806666646,2.8917868802215994,False,True,False
False,False,False,-51.201171875,2.183436516894627,72.67102813720703,33.282867431640625,0.7166666666666667,0.7,0.01666666666666672,3,13,nearest,63,20,-102.58979799999997,18.18683362043013,False,False,False
False,False,False,-75.6923828125,2.0135320686623026,67.01612091064453,33.282867431640625,0.7166666666666667,0.7,0.01666666666666672,3,13,oracle,63,20,-102.58979799999997,18.18683362043013,False,False,False
True,True,True,3.250732421875,1.106240690478181,31.219377517700195,28.22114372253418,0.7166666666666667,0.7166666666666667,0.0,3,14,nearest,63,21,-20.962325133333252,1.0823720354496358,True,False,False
False,True,False,-4.4132080078125,1.1332589258710137,31.981863021850586,28.22114372253418,0.7166666666666667,0.7166666666666667,0.0,3,14,oracle,63,21,-20.962325133333252,1.0823720354496358,True,False,False
True,True,True,48.0076904296875,1.48412664663433,46.13169479370117,31.08339500427246,0.7166666666666667,0.7166666666666667,0.0,3,14,nearest,63,22,-32.83853446666649,22.760238239997552,False,False,False
False,False,True,46.38134765625,2.050431343225059,63.73436737060547,31.08339500427246,0.7166666666666667,0.7166666666666667,0.0,3,14,oracle,63,22,-32.83853446666649,22.760238239997552,False,False,False
True,True,True,13.3236083984375,0.9757050154254682,30.94731903076172,31.717905044555664,0.7166666666666667,0.7166666666666667,0.0,3,14,nearest,63,23,-18.586780399999725,1.1664151618510272,True,False,False
True,True,True,12.2078857421875,0.9728430217548922,30.856542587280273,31.717905044555664,0.7166666666666667,0.7166666666666667,0.0,3,14,oracle,63,23,-18.586780399999725,1.1664151618510272,True,False,False
True,True,True,42.318603515625,0.8093592095202736,47.75800704956055,59.00718307495117,0.7166666666666667,0.7166666666666667,0.0,3,13,nearest,63,24,0.1306944000000385,0.9939638696884856,True,True,True
True,True,True,42.318603515625,0.8093592095202736,47.75800704956055,59.00718307495117,0.7166666666666667,0.7166666666666667,0.0,3,13,oracle,63,24,0.1306944000000385,0.9939638696884856,True,True,True
False,False,True,10.0404052734375,10.031119128143368,554.0342407226562,55.23154830932617,0.7166666666666667,0.7166666666666667,0.0,3,12,nearest,63,25,13.978897266666763,22.935969888252462,False,True,False
False,False,True,14.522216796875,9.820291286068098,542.389892578125,55.23154830932617,0.7166666666666667,0.7166666666666667,0.0,3,12,oracle,63,25,13.978897266666763,22.935969888252462,False,True,False
False,False,False,-11.541748046875,1.5330240837722768,44.015140533447266,28.71131706237793,0.7166666666666667,0.7166666666666667,0.0,3,12,nearest,63,26,-59.44368683333323,28.358198257442616,False,False,False
False,True,False,-11.19921875,1.425132360667798,40.91742706298828,28.71131706237793,0.7166666666666667,0.7166666666666667,0.0,3,12,oracle,63,26,-59.44368683333323,28.358198257442616,False,False,False
False,True,False,-2.2547607421875,1.1010102196721605,33.428428649902344,30.361597061157227,0.7166666666666667,0.7166666666666667,0.0,3,12,nearest,63,27,-71.6556297333334,1.5120180443129845,False,False,False
False,True,False,-2.2547607421875,1.1010102196721605,33.428428649902344,30.361597061157227,0.7166666666666667,0.7166666666666667,0.0,3,12,oracle,63,27,-71.6556297333334,1.5120180443129845,False,False,False
True,True,True,73.48095703125,1.2638121127138915,301.36444091796875,238.45668029785156,0.7166666666666667,0.7166666666666667,0.0,3,13,nearest,63,28,-18.777340666666532,4.810843997961585,False,False,False
True,True,True,86.9091796875,0.8218520214721525,195.97610473632812,238.45668029785156,0.7166666666666667,0.7166666666666667,0.0,3,13,oracle,63,28,-18.777340666666532,4.810843997961585,False,False,False
False,False,True,25.2279052734375,3.6065007057176284,658.7237548828125,182.6490020751953,0.7166666666666667,0.7166666666666667,0.0,3,13,nearest,63,29,-24.664687766666702,2.9476442792634847,False,False,False
False,False,False,-7.9085693359375,1.7194643145808906,314.0584411621094,182.6490020751953,0.7166666666666667,0.7166666666666667,0.0,3,13,oracle,63,29,-24.664687766666702,2.9476442792634847,False,False,False
False,False,True,4.6654052734375,1.643780622694307,117.68998718261719,71.59713745117188,0.7166666666666667,0.7166666666666667,0.0,3,13,nearest,63,30,-10.434985433333395,1.0963103522455644,True,False,False
False,False,False,-20.0643310546875,1.5088168850792487,108.02696990966797,71.59713745117188,0.7166666666666667,0.7166666666666667,0.0,3,13,oracle,63,30,-10.434985433333395,1.0963103522455644,True,False,False
True,True,True,23.74169921875,1.1537673700697955,235.44183349609375,204.0635223388672,0.7166666666666667,0.7166666666666667,0.0,3,12,nearest,63,31,-52.20096990000002,0.9177004311118329,True,False,False
False,True,False,-5.4229736328125,1.007023886853314,205.49684143066406,204.0635223388672,0.7166666666666667,0.7166666666666667,0.0,3,12,oracle,63,31,-52.20096990000002,0.9177004311118329,True,False,False
False,False,False,-4.299072265625,4.215749705641457,495.03326416015625,117.42472839355469,0.7166666666666667,0.7166666666666667,0.0,3,14,nearest,63,32,21.554892699999982,12.15903390869932,False,True,False
False,False,True,8.34423828125,5.417626063488404,636.1632690429688,117.42472839355469,0.7166666666666667,0.7166666666666667,0.0,3,14,oracle,63,32,21.554892699999982,12.15903390869932,False,True,False
True,True,True,5.2349853515625,1.0981112529107002,32.17061233520508,29.296314239501953,0.7166666666666667,0.7166666666666667,0.0,3,14,nearest,63,33,-59.06589989999998,3.6498787528401846,False,False,False
True,True,True,7.8714599609375,1.085364068817463,31.79716682434082,29.296314239501953,0.7166666666666667,0.7166666666666667,0.0,3,14,oracle,63,33,-59.06589989999998,3.6498787528401846,False,False,False
False,False,True,104.51708984375,5.8059519967356445,654.8131103515625,112.78307342529297,0.7166666666666667,0.7166666666666667,0.0,3,13,nearest,63,34,56.048252866666644,4.003933473806334,False,True,False
False,False,True,104.51708984375,5.8059519967356445,654.8131103515625,112.78307342529297,0.7166666666666667,0.7166666666666667,0.0,3,13,oracle,63,34,56.048252866666644,4.003933473806334,False,True,False
False,False,True,70.28564453125,2.2829769799645403,506.3240661621094,221.78237915039062,0.7166666666666667,0.7166666666666667,0.0,3,12,nearest,63,35,-81.15524140000002,19.578340576584345,False,False,False
False,False,True,64.2838134765625,2.28268966812593,506.2603454589844,221.78237915039062,0.7166666666666667,0.7166666666666667,0.0,3,12,oracle,63,35,-81.15524140000002,19.578340576584345,False,False,False
True,True,True,92.403564453125,1.22001652803206,105.71708679199219,86.65217590332031,0.7166666666666667,0.7166666666666667,0.0,3,12,nearest,63,36,-34.42861916666675,0.7570819593898439,True,False,False
True,True,True,82.3792724609375,0.9977472500091128,86.45697021484375,86.65217590332031,0.7166666666666667,0.7166666666666667,0.0,3,12,oracle,63,36,-34.42861916666675,0.7570819593898439,True,False,False
False,False,True,155.705322265625,1.7620637018105203,1621.5928955078125,920.280517578125,0.8,0.7833333333333333,0.01666666666666672,3,11,nearest,63,37,68.1309405333327,3.771264178857945,False,True,False
False,False,True,90.635498046875,1.8047360251536755,1660.8634033203125,920.280517578125,0.8,0.7833333333333333,0.01666666666666672,3,11,oracle,63,37,68.1309405333327,3.771264178857945,False,True,False
False,True,False,-41.93896484375,1.1951661201710084,60.64656066894531,50.74320602416992,0.7166666666666667,0.7166666666666667,0.0,3,10,nearest,63,38,-118.68867946666637,50.27481446051203,False,False,False
False,False,False,-67.54345703125,1.6843873493866761,85.4712142944336,50.74320602416992,0.7166666666666667,0.7166666666666667,0.0,3,10,oracle,63,38,-118.68867946666637,50.27481446051203,False,False,False
False,True,False,-8.7852783203125,1.0621267595381914,31.672801971435547,29.820171356201172,0.7166666666666667,0.7166666666666667,0.0,3,11,nearest,63,39,-12.261831233333169,1.0337921736400713,True,False,False
False,True,False,-5.131103515625,1.0524471167923877,31.384153366088867,29.820171356201172,0.7166666666666667,0.7166666666666667,0.0,3,11,oracle,63,39,-12.261831233333169,1.0337921736400713,True,False,False
False,True,False,-12.3984375,1.3656390206809055,36.11778259277344,26.447532653808594,0.7166666666666667,0.7166666666666667,0.0,4,5,nearest,63,0,13.644819533333475,1.0467961164251254,True,True,True
False,True,False,-16.1822509765625,1.2125916369996403,32.0700569152832,26.447532653808594,0.7166666666666667,0.7166666666666667,0.0,4,5,oracle,63,0,13.644819533333475,1.0467961164251254,True,True,True
False,False,False,-22.3419189453125,2.8347707633666257,92.46649932861328,32.61868667602539,0.7166666666666667,0.7166666666666667,0.0,4,5,nearest,63,1,-3.3189111666665667,1.0413799147023053,True,False,False
False,False,False,-61.104736328125,5.441186098178263,177.48434448242188,32.61868667602539,0.7166666666666667,0.7166666666666667,0.0,4,5,oracle,63,1,-3.3189111666665667,1.0413799147023053,True,False,False
True,True,True,36.8265380859375,1.0549680226404672,228.82485961914062,216.9021759033203,0.7166666666666667,0.7166666666666667,0.0,4,5,nearest,63,2,-4.607251566666491,0.9835277510928967,True,False,False
True,True,True,34.861328125,1.1107258502890733,240.91885375976562,216.9021759033203,0.7166666666666667,0.7166666666666667,0.0,4,5,oracle,63,2,-4.607251566666491,0.9835277510928967,True,False,False
False,True,False,-3.0662841796875,1.2005159157740424,233.42044067382812,194.43344116210938,0.7166666666666667,0.7166666666666667,0.0,4,5,nearest,63,3,-2.6565064000001257,1.0294173958787625,True,False,False
False,True,False,-13.697021484375,1.158921207089094,225.33303833007812,194.43344116210938,0.7166666666666667,0.7166666666666667,0.0,4,5,oracle,63,3,-2.6565064000001257,1.0294173958787625,True,False,False
True,True,True,134.0748291015625,0.6918174669221784,207.39797973632812,299.7871398925781,0.7166666666666667,0.7166666666666667,0.0,4,5,nearest,63,4,4.174373033333495,0.8766889337883879,True,True,True
True,True,True,52.957763671875,0.9664614938272548,289.73272705078125,299.7871398925781,0.7166666666666667,0.7166666666666667,0.0,4,5,oracle,63,4,4.174373033333495,0.8766889337883879,True,True,True
False,False,False,-4.0784912109375,1.553882937606493,59.728519439697266,38.438236236572266,0.7166666666666667,0.7166666666666667,0.0,4,5,nearest,63,5,-5.95578433333344,1.1169135744244258,True,False,False
False,False,False,-11.9969482421875,2.3625214400487953,90.8111572265625,38.438236236572266,0.7166666666666667,0.7166666666666667,0.0,4,5,oracle,63,5,-5.95578433333344,1.1169135744244258,True,False,False
True,True,True,145.32666015625,0.22463751904612184,34.01399230957031,151.417236328125,0.7166666666666667,0.7166666666666667,0.0,4,6,nearest,63,6,-8.554473200000075,1.099445397159593,True,False,False
True,True,True,128.815673828125,0.473071504583162,71.63117980957031,151.417236328125,0.7166666666666667,0.7166666666666667,0.0,4,6,oracle,63,6,-8.554473200000075,1.099445397159593,True,False,False
False,False,False,-14.728759765625,1.8499870586115732,84.68750762939453,45.77735137939453,0.7,0.7166666666666667,-0.01666666666666672,4,8,nearest,63,7,0.3536922666667124,0.9860884031679349,True,True,True
False,False,False,-16.533447265625,2.4826672893199464,113.64993286132812,45.77735137939453,0.7,0.7166666666666667,-0.01666666666666672,4,8,oracle,63,7,0.3536922666667124,0.9860884031679349,True,True,True
True,True,True,66.90576171875,1.0366630193157507,74.19002532958984,71.56619262695312,0.7166666666666667,0.7166666666666667,0.0,4,7,nearest,63,8,9.829894333333186,1.1529295547647977,True,True,True
True,True,True,115.96044921875,0.6859020008264107,49.08739471435547,71.56619262695312,0.7166666666666667,0.7166666666666667,0.0,4,7,oracle,63,8,9.829894333333186,1.1529295547647977,True,True,True
True,True,True,99.4573974609375,0.6213907724160191,156.5125732421875,251.8746337890625,0.7166666666666667,0.7166666666666667,0.0,4,8,nearest,63,9,-8.797167633333174,1.1385482217456218,True,False,False
True,True,True,34.9764404296875,1.1387083039919899,286.8117370605469,251.8746337890625,0.7166666666666667,0.7166666666666667,0.0,4,8,oracle,63,9,-8.797167633333174,1.1385482217456218,True,False,False
True,True,True,14.4993896484375,1.1904855401594352,32.70524597167969,27.472190856933594,0.7166666666666667,0.7166666666666667,0.0,4,8,nearest,63,10,-32.66188006666653,1.8434194826454489,False,False,False
True,True,True,20.8326416015625,1.130676912438365,31.062171936035156,27.472190856933594,0.7166666666666667,0.7166666666666667,0.0,4,8,oracle,63,10,-32.66188006666653,1.8434194826454489,False,False,False
True,True,True,85.40673828125,1.327135060759887,855.5007934570312,644.6222534179688,0.7666666666666667,0.75,0.01666666666666672,4,8,nearest,63,11,-37.025790133332976,1.5150218919619831,False,False,False
True,True,True,56.24365234375,1.080074773533396,696.240234375,644.6222534179688,0.75,0.75,0.0,4,8,oracle,63,11,-37.025790133332976,1.5150218919619831,False,False,False
True,True,True,7.1427001953125,1.165460598461648,31.673255920410156,27.176599502563477,0.7166666666666667,0.7166666666666667,0.0,4,8,nearest,63,12,-0.778394900000194,1.0244250523260614,True,False,False
True,True,True,20.4053955078125,1.273578547433337,34.611534118652344,27.176599502563477,0.7,0.7166666666666667,-0.01666666666666672,4,8,oracle,63,12,-0.778394900000194,1.0244250523260614,True,False,False
False,True,False,-13.409912109375,1.1166377530216325,208.5106658935547,186.73080444335938,0.7166666666666667,0.7166666666666667,0.0,4,8,nearest,63,13,-13.956443399999898,1.0263463089676321,True,False,False
True,True,True,15.0760498046875,1.0232668360355266,191.075439453125,186.73080444335938,0.7166666666666667,0.7166666666666667,0.0,4,8,oracle,63,13,-13.956443399999898,1.0263463089676321,True,False,False
False,False,True,52.252685546875,2.957169336424315,590.3908081054688,199.64727783203125,0.7,0.7166666666666667,-0.01666666666666672,4,8,nearest,63,14,-36.45852076666665,2.268452822150669,False,False,False
True,True,True,75.2073974609375,1.006913667017118,201.02757263183594,199.64727783203125,0.7166666666666667,0.7166666666666667,0.0,4,8,oracle,63,14,-36.45852076666665,2.268452822150669,False,False,False
True,True,True,15.396728515625,0.994480933200339,29.12388801574707,29.2855167388916,0.7166666666666667,0.7166666666666667,0.0,4,7,nearest,63,15,-6.000090266666575,1.041926726930526,True,False,False
True,True,True,15.396728515625,0.994480933200339,29.12388801574707,29.2855167388916,0.7166666666666667,0.7166666666666667,0.0,4,7,oracle,63,15,-6.000090266666575,1.041926726930526,True,False,False
False,False,True,43.14111328125,2.0066639783063356,514.9603271484375,256.6250915527344,0.6833333333333333,0.7,-0.016666666666666607,4,6,nearest,63,16,8.336959166666702,0.7396750184116943,True,True,True
False,False,True,32.059814453125,1.9319329520872113,495.782470703125,256.6250915527344,0.7,0.7,0.0,4,6,oracle,63,16,8.336959166666702,0.7396750184116943,True,True,True
False,False,False,-10.6771240234375,1.5386633498449946,125.30841827392578,81.43978881835938,0.7166666666666667,0.7166666666666667,0.0,4,6,nearest,63,17,-7.910300333333225,1.2498902442476305,True,False,False
False,True,False,-16.2645263671875,1.351366568251219,110.05500793457031,81.43978881835938,0.7166666666666667,0.7166666666666667,0.0,4,6,oracle,63,17,-7.910300333333225,1.2498902442476305,True,False,False
False,True,False,-18.689697265625,1.0242603756602375,72.8423843383789,71.11705780029297,0.7166666666666667,0.7166666666666667,0.0,4,7,nearest,63,18,-1.3911729000001287,3.7144171381276925,False,False,False
False,False,False,-78.2996826171875,4.3296957395599724,307.91522216796875,71.11705780029297,0.7166666666666667,0.7166666666666667,0.0,4,7,oracle,63,18,-1.3911729000001287,3.7144171381276925,False,False,False
True,True,True,51.955078125,0.9822330410222173,813.0267333984375,827.7330322265625,0.75,0.75,0.0,4,7,nearest,63,19,16.010408233332782,1.2850676379066273,True,True,True
True,True,True,42.0830078125,1.0025410022344008,829.8363037109375,827.7330322265625,0.75,0.75,0.0,4,7,oracle,63,19,16.010408233332782,1.2850676379066273,True,True,True
False,True,False,-58.228515625,1.2266835256869302,40.827545166015625,33.282867431640625,0.7,0.7,0.0,4,7,nearest,63,20,2.5040466333334734,0.9708429341793113,True,True,True
False,True,False,-74.357666015625,1.2556645895473464,41.792118072509766,33.282867431640625,0.7166666666666667,0.7,0.01666666666666672,4,7,oracle,63,20,2.5040466333334734,0.9708429341793113,True,True,True
True,True,True,16.9442138671875,1.0272529608832979,28.990253448486328,28.22114372253418,0.7166666666666667,0.7166666666666667,0.0,4,6,nearest,63,21,-8.715184766666653,1.0341118359290984,True,False,False
True,True,True,15.0341796875,1.0173621166845892,28.711122512817383,28.22114372253418,0.7166666666666667,0.7166666666666667,0.0,4,6,oracle,63,21,-8.715184766666653,1.0341118359290984,True,False,False
True,True,True,13.5343017578125,0.9897923199067097,30.76610565185547,31.08339500427246,0.7166666666666667,0.7166666666666667,0.0,4,6,nearest,63,22,-1.4411523999999645,1.066294398736432,True,False,False
True,True,True,13.7537841796875,0.9775951512982637,30.38697624206543,31.08339500427246,0.7166666666666667,0.7166666666666667,0.0,4,6,oracle,63,22,-1.4411523999999645,1.066294398736432,True,False,False
False,True,False,-15.70947265625,1.0227821142624198,32.44050598144531,31.717905044555664,0.7166666666666667,0.7166666666666667,0.0,4,6,nearest,63,23,-8.059924499999852,1.0084572149712496,True,False,False
False,True,False,-44.9742431640625,0.9629483880787166,30.542705535888672,31.717905044555664,0.7166666666666667,0.7166666666666667,0.0,4,6,oracle,63,23,-8.059924499999852,1.0084572149712496,True,False,False
False,True,False,-7.4176025390625,0.8756542621563643,51.669891357421875,59.00718307495117,0.7166666666666667,0.7166666666666667,0.0,4,7,nearest,63,24,-24.331055166666374,1.5329927224585136,False,False,False
False,False,False,-109.474609375,2.2286642963687404,131.5072021484375,59.00718307495117,0.7166666666666667,0.7166666666666667,0.0,4,7,oracle,63,24,-24.331055166666374,1.5329927224585136,False,False,False
False,False,False,-17.923828125,7.295456562535419,402.9393615722656,55.23154830932617,0.7166666666666667,0.7166666666666667,0.0,4,7,nearest,63,25,-12.10979139999995,10.754728579597705,False,False,False
False,False,False,-17.3985595703125,7.250848993263792,400.4756164550781,55.23154830932617,0.7166666666666667,0.7166666666666667,0.0,4,7,oracle,63,25,-12.10979139999995,10.754728579597705,False,False,False
False,True,False,-15.525634765625,1.0424254993971633,29.92940902709961,28.71131706237793,0.7166666666666667,0.7166666666666667,0.0,4,8,nearest,63,26,-16.68718630000012,1.1165809812912042,True,False,False
False,True,False,-18.7952880859375,1.0393809233628462,29.841995239257812,28.71131706237793,0.7166666666666667,0.7166666666666667,0.0,4,8,oracle,63,26,-16.68718630000012,1.1165809812912042,True,False,False
False,True,False,-31.1036376953125,1.0216367771247805,31.018524169921875,30.361597061157227,0.7166666666666667,0.7166666666666667,0.0,4,9,nearest,63,27,-20.93463613333347,1.146621193849759,True,False,False
False,True,False,-31.1036376953125,1.0216367771247805,31.018524169921875,30.361597061157227,0.7166666666666667,0.7166666666666667,0.0,4,9,oracle,63,27,-20.93463613333347,1.146621193849759,True,False,False
True,True,True,14.7213134765625,0.49229191981287856,117.39029693603516,238.45668029785156,0.7166666666666667,0.7166666666666667,0.0,4,8,nearest,63,28,-24.80301079999981,1.4417538193029085,True,False,False
True,True,True,49.048828125,0.22626366525618274,53.95408248901367,238.45668029785156,0.7166666666666667,0.7166666666666667,0.0,4,8,oracle,63,28,-24.80301079999981,1.4417538193029085,True,False,False
False,False,True,7.709716796875,2.146675483089719,392.088134765625,182.6490020751953,0.7166666666666667,0.7166666666666667,0.0,4,9,nearest,63,29,-1.0151694000001044,3.547900121112106,False,False,False
False,False,False,-31.2318115234375,2.2975474276080745,419.6447448730469,182.6490020751953,0.7166666666666667,0.7166666666666667,0.0,4,9,oracle,63,29,-1.0151694000001044,3.547900121112106,False,False,False
True,True,True,41.7904052734375,1.4536291156155228,104.07568359375,71.59713745117188,0.7166666666666667,0.7166666666666667,0.0,4,9,nearest,63,30,-21.50263016666645,1.012111610819516,True,False,False
True,True,True,37.6632080078125,1.308505729733877,93.68526458740234,71.59713745117188,0.7166666666666667,0.7166666666666667,0.0,4,9,oracle,63,30,-21.50263016666645,1.012111610819516,True,False,False
False,True,False,-23.3887939453125,0.9890713782106668,201.83338928222656,204.0635223388672,0.7166666666666667,0.7166666666666667,0.0,4,9,nearest,63,31,-19.931161833333363,1.2462960584910447,True,False,False
False,True,False,-0.1795654296875,1.075037983679225,219.37603759765625,204.0635223388672,0.7166666666666667,0.7166666666666667,0.0,4,9,oracle,63,31,-19.931161833333363,1.2462960584910447,True,False,False
False,False,True,3.26025390625,4.671183997706725,548.5125122070312,117.42472839355469,0.7166666666666667,0.7166666666666667,0.0,4,8,nearest,63,32,15.996682166666687,8.466379998591448,False,True,False
False,False,True,21.19091796875,4.594595289977438,539.5191040039062,117.42472839355469,0.7166666666666667,0.7166666666666667,0.0,4,8,oracle,63,32,15.996682166666687,8.466379998591448,False,True,False
True,True,True,6.0526123046875,1.0579054703260595,30.99273109436035,29.296314239501953,0.7166666666666667,0.7166666666666667,0.0,4,8,nearest,63,33,-19.70847089999984,1.0633882606717757,True,False,False
True,True,True,21.8028564453125,1.0453345916907524,30.62445068359375,29.296314239501953,0.7166666666666667,0.7166666666666667,0.0,4,8,oracle,63,33,-19.70847089999984,1.0633882606717757,True,False,False
False,False,False,-6.977294921875,3.7255340921075124,420.17718505859375,112.78307342529297,0.7166666666666667,0.7166666666666667,0.0,4,8,nearest,63,34,-34.16579003333345,1.1143463088267027,True,False,False
False,False,True,12.96484375,4.579423938910225,516.4815063476562,112.78307342529297,0.7166666666666667,0.7166666666666667,0.0,4,8,oracle,63,34,-34.16579003333345,1.1143463088267027,True,False,False
False,True,False,-56.5931396484375,1.3117311432685712,290.9188537597656,221.78237915039062,0.7166666666666667,0.7166666666666667,0.0,4,9,nearest,63,35,-5.053517899999861,1.2440507518939343,True,False,False
False,False,False,-40.6929931640625,1.545148207087438,342.6866455078125,221.78237915039062,0.7166666666666667,0.7166666666666667,0.0,4,9,oracle,63,35,-5.053517899999861,1.2440507518939343,True,False,False
False,False,False,-14.003662109375,1.9224476772268688,166.5842742919922,86.65217590332031,0.7166666666666667,0.7166666666666667,0.0,4,9,nearest,63,36,-6.358393433333504,0.8235509668115802,True,False,False
False,False,False,-12.6605224609375,1.9052358784025674,165.09283447265625,86.65217590332031,0.7166666666666667,0.7166666666666667,0.0,4,9,oracle,63,36,-6.358393433333504,0.8235509668115802,True,False,False
True,True,True,152.079345703125,1.1054291731806256,1017.304931640625,920.280517578125,0.8,0.7833333333333333,0.01666666666666672,4,10,nearest,63,37,6.643046833332846,1.7664653411983429,False,True,False
True,True,True,144.255615234375,1.093367328395591,1006.2046508789062,920.280517578125,0.7833333333333333,0.7833333333333333,0.0,4,10,oracle,63,37,6.643046833332846,1.7664653411983429,False,True,False
True,True,True,2.644775390625,0.7452311591308602,37.8154182434082,50.74320602416992,0.7,0.7166666666666667,-0.01666666666666672,4,11,nearest,63,38,-73.03764840000008,7.695810463547207,False,False,False
True,True,True,3.8912353515625,0.7740685686474701,39.27872085571289,50.74320602416992,0.7,0.7166666666666667,-0.01666666666666672,4,11,oracle,63,38,-73.03764840000008,7.695810463547207,False,False,False
True,True,True,20.6221923828125,1.0189742361023075,30.385986328125,29.820171356201172,0.7166666666666667,0.7166666666666667,0.0,4,11,nearest,63,39,-27.928972666666596,1.0474615030190717,True,False,False
True,True,True,22.287841796875,1.018677070078605,30.377124786376953,29.820171356201172,0.7166666666666667,0.7166666666666667,0.0,4,11,oracle,63,39,-27.928972666666596,1.0474615030190717,True,False,False
True,True,True,2.35400390625,0.8910249901125938,23.565412521362305,26.447532653808594,0.7166666666666667,0.7166666666666667,0.0,5,9,nearest,63,0,12.947287199999892,1.0533089222593885,True,True,True
True,True,True,4.515625,0.8815209643300463,23.314054489135742,26.447532653808594,0.7166666666666667,0.7166666666666667,0.0,5,9,oracle,63,0,12.947287199999892,1.0533089222593885,True,True,True
False,True,False,-27.0902099609375,1.013475592263782,33.05824279785156,32.61868667602539,0.7166666666666667,0.7166666666666667,0.0,5,9,nearest,63,1,-2.0313576666665085,0.9987752671207003,True,False,False
False,False,False,-19.740478515625,1.7348705552806623,56.58919906616211,32.61868667602539,0.7166666666666667,0.7166666666666667,0.0,5,9,oracle,63,1,-2.0313576666665085,0.9987752671207003,True,False,False
False,True,False,-21.814453125,1.0057562834943417,218.15072631835938,216.9021759033203,0.7166666666666667,0.7166666666666667,0.0,5,9,nearest,63,2,-4.745751533333532,1.0310306108093419,True,False,False
False,True,False,-16.521240234375,1.0973667702645273,238.021240234375,216.9021759033203,0.7166666666666667,0.7166666666666667,0.0,5,9,oracle,63,2,-4.745751533333532,1.0310306108093419,True,False,False
False,False,False,-10.620361328125,1.7011676773352566,330.7638854980469,194.43344116210938,0.7166666666666667,0.7166666666666667,0.0,5,9,nearest,63,3,-1.465351099999907,1.0259683792195478,True,False,False
False,False,False,-2.816162109375,1.7624998136142436,342.68890380859375,194.43344116210938,0.7166666666666667,0.7166666666666667,0.0,5,9,oracle,63,3,-1.465351099999907,1.0259683792195478,True,False,False
True,True,True,139.5142822265625,0.9860114980264012,295.59356689453125,299.7871398925781,0.7166666666666667,0.7166666666666667,0.0,5,9,nearest,63,4,10.208404333333192,0.9158833342193341,True,True,True
True,True,True,139.9326171875,0.9388667394518714,281.4601745605469,299.7871398925781,0.7166666666666667,0.7166666666666667,0.0,5,9,oracle,63,4,10.208404333333192,0.9158833342193341,True,True,True
False,True,False,-23.8770751953125,0.9551591731651322,36.71463394165039,38.438236236572266,0.7166666666666667,0.7166666666666667,0.0,5,9,nearest,63,5,-1.1954528666667557,0.9680334290986765,True,False,False
False,True,False,-23.8770751953125,0.9551591731651322,36.71463394165039,38.438236236572266,0.7166666666666667,0.7166666666666667,0.0,5,9,oracle,63,5,-1.1954528666667557,0.9680334290986765,True,False,False
False,True,False,-58.4254150390625,1.2217718335066632,184.997314453125,151.417236328125,0.7166666666666667,0.7166666666666667,0.0,5,8,nearest,63,6,-52.91477696666652,1.14374830993631,True,False,False
False,True,False,-15.229248046875,1.1368946557992923,172.14544677734375,151.417236328125,0.7166666666666667,0.7166666666666667,0.0,5,8,oracle,63,6,-52.91477696666652,1.14374830993631,True,False,False
False,False,False,-71.83251953125,1.6151777736778659,73.93856048583984,45.77735137939453,0.7166666666666667,0.7166666666666667,0.0,5,8,nearest,63,7,-0.35086956666646074,1.022839166762313,True,False,False
False,False,False,-64.451171875,1.6034835251042103,73.40322875976562,45.77735137939453,0.7166666666666667,0.7166666666666667,0.0,5,8,oracle,63,7,-0.35086956666646074,1.022839166762313,True,False,False
True,True,True,25.5400390625,1.1051227015186256,79.08942413330078,71.56619262695312,0.7166666666666667,0.7166666666666667,0.0,5,9,nearest,63,8,1.4315061333331869,0.9498774220981038,True,True,True
True,True,True,7.7130126953125,1.0888941576005264,77.92800903320312,71.56619262695312,0.7166666666666667,0.7166666666666667,0.0,5,9,oracle,63,8,1.4315061333331869,0.9498774220981038,True,True,True
True,True,True,103.0562744140625,1.0560387756457075,265.9893798828125,251.8746337890625,0.7166666666666667,0.7166666666666667,0.0,5,8,nearest,63,9,2.551188966666814,1.0408706621998567,True,True,True
True,True,True,167.0147705078125,0.6777990308996455,170.7203826904297,251.8746337890625,0.7166666666666667,0.7166666666666667,0.0,5,8,oracle,63,9,2.551188966666814,1.0408706621998567,True,True,True
False,False,True,1.3475341796875,2.719970229127411,74.72354125976562,27.472190856933594,0.7166666666666667,0.7166666666666667,0.0,5,8,nearest,63,10,-38.638157599999886,1.03969178334539,True,False,False
False,False,False,-7.697509765625,3.7677124889088227,103.50731658935547,27.472190856933594,0.7166666666666667,0.7166666666666667,0.0,5,8,oracle,63,10,-38.638157599999886,1.03969178334539,True,False,False
True,True,True,143.165771484375,1.2993865165439236,837.6134643554688,644.6222534179688,0.7833333333333333,0.75,0.033333333333333326,5,7,nearest,63,11,15.767144466667105,2.4496612037134735,False,True,False
True,True,True,180.468994140625,1.493030292787259,962.4405517578125,644.6222534179688,0.8,0.75,0.050000000000000044,5,7,oracle,63,11,15.767144466667105,2.4496612037134735,False,True,False
False,True,False,-8.0311279296875,1.0657829161451156,28.96435546875,27.176599502563477,0.7166666666666667,0.7166666666666667,0.0,5,7,nearest,63,12,-79.17391410000005,3.055326138239531,False,False,False
True,True,True,5.283935546875,1.168524318404252,31.75651741027832,27.176599502563477,0.7166666666666667,0.7166666666666667,0.0,5,7,oracle,63,12,-79.17391410000005,3.055326138239531,False,False,False
True,True,True,119.919677734375,0.7232172347659956,135.04693603515625,186.73080444335938,0.7166666666666667,0.7166666666666667,0.0,5,7,nearest,63,13,4.304274433333603,0.7959803195740522,True,True,True
True,True,True,144.6761474609375,0.6308561571355145,117.80027770996094,186.73080444335938,0.7166666666666667,0.7166666666666667,0.0,5,7,oracle,63,13,4.304274433333603,0.7959803195740522,True,True,True
True,True,True,13.4364013671875,0.5947459141962097,118.7394027709961,199.64727783203125,0.7166666666666667,0.7166666666666667,0.0,5,7,nearest,63,14,-50.62809570000013,2.758496824007535,False,False,False
True,True,True,72.0194091796875,0.5090238644141998,101.62522888183594,199.64727783203125,0.7166666666666667,0.7166666666666667,0.0,5,7,oracle,63,14,-50.62809570000013,2.758496824007535,False,False,False
True,True,True,29.15576171875,1.01592544505373,29.751901626586914,29.2855167388916,0.7166666666666667,0.7166666666666667,0.0,5,7,nearest,63,15,-9.517006066666454,1.0507380807896032,True,False,False
True,True,True,36.743408203125,1.0145846908746197,29.712636947631836,29.2855167388916,0.7166666666666667,0.7166666666666667,0.0,5,7,oracle,63,15,-9.517006066666454,1.0507380807896032,True,False,False
True,True,True,3.7694091796875,0.9983758054229642,256.2082824707031,256.6250915527344,0.7166666666666667,0.7,0.01666666666666672,5,6,nearest,63,16,22.73432333333335,0.6455664897844909,True,True,True
True,True,True,20.3050537109375,0.9684455787195072,248.52743530273438,256.6250915527344,0.7166666666666667,0.7,0.01666666666666672,5,6,oracle,63,16,22.73432333333335,0.6455664897844909,True,True,True
True,True,True,11.261474609375,0.8610083530095529,70.1203384399414,81.43978881835938,0.7166666666666667,0.7166666666666667,0.0,5,6,nearest,63,17,-11.434668999999985,1.0729414550852407,True,False,False
True,True,True,3.714599609375,1.0729628320865587,87.38186645507812,81.43978881835938,0.7166666666666667,0.7166666666666667,0.0,5,6,oracle,63,17,-11.434668999999985,1.0729414550852407,True,False,False
False,False,False,-46.9091796875,5.766880814207653,410.12359619140625,71.11705780029297,0.7166666666666667,0.7166666666666667,0.0,5,7,nearest,63,18,-0.7063200000000052,20.24297470807032,False,False,False
False,False,False,-59.9061279296875,4.861119642802545,345.7085266113281,71.11705780029297,0.7166666666666667,0.7166666666666667,0.0,5,7,oracle,63,18,-0.7063200000000052,20.24297470807032,False,False,False
True,True,True,142.536376953125,0.9968780919152623,825.14892578125,827.7330322265625,0.75,0.75,0.0,5,6,nearest,63,19,12.977692766666223,1.6562453759832876,False,True,False
True,True,True,68.10400390625,0.9415031200646414,779.313232421875,827.7330322265625,0.75,0.75,0.0,5,6,oracle,63,19,12.977692766666223,1.6562453759832876,False,True,False
False,True,False,-19.42431640625,0.9774187773298136,32.53129959106445,33.282867431640625,0.7166666666666667,0.7,0.01666666666666672,5,7,nearest,63,20,4.552935600000183,0.9881482270292132,True,True,True
False,False,False,-106.0391845703125,2.3341668859622984,77.6877670288086,33.282867431640625,0.7166666666666667,0.7,0.01666666666666672,5,7,oracle,63,20,4.552935600000183,0.9881482270292132,True,True,True
True,True,True,24.0543212890625,1.0358193261195403,29.232006072998047,28.22114372253418,0.7166666666666667,0.7166666666666667,0.0,5,7,nearest,63,21,-21.60077363333312,1.0677860379117612,True,False,False
True,True,True,22.6253662109375,1.0380445886515193,29.2948055267334,28.22114372253418,0.7166666666666667,0.7166666666666667,0.0,5,7,oracle,63,21,-21.60077363333312,1.0677860379117612,True,False,False
False,True,False,-0.3553466796875,0.9744404540540262,30.288917541503906,31.08339500427246,0.7166666666666667,0.7166666666666667,0.0,5,7,nearest,63,22,-18.738213366666514,1.1501171794435407,True,False,False
False,True,False,-3.7568359375,0.9837964254128041,30.57973289489746,31.08339500427246,0.7166666666666667,0.7166666666666667,0.0,5,7,oracle,63,22,-18.738213366666514,1.1501171794435407,True,False,False
True,True,True,25.0177001953125,0.9656891500715273,30.629636764526367,31.717905044555664,0.7166666666666667,0.7166666666666667,0.0,5,8,nearest,63,23,-18.605270366666446,0.9867929956313481,True,False,False
False,True,False,-47.4610595703125,0.9936356977258898,31.516042709350586,31.717905044555664,0.7166666666666667,0.7166666666666667,0.0,5,8,oracle,63,23,-18.605270366666446,0.9867929956313481,True,False,False
True,True,True,20.3585205078125,0.6961163803912485,41.07586669921875,59.00718307495117,0.7166666666666667,0.7166666666666667,0.0,5,8,nearest,63,24,-16.885122799999863,1.0153065077884482,True,False,False
False,True,False,-27.8499755859375,0.6694000709447319,39.499412536621094,59.00718307495117,0.7166666666666667,0.7166666666666667,0.0,5,8,oracle,63,24,-16.885122799999863,1.0153065077884482,True,False,False
False,False,True,1.8558349609375,1.8698487749418642,103.27464294433594,55.23154830932617,0.7166666666666667,0.7166666666666667,0.0,5,7,nearest,63,25,-21.82772460000001,0.9695960275053727,True,False,False
False,False,False,-14.6873779296875,1.743630107263683,96.30339050292969,55.23154830932617,0.7166666666666667,0.7166666666666667,0.0,5,7,oracle,63,25,-21.82772460000001,0.9695960275053727,True,False,False
True,True,True,35.034912109375,1.041788682773446,29.91112518310547,28.71131706237793,0.7166666666666667,0.7166666666666667,0.0,5,6,nearest,63,26,-26.114832766666723,1.0531172567028741,True,False,False
True,True,True,13.6307373046875,1.0445130568333925,29.98934555053711,28.71131706237793,0.7166666666666667,0.7166666666666667,0.0,5,6,oracle,63,26,-26.114832766666723,1.0531172567028741,True,False,False
True,True,True,30.21923828125,0.9782250164764015,29.70047378540039,30.361597061157227,0.7166666666666667,0.7166666666666667,0.0,5,6,nearest,63,27,-60.107870300000286,1.0308421603631737,True,False,False
True,True,True,11.004638671875,1.004891941128346,30.51012420654297,30.361597061157227,0.7166666666666667,0.7166666666666667,0.0,5,6,oracle,63,27,-60.107870300000286,1.0308421603631737,True,False,False
True,True,True,22.895751953125,0.8728160370147567,208.12881469726562,238.45668029785156,0.7166666666666667,0.7166666666666667,0.0,5,7,nearest,63,28,-14.644242300000087,1.9293446209307756,False,False,False
True,True,True,10.2117919921875,0.4777561947380313,113.92415618896484,238.45668029785156,0.7166666666666667,0.7166666666666667,0.0,5,7,oracle,63,28,-14.644242300000087,1.9293446209307756,False,False,False
True,True,True,65.2957763671875,0.6621407450323035,120.93934631347656,182.6490020751953,0.7166666666666667,0.7166666666666667,0.0,5,7,nearest,63,29,-10.452212733333226,0.9725738839101894,True,False,False
False,True,False,-28.768310546875,0.7020407958673643,128.22705078125,182.6490020751953,0.7166666666666667,0.7166666666666667,0.0,5,7,oracle,63,29,-10.452212733333226,0.9725738839101894,True,False,False
True,True,True,45.5875244140625,0.8833886735191883,63.24810028076172,71.59713745117188,0.7166666666666667,0.7166666666666667,0.0,5,6,nearest,63,30,-25.895172900000034,1.3498563505609955,True,False,False
False,True,False,-15.98681640625,1.0801508464064755,77.33570861816406,71.59713745117188,0.7166666666666667,0.7166666666666667,0.0,5,6,oracle,63,30,-25.895172900000034,1.3498563505609955,True,False,False
True,True,True,18.8621826171875,0.4027449194889568,82.185546875,204.0635223388672,0.7166666666666667,0.7166666666666667,0.0,5,6,nearest,63,31,-11.93087586666661,0.7960698585150021,True,False,False
False,True,False,-5.7147216796875,1.0025992434146107,204.59393310546875,204.0635223388672,0.7166666666666667,0.7166666666666667,0.0,5,6,oracle,63,31,-11.93087586666661,0.7960698585150021,True,False,False
False,False,False,-64.460205078125,1.9870951343679664,233.3341064453125,117.42472839355469,0.7166666666666667,0.7166666666666667,0.0,5,6,nearest,63,32,-37.842719966666664,3.120664400388434,False,False,False
False,False,False,-62.8399658203125,1.7255748031946267,202.62515258789062,117.42472839355469,0.7166666666666667,0.7166666666666667,0.0,5,6,oracle,63,32,-37.842719966666664,3.120664400388434,False,False,False
True,True,True,31.3699951171875,0.9938950654394036,29.117462158203125,29.296314239501953,0.7166666666666667,0.7166666666666667,0.0,5,6,nearest,63,33,-10.410306799999944,1.0280804430600141,True,False,False
True,True,True,6.5091552734375,1.0108847135485537,29.615196228027344,29.296314239501953,0.7166666666666667,0.7166666666666667,0.0,5,6,oracle,63,33,-10.410306799999944,1.0280804430600141,True,False,False
True,True,True,85.85009765625,0.9454815536779708,106.63431549072266,112.78307342529297,0.7166666666666667,0.7166666666666667,0.0,5,7,nearest,63,34,4.994334333333427,0.7444210427060115,True,True,True
True,True,True,67.895263671875,1.174357896522713,132.44769287109375,112.78307342529297,0.7166666666666667,0.7166666666666667,0.0,5,7,oracle,63,34,4.994334333333427,0.7444210427060115,True,True,True
True,True,True,18.003662109375,1.398668293115868,310.1999816894531,221.78237915039062,0.7166666666666667,0.7166666666666667,0.0,5,7,nearest,63,35,-3.505339499999991,1.0297327395701301,True,False,False
False,False,True,33.024169921875,2.178199663839645,483.0863037109375,221.78237915039062,0.7166666666666667,0.7166666666666667,0.0,5,7,oracle,63,35,-3.505339499999991,1.0297327395701301,True,False,False
False,False,True,18.9359130859375,1.5182825286233783,131.56248474121094,86.65217590332031,0.7166666666666667,0.7166666666666667,0.0,5,7,nearest,63,36,-36.91659153333353,0.5528659079177881,True,False,False
False,False,False,-40.0867919921875,2.9029315333403654,251.5453338623047,86.65217590332031,0.7166666666666667,0.7166666666666667,0.0,5,7,oracle,63,36,-36.91659153333353,0.5528659079177881,True,False,False
True,True,True,26.4033203125,1.0560955667761163,971.9041748046875,920.280517578125,0.7833333333333333,0.7833333333333333,0.0,5,7,nearest,63,37,2.3443194999999832,1.3146202501090387,True,True,True
True,True,True,14.16015625,1.2648857173251724,1164.0496826171875,920.280517578125,0.7833333333333333,0.7833333333333333,0.0,5,7,oracle,63,37,2.3443194999999832,1.3146202501090387,True,True,True
True,True,True,15.902587890625,0.9546762309233021,48.44333267211914,50.74320602416992,0.7166666666666667,0.7166666666666667,0.0,5,6,nearest,63,38,-32.48807880000004,2.1310345995580855,False,False,False
True,True,True,0.883544921875,1.25677883528578,63.772987365722656,50.74320602416992,0.7166666666666667,0.7166666666666667,0.0,5,6,oracle,63,38,-32.48807880000004,2.1310345995580855,False,False,False
True,True,True,18.1810302734375,0.9939945087607691,29.64108657836914,29.820171356201172,0.7166666666666667,0.7166666666666667,0.0,5,6,nearest,63,39,-15.870231233333243,1.0465741164664162,True,False,False
False,True,False,-1.00341796875,1.0211554577424926,30.451030731201172,29.820171356201172,0.7166666666666667,0.7166666666666667,0.0,5,6,oracle,63,39,-15.870231233333243,1.0465741164664162,True,False,False
